sl_no,project_code,legacy_ocms_code,pmgid,project_name,state,implementing_agency,start_date,original_completion_date,revised_completion_date,original_cost,revised_cost,cumulative_expenditure,physical_progress,reporting_period,source_filename
1,612786,N04000106,,"Construction of New Domestic Terminal Building Building and miscellaneous works including maintenance, operations and AICMC at Kadapa Airport",Andhra Pradesh,Airport Authority of India [AAI],2023-03,2026-01,2026-07,265.91,265.91,142.62,70,2026-05,FlashReport_May2026.pdf
2,701107,N04000091,4353,Construction of New Integrated Terminal Building and associated works including apron to park 3 code E type of aircraft or 6 code C type of aircraft at Vijayawada Airport.,Andhra Pradesh,Airport Authority of India [AAI],2020-06,2022-09,2026-10,611.8,611.8,523.14,87.2,2026-05,FlashReport_May2026.pdf
3,701121,N04000103,,Construction of New Domestic Terminal Building at Rajahmundry Airport.,Andhra Pradesh,Airport Authority of India [AAI],2022-12,2025-08,2026-06,347.15,347.15,189.48,92,2026-05,FlashReport_May2026.pdf
4,706724,N04000083,9925,Guwahati Airport New Integrated Terminal Building Construction Project,Assam,Adani Airport Holdings Limited,2016-12,2025-03,2026-06,1712,2520,2639.99,98.5,2026-05,FlashReport_May2026.pdf
5,612183,,9918,Development of New Civil Enclave at Bihta,Bihar,Airport Authority of India [AAI],2024-08,2027-03,,1413,1413,7.64,2.43,2026-05,FlashReport_May2026.pdf
6,612194,N04000112,9917,Development of New Civil Enclave and associated works at Darbhanga Airport,Bihar,Airport Authority of India [AAI],2024-07,2026-07,2026-11,911.66,911.66,386.24,68.01,2026-05,FlashReport_May2026.pdf
7,701101,N04000082,4356,"Construction of New Domestic Terminal Building [Phase-I and II] and other allied structures at JPNI Airport, Patna",Bihar,Airport Authority of India [AAI],2018-10,2026-05,2026-08,1216.9,1216.9,1201.92,98.51,2026-05,FlashReport_May2026.pdf
8,701105,N04000095,4831,Goa Airport Terminal Building Extension Project,Goa,Airport Authority of India [AAI],2017-11,2021-12,2026-04,255.69,255.69,158.78,100,2026-05,FlashReport_May2026.pdf
9,619054,,,Development of Keshod Airport.,Gujarat,Airport Authority of India [AAI],2024-01,2027-01,,363.1,363.1,87.88,38.18,2026-05,FlashReport_May2026.pdf
10,701126,N04000099,3366,"Development of Dholera International Greenfield Airport , Gujarat",Gujarat,Airport Authority of India [AAI],2022-06,2026-06,2026-09,1305,1551,922.78,84,2026-05,FlashReport_May2026.pdf
11,611047,N04000107,9921,"Construction of NTB complex including apron, taxi track and other associated civil works and electrical & mechanical installations towards Tawi River side at CA Jammu.",Jammu and Kashmir,Airport Authority of India [AAI],2023-10,2026-06,2026-11,861.37,861.37,327.3,52.95,2026-05,FlashReport_May2026.pdf
12,612787,N04000108,,Construction of New Domestic Terminal Building and Miscellaneous works at Hubli Airport,Karnataka,Airport Authority of India [AAI],2023-06,2026-01,2026-06,320.47,320.47,158.36,81.5,2026-05,FlashReport_May2026.pdf
13,612788,N04000105,,Construction of New Domestic Terminal Building and Miscellaneous Works at Belagavi Airport.,Karnataka,Airport Authority of India [AAI],2023-06,2026-02,2026-06,322.45,322.45,214.29,91,2026-05,FlashReport_May2026.pdf
14,612789,N04000111,,"Development of additional RESA on either end on Runway 10-28 at Calicut Airport. Construction of embankment with slope protection, drainage system and associated works for additional RESA on either end on Runway 10-28",Kerala,Airport Authority of India [AAI],2023-06,2025-09,2026-12,484.57,484.57,227.5,62.5,2026-05,FlashReport_May2026.pdf
15,400010,N04000078,4665,"Construction of Terminal Building & Associated works at Leh Airport, Ladakh",Ladakh,Airport Authority of India [AAI],2018-07,2021-09,2026-07,480,640,506.13,79.2,2026-05,FlashReport_May2026.pdf
16,706718,N04000100,,C/o NITB Imphal Airport,Manipur,Airport Authority of India [AAI],2021-11,2024-07,2026-12,499,499,206.61,51.65,2026-05,FlashReport_May2026.pdf
17,611570,,,"SITC of ATM Automation System and ASMGCS [Including SMR & MLAT] for Mumbai, Navi Mumbai, Jewar [earlier MOPA, without ASMGCS], HIAL & BIAL","Multi-States (Karnataka, Maharashtra, Telangana, Uttar Pradesh)",Airport Authority of India [AAI],2020-12,2025-09,2026-08,500.48,500.48,393.31,79,2026-05,FlashReport_May2026.pdf
18,618977,,10781,"Development of New Greenfield Airport at Bundi, Kota Rajasthan.",Rajasthan,Airport Authority of India [AAI],2025-08,2027-10,2027-11,1507,1507,46.66,13.1,2026-05,FlashReport_May2026.pdf
19,701127,N04000101,,Construction of New Passenger Terminal Building for Domestic Operations at Jodhpur Airport.,Rajasthan,Airport Authority of India [AAI],2022-06,2026-03,2026-06,480,480,345.45,97.85,2026-05,FlashReport_May2026.pdf
20,701128,N04000104,4363,Construction of New Integrated Passenger Terminal Building at Udaipur Airport,Rajasthan,Airport Authority of India [AAI],2023-06,2026-03,2026-09,887,887,538,71.71,2026-05,FlashReport_May2026.pdf
21,612793,N04000110,,"Widening of basic strip at Western Side of Runway Chainage 80m to 920m i/c slope stabilization Measures [Balance work] of uphill and Improvement of Storm Water Drainage System at Pakyong Airport, Sikkim on design & build basis [EPC] with integrated 10 years maintenance.",Sikkim,Airport Authority of India [AAI],2023-11,2026-06,2027-06,323.26,323.26,80.94,35.55,2026-05,FlashReport_May2026.pdf
22,611602,,5163,"Modernization of Chennai Airport, Phase II, Part 2",Tamil Nadu,Airport Authority of India [AAI],2018-05,2025-07,2026-12,1207,1207,310.98,41,2026-05,FlashReport_May2026.pdf
23,701113,N04000114,9932,"Development of Lal Bahadur Shastri International airport, Varanasi including C/o New Terminal Building, Apron Extension, Runway Extension, PTT and allied works.",Uttar Pradesh,Airport Authority of India [AAI],2024-07,2027-07,2027-07,2869.65,2869.65,626.15,29,2026-05,FlashReport_May2026.pdf
24,701122,N04000113,9931,Development of New Integrated Civil Enclave at Agra Airport,Uttar Pradesh,Airport Authority of India [AAI],2024-06,2026-07,2026-11,579,579,208.68,41.71,2026-05,FlashReport_May2026.pdf
25,611495,N04000115,9920,Development of New Civil Enclave at Bagdogra Airport,West Bengal,Airport Authority of India [AAI],2024-08,2027-03,2027-03,1549,1549,481.09,36.93,2026-05,FlashReport_May2026.pdf
26,612791,N04000109,,"Re-Construction of Rigid portions of Secondary Runway, K and A Taxiway and Strengthening of C Taxiway at NSCBI Airport Kolkata.",West Bengal,Airport Authority of India [AAI],2023-03,2025-10,2026-08,328.3,328.3,145.41,70,2026-05,FlashReport_May2026.pdf
27,615820,N06000290,,TIKAK EXTENSION OCP,Assam,MIS MoCoal Integration Logins,2022-07,2031-07,,159.77,159.77,112.47,89,2026-05,FlashReport_May2026.pdf
28,615821,N06000291,,TIRAP OCP,Assam,MIS MoCoal Integration Logins,2022-11,2030-11,,289.46,289.46,105.65,3.3,2026-05,FlashReport_May2026.pdf
29,400144,N06000199,3122,PORDA CHIMTAPANI OCP [10 MTY],Chhattisgarh,South Eastern Coalfields Limited [SECL],2020-12,2029-03,,2310.12,2310.12,115.62,11.81,2026-05,FlashReport_May2026.pdf
30,400149,N06000197,3107,BAROUD OC EXPANSION [3.0-10.0M,Chhattisgarh,South Eastern Coalfields Limited [SECL],2020-08,2029-03,,2309.8,2309.8,999.09,55.95,2026-05,FlashReport_May2026.pdf
31,400354,N06000200,771,DIPKA EXPANSION OCP [40 MTY],Chhattisgarh,South Eastern Coalfields Limited [SECL],2020-12,2029-03,,5241.4,5241.4,2918.21,39.34,2026-05,FlashReport_May2026.pdf
32,400424,060100093,192,GEVRA OC [70 MTY],Chhattisgarh,South Eastern Coalfields Limited [SECL],2016-03,2023-03,2027-03,11816.4,11816.4,6922.36,78.48,2026-05,FlashReport_May2026.pdf
33,613798,N06000123,,AMERA OC RCE [1.0 MTY],Chhattisgarh,South Eastern Coalfields Limited [SECL],2015-02,2026-03,,335.97,335.97,90.88,42.47,2026-05,FlashReport_May2026.pdf
34,613799,N06000135,,AMGAON OC RCE [1.0 MTY],Chhattisgarh,South Eastern Coalfields Limited [SECL],2015-07,2026-03,,316.11,316.11,191.5,78.86,2026-05,FlashReport_May2026.pdf
35,613800,N06000232,,JAGANNATHPUR OC RCE PROJECT,Chhattisgarh,South Eastern Coalfields Limited [SECL],2016-07,2025-03,2027-03,459.49,459.49,277.16,96.15,2026-05,FlashReport_May2026.pdf
36,613801,N06000164,,MAHAMAYA OCP [1.50 MTY],Chhattisgarh,South Eastern Coalfields Limited [SECL],2018-05,2026-03,2028-03,410.26,410.26,188.3,54.6,2026-05,FlashReport_May2026.pdf
37,615191,N06000274,,KATKONA RO UG MINE,Chhattisgarh,South Eastern Coalfields Limited [SECL],2023-01,2029-03,,329.21,329.21,62.03,2.01,2026-05,FlashReport_May2026.pdf
38,616234,N06000045,7367,PELMA OC MDO,Chhattisgarh,South Eastern Coalfields Limited [SECL],2022-10,2033-03,,1725.04,1725.04,16.71,40.34,2026-05,FlashReport_May2026.pdf
39,617287,,9611,KUSMUNDA OC EXPANSION PROJECT,Chhattisgarh,SECL - CIL,2024-11,2030-03,,4516.88,4516.88,834.14,23.75,2026-05,FlashReport_May2026.pdf
40,617288,,,MANIKPUR OC EXPANSION PROJECT,Chhattisgarh,South Eastern Coalfields Limited [SECL],2025-01,2029-03,,382.61,382.61,135.58,21.29,2026-05,FlashReport_May2026.pdf
41,619171,,11842,RPR FOR DURGAPUR OCP 10 MTY,Chhattisgarh,SECL - CIL,2025-09,2032-03,,2415.91,2415.91,2.35,0.01,2026-05,FlashReport_May2026.pdf
42,619172,,11856,MADANNAGAR OCP 12 MTY - MDO,Chhattisgarh,SECL - CIL,2024-12,2033-03,,1859.19,1859.19,0.45,0,2026-05,FlashReport_May2026.pdf
43,400018,N06000275,4585,HURA C OCP,Jharkhand,ECL - CIL,2022-08,2029-03,,859.41,859.41,455.25,63.22,2026-05,FlashReport_May2026.pdf
44,400073,N06000245,4077,KONAR EXPANSION OCP,Jharkhand,Ministry of Coal,2022-01,2032-03,,674.65,674.65,433.64,46.25,2026-05,FlashReport_May2026.pdf
45,400074,N06000246,4074,KARO EXPANSION OCP,Jharkhand,Ministry of Coal,2022-01,2029-03,,849.31,849.31,289.45,22.38,2026-05,FlashReport_May2026.pdf
46,400136,,3190,SANGHMITRA OC,Jharkhand,Ministry of Coal,2024-03,2032-03,,2660,2660,17.03,16.77,2026-05,FlashReport_May2026.pdf
47,400138,N06000238,3188,CHANDRAGUPT OCP,Jharkhand,Ministry of Coal,2020-08,2032-03,,973.5,973.5,440.75,25.03,2026-05,FlashReport_May2026.pdf
48,400139,N06000237,3183,KOTRE BASANTPUR PACHMO OCP,Jharkhand,Ministry of Coal,2020-08,2032-03,,861.06,625.4,456.48,45.52,2026-05,FlashReport_May2026.pdf
49,400142,N06000193,3135,Pachwara South Coal Block,Jharkhand,NLC India Limited [NLCIL],2016-03,2028-09,,2242.9,2242.9,1388.09,87,2026-05,FlashReport_May2026.pdf
50,400150,N06000216,3105,RPR MAGADH EXP OCP,Jharkhand,Ministry of Coal,2020-08,2028-03,,7254.37,7254.37,1692.65,39.3,2026-05,FlashReport_May2026.pdf
51,400151,N06000218,3103,NORTH URIMARI EXPANSION OCP,Jharkhand,Ministry of Coal,2021-07,2029-03,,778.8,778.8,606.01,68.75,2026-05,FlashReport_May2026.pdf
52,400153,N06000243,3100,EPR ROHINI - KARKETTA OCP,Jharkhand,Ministry of Coal,2021-01,2028-03,,1020.42,1020.42,85.34,22.54,2026-05,FlashReport_May2026.pdf
53,400154,N06000242,3099,EPR PUNDI OCP,Jharkhand,Ministry of Coal,2020-11,2027-03,,713.35,713.35,236.58,10.19,2026-05,FlashReport_May2026.pdf
54,400155,N06000247,3098,EPR ASHOK OC,Jharkhand,Ministry of Coal,2021-05,2031-03,,2821.07,2821.07,186.02,27.51,2026-05,FlashReport_May2026.pdf
55,400156,N06000217,3091,EPR AMRAPALI OCP,Jharkhand,Ministry of Coal,2020-02,2028-03,,5136.15,5136.15,1326.08,43.58,2026-05,FlashReport_May2026.pdf
56,400160,N06000087,3084,RAJRAPPA RCE OCP,Jharkhand,Ministry of Coal,2009-12,2016-03,2027-03,510.85,510.85,488.71,76.99,2026-05,FlashReport_May2026.pdf
57,400172,N06000169,3032,CHITRA EAST OC,Jharkhand,Eastern Coal Fields Limited [ECL],2018-08,2026-03,2028-03,513.99,513.99,240.12,53.03,2026-05,FlashReport_May2026.pdf
58,400352,N06000240,778,JHARKHAND-LAIYO OCP,Jharkhand,Ministry of Coal,2020-08,2031-03,,764.57,764.57,145.81,29.39,2026-05,FlashReport_May2026.pdf
59,400425,N06000098,189,MOONIDIH XV SEAM UG,Jharkhand,Bharat Coking Coal Limited (BCCL,2011-08,2019-03,2026-08,1230.27,1230.27,742.8,82.62,2026-05,FlashReport_May2026.pdf
60,611864,N06000273,5366,AMALAGAMATED NTST KUJAMA OCP 8.5MTY,Jharkhand,Bharat Coking Coal Limited (BCCL,2023-01,2030-03,,4011.85,4011.85,414.93,30.92,2026-05,FlashReport_May2026.pdf
61,613808,N06000096,,MURAIDIH UG PROJECT,Jharkhand,Bharat Coking Coal Limited (BCCL,2011-02,2014-04,2026-12,339.87,339.87,191.14,70.47,2026-05,FlashReport_May2026.pdf
62,615349,N06000241,,TAPIN SOUTH EXPN,Jharkhand,Ministry of Coal,2020-11,2028-03,,230.41,230.41,22.02,23.24,2026-05,FlashReport_May2026.pdf
63,615822,N06000239,,SIRKA OC,Jharkhand,Ministry of Coal,2020-05,2028-03,,222.82,222.82,140.72,56.02,2026-05,FlashReport_May2026.pdf
64,615843,N06000186,,TETARIAKHAR OC,Jharkhand,Ministry of Coal,2019-11,2025-03,2027-03,243.52,243.52,50.82,29.9,2026-05,FlashReport_May2026.pdf
65,616225,N06000280,6880,CHUPERBHITA SIMLONG OCP MDO 6,Jharkhand,Eastern Coal Fields Limited [ECL],2023-12,2037-03,,979.08,979.08,0,0.05,2026-05,FlashReport_May2026.pdf
66,616236,N06000295,,JARANGDIH EXPN. OCP 1.5 MTY,Jharkhand,CCL - CIL,2020-02,2029-03,,414.37,414.37,85.6,32.62,2026-05,FlashReport_May2026.pdf
67,616253,N06000287,7368,BLOCK E OCP,Jharkhand,Bharat Coking Coal Limited (BCCL,2024-03,2029-03,,5850.83,5850.83,20.32,4.18,2026-05,FlashReport_May2026.pdf
68,617416,,9943,"Revised Jharia Master Plan for Dealing with Fire, Subsidence & Rehabilitation of affected families in Jharia Coalfield- Reg.",Jharkhand,Bharat Coking Coal Limited [BCCL],2025-06,2028-12,,5940.47,5940.47,274.27,28,2026-05,FlashReport_May2026.pdf
69,617764,,9968,North Dhadu Western Part OCP,Jharkhand,NLC India Limited [NLCIL],2023-10,2029-03,,1354.2,1354.2,227.34,40,2026-05,FlashReport_May2026.pdf
70,400148,N06000148,3111,AMADAND OCP[4.0MTY],Madhya Pradesh,Ministry of Coal,2016-03,2021-03,2027-03,869.44,869.44,325.4,75.15,2026-05,FlashReport_May2026.pdf
71,400162,N06000184,3059,BLOCK B EXPANSION [3.5 TO 8.0,Madhya Pradesh,Northern Coalfields Limited [NCL],2019-07,2023-03,2027-03,998.71,998.71,520.97,50.39,2026-05,FlashReport_May2026.pdf
72,400321,N06000196,943,NIGAHI EXPANSION [15 TO 25 MTP,Madhya Pradesh,Northern Coalfields Limited [NCL],2020-11,2025-03,2028-03,1729.68,1729.68,943.02,53.73,2026-05,FlashReport_May2026.pdf
73,613802,N06000125,,KANCHAN OC EXP,Madhya Pradesh,South Eastern Coalfields Limited [SECL],2014-12,2026-03,2028-03,371.04,371.04,149.84,58.2,2026-05,FlashReport_May2026.pdf
74,613803,N06000166,,JHIRIA WEST OCP [1.5 MTY],Madhya Pradesh,South Eastern Coalfields Limited [SECL],2024-01,2029-03,,366.94,366.94,35.82,41.29,2026-05,FlashReport_May2026.pdf
75,613804,N06000250,,RPR TAWA-III UG 0.84 MTY,Madhya Pradesh,Western Coalfields Limited [WCL],2021-12,2027-03,,314.09,314.09,17.89,17.78,2026-05,FlashReport_May2026.pdf
76,615185,N06000257,,AMALGAMATED DHANKASA & JAMUNIA,Madhya Pradesh,Western Coalfields Limited [WCL],2022-09,2027-03,,399.2,399.2,100.6,67.13,2026-05,FlashReport_May2026.pdf
77,615187,N06000260,,RPR OF VISHNUPURI UG TO OC,Madhya Pradesh,Western Coalfields Limited [WCL],2022-11,2029-03,,220.62,220.62,0,11.2,2026-05,FlashReport_May2026.pdf
78,615194,N06000265,,URDHAN EXPANSION OC COST PLUS,Madhya Pradesh,Western Coalfields Limited [WCL],2022-07,2031-03,,206.88,206.88,27.32,2.02,2026-05,FlashReport_May2026.pdf
79,615195,N06000266,,SHARDA UG MINE,Madhya Pradesh,Western Coalfields Limited [WCL],2022-07,2028-03,,166.25,166.25,5.23,9.39,2026-05,FlashReport_May2026.pdf
80,615206,N06000183,,GANDHIGRAM UG MINE,Madhya Pradesh,Western Coalfields Limited [WCL],2019-08,2026-03,,414.15,414.15,22.11,56.88,2026-05,FlashReport_May2026.pdf
81,619032,,11593,JAYANT EXPN. [20 TO 38 MTPA],Madhya Pradesh,Northern Coalfields Limited [NCL],2025-02,2032-03,,25560.48,25560.5,186.68,1.6,2026-05,FlashReport_May2026.pdf
82,619053,,11612,RPR FOR RAMPUR BATURA OCP,Madhya Pradesh,SECL - CIL,2025-05,2030-03,,1604.69,1604.69,74.71,0.3,2026-05,FlashReport_May2026.pdf
83,400033,N06000254,4376,BHATADI EXPANSION OC,Maharashtra,Western Coalfields Limited [WCL],2020-02,2028-03,,580.61,580.61,112.17,33.91,2026-05,FlashReport_May2026.pdf
84,400177,N06000132,3012,AMALGAMATED YEKONA I & YEKONA,Maharashtra,Western Coalfields Limited [WCL],2015-08,2025-03,2026-03,727.28,727.28,563.23,80.77,2026-05,FlashReport_May2026.pdf
85,400178,N06000222,3008,DINESH[MAKARDHOKRA-III] OC,Maharashtra,Western Coalfields Limited [WCL],2020-02,2027-03,,822.88,822.88,649.83,40.63,2026-05,FlashReport_May2026.pdf
86,400353,N06000209,776,DHUPTALA OC [SASTI UG TO OC ],Maharashtra,Western Coalfields Limited [WCL],2019-02,2028-03,,711.01,711.01,174.55,19.02,2026-05,FlashReport_May2026.pdf
87,615184,N06000251,,SAONER UG MINE -1 EXPANSION 1.,Maharashtra,Western Coalfields Limited [WCL],2022-01,2028-03,,228.64,228.64,150.47,69.33,2026-05,FlashReport_May2026.pdf
88,615186,N06000206,,SASTI EXPANSION OPENCAST,Maharashtra,Western Coalfields Limited [WCL],2020-08,2026-03,,319.04,319.04,111.68,32.21,2026-05,FlashReport_May2026.pdf
89,615188,N06000255,,NEW MAJRI UG TO OC 3 MTY COST,Maharashtra,Western Coalfields Limited [WCL],2019-05,2027-03,,402.27,402.27,67.7,24.17,2026-05,FlashReport_May2026.pdf
90,615189,N06000253,,MAKARDHOKRA EXPN OC 4.9 MTY,Maharashtra,Western Coalfields Limited [WCL],2022-06,2026-03,,361.87,361.87,96.8,12.2,2026-05,FlashReport_May2026.pdf
91,615190,N06000252,,SINGHORI DEEP OC MIN 2.0 MTY,Maharashtra,Western Coalfields Limited [WCL],2022-05,2029-03,,335.75,335.75,50.3,9.57,2026-05,FlashReport_May2026.pdf
92,615192,N06000264,,GOKUL EXTENSION OC MINE,Maharashtra,Western Coalfields Limited [WCL],2021-04,2026-03,,309.58,309.58,58.08,8.44,2026-05,FlashReport_May2026.pdf
93,615199,N06000267,,KOLGAON EXPANSION DEEP OC MINE,Maharashtra,Western Coalfields Limited [WCL],2023-01,2027-03,,198.71,198.71,23.25,2.82,2026-05,FlashReport_May2026.pdf
94,615330,N06000282,,BALLARPUR NORTH WEST OC MINE,Maharashtra,Western Coalfields Limited [WCL],2022-12,2029-03,,360.81,360.81,21.24,5.17,2026-05,FlashReport_May2026.pdf
95,615331,,,GADEGAON OC 3 MTY,Maharashtra,Western Coalfields Limited [WCL],2023-10,2030-03,,497.41,497.41,44.26,2.19,2026-05,FlashReport_May2026.pdf
96,615914,N06000205,,GHONSA EXPANSION DEEP OC MINE,Maharashtra,Western Coalfields Limited [WCL],2021-03,2029-03,,184.71,184.71,15.72,12.87,2026-05,FlashReport_May2026.pdf
97,615916,N06000271,7361,AMLG GAURI PAUNI EXPANSION OC,Maharashtra,Western Coalfields Limited [WCL],2024-04,2030-03,,1225.21,1225.21,88.81,4.21,2026-05,FlashReport_May2026.pdf
98,615917,N06000278,7362,GAURIDEEP/GAURI CENTRAL OCP 7.,Maharashtra,Western Coalfields Limited [WCL],2023-08,2030-03,,973.07,973.07,1.55,2.31,2026-05,FlashReport_May2026.pdf
99,615918,N06000256,,RPR OF BHANEGAON OC,Maharashtra,Western Coalfields Limited [WCL],2017-02,2028-03,,405.2,405.2,36.19,15.97,2026-05,FlashReport_May2026.pdf
100,615919,N06000283,7363,N. EXTN. MUNGOLI NIRGUDA D OCP,Maharashtra,Western Coalfields Limited [WCL],2024-06,2029-03,,1024.91,1024.91,217.35,27.92,2026-05,FlashReport_May2026.pdf
101,615982,N06000154,,NILJAI EXPANSION DEEP OCP,Maharashtra,Western Coalfields Limited [WCL],2016-08,2022-03,2026-03,319.75,319.75,196.86,79.83,2026-05,FlashReport_May2026.pdf
102,616044,N06000179,764,UKNI DEEP OC MINE -COST PLUS,Maharashtra,Western Coalfields Limited [WCL],2018-11,2021-03,2026-03,237.06,237.06,168,93.75,2026-05,FlashReport_May2026.pdf
103,616050,N06000226,,AMALGAMATED INDER-KAMPTEE DEEP,Maharashtra,Western Coalfields Limited [WCL],2018-09,2024-03,2026-03,235.9,235.9,127.42,98.97,2026-05,FlashReport_May2026.pdf
104,616223,N06000219,,ADASA UG TO OC MINE,Maharashtra,Western Coalfields Limited [WCL],2018-11,2024-03,2026-03,316,316,209.28,86.49,2026-05,FlashReport_May2026.pdf
105,616229,N06000284,7364,AMAL GONDEGAON GHATROHANA EXPN,Maharashtra,Western Coalfields Limited [WCL],2024-09,2029-03,,668.54,668.54,2.95,2.52,2026-05,FlashReport_May2026.pdf
106,617233,N06000293,,WAGHODA UG MINE [1.02 MTY],Maharashtra,Western Coalfields Limited [WCL],2024-01,2030-03,,379.3,379.3,0,0.01,2026-05,FlashReport_May2026.pdf
107,617278,N06000294,9897,KOLARPIMPRI EXPANSION OC [2.5,Maharashtra,Western Coalfields Limited [WCL],2024-06,2030-03,,630.37,630.37,0.61,0.38,2026-05,FlashReport_May2026.pdf
108,619055,,,SAONER-III EXPN UG MINE 1.54,Maharashtra,Western Coalfields Limited [WCL],2025-08,2032-03,,444.42,444.42,0,0,2026-05,FlashReport_May2026.pdf
109,400369,N06000192,612,BINA KAKRI AMALGAMATION EXPANS,"Multi-States (Madhya Pradesh, Uttar Pradesh)",Northern Coalfields Limited [NCL],2020-08,2024-03,2027-03,836.42,836.42,835.51,92.05,2026-05,FlashReport_May2026.pdf
110,615183,N06000208,7021,KHADIA EXPANSION [10 TO 16 MTP,"Multi-States (Madhya Pradesh, Uttar Pradesh)",Northern Coalfields Limited [NCL],2021-06,2025-03,2027-03,491.67,491.67,276.37,57.06,2026-05,FlashReport_May2026.pdf
111,400165,N06000249,3048,SUBHADRA OCP,Odisha,Mahanadi Coalfields Limited [MCL],2021-05,2032-04,,1693.81,1693.81,1330.06,45.73,2026-05,FlashReport_May2026.pdf
112,400166,N06000113,3045,SIARMAL OCP,Odisha,Mahanadi Coalfields Limited [MCL],2021-02,2029-03,,5194.95,5194.95,3491.21,60.27,2026-05,FlashReport_May2026.pdf
113,400183,N06000230,2997,BALARAM EXPANSION OCP,Odisha,Mahanadi Coalfields Limited [MCL],2020-08,2029-03,,3504.21,3504.21,958,58,2026-05,FlashReport_May2026.pdf
114,400185,N06000229,2994,GOPALJI KANIHA OCP [10 TO 30 M,Odisha,MCL - CIL,2022-04,2030-03,,8416.19,6107.87,1774.72,35.03,2026-05,FlashReport_May2026.pdf
115,400187,N06000167,2986,INTEGRATED LAKHANPUR-BELPAHAR-,Odisha,Mahanadi Coalfields Limited [MCL],2018-05,2027-03,,2434.75,2434.75,2004.49,82.16,2026-05,FlashReport_May2026.pdf
116,400392,N06000171,501,BHARATPUR RE-ORGANIZATION OCP,Odisha,Mahanadi Coalfields Limited [MCL],2018-11,2029-03,,2838.86,2838.86,1713.01,52.3,2026-05,FlashReport_May2026.pdf
117,615857,N06000203,,Naini Coal Mine,Odisha,Singareni Collieries Company Limited [SCCL],2020-03,2026-03,,494.3,494.3,491.33,80,2026-05,FlashReport_May2026.pdf
118,616226,N06000289,7097,INTEGRATED KULDA GARJANBAHAL O,Odisha,Mahanadi Coalfields Limited [MCL],2023-04,2033-03,,3563.5,3563.5,681.21,8.39,2026-05,FlashReport_May2026.pdf
119,616231,N06000286,9687,BHUBANESWARI EXPN OCP 50 MTY,Odisha,MCL - CIL,2024-03,2033-03,,5366.27,5366.27,477.84,33.06,2026-05,FlashReport_May2026.pdf
120,616232,N06000285,7365,HINGULA II OC EXPN PH III 15 M,Odisha,MCL - CIL,2022-11,2029-03,,1561.85,1561.85,279.32,30.08,2026-05,FlashReport_May2026.pdf
121,616233,N06000288,7366,BALABHADRA OCP,Odisha,MCL - CIL,2023-04,2030-03,,978.44,978.44,251.55,16,2026-05,FlashReport_May2026.pdf
122,618982,,10777,Talabira II & III OCP - FMC,Odisha,NLC India Limited [NLCIL],2022-10,2026-06,2026-12,522.45,522.45,324.74,73.65,2026-05,FlashReport_May2026.pdf
123,615818,N06000259,,Jawahar Khani Open Cast Mine,Telangana,Singareni Collieries Company Limited [SCCL],2021-12,2025-03,2027-03,297.88,297.88,48.75,20,2026-05,FlashReport_May2026.pdf
124,615858,N06000213,,Kalyanikhani Opencast Project,Telangana,Singareni Collieries Company Limited [SCCL],2016-03,2026-03,,384.32,384.32,295.21,76,2026-05,FlashReport_May2026.pdf
125,615860,N06000202,9915,Godavarikhani Coal Mine - 5,Telangana,Singareni Collieries Company Limited [SCCL],2019-07,2025-03,2026-03,607.04,607.04,200.12,71,2026-05,FlashReport_May2026.pdf
126,615861,N06000211,,Indaram Opencast Project,Telangana,Singareni Collieries Company Limited [SCCL],2017-08,2025-03,2026-03,424.81,424.81,406.82,81,2026-05,FlashReport_May2026.pdf
127,615862,N06000258,,Goleti Opencast Mine,Telangana,Singareni Collieries Company Limited [SCCL],2021-07,2026-03,,345.6,345.6,111.94,33,2026-05,FlashReport_May2026.pdf
128,615863,N06000204,,Venkatesh Khani Coal Mine,Telangana,Singareni Collieries Company Limited [SCCL],2020-10,2026-03,,484.5,484.5,477.14,97,2026-05,FlashReport_May2026.pdf
129,615865,N06000214,,Kakatiyakhani OC - 2 Project,Telangana,Singareni Collieries Company Limited [SCCL],2017-08,2025-03,2026-03,442.42,442.42,253.15,63,2026-05,FlashReport_May2026.pdf
130,400173,N06000236,3029,MOHANPUR EXPANSION OC -PHASE I,West Bengal,Eastern Coal Fields Limited [ECL],2020-11,2026-03,2030-03,888.99,888.99,142.98,31.52,2026-05,FlashReport_May2026.pdf
131,400180,N06000244,3004,BONJEMEHARI EXPANSION OCP,West Bengal,Eastern Coal Fields Limited [ECL],2021-08,2026-03,2030-03,570.11,570.11,88.78,17.1,2026-05,FlashReport_May2026.pdf
132,400181,N06000170,3001,NAKRAKONDA KUMARDIH- B OCP,West Bengal,Eastern Coal Fields Limited [ECL],2018-08,2029-03,,502.68,502.67,83.94,27.52,2026-05,FlashReport_May2026.pdf
133,400186,N06000276,2989,TILABONI UG,West Bengal,Eastern Coal Fields Limited [ECL],2023-01,2029-03,,749.08,749.07,53.97,11.91,2026-05,FlashReport_May2026.pdf
134,400312,N06000223,995,JHANJRA EXPANSION UG,West Bengal,Eastern Coal Fields Limited [ECL],2020-04,2029-03,,1210.12,1210.12,628.68,52.04,2026-05,FlashReport_May2026.pdf
135,400315,N06000220,966,SONEPUR BAZARI EXPANSION OCP [,West Bengal,Eastern Coal Fields Limited [ECL],2021-07,2029-03,,5365.88,5365.88,627.89,18.47,2026-05,FlashReport_May2026.pdf
136,612816,N06000272,5529,ITAPARA OCP,West Bengal,Eastern Coal Fields Limited [ECL],2023-12,2030-03,,929.1,929.1,71.43,8.35,2026-05,FlashReport_May2026.pdf
137,613793,N06000191,,SHYAMSUNDARPUR UG INCLUDING SA,West Bengal,Eastern Coal Fields Limited [ECL],2020-04,2026-03,2028-03,483.65,483.65,78.88,16.79,2026-05,FlashReport_May2026.pdf
138,613794,N06000277,,PARASEA-BELBAID UG PROJECT,West Bengal,Eastern Coal Fields Limited [ECL],2023-01,2028-03,,389.1,389.1,132.48,22.18,2026-05,FlashReport_May2026.pdf
139,616230,N06000281,6881,PARASCOLE JAMBAD OCP,West Bengal,Eastern Coal Fields Limited [ECL],2024-11,2037-03,,1193.55,1193.55,11.42,0.23,2026-05,FlashReport_May2026.pdf
140,617299,N06000292,,50 MW Wind Power Project,Gujarat,NLC India Limited [NLCIL],2022-07,2025-06,2026-01,383.84,383.84,329.59,52,2026-05,FlashReport_May2026.pdf
141,617730,,10775,600 MW Khavda Solar Power Project,Gujarat,NLC India Limited [NLCIL],2023-08,2026-06,,3335.85,3335.85,2254.57,60,2026-05,FlashReport_May2026.pdf
142,618991,,10796,200 MW SPP part of 510 MW CPSU scheme,Gujarat,NLC India Limited [NLCIL],2022-07,2026-12,,1221.41,1221.41,64.03,0,2026-05,FlashReport_May2026.pdf
143,618992,,,100 MW SPP part of SECI 150 MW Hybrid,Gujarat,NLC India Limited [NLCIL],2022-07,2026-12,,480.68,480.68,2.62,1.2,2026-05,FlashReport_May2026.pdf
144,400231,N06000270,2059,NLC Talabira Thermal Power Project,Odisha,NLC India Limited [NLCIL],2017-01,2030-03,,27212.96,27213,3455.88,2.1,2026-05,FlashReport_May2026.pdf
145,618981,,10776,810 MW Solar Power Project - Rajasthan,Rajasthan,NLC India Limited [NLCIL],2024-10,2028-03,,4147.07,4147.07,224.77,0,2026-05,FlashReport_May2026.pdf
146,400203,,2277,Dharamjaigarh-Korba,Chhattisgarh,Railway,2018-05,2026-12,2026-08,1686.22,2438.53,625.77,43.5,2026-05,FlashReport_May2026.pdf
147,400416,,371,Shivpur-Kathautia New Rail [BG] Line [49 km] [Package II of Tori-Shivpur-Kathautia line],Jharkhand,Ministry of Coal,2018-02,2025-06,2027-06,1799.64,2564.34,1713.19,71,2026-05,FlashReport_May2026.pdf
148,400192,,2418,Tubed Coal Mine,Jharkhand,Damodar Valley Corporation,2016-07,2026-05,2026-05,1581,1581,601.6,36,2026-05,FlashReport_May2026.pdf
149,603293,N18000367,2576,Badam Coal Mining project of NTPC,Jharkhand,National Thermal Power Corporation [NTPC],2019-02,2056-12,2027-04,502,784,431.81,67.86,2026-05,FlashReport_May2026.pdf
150,602182,N18000362,4934,Dibang Multipurpose Project,Arunachal Pradesh,National Hydroelectric Power Corporation Limited [NHPC],2023-02,2032-02,2032-02,31876.39,31876.4,4713.64,17.67,2026-05,FlashReport_May2026.pdf
151,611698,,7620,240MW Heo HE Project,Arunachal Pradesh,North Eastern Electric Power Corporation Limited,2024-12,2029-07,,1938.85,1938.85,105.5,5,2026-05,FlashReport_May2026.pdf
152,611699,,7621,186 MW Tato-I H E Project,Arunachal Pradesh,North Eastern Electric Power Corporation Limited,2024-12,2029-07,,1750.07,1750.07,74.83,5.1,2026-05,FlashReport_May2026.pdf
153,611716,,9690,700 MW Tato-II HE Project,Arunachal Pradesh,North Eastern Electric Power Corporation Limited,2025-09,2031-09,,8146.21,8146.21,244.35,6.45,2026-05,FlashReport_May2026.pdf
154,619311,,12136,Kalai-II Hydro Electric Project [1200 MW],Arunachal Pradesh,THDC India Limited,2026-04,2032-10,,14105.83,14105.8,188.14,0,2026-05,FlashReport_May2026.pdf
155,602579,N18000194,2361,Buxar Thermal Power Project [1320 MW],Bihar,Satluj Jal Vidyut Nigam [SJVN] Thermal Limited,2019-03,2024-01,2026-05,10439.09,13756.6,13479.85,94.79,2026-05,FlashReport_May2026.pdf
156,619051,,11614,"Nabinagar Super Thermal Power Project, Stage-II [3x800 MW]",Bihar,National Thermal Power Corporation [NTPC],2024-11,2030-07,2030-09,29948,29948,2865.29,11.45,2026-05,FlashReport_May2026.pdf
157,611930,N18000381,5493,Lara Super Thermal Power Project Stage-II [2 x 800 MW],Chhattisgarh,National Thermal Power Corporation [NTPC],2023-08,2028-06,2028-11,15530,16106,5005.4,30.6,2026-05,FlashReport_May2026.pdf
158,617188,,9706,"Sipat Super Thermal Power Project, Stage-III [1x800 MW]",Chhattisgarh,National Thermal Power Corporation [NTPC],2024-09,2029-09,2029-11,9791,9791,1686.93,19.86,2026-05,FlashReport_May2026.pdf
159,709747,N18000297,,Bagodara Solar Power Project,Gujarat,Satluj Jal Vidyut Nigam [SJVN] Thermal Limited,2021-03,2025-12,2025-12,339.35,339.35,370,51.86,2026-05,FlashReport_May2026.pdf
160,602582,N18000291,2370,Dhaulasidh Hydro Electric Project [66 MW],Himachal Pradesh,Satluj Jal Vidyut Nigam [SJVN] Thermal Limited,2020-10,2025-11,2027-03,687.97,1561.21,1122.67,77.95,2026-05,FlashReport_May2026.pdf
161,602593,N18000279,2367,Luhri Stage-I Hydro Electric Project [210 MW],Himachal Pradesh,Satluj Jal Vidyut Nigam [SJVN] Thermal Limited,2020-11,2026-01,2030-02,1810.56,4681.64,1941.63,51.63,2026-05,FlashReport_May2026.pdf
162,611586,N18000344,5062,Sunni Dam Hydro Electric Project [382 MW],Himachal Pradesh,Satluj Jal Vidyut Nigam [SJVN] Thermal Limited,2023-01,2028-04,2029-12,2614.51,4925.87,1097.78,34.43,2026-05,FlashReport_May2026.pdf
163,602525,N18000172,1425,"Pakal Dul [Drangdhuran] Hydroelectric Project, 1000 MW",Jammu and Kashmir,National Hydroelectric Power Corporation Limited [NHPC],2014-10,2020-04,2026-12,8112.12,12728,9313.54,82.05,2026-05,FlashReport_May2026.pdf
164,602532,N18000278,2412,Kiru HE Project,Jammu and Kashmir,National Hydroelectric Power Corporation Limited [NHPC],2019-03,2023-09,2026-12,4287.59,5409,3868.72,85.5,2026-05,FlashReport_May2026.pdf
165,602535,N18000324,2421,"Ratle HE Project - 850 MW, Ratle Hydroelectric Power Corporation Limited.",Jammu and Kashmir,National Hydroelectric Power Corporation Limited [NHPC],2021-02,2026-02,2028-11,5281.94,5281.94,1622.1,30.4,2026-05,FlashReport_May2026.pdf
166,605155,N18000363,4177,Kwar HE Project,Jammu and Kashmir,National Hydroelectric Power Corporation Limited [NHPC],2022-05,2026-11,2028-03,4526.12,4526.12,1616.87,35.32,2026-05,FlashReport_May2026.pdf
167,400261,N18000275,1639,Patratu Thermal Power Station Expansion Project Phase-I [3x800 MW],Jharkhand,National Thermal Power Corporation [NTPC],2017-11,2023-03,2027-04,18668,20302,19064.59,90.2,2026-05,FlashReport_May2026.pdf
168,611509,,7414,"Koderma Thermal Power Station Phase II [2X800 MW] At Koderma, Jharkhand",Jharkhand,Damodar Valley Corporation,2023-04,2029-03,,14358,14358,1964.6,11.5,2026-05,FlashReport_May2026.pdf
169,618976,,10793,"Gadarwara Super Thermal Power Project, Stage-II [2x800 MW]",Madhya Pradesh,National Thermal Power Corporation [NTPC],2024-11,2030-03,2030-05,20446,20446,1945.1,8.2,2026-05,FlashReport_May2026.pdf
170,602096,180100221,2415,Subansiri Lower HE Project [2000 MW],"Multi-States (Arunachal Pradesh, Assam)",National Hydroelectric Power Corporation Limited [NHPC],2003-09,2010-09,2026-05,6285.33,26075.5,26277.65,97.72,2026-05,FlashReport_May2026.pdf
171,602961,N18000364,3450,Talcher Thermal Power Station Stage III [2 x 660 MW] Expansion,Odisha,National Thermal Power Corporation [NTPC],2022-08,2027-05,2028-05,11843.75,12543,6644.65,51.4,2026-05,FlashReport_May2026.pdf
172,619056,,11833,"Darlipali Super Thermal Power Project, Stage-II [1x800 MW]",Odisha,National Thermal Power Corporation [NTPC],2025-11,2031-01,2031-05,11131,11131,472.8,2.35,2026-05,FlashReport_May2026.pdf
173,602181,N18000325,2419,"TEESTA-VI HE PROJECT, SIKKIM [500 MW], executed by LANCO TEESTA HYDRO POWER LIMITED [A wholly owned Subsidiary of NHPC LTD. acquired through NCLT]",Sikkim,National Hydroelectric Power Corporation Limited [NHPC],2019-03,2024-03,2027-12,5748.04,5748.04,4447.82,73.11,2026-05,FlashReport_May2026.pdf
174,605156,N18000326,2408,Rangit-IV HE Project [120 MW] executed by Jal Power Corporation Ltd. [JPCL] - A wholly owned subsidiary of NHPC Ltd. acquired through NCLT,Sikkim,National Hydroelectric Power Corporation Limited [NHPC],2021-03,2024-05,2026-11,938.29,1828.11,1672.37,96.92,2026-05,FlashReport_May2026.pdf
175,619341,,,"Telangana Super Thermal Power Project , Stage-II [3 x 800 MW]",Telangana,National Thermal Power Corporation [NTPC],2026-03,2032-01,,29344.85,29344.8,729.63,0.13,2026-05,FlashReport_May2026.pdf
176,612142,N18000382,7569,"Singrauli Super Thermal Power Project, Stage-III [2x800 MW]",Uttar Pradesh,National Thermal Power Corporation [NTPC],2024-03,2030-02,2030-04,17195,17195,3492.41,21.3,2026-05,FlashReport_May2026.pdf
177,602185,N18000014,1452,Tapovan-Vishnugad HEP [4x130 MW],Uttarakhand,National Thermal Power Corporation [NTPC],2006-11,2013-03,2029-07,2978,10907.3,7791.33,77,2026-05,FlashReport_May2026.pdf
178,602195,N18000042,157,Vishnugad Pipalkoti Hydro Electric Project [444 MW],Uttarakhand,THDC India Limited,2008-08,2022-12,2028-06,3860.35,6405.08,5608.58,80.5,2026-05,FlashReport_May2026.pdf
179,400062,,4195,"Raghunathpur Thermal Power Station Phase II [2X660 MW] at Raghunathpur, Purulia, West Bengal",West Bengal,Damodar Valley Corporation,2023-01,2029-06,,17673,17673,2043.87,10,2026-05,FlashReport_May2026.pdf
180,602184,N18000178,1453,Rammam-III HEPP [3x40 MW],West Bengal,National Thermal Power Corporation [NTPC],2014-09,2019-09,2029-03,1381.84,2865.56,1587.33,56.16,2026-05,FlashReport_May2026.pdf
181,602538,,2463,Installation of FGD for 4x210 & 2x250 MW MTPS U 1-6,West Bengal,Damodar Valley Corporation,2019-06,2024-01,2026-05,1037,1106,1133.78,97,2026-05,FlashReport_May2026.pdf
182,611967,N18000380,5451,Transmission Scheme for Solar Energy Zone in Ananthpuram 2500MW and Kurnool 1000MW,Andhra Pradesh,Power Grid Corporation of India Limited [POWERGRID],2023-09,2025-09,2026-05,823,823,798.31,98.57,2026-05,FlashReport_May2026.pdf
183,617183,N18000416,7488,Transmission system strengthening at Kurnool- III PS for integration of additional RE generation projects [POWERGRID Kurnool III PS RE Transmission Limited],Andhra Pradesh,Power Grid Corporation of India Limited [POWERGRID],2025-03,2027-12,,2886,2886,721.5,29.34,2026-05,FlashReport_May2026.pdf
184,617375,,,North Eastern Region Expansion Scheme-XXIII [NERES-XXIII],Arunachal Pradesh,Power Grid Corporation of India Limited [POWERGRID],2025-08,2028-02,,209.38,209.38,3.14,1.5,2026-05,FlashReport_May2026.pdf
185,615336,,11862,Transmission system for evacuation of Power from REZ in Rajasthan [20 GW] under phase-III Part-D Phase-II,Delhi,Power Grid Corporation of India Limited [POWERGRID],2023-11,2026-02,2026-12,284,284,65.32,18.91,2026-05,FlashReport_May2026.pdf
186,612139,N18000384,5494,Transmission system for Evacuation of Additional 7 GW RE power from Khavda RE park under Phase-III Part B [Vataman Transmission Limited],Gujarat,Power Grid Corporation of India Limited [POWERGRID],2023-12,2025-12,2026-12,4231,4231,2538.6,65.91,2026-05,FlashReport_May2026.pdf
187,612855,N18000390,5537,Transmission System for Evacuation of Power from Potential Energy Renewable Zone in Khavda Area of Gujarat under Ph-IV [7GW] Part E2,Gujarat,Power Grid Corporation of India Limited [POWERGRID],2024-05,2026-05,2026-06,697,697,383.35,63,2026-05,FlashReport_May2026.pdf
188,615342,N18000398,,Augmentation of Transformation Capacity at jam Khambhaliya PS [GIS] [SPV Name POWERGRID Jam Khambhaliya Transmission Limited],Gujarat,Power Grid Corporation of India Limited [POWERGRID],2024-10,2026-07,2027-04,329,329,42.77,16.5,2026-05,FlashReport_May2026.pdf
189,615343,N18000402,6259,Provision of Dynamic Reactive Compensation at Khavda pooling Station 1 [KPS1] and Khavda Pooling station 3 [KPS3],Gujarat,Power Grid Corporation of India Limited [POWERGRID],2024-11,2026-11,,501,501,25.05,7.33,2026-05,FlashReport_May2026.pdf
190,615345,N18000400,6261,Transmission System for Evacuation of Power from Potential Renewable Energy Zone in Khavda area of Gujarat under Phase-IV [7GW] Part B [SPV Name POWERGRID South Olpad Transmission Limited],Gujarat,Power Grid Corporation of India Limited [POWERGRID],2024-10,2026-10,2027-10,4766,4766,1334.48,31.48,2026-05,FlashReport_May2026.pdf
191,617069,N18000411,,Augmentation of Transformation Capacity at KPS1 [GIS] and KPS2 [GIS] [Phase-V Part B1 and Part B2 Scheme] [SPV Name- POWERGRID KPS1 and 2 Augmentation Transmission Limited],Gujarat,Power Grid Corporation of India Limited [POWERGRID],2025-02,2027-02,,466,466,111.84,30,2026-05,FlashReport_May2026.pdf
192,617182,N18000412,,Augmentation of Banaskantha [Raghanesda] PS [GIS] [POWERGRID Banaskantha Transco Limited],Gujarat,Power Grid Corporation of India Limited [POWERGRID],2025-03,2027-03,,172,172,58.48,37.2,2026-05,FlashReport_May2026.pdf
193,617391,,,Augmentation of Transformation Capacity at Bhuj-II PS [GIS],Gujarat,Power Grid Corporation of India Limited [POWERGRID],2025-02,2026-11,2027-06,488.29,488.29,5.86,2.7,2026-05,FlashReport_May2026.pdf
194,617405,,9765,Jamnagar Transmission Limited,Gujarat,Adani Transmission Limited,,2026-10,,4000,4000,553,19,2026-05,FlashReport_May2026.pdf
195,617801,,9955,Provision of ICT Augmentation & Bus Reactor at Bhuj-II PS,Gujarat,Power Grid Corporation of India Limited [POWERGRID],2025-03,2026-12,2027-06,581.74,581.74,11.63,2,2026-05,FlashReport_May2026.pdf
196,619026,,11610,KPSIII HVDC Transmission Limited,Gujarat,Adani Transmission Limited,,2029-12,,19000,19000,20,1,2026-05,FlashReport_May2026.pdf
197,619029,,,Transmission System for Reliable Power Supply to Dholera,Gujarat,Power Grid Corporation of India Limited [POWERGRID],2024-09,2026-03,2026-12,319.42,319.42,51.1,21,2026-05,FlashReport_May2026.pdf
198,619049,,12526,Khavda IVA Power Transmission Limited,Gujarat,Adani Transmission Limited,2024-08,2026-08,,4500,4500,2263.7,60,2026-05,FlashReport_May2026.pdf
199,617179,N18000417,,Transmission Scheme for evacuation of Power from Ratle HEP [850 MW] & kiru [624 MW] Part B,Jammu and Kashmir,Power Grid Corporation of India Limited [POWERGRID],2024-07,2026-07,2027-06,218.6,218.6,3.72,1.7,2026-05,FlashReport_May2026.pdf
200,617326,,9893,Implementation of Transmission Systems in the State of Jharkhand consisting of 400/220/132/33 kV transmission lines and substations under Jharkhand Consultancy Project,Jharkhand,Power Grid Corporation of India Limited [POWERGRID],2012-02,2026-03,2026-08,1842.25,1842.25,1648.05,96.2,2026-05,FlashReport_May2026.pdf
201,612140,N18000385,5495,Transmission Scheme for Integration of Renewable Energy Zone [Phase II] in Koppal II [Phase A&B] and gadag II[Phase A] in Karnataka [POWERGRID KOPPAL GADAG TRANSMISSION LIMITED],Karnataka,Power Grid Corporation of India Limited [POWERGRID],2023-12,2025-12,2026-09,4445,4445,3733.8,88.17,2026-05,FlashReport_May2026.pdf
202,616672,N18000409,7054,System Strengthening at Koppal-II and GadagII for integration of RE generation projects [SPV Name POWERGRID Koppal Gadag Augmentation Transmission Limited],Karnataka,Power Grid Corporation of India Limited [POWERGRID],2025-01,2027-06,,1354,1354,284.34,27.65,2026-05,FlashReport_May2026.pdf
203,617068,N18000410,,"Augmentation of Transformation Capacity by 3x500 MVA, 400/220 KV ICTS [6th-8th] and 1x1500 MVA, 765/400 KV ICT [4th] at Bidar PS [SPV Name- POWERGRID Bidar Augmentation Transmission Limited]",Karnataka,Power Grid Corporation of India Limited [POWERGRID],2025-02,2027-06,,288,288,20.16,7.2,2026-05,FlashReport_May2026.pdf
204,617184,N18000419,7489,Transmission Scheme for integration of Davanagere/ Chitradurga and Bellary REZ in Karnataka [POWERGRID Chitradurga Bellary REZ Transmission Limited],Karnataka,Power Grid Corporation of India Limited [POWERGRID],2025-03,2027-09,,3453,3453,483.42,17.99,2026-05,FlashReport_May2026.pdf
205,617803,,,Transmission System Strengthening at Davanagere for Integration of RE Generation [SPV Name - POWERGRID Davanagere Power Transmission Limited],Karnataka,Power Grid Corporation of India Limited [POWERGRID],2025-09,2027-09,,379,379,17.06,2.5,2026-05,FlashReport_May2026.pdf
206,619228,,11953,Transmission System Strengthening for integration of additional RE Potential at Davanagere [0.25 GW] and Bellary [2.75 GW],Karnataka,Power Grid Corporation of India Limited [POWERGRID],2026-02,2028-02,,1111,1111,5.5,1,2026-05,FlashReport_May2026.pdf
207,619028,,,Augmentation of 1x500 MVA 400/220kV ICT [3rd] at Thrissur VSC HVDC Station in Kerala,Kerala,Power Grid Corporation of India Limited [POWERGRID],2025-08,2027-08,,173.14,173.14,2.08,1.5,2026-05,FlashReport_May2026.pdf
208,615344,N18000399,6260,Transmission System for Evacuation of Power from Rajasthan REZ Ph-IV [Part-2 5.5GW] [Jaisalmer/Barmer Complex] Part H1 [POWERGRID KURAWAR TRANSMISSION LIMITED],Madhya Pradesh,Power Grid Corporation of India Limited [POWERGRID],2024-10,2026-10,2027-06,3674,3674,1469.6,43.16,2026-05,FlashReport_May2026.pdf
209,615346,N18000392,6262,Transmission System for Evacuation of Power from Rajasthan REZ Ph-IV [Part-2 5.5 GW] [Jaisalmer/Barmer Complex] Part C [SPV Name POWERGRID Mandsaur Transmission Limited],Madhya Pradesh,Power Grid Corporation of India Limited [POWERGRID],2024-08,2026-08,2027-02,2708,2708,1543.56,68.12,2026-05,FlashReport_May2026.pdf
210,617272,N18000420,,Implementation of LILO of both circuits of 400KV vindhyachal PS-Sasan D/C Line at Hindalco Switchyard,Madhya Pradesh,Power Grid Corporation of India Limited [POWERGRID],2024-06,2026-12,,370,370,114.7,45.55,2026-05,FlashReport_May2026.pdf
211,617279,,7643,Transmission System for evacuation of power from Mahan Energen Limited Generating Station in Madhya Pradesh [SPV Name - POWERGRID MEL Power Transmission Limited],Madhya Pradesh,Power Grid Corporation of India Limited [POWERGRID],2025-06,2027-12,,558,558,50.22,13.32,2026-05,FlashReport_May2026.pdf
212,617802,,,Augmentation of Transformation Capacity and Implementation of Line Bays at Mandsaur S/S for RE Interconnection [SPV Name- POWERGRID Mandsaur I RE Transmission Limited],Madhya Pradesh,Power Grid Corporation of India Limited [POWERGRID],2025-10,2028-03,,319,319,12.76,2.5,2026-05,FlashReport_May2026.pdf
213,619024,,11556,Mahan Transmission Limited,Madhya Pradesh,Adani Transmission Limited,2025-03,2027-04,,3125.32,3125.32,317.79,18,2026-05,FlashReport_May2026.pdf
214,611966,N18000377,,Transmission System for Evacuation of power from Potential RE Zone in Khavda Area of Gujarat under phase IV 7GW-Part E4,Maharashtra,Power Grid Corporation of India Limited [POWERGRID],2023-11,2025-07,2026-05,224.41,224.41,215.43,99.6,2026-05,FlashReport_May2026.pdf
215,619027,,11611,WRNES Talegaon Power Transmission Limited,Maharashtra,Adani Transmission Limited,,2028-01,,2000,2000,36,5,2026-05,FlashReport_May2026.pdf
216,619227,,11952,Network Expansion Scheme in Maharashtra for removal of Transmission constraints in Pune Region-I [765/400kV AIS Pune East],Maharashtra,Power Grid Corporation of India Limited [POWERGRID],2026-03,2028-03,,1420,1420,2.84,0.5,2026-05,FlashReport_May2026.pdf
217,617185,N18000413,7490,Transmission System for Integration of Kurnool-IV REZ Phase-I [for 4.5 GW] [POWERGRID Kurnool-IV Transmission Limited],"Multi-States (Andhra Pradesh, Karnataka)",Power Grid Corporation of India Limited [POWERGRID],2025-03,2027-03,2027-09,5550,5550,943.5,19.92,2026-05,FlashReport_May2026.pdf
218,617806,,9970,Transmission System for Integration of Ananthapur 2 REZ Phase 1 for 4.5 GW. SPV Name Anantapuram 2 REZ Transmission Ltd,"Multi-States (Andhra Pradesh, Karnataka)",Sterlite Power,2024-08,2027-03,,4535.99,4535.99,1057.57,50,2026-05,FlashReport_May2026.pdf
219,619030,,11590,Inter-Regional Strengthening between SR Grid and ER Grid,"Multi-States (Andhra Pradesh, Odisha)",Power Grid Corporation of India Limited [POWERGRID],2026-02,2028-08,,2722.5,2722.5,13.4,1,2026-05,FlashReport_May2026.pdf
220,900808,N18000352,5224,Transmission System for Kurnool Wind Energy Zone/ Solar Energy Zone Part-A and Part-B,"Multi-States (Andhra Pradesh, Telangana)",Power Grid Corporation of India Limited [POWERGRID],2022-11,2024-11,2026-05,3546.94,3546.94,3532.75,99.69,2026-05,FlashReport_May2026.pdf
221,602223,N18000249,1648,Comprehensive Scheme for Strengthening of Transmission and Distribution [T&D] Systems [CSST&DS] in Arunachal Pradesh and Sikkim,"Multi-States (Arunachal Pradesh, Sikkim)",Power Grid Corporation of India Limited [POWERGRID],2014-10,2018-12,2027-03,4754.42,9129.32,8088.57,83.5,2026-05,FlashReport_May2026.pdf
222,607709,N18000250,1625,NORTH EASTERN REGION POWER SYSTEM IMPROVEMENT PROJECT [NERPSIP],"Multi-States (Assam, Manipur, Meghalaya, Mizoram, Nagaland, Tripura)",Power Grid Corporation of India Limited [POWERGRID],2014-12,2018-12,2027-03,5111.33,6700,5577.75,99,2026-05,FlashReport_May2026.pdf
223,617271,N18000421,,Eastern Region Expansion Scheme-43 [ERES-43],"Multi-States (Bihar, Odisha, West Bengal)",Power Grid Corporation of India Limited [POWERGRID],2024-09,2026-03,2026-09,342.69,342.69,119.94,29.73,2026-05,FlashReport_May2026.pdf
224,617807,,10787,Inter-regional [NR-WR] Transmission System strengthening to relieve the loading of 765 kV Vindhyachal-Varanasi D/c line,"Multi-States (Bihar, Uttar Pradesh)",Power Grid Corporation of India Limited [POWERGRID],2025-10,2027-10,,2368,2368,35.52,2.03,2026-05,FlashReport_May2026.pdf
225,617270,N18000422,,Eastern Region Expansion Scheme-44 [ERES-44],"Multi-States (Bihar, West Bengal)",Power Grid Corporation of India Limited [POWERGRID],2024-11,2026-05,2027-06,408.94,408.94,6.13,1.5,2026-05,FlashReport_May2026.pdf
226,611735,N18000378,,Transmission system for evacuation of power from REZ in Rajasthan 20GW under Phase-III Part J,"Multi-States (Delhi, Rajasthan)",Power Grid Corporation of India Limited [POWERGRID],2022-12,2025-03,2026-12,331,331,199.63,60.75,2026-05,FlashReport_May2026.pdf
227,612132,N18000389,5489,Transmission Scheme for Evacuation of power from REZ in Rajasthan [20 GW] under Phase-III Part D Phase I [Sikar Khetri Transmission Ltd],"Multi-States (Delhi, Rajasthan)",Power Grid Corporation of India Limited [POWERGRID],2024-02,2025-08,2026-09,2423,2423,2059.55,88.53,2026-05,FlashReport_May2026.pdf
228,615347,N18000405,6263,TRANSMISSION SYSTEM FOR EVACUATION OF POWER FROM POTENTIAL RENEWABLE ENERGY ZONE IN KHAVDA AREA OF GUJARAT UNDER PHASE-V [8 GW] PART A [SPV Name POWERGRID West Central Transmission Limited],"Multi-States (Gujarat, Maharashtra)",Power Grid Corporation of India Limited [POWERGRID],2024-11,2029-05,,24819,24819,2978.28,16.73,2026-05,FlashReport_May2026.pdf
229,615339,N18000403,6257,Transmission system for evacuation of power from Rajasthan REZ Ph-IV [Part- 3/6GW] [Bikaner complex] Part A [SPV Name POWERGRID Bikaner IV Transmission Limited],"Multi-States (Haryana, Punjab, Rajasthan)",Power Grid Corporation of India Limited [POWERGRID],2024-11,2026-11,2027-04,5969,5969,1432.56,27.92,2026-05,FlashReport_May2026.pdf
230,615340,N18000404,6258,TRANSMISSION SYSTEM FOR EVACUATION OF POWER FROM RAJASTHAN REZ PH-IV [PART-3/ 6 GW] [BIKANER COMPLEX] PART B [SPV Name POWERGRID Siwani Transmission Limited],"Multi-States (Haryana, Rajasthan)",Power Grid Corporation of India Limited [POWERGRID],2024-11,2026-11,2027-06,5357,5357,1446.39,31.42,2026-05,FlashReport_May2026.pdf
231,617808,,10788,Inter-Regional Strengthening between SR Grid and WR Grid,"Multi-States (Karnataka, Maharashtra)",Power Grid Corporation of India Limited [POWERGRID],2025-10,2027-10,,1007,1007,20.14,2.5,2026-05,FlashReport_May2026.pdf
232,612138,N18000388,5500,"Transmission Scheme for Solar Energy Zone in Bidar [2500 MW], Karnataka [Bidar Transmission Ltd]","Multi-States (Karnataka, Telangana)",Power Grid Corporation of India Limited [POWERGRID],2024-02,2026-02,2026-08,1368,1368,1203.84,90.33,2026-05,FlashReport_May2026.pdf
233,615333,N18000393,6252,Transmission System for Evacuation of Power from Rajasthan REZ Ph-IV [Part-2 5.5 GW] [Jaisalmer/Barmer Complex] Part D [SPV Name POWERGRID Beawar Mandsaur Transmission Limited],"Multi-States (Madhya Pradesh, Rajasthan)",Power Grid Corporation of India Limited [POWERGRID],2024-08,2026-08,2026-12,2227,2227,979.88,44.74,2026-05,FlashReport_May2026.pdf
234,615334,N18000394,6253,Transmission System for Evacuation of Power from Rajasthan REZ Ph-IV [Part-2 5.5 GW] [Jaisalmer/Barmer Complex] Part E [SPV Name POWERGRID Mewar Transmission Limited],"Multi-States (Madhya Pradesh, Rajasthan)",Power Grid Corporation of India Limited [POWERGRID],2024-08,2026-08,2027-04,3251,3251,1592.99,42.27,2026-05,FlashReport_May2026.pdf
235,617186,N18000414,7491,Rajasthan REZ Ph-V [Part-1- 4 GW] [Sirohi/Nagaur] Complex [Rajasthan V Power Transmission Limited],"Multi-States (Madhya Pradesh, Rajasthan)",Power Grid Corporation of India Limited [POWERGRID],2025-03,2027-03,2027-06,5028,5028,1106.16,28.05,2026-05,FlashReport_May2026.pdf
236,619025,,11607,RAJASTHAN PART I POWER TRANSMISSION LIMITED,"Multi-States (Madhya Pradesh, Rajasthan, Uttar Pradesh)",Adani Transmission Limited,2025-01,2029-07,,25000,25000,426.05,4,2026-05,FlashReport_May2026.pdf
237,612133,N18000387,5490,Transmission System for Evacuation of power from Rajasthan REZ Ph-IV [Part-1] [Bikaner Complex] Part D [Neemrana Bareilly Transmission Ltd],"Multi-States (Rajasthan, Uttar Pradesh)",Power Grid Corporation of India Limited [POWERGRID],2023-12,2025-12,2026-12,3271,3271,2731.28,72.83,2026-05,FlashReport_May2026.pdf
238,616670,N18000407,7052,Transmission System for evacuation of Power from Rajasthan REZ Ph-IV [Part-4 3.5 GW] Part A [SPV name POWERGRID Ghiror Transmission Limited],"Multi-States (Rajasthan, Uttar Pradesh)",Power Grid Corporation of India Limited [POWERGRID],2024-12,2026-12,2027-06,5846,5846,1753.8,35.09,2026-05,FlashReport_May2026.pdf
239,611948,N18000374,5434,Transmission system for evacuation of power from REZ in Rajasthan 20 GW under Phase-III part H,Rajasthan,Power Grid Corporation of India Limited [POWERGRID],2023-10,2025-04,2026-06,1910,1910,1852.7,99.46,2026-05,FlashReport_May2026.pdf
240,611949,N18000375,5435,Transmission system for evacuation of power from REZ in Rajasthan 20 GW under Phase-III part C1,Rajasthan,Power Grid Corporation of India Limited [POWERGRID],2023-10,2025-04,2026-05,1160,1160,1136.8,99.33,2026-05,FlashReport_May2026.pdf
241,612134,N18000386,5491,Transmission System for Evacuation of power from Rajasthan REZ Ph-IV [Part-1] [Bikaner Complex] Part A [Bikaner Neemrana Transmission Ltd],Rajasthan,Power Grid Corporation of India Limited [POWERGRID],2023-12,2025-12,2026-12,4741,4741,3650.57,75.04,2026-05,FlashReport_May2026.pdf
242,615332,N18000391,6251,Transmission System for Evacuation of Power from Rajasthan REZ Ph-IV [Part-2 5.5 GW][Jaisalmer/Barmer Complex] Part B [SPV Name POWERGRID Sirohi Transmission Limited],Rajasthan,Power Grid Corporation of India Limited [POWERGRID],2024-08,2026-08,2027-03,3279,3279,1541.13,49.73,2026-05,FlashReport_May2026.pdf
243,615335,N18000397,6254,Transmission System Strengthening for Interconnections of Bhadla-III & Bikaner III Complex [SPV Name POWERGRID BHADLA BIKANER TRANSMISSION LIMITED],Rajasthan,Power Grid Corporation of India Limited [POWERGRID],2024-08,2026-08,2027-03,1382,1382,566.62,44.61,2026-05,FlashReport_May2026.pdf
244,615337,N18000396,,Additional Transmission System for evacuation of Power from Bhadla-III PS as part of Rajasthan REZ Phase III Scheme [20 GW] [SPV Name POWERGRID Bhadla-III Power Transmission Limited],Rajasthan,Power Grid Corporation of India Limited [POWERGRID],2024-08,2026-02,2026-09,369,369,221.4,69.3,2026-05,FlashReport_May2026.pdf
245,615338,N18000401,6256,TRANSMISSION SYSTEM FOR EVACUATION OF POWER FROM RAJASTHAN REZ PH -IV [PART-2 5.5 GW] [JAISALMER/BARMER COMPLEX] PART F [SPV Name POWERGRID BARMER I TRANSMISSION LIMITED],Rajasthan,Power Grid Corporation of India Limited [POWERGRID],2024-11,2026-11,2027-06,2735,2735,929.9,37.18,2026-05,FlashReport_May2026.pdf
246,617181,N18000415,,"Augmentation at Fatehgarh-II PS, Fatehgarh-IV PS [Section-II] and Barmer-I PS [POWERGRID Fatehgarh Barmer Augmentation Transmission Limited]",Rajasthan,Power Grid Corporation of India Limited [POWERGRID],2025-03,2026-12,2027-06,404,404,28.28,10.8,2026-05,FlashReport_May2026.pdf
247,616671,N18000408,7053,Transmission System under ISTS for evacuation of Power from Kudankulam Unit-3&4 [2x1000 MW] [SPV Name POWERGRID Kudankulam Tarnsmission Limited],Tamil Nadu,Power Grid Corporation of India Limited [POWERGRID],2025-01,2026-12,2027-03,548,548,120.56,19.79,2026-05,FlashReport_May2026.pdf
248,617269,N18000423,,Transmission System for Strengthening to facilitate evacuation of power from Bhadla/Bikaner Complex,Uttar Pradesh,Power Grid Corporation of India Limited [POWERGRID],2024-12,2026-06,2026-12,212.81,212.81,6.38,3,2026-05,FlashReport_May2026.pdf
249,617412,,9743,"Construction of One Tower of Office Complex and another Tower of Residential quarters consisting of 10Nos. Type-V, 10Nos. Type-VI & 1No.Type-VII Quarters i/c internal water supply, sanitary installation and all development and bulk services, Horticulture works on EPC Mode-I basis i/c comprehensive operation and maintenance of Civil, E&M services for 7 years after completion of original construction work for Ranga Reddy, Secunderabad, Medchal, AuditI, Audit-II Commissionerates of Central Tax at Khajaguda, Serilingampally, Hyderabad.",Telangana,Central Public Works Department - CPWD,2024-03,2027-09,,644,644,161.57,22,2026-05,FlashReport_May2026.pdf
250,707229,,,"Integrated Command control Center [ICCC] - Construction and Development of Integrated Command Control Center with Security, Surveillance, ITMS, Connecting Port, Ship Service, Smart Solid Waste Management, Smart Public Transport System",Andaman & Nicobar,ministry of housing and urban affairs,2021-07,2023-05,2025-10,209.88,230,37.35,97,2026-05,FlashReport_May2026.pdf
251,400188,,2914,Redevelopment of Seven General Pool Residential Accommodation [GPRA] Colonies in Delhi,Delhi,National Buildings Construction Corporation [NBCC],2016-07,2025-12,2025-12,32850,32841,14370.45,46.7,2026-05,FlashReport_May2026.pdf
252,701719,,,Rehablitation in Junavadaj Area Smart City Project,Gujarat,ministry of housing and urban affairs,2016-02,2022-07,2026-07,539,539,623.44,98.5,2026-05,FlashReport_May2026.pdf
253,701766,,,Green Building Development Project,Uttarakhand,ministry of housing and urban affairs,2019-11,2023-11,2026-12,150.97,206,56.76,40.05,2026-05,FlashReport_May2026.pdf
254,702627,N28000148,3114,Patna Metro Rail Project,Bihar,Patna Metro Rail Corporation Ltd. [PMRCL],2019-02,2024-02,2027-06,13365.77,13365.8,5198.09,50.05,2026-05,FlashReport_May2026.pdf
255,617207,,7531,Delhi Metro Rail Phase-IV [2 Corridors],Delhi,Delhi Metro Rail Corporation Limited [DMRC],2024-03,2029-03,,8399.81,8399.81,120.25,3.8,2026-05,FlashReport_May2026.pdf
256,619031,,11591,Delhi Metro Rail Phase V A,Delhi,Delhi Metro Rail Corporation Limited [DMRC],2026-01,2028-12,,12014.91,12014.9,256.11,5.55,2026-05,FlashReport_May2026.pdf
257,702632,N28000135,3115,DMRTS Phase - IV [3 Priority Corridors],Delhi,Delhi Metro Rail Corporation Limited [DMRC],2019-07,2025-03,2026-12,24948.65,24948.7,20545.86,81.32,2026-05,FlashReport_May2026.pdf
258,702630,N28000138,3141,Surat Metro Rail Project,Gujarat,Gujarat Metro Rail Corporation Limited [GMRCL],2019-03,2024-03,2027-03,12020.32,12020.3,9031.25,80.25,2026-05,FlashReport_May2026.pdf
259,619022,,11535,"Metro connectivity from Millennium City Centre to Cyber City with Spur to Dwarka Expressway, Gurugram.",Haryana,Gurugram Metro Rail Limited [GMRL],2023-07,2027-07,,5452.72,5452.72,159.67,4.3,2026-05,FlashReport_May2026.pdf
260,612878,,,Bangalore Metro Rail Project - PHASE-3,Karnataka,Bengaluru Metro Rail,,2031-05,,15611,15611,0,0,2026-05,FlashReport_May2026.pdf
261,702635,N28000058,2472,Construction of Bangalore Metro Rail Project Phase 2.,Karnataka,Bengaluru Metro Rail,2014-02,2021-03,2026-09,26405.14,30695.1,29812.97,95.6,2026-05,FlashReport_May2026.pdf
262,702665,N28000151,2476,Construction Bangalore Metro Rail Project Phase-2A & 2B,Karnataka,Bengaluru Metro Rail,2021-06,2026-06,2026-06,14788.1,14788.1,10376.43,66,2026-05,FlashReport_May2026.pdf
263,702664,N28000158,4736,Kochi Metro Rail Phase 2 Development Project,Kerala,CSPCC Projects,2022-11,2026-11,2026-11,1957.05,1957.05,752.34,38,2026-05,FlashReport_May2026.pdf
264,702625,N28000124,3137,Bhopal Metro Rail Project,Madhya Pradesh,Madhya Pradesh Metro Rail Co Limited [MPMRCL],2018-11,2022-11,2028-06,6941.4,6941.4,4334.41,62.2,2026-05,FlashReport_May2026.pdf
265,702626,N28000125,3138,Indore Metro Rail Project,Madhya Pradesh,Madhya Pradesh Metro Rail Co Limited [MPMRCL],2018-11,2022-11,2028-12,7500.8,7500.8,4984.13,64.63,2026-05,FlashReport_May2026.pdf
266,617225,N28000157,7570,PCMC To Nigdi- Extension Of North South Corridor Of Phase-1,Maharashtra,Maharashtra Metro Rail Corporation Limited [MMRCL],2023-10,2027-01,,910.18,960.18,285.68,44.6,2026-05,FlashReport_May2026.pdf
267,617226,N28000160,7627,Pune Metro Phase-1 Extension line towards south from Swargate to Katraj,Maharashtra,Maharashtra Metro Rail Corporation Limited [MMRCL],2024-09,2029-03,,2954.53,2954.53,51.68,5.4,2026-05,FlashReport_May2026.pdf
268,617327,,7735,Thane Integral Ring Metro Rail Project,Maharashtra,Maharashtra Metro Rail Corporation Limited [MMRCL],2024-09,2029-09,,12200.1,12200.1,83.69,8.74,2026-05,FlashReport_May2026.pdf
269,618971,,10784,Pune Metro Rail Project Phase-2 Corridor 2A Vanaz to Chandani Chowk and Corridor 2B Ramwadi to Wagholi/Vitthalwadi,Maharashtra,Maharashtra Metro Rail Corporation Limited [MMRCL],2025-07,2029-07,,3626.24,3626.24,3.33,1.45,2026-05,FlashReport_May2026.pdf
270,618985,,10785,Pune Metro Rail Project Phase-2 Line-4 Kharadi to Khadakwasla with Spur Line 4A Nal Stop - Warje - Manikbaug,Maharashtra,Maharashtra Metro Rail Corporation Limited [MMRCL],2025-12,2030-12,,9857.85,9857.85,5.49,0.52,2026-05,FlashReport_May2026.pdf
271,701745,,,New Suburba Station Development Project,Maharashtra,ministry of housing and urban affairs,2018-04,2022-07,,262.76,262.76,17.62,6,2026-05,FlashReport_May2026.pdf
272,701991,,,Kalyan Station Precinct Imporvement Project,Maharashtra,ministry of housing and urban affairs,2018-04,2023-07,2026-06,600,723.7,523.76,84,2026-05,FlashReport_May2026.pdf
273,702637,N28000086,1384,Mumbai Metro Line 3,Maharashtra,Mumbai Metro Rail Corporation Limited [MMRC],2013-07,2023-03,2025-08,23136,37276,33648.26,97.86,2026-05,FlashReport_May2026.pdf
274,702658,N28000155,5205,Nagpur Metro Rail Phase II Development Project,Maharashtra,Maharashtra Metro Rail Corporation Limited [MMRCL],2022-12,2027-12,,6708,6708,1940.06,39.5,2026-05,FlashReport_May2026.pdf
275,617206,,7530,Delhi Metro Rail Phase-IV [Rithala - Kundli Corridor],"Multi-States (Delhi, Haryana)",Delhi Metro Rail Corporation Limited [DMRC],2025-01,2029-01,,6230.99,6230.99,558.03,0,2026-05,FlashReport_May2026.pdf
276,612066,,,Jaipur Metro Phase 1C from Badi Chaupar to Transport Nagar via Ramganj,Rajasthan,Jaipur Metro Rail Corporation,,2027-04,,980.08,980.08,103.03,0,2026-05,FlashReport_May2026.pdf
277,612068,,,Jaipur Metro Phase 1D Project from Mansarovar to Ajmer Road Chauraha,Rajasthan,Jaipur Metro Rail Corporation,,2026-03,,204.81,204.81,23.34,12.48,2026-05,FlashReport_May2026.pdf
278,702668,,4262,Chennai Metro Rail Phase-II Development Project,Tamil Nadu,Chennai Metro Rail Limited [CMRL],2024-10,2029-08,,63246,63246,33774,53.36,2026-05,FlashReport_May2026.pdf
279,616221,,7510,"Extension of Aqua Line Metro Corridor from Noida Sector-142 station to Botanical Garden, Noida of Noida Metro Rail Corporation",Uttar Pradesh,Noida Metro Rail Corporation Ltd. [NMRCL],2026-03,2030-03,,2254.35,2254.35,0,0,2026-05,FlashReport_May2026.pdf
280,619052,,11609,LUCKNOW METRO RAIL PROJECT PHASE-1B EAST WEST CORRIDOR,Uttar Pradesh,Uttar Pradesh metro rail corporation [UPMRC],2025-09,2031-04,,5801.05,5801.05,0,1.1,2026-05,FlashReport_May2026.pdf
281,702628,N28000144,3116,Kanpur Metro Rail Project,Uttar Pradesh,Uttar Pradesh metro rail corporation [UPMRC],2019-05,2024-05,2027-03,11076.48,11076.5,9121.15,81.95,2026-05,FlashReport_May2026.pdf
282,702629,N28000145,3117,Agra Metro Rail Project,Uttar Pradesh,Uttar Pradesh metro rail corporation [UPMRC],2019-05,2024-05,2027-06,8379.62,8379.62,6102.28,71,2026-05,FlashReport_May2026.pdf
283,702674,,,"ESR - 8 nos., distribution system - 216 Km, new house service connections - 38760 nos. upgrading of feeder mains, pumping station etc. - Phase II",Andhra Pradesh,Ministry of Housing & Urban Affairs,2017-02,2023-03,2026-08,172.22,172.22,88.86,82,2026-05,FlashReport_May2026.pdf
284,702699,,,Muzaffarpur Storm Water Drainage Phase-I Project,Bihar,Ministry of Housing & Urban Affairs,2016-11,2023-10,2026-06,158.78,158.78,135.72,85,2026-05,FlashReport_May2026.pdf
285,702734,,,Sewerage Management Scheme Part-3 Implementation,Haryana,Ministry of Housing & Urban Affairs,2017-03,2023-09,2026-09,278.01,278.01,228.49,88,2026-05,FlashReport_May2026.pdf
286,702741,,,Dhanbad Water Supply Infrastructure Project,Jharkhand,Ministry of Housing & Urban Affairs,2017-02,2023-03,2026-06,216.55,216.55,129.16,76,2026-05,FlashReport_May2026.pdf
287,702742,,,SAAP-3 Water Supply Infrastructure SAAP-3 Project,Jharkhand,Ministry of Housing & Urban Affairs,2017-02,2023-10,2026-06,159.31,159.31,87.5,67,2026-05,FlashReport_May2026.pdf
288,702746,,,Augmentation and Strenghthning of Urban Water Supply Phase 1 - SAAP 3,Jharkhand,Ministry of Housing & Urban Affairs,2017-02,2023-03,2026-06,278.28,278.28,186.5,81,2026-05,FlashReport_May2026.pdf
289,702760,,,Belgavi Improvement in Sewerage System Project,Karnataka,Ministry of Housing & Urban Affairs,2015-12,2023-07,2026-06,162.73,162.73,79.5,80,2026-05,FlashReport_May2026.pdf
290,702793,,,Indore Water Supply Infrastructure Project,Madhya Pradesh,Ministry of Housing & Urban Affairs,2016-12,2023-03,2026-06,287.17,287.17,252.5,99,2026-05,FlashReport_May2026.pdf
291,702808,,,Satna Sewerage Management and Treatment Infrastructure Project,Madhya Pradesh,Ministry of Housing & Urban Affairs,2015-11,2024-03,2026-08,191.56,215.89,200.32,96,2026-05,FlashReport_May2026.pdf
292,702810,,,Singrauli Sewerage Management and Treatment Infrastructure Project,Madhya Pradesh,Ministry of Housing & Urban Affairs,2016-05,2023-03,2026-06,402.01,438.1,371.17,90,2026-05,FlashReport_May2026.pdf
293,702833,,,Kalyan-Dombivali Water Supply Infrastructure Project,Maharashtra,Ministry of Housing & Urban Affairs,2016-07,2023-10,2026-08,194.2,194.2,136.56,75,2026-05,FlashReport_May2026.pdf
294,702851,,,Pune Water Supply Infrastructure Project,Maharashtra,Ministry of Housing & Urban Affairs,2017-03,2023-03,2026-08,235.95,235.95,220.77,96,2026-05,FlashReport_May2026.pdf
295,703021,,,Jalandhar Water Supply Infrastructure Project,Punjab,Ministry of Housing & Urban Affairs,2016-11,2023-08,2026-08,258.53,266.64,161.02,90,2026-05,FlashReport_May2026.pdf
296,703057,,,Patiala Water Supply Infrastructure Part-2 Project,Punjab,Ministry of Housing & Urban Affairs,2016-11,2023-10,2026-08,287,287,218.85,99,2026-05,FlashReport_May2026.pdf
297,702949,,,Jhansi Water Supply Infrastructure Phase-II Project,Uttar Pradesh,Ministry of Housing & Urban Affairs,2017-03,2023-07,2026-08,561.74,561.74,506.52,95,2026-05,FlashReport_May2026.pdf
298,702958,,,Lucknow Sewerage Management Infrastructure Project,Uttar Pradesh,Ministry of Housing & Urban Affairs,,2023-03,2026-08,142.46,173.21,152.65,95,2026-05,FlashReport_May2026.pdf
299,617280,N10000015,,"Construction of Basement + Ground Floor+ 10 Storeyed building for State of the Art Director General, GSI Building at plot No.GN-40, Sector-V, Salt Lake, Kolkata",West Bengal,Central Public Works Department [CPWD],2019-04,2026-08,,255.37,255.37,98.92,64,2026-05,FlashReport_May2026.pdf
300,400426,,160,Expansion of Malanjkhand Copper Project,Madhya Pradesh,Hindustan Copper Limited [HCL],2011-09,2020-04,2029-03,1856.36,3800,979.15,23.5,2026-05,FlashReport_May2026.pdf
301,400141,N10000010,3148,Expansion of Alumina Refinery Plant with addition of 5th Stream having capacity enhancement of 1.0 Million Tonee Per Annum,Odisha,National Aluminium Company Limited [NALCO],2017-04,2022-12,2026-06,4103,5677.4,4920.25,94.7,2026-05,FlashReport_May2026.pdf
302,400299,N10000016,1199,Pottangi Bauxite Mines Project,Odisha,National Aluminium Company Limited [NALCO],2018-05,2025-03,2026-11,1381,1960.77,770.23,52.2,2026-05,FlashReport_May2026.pdf
303,709831,N10000013,,SOURCING OF BAUXITE ARRANGEMENT FOR 5TH STREAM ALUMINA REFINERY FROM SOUTH BLOCK MINING LEASE OF PANCHPATMAILI MINES,Odisha,National Aluminium Company Limited [NALCO],2017-11,2025-05,2026-06,483,483,446.16,93,2026-05,FlashReport_May2026.pdf
304,709832,N10000014,,25.5 MW WIND POWER PROJECT AT KAYATHAR IN TAMILNADU,Tamil Nadu,National Aluminium Company Limited [NALCO],2017-09,2025-03,2026-03,166,166,135,66.73,2026-05,FlashReport_May2026.pdf
305,613008,,,Construction of Permanent Campus of Central Tribal University of Andhra Pradesh Phase-1,Andhra Pradesh,Central Tribal University of Andhra Pradesh,2019-09,2027-06,,305,305,67.73,44.5,2026-05,FlashReport_May2026.pdf
306,612898,,5650,Construction of Permanent Campus of National Institute of Technology Arunachal Pradesh,Arunachal Pradesh,"National Institute of Technology, Arunachal Pradesh",2009-09,2026-08,2024-08,592.61,592.61,551.3,80,2026-05,FlashReport_May2026.pdf
307,606112,,,Tezpur University Projects,Assam,Tezpur University,2019-05,2023-11,2025-12,153.71,153.71,137.84,97.97,2026-05,FlashReport_May2026.pdf
308,606013,,,Additional Campus of NITPatna,Bihar,NIT Patna,2022-07,2024-07,2026-01,499.21,499.21,449.96,98.6,2026-05,FlashReport_May2026.pdf
309,617877,,10102,Phase B Construction of Permanent Campus of IIT Bhilai,Chhattisgarh,"Indian Institute of Technology, Bhilai",2025-05,2028-10,,1188.97,1188.97,0,0,2026-05,FlashReport_May2026.pdf
310,612851,,,"Phase 1B - Construction of Academic Block, Hostel, Residential Tower, Directors Residence and External Development works at National Institute of Technology, Delhi Campus on Engineering, Procurement and Construction basis",Delhi,National Institute of Technology Delhi,2009-09,2025-09,2026-01,333.49,336.42,327.26,99.9,2026-05,FlashReport_May2026.pdf
311,616886,,,Delhi University Eastern Campus at Surajmal Vihar,Delhi,Delhi University,2024-09,2026-10,,373,373,30.13,13,2026-05,FlashReport_May2026.pdf
312,612916,,,"Construction of permanent campus of Central University of Gujarat at Village kundhela, Dist. Vadodara, Gujarat.",Gujarat,Central University of Gujarat,2020-12,2025-03,2026-03,490.63,490.63,337.74,85,2026-05,FlashReport_May2026.pdf
313,602099,N42000008,4877,Establishment of Permanent campus Phase 1 of IIM Sirmaur,Himachal Pradesh,"Indian Institute of Management, Sirmaur",2018-09,2023-10,2026-06,392.51,454.78,337.67,97.8,2026-05,FlashReport_May2026.pdf
314,612128,,,Hostel blocks & dining hall block,Himachal Pradesh,"Indian Institute of Technology, Mandi",2023-03,2026-03,2026-07,166.66,166.66,122.26,84,2026-05,FlashReport_May2026.pdf
315,612894,N42000011,5657,"Construction of Permanent Campus of Central University of Himachal Pradesh at Dehra, District - Kangra, [H.P.] on Engineering. Procurement and Construction [EPC Mode 1] Basis.",Himachal Pradesh,"Central University, Himachal Pradesh",2021-03,2024-11,2026-03,251.98,300.45,223.21,85,2026-05,FlashReport_May2026.pdf
316,602098,N28000130,4869,"Construction of Permanent Campus for IIM Jammu Phase-1 at Jagti, Nagrota, Jammu, J&K",Jammu and Kashmir,"Indian Institute of Management, Jammu",2019-03,2023-06,2025-11,424.93,500.91,484.52,96,2026-05,FlashReport_May2026.pdf
317,606431,N28000140,3415,CONSTRUCTION OF PERMANENT CAMPUS FOR IIT PALAKKAD UNDER PHASE 1A,Kerala,INDIAN INSTITUTE OF TECHNOLOGY PALAKKAD,2017-07,2022-06,2026-06,1006.45,1217.4,686.2,86.5,2026-05,FlashReport_May2026.pdf
318,617878,,10104,Phase B of Construction of Permanent Campus of IIT Palakkad,Kerala,INDIAN INSTITUTE OF TECHNOLOGY PALAKKAD,2025-05,2028-10,,1527,1527,9.8,0,2026-05,FlashReport_May2026.pdf
319,611957,,,"Phase III A works at IIT Indore [03 Hostels, 01 Studio Apartment, 01 Housing, Heavy & Sophisticated lab complex, Academic POD and Infrastructure for center of excellence]",Madhya Pradesh,"Indian Institute of Technology, Indore",2023-12,2027-02,,496.28,496.28,78.35,57.5,2026-05,FlashReport_May2026.pdf
320,612885,N42000001,5654,Construction and Developement of National Institute of Technology Meghalaya Permanent Campus at Sohra,Meghalaya,"National Institute of Technology, Meghalaya",2009-09,2022-03,2026-10,494.52,429.7,370.98,96,2026-05,FlashReport_May2026.pdf
321,612876,,5653,"Construction of Permanent Campus for NIT Mizoram at Lengpui, Aizawl",Mizoram,NIT Mizoram,2009-09,2029-12,2022-03,474.23,474.23,167.55,4,2026-05,FlashReport_May2026.pdf
322,613013,,,Establishment of NIT Nagaland,Nagaland,NIT Nagaland,2009-09,2025-12,,275.63,275.63,263.25,98,2026-05,FlashReport_May2026.pdf
323,610315,N28000126,3441,IISER BERHAMPUR,Odisha,"Indian Institutes of Science Education and Research, Behrampur",2018-10,2021-03,2026-09,1229.32,843.09,874.09,98.5,2026-05,FlashReport_May2026.pdf
324,611961,,,Construction of IIT Bhubaneswar -Phase III,Odisha,"Indian Institute of Technology, Bhubaneshwar",2024-02,2026-11,,454.27,454.27,101.36,8.11,2026-05,FlashReport_May2026.pdf
325,619033,,,"1000 seater Boys hostel, 500 seater Girls hostel, 1.5 MLD Sewage Treatment Plant and Faculty Residence - 72 nos. Flats",Odisha,NIT Rourkela,2023-09,2026-06,,198.97,198.97,42.55,43,2026-05,FlashReport_May2026.pdf
326,612877,,5639,Establishment of NIT Puducherry Permanent Campus [Phase-I and Phase-II],Puducherry,"National Institute of Technology, Puducherry",2009-09,2024-12,2026-05,618.34,544.34,543.74,99,2026-05,FlashReport_May2026.pdf
327,605292,N28000142,4865,"Construction of Permanent Campus of Indian Institute of Management [IIM] Amritsar, Punjab, Phase-I",Punjab,"Indian intitue of Management, Amritsar",2019-10,2023-06,2026-11,348.31,348.31,293.1,91.7,2026-05,FlashReport_May2026.pdf
328,617221,,,"Construction of Girls Hostel 400 seater, Boys Hostel 600 seater, Academic Block, International Hostel 100 seater, VC Residence and Purchase of Equipment",Punjab,Central University of Punjab,2024-08,2027-10,,210.99,210.99,87.16,48,2026-05,FlashReport_May2026.pdf
329,609736,N44000002,,"Construction of Sikkim University Campus Phase-I Package-II at Yangang, South Sikkim",Sikkim,Sikkim University,2020-08,2025-01,2026-03,314.06,314.06,292,95.5,2026-05,FlashReport_May2026.pdf
330,612883,,5656,Establishment of Permanent Campus of NIT SIkkim at Khamdong-Gangtok District,Sikkim,NIT Sikkim,2024-02,2028-02,2026-12,685.76,610.76,283.56,36,2026-05,FlashReport_May2026.pdf
331,609996,,,Construction of Precast housing and hostels at IIT Hyderabad,Telangana,"Indian Institute of Technology, Hyderabad",2022-09,2024-10,2026-01,262,262,216.1,89.11,2026-05,FlashReport_May2026.pdf
332,606479,,,Banaras Hindu University [ Kayakalp of Institute of Medical Sciences],Uttar Pradesh,Banaras Hindu University,2020-06,2022-09,2026-03,246,246,209.68,99,2026-05,FlashReport_May2026.pdf
333,611963,,5655,"Construction & Development of Infrastructural Facilities in the main campus of NIT Uttarakhand at Sumari, Pauri Garhwal",Uttarakhand,National Institute of Technology Uttarakhand,2020-06,2027-09,,650.85,650.85,347.26,58,2026-05,FlashReport_May2026.pdf
334,609019,N28000146,4351,"HEFA projects on development of student hostels, playgrounds, departmental buildings, class room complex and other campus facilities in IIT Kharagpur",West Bengal,"Indian Institute of Technology, Kharagpur",2018-06,2023-03,2026-03,500,442,416.2,96.6,2026-05,FlashReport_May2026.pdf
335,400081,,3895,"National Sports University [NSU], Imphal [Manipur]",Manipur,Department of Sports & Youth Affairs,,2024-08,2026-08,906.47,611.74,575.68,97.05,2026-05,FlashReport_May2026.pdf
336,709754,N16000484,,"Construction of LPG Facilities at Kamardanga, Assam",Assam,Hindustan Petroleum Corporation Limited,2023-03,2027-07,2027-07,156.36,156.36,104.75,77,2026-05,FlashReport_May2026.pdf
337,709755,N16000494,,"Setting up of new rail fed POL facility at Kamardanga, Assam",Assam,Hindustan Petroleum Corporation Limited [HPCL],2023-03,2027-07,2027-07,384.04,384.04,230.16,84.2,2026-05,FlashReport_May2026.pdf
338,617839,,,Capacity Augmentation of Kandla LPG Import Terminal [KLIT] from 0.6 MMTPA to 2.5 MMTPA,Gujarat,Ministry of Petroleum & Natural Gas,2023-05,2026-07,2026-07,356.86,304.4,161.02,67,2026-05,FlashReport_May2026.pdf
339,604833,N16000503,,"Andheri Residential Towers, Mumbai",Maharashtra,Ministry of Petroleum & Natural Gas,2017-06,2025-05,2026-06,281.35,389.67,279.58,81,2026-05,FlashReport_May2026.pdf
340,619313,,,Setting up of 50 MW [plus/minus 5 percent] Wind Power Plant for Captive Consumption at MR,Maharashtra,MinistryofPetroleumNaturalGas,2023-05,2027-04,2027-04,483.14,483.14,360.19,61.8,2026-05,FlashReport_May2026.pdf
341,617829,,,LPG Bottling Plant at Mualkhang,Mizoram,Ministry of Petroleum & Natural Gas,2024-07,2028-10,2028-03,225.71,225.71,30.4,32.5,2026-05,FlashReport_May2026.pdf
342,701343,N16000388,2530,Srikakulam Angul Gas Pipeline Project,"Multi-States (Andhra Pradesh, Odisha)",Ministry of Petroleum & Natural Gas,2019-09,2022-07,2026-06,2658.34,2810,2315.2,97.8,2026-05,FlashReport_May2026.pdf
343,701349,N16000394,2318,Paradip-Numaligarh Crude Oil Pipeline [PNCPL] & Crude Oil Import Terminal [COIT] at Paradip,"Multi-States (Assam, Bihar, Jharkhand, Odisha, West Bengal)",Ministry of Petroleum & Natural Gas,2019-01,2024-07,2026-10,10228,12407,10987.22,92.7,2026-05,FlashReport_May2026.pdf
344,400078,N16000435,4049,New Mundra Panipat Crude Oil Pipeline,"Multi-States (Gujarat, Haryana, Rajasthan)",Ministry of Petroleum & Natural Gas,2021-12,2024-12,2026-06,9028,9028,7456.3,92.7,2026-05,FlashReport_May2026.pdf
345,400012,,4509,Kandla Gorakhpur LPG Pipeline,"Multi-States (Gujarat, Madhya Pradesh, Uttar Pradesh)",Ministry of Petroleum & Natural Gas,2018-12,2021-12,2026-06,10088,10088,8585.71,95.4,2026-05,FlashReport_May2026.pdf
346,400301,N16000234,1195,Multi Product Pipeline from Irugur to Devangonthi,"Multi-States (Karnataka, Tamil Nadu)","Department of Water Resources, River Development & GR",2012-11,2017-02,2026-09,678,1732,1140.25,83.5,2026-05,FlashReport_May2026.pdf
347,701263,N16000513,5468,Rajasthan Refinery Project,Rajasthan,MinistryofPetroleumNaturalGas,2017-10,2022-10,2026-06,43129,79459,69996.68,92.1,2026-05,FlashReport_May2026.pdf
348,709759,N16000512,,"Petrochemical evacuation marketing terminal at Barmer, Rajasthan",Rajasthan,Hindustan Petroleum Corporation Limited [HPCL],2023-12,2026-12,2026-12,461.05,461.05,230.91,94.3,2026-05,FlashReport_May2026.pdf
349,400043,N16000455,4272,Laying of POL Pipelines in Common Corridor for proposed grass root terminal at Vallur [Chennai],Tamil Nadu,Ministry of Petroleum & Natural Gas,2022-01,2026-05,2027-03,829,829,378.18,78,2026-05,FlashReport_May2026.pdf
350,400035,N16000495,4373,"Grass Root Rail-fed Depot at Sekerkote, Agartala as resitement of existing Dharmanagar Depot",Tripura,Indian Oil Corporation Limited [IOCL],2022-06,2025-09,2026-06,656,656,541.81,97.7,2026-05,FlashReport_May2026.pdf
351,604852,N16000506,5256,"Grass-root Terminal at Mirzapur, Uttar Pradesh",Uttar Pradesh,Ministry of Petroleum & Natural Gas,2022-09,2026-11,2026-11,980.45,980.45,293.88,76.3,2026-05,FlashReport_May2026.pdf
352,400120,N16000247,3284,KG-DWN-98/2 Cluster - II Development Project - NELP Block,Andhra Pradesh,Oil and Natural Gas Corporation Limited [ONGC],2016-03,2020-06,2026-09,34012,34012,33006.7,96.6,2026-05,FlashReport_May2026.pdf
353,619226,,,Provision of four bitumen tanks with capacity of 5 TMT each at Visakh Refinery,Andhra Pradesh,Ministry of Petroleum and Natural Gas,2025-09,2028-03,2028-03,258.34,258.34,4.65,14.2,2026-05,FlashReport_May2026.pdf
354,709752,N16000432,,HP-COAT [Crude to Olefins and Aromatics Technology] demo unit at Visakh Refinery,Andhra Pradesh,Hindustan Petroleum Corporation Limited,2021-09,2024-06,2027-02,160,220,142.43,92.1,2026-05,FlashReport_May2026.pdf
355,604791,N16000379,2312,Numaligarh Refinery Expansion Project,Assam,Ministry of Petroleum & Natural Gas,2020-07,2024-07,2027-03,12366,25313,19820.29,85.5,2026-05,FlashReport_May2026.pdf
356,604863,N16000331,3083,Development of Surface Facilities for production and evacuation of Crude Oil and Natural Gas from Nadua and East Khagorija,Assam,Ministry of Petroleum & Natural Gas,2018-01,2020-02,2026-06,682.9,726.93,599.64,94.3,2026-05,FlashReport_May2026.pdf
357,616858,N16000450,,"Construction of Field Gas Gathering Station at Baghjan area for collection, processing & transportation of natural Gas to be produced from Baghjan Field",Assam,Ministry of Petroleum & Natural Gas,2020-12,2024-03,2026-06,430.76,430.76,346.97,93.4,2026-05,FlashReport_May2026.pdf
358,617836,,10009,Coke Drum Structure Package,Assam,Ministry of Petroleum & Natural Gas,2022-12,2025-12,2026-09,635.28,635.28,543,69,2026-05,FlashReport_May2026.pdf
359,619316,,,"Group Gathering Station, Lakwagaon",Assam,Ministry of Petroleum & Natural Gas,2025-10,2027-10,2027-10,495.59,495.59,20.04,7.8,2026-05,FlashReport_May2026.pdf
360,709776,N16000441,,Augmentation/Revamping of Facilities at existing Guwahati Terminal at Betkuchi,Assam,MinistryofPetroleumNaturalGas,2022-04,2026-09,2026-09,277,323.09,231.08,82.9,2026-05,FlashReport_May2026.pdf
361,709779,N16000457,,Capacity Expansion of Digboi Refinery from 0.65 to 1.0 MMTPA,Assam,MinistryofPetroleumNaturalGas,2022-06,2026-03,2027-07,768,740,183.47,57.5,2026-05,FlashReport_May2026.pdf
362,709847,N16000528,,Pipeline Network Project Rudrasagar,Assam,Ministry of Petroleum & Natural Gas,2023-01,2026-04,2027-04,481.03,481.03,235.68,54.7,2026-05,FlashReport_May2026.pdf
363,709850,N16000532,,Borholla GGS Life Extension Project [BLEP],Assam,Ministry of Petroleum & Natural Gas,2023-09,2026-05,2026-09,198.7,198.7,103.56,60.4,2026-05,FlashReport_May2026.pdf
364,709864,N16000511,,DCU Revamp Project,Assam,NRL,2021-08,2024-07,2027-03,370,370,299.25,78.6,2026-05,FlashReport_May2026.pdf
365,709865,N16000510,,Power Recovery Turbine [PRT] in PFCCU unit as an Energy Conservation Scheme,Assam,NRL,2023-04,2024-12,2026-12,293.5,293.5,81.84,99,2026-05,FlashReport_May2026.pdf
366,617304,,,"Setting up of LPG Plant with Rail Unloading Facility at Hathua, Dist. Gopalganj, Bihar",Bihar,MinistryofPetroleumNaturalGas,2023-10,2027-03,2027-03,340.15,340.15,172.18,53,2026-05,FlashReport_May2026.pdf
367,701324,N16000386,3063,Barauni Refinery Capacity Expansion from 6.0 to 9.0 MMTPA,Bihar,Ministry of Petroleum & Natural Gas,2020-01,2023-04,2026-08,14810,16724,74888.74,91.4,2026-05,FlashReport_May2026.pdf
368,709777,N16000453,,Installation of Bitumen Manufacturing Unit along with allied facilities at Barauni Refinery,Bihar,MinistryofPetroleumNaturalGas,2022-01,2025-04,2027-06,389.35,340,121.63,62.9,2026-05,FlashReport_May2026.pdf
369,709792,N16000524,,"City Gas Distribution Projects at Darbhanga, Madhubani, Supaul, Sitamarhi and Sheohar districts",Bihar,Bharat Petroleum Corporation Limited [BPCL],2022-12,2030-03,2030-03,3638,3638,478.23,33.4,2026-05,FlashReport_May2026.pdf
370,709793,N16000523,,"City Gas Distribution Projects at Gopalganj, Siwan, West Champaran, East Champaran and Deoria districts",Bihar,Bharat Petroleum Corporation Limited [BPCL],2022-12,2030-06,2030-06,3919,3919,514.44,30.2,2026-05,FlashReport_May2026.pdf
371,617819,,9998,"City Gas Distribution [CGD] Project in Kondagaon, Bastar, Sukma, Narayanpur, Bijapur & Dantewada GA",Chhattisgarh,Ministry of Petroleum & Natural Gas,2022-06,2030-06,2030-06,557.04,557.04,8.76,2.2,2026-05,FlashReport_May2026.pdf
372,400087,N16000431,3514,Redevelopment of Sobhasan Complex,Gujarat,Oil and Natural Gas Corporation Limited [ONGC],2021-08,2027-03,2027-03,885.63,1347.61,1022.45,89.2,2026-05,FlashReport_May2026.pdf
373,400167,N16000279,3042,Redevelopment of Santhal Field [Onshore-Mehsana Asset],Gujarat,Oil and Natural Gas Corporation Limited [ONGC],2017-02,2026-03,2026-12,1162.56,1162.56,1113.19,95.9,2026-05,FlashReport_May2026.pdf
374,400169,N16000428,3040,Redevelopment of Linch Field,Gujarat,Oil and Natural Gas Corporation Limited [ONGC],2021-04,2025-03,2026-07,631.03,845.42,617.71,91,2026-05,FlashReport_May2026.pdf
375,701329,N16000409,3062,Petrochemical and Lube Integration Project at Gujarat Refinery,Gujarat,Ministry of Petroleum & Natural Gas,2020-09,2024-08,2026-11,18936,17825,75091.61,88.8,2026-05,FlashReport_May2026.pdf
376,709778,N16000454,,Installation of new Biturox Unit along with allied facilities at Gujarat Refinery,Gujarat,MinistryofPetroleumNaturalGas,2022-01,2025-08,2026-12,328.29,344.36,217.88,85.8,2026-05,FlashReport_May2026.pdf
377,709838,N16000444,,Commercial Polymer Flooding Project in Bechraji field,Gujarat,Oil and Natural Gas Corporation Limited [ONGC],2022-01,2024-11,2027-05,621.4,739.02,232.14,45.2,2026-05,FlashReport_May2026.pdf
378,709840,N16000477,,"Restoration of Gas Terminal, Phase-I [Part-A], Hazira",Gujarat,Oil and Natural Gas Corporation Limited [ONGC],2022-05,2025-02,2026-07,249.43,249.43,217.49,97.3,2026-05,FlashReport_May2026.pdf
379,709841,N16000483,,Old Pipe Line Replacement [OPRP] Group-A,Gujarat,Oil and Natural Gas Corporation Limited [ONGC],2021-07,2025-07,2026-07,173.03,169.84,164.89,94.2,2026-05,FlashReport_May2026.pdf
380,709842,N16000481,,"Kalol Redevelopment Project, Ahmedabad Asset",Gujarat,Oil and Natural Gas Corporation Limited [ONGC],2022-08,2027-03,2027-03,1487.41,1487.41,940.5,64,2026-05,FlashReport_May2026.pdf
381,709845,N16000514,,"Revamping of SV Stations, Gas Terminal & Kribhco Terminal",Gujarat,Oil and Natural Gas Corporation Limited [ONGC],2022-11,2026-08,2026-08,837.34,837.34,449.47,68.8,2026-05,FlashReport_May2026.pdf
382,604853,N16000375,3069,"Indian Oil Technology Development and Deployment Centre at R&D Campus-II, Faridabad",Haryana,Ministry of Petroleum & Natural Gas,2019-06,2022-12,2027-07,2281.94,3200,1920.67,65.2,2026-05,FlashReport_May2026.pdf
383,611917,N16000458,7629,Poly Butadiene Rubber plant at Panipat,Haryana,Indian Oil Corporation Limited [IOCL],2022-03,2025-03,2026-12,1459,2531.44,1632.01,87.3,2026-05,FlashReport_May2026.pdf
384,619196,,,Change of service of existing Mundra-Panipat Pipeline [Panipat - Churwa section] from Crude oil to Product,Haryana,IOCL,2025-05,2027-04,2027-03,359,359,33.94,38.2,2026-05,FlashReport_May2026.pdf
385,701289,N16000412,3038,Capacity Expansion of Panipat Refinery from 15 to 25 MMTPA,Haryana,Ministry of Petroleum & Natural Gas,2021-02,2024-09,2026-12,34627,36225,27014.44,93.6,2026-05,FlashReport_May2026.pdf
386,709783,,,"Installation of Multiple Effect Evaporator [MEE] for ETP-1, 2 & 4 of Panipat Refinery and Petrochemical Complex.",Haryana,MinistryofPetroleumNaturalGas,2020-12,2023-06,2026-06,165.13,247.69,178.19,88.2,2026-05,FlashReport_May2026.pdf
387,709773,N16000527,,"City Gas Distribution Project at Jammu, Udhampur, Reasi, Samba and Kathua Districts",Jammu and Kashmir,MinistryofPetroleumNaturalGas,2022-03,2034-09,2034-09,538,538,4.3,0.6,2026-05,FlashReport_May2026.pdf
388,610984,N16000445,4893,Development of Jharia CBM Block [Phase-1],Jharkhand,Oil and Natural Gas Corporation Limited [ONGC],2019-11,2024-01,2026-07,431,431,261.97,65.9,2026-05,FlashReport_May2026.pdf
389,709785,N16000480,,Laying of Natural Gas Pipeline from Hazaribagh to Ranchi [HRPL],Jharkhand,MinistryofPetroleumNaturalGas,2023-02,2026-02,2027-03,202.07,202.07,64.83,57.8,2026-05,FlashReport_May2026.pdf
390,612790,N16000509,,Power System Upgradation Project,Karnataka,Mangalore Refinary and Petrochemicals Limited,2023-10,2025-11,2026-09,385,385,260.92,85.9,2026-05,FlashReport_May2026.pdf
391,616879,N16000536,,Demo Bio-ATF Project,Karnataka,Ministry of Petroleum & Natural Gas,2024-03,2027-01,2027-01,364,364,78.3,47.9,2026-05,FlashReport_May2026.pdf
392,709774,N16000437,,Revamping/ Augmentation of facilities at existing port terminal at Mangalore,Karnataka,Ministry of Petroleum & Natural Gas,2022-01,2025-12,2027-06,463,500.62,318.32,84.4,2026-05,FlashReport_May2026.pdf
393,617838,,10010,Augmentation of CCKPL and IDPL Pipelines capacity along with setting up of Palakkad TOP,Kerala,Ministry of Petroleum & Natural Gas,2024-09,2028-08,2028-08,1130,1130,284.58,41,2026-05,FlashReport_May2026.pdf
394,709799,N16000530,,Setting up Polypropylene Unit at Kochi Refinery,Kerala,MinistryofPetroleumNaturalGas,2023-12,2027-10,2027-10,4460,4850,844.85,36.2,2026-05,FlashReport_May2026.pdf
395,617830,,10000,C2/C3 Vijaipur Pata Pipeline,Madhya Pradesh,Ministry of Petroleum & Natural Gas,2024-05,2027-01,2027-01,1792,1792,488,68.2,2026-05,FlashReport_May2026.pdf
396,709798,N16000518,11306,Ethylene Cracker Project at Bina Refinery including downstream Petrochemical Plants and expansion of Refinery,Madhya Pradesh,MinistryofPetroleumNaturalGas,2023-05,2028-05,2028-05,43367,43367,5115.7,27.9,2026-05,FlashReport_May2026.pdf
397,400168,N16000430,3026,"500 KTA PDHPP Project, Usar",Maharashtra,Ministry of Petroleum & Natural Gas,2021-04,2025-04,2027-06,8797,11256,8113.66,91.1,2026-05,FlashReport_May2026.pdf
398,616933,N16000540,,Lube Modernization & Bottom Upgradation Project at Mumbai Refinery,Maharashtra,Ministry of Petroleum and Natural Gas,2024-12,2028-03,2028-03,4679,4679,276.93,11.3,2026-05,FlashReport_May2026.pdf
399,619223,,11911,Petro Resid Fluidized Catalytic Cracking [PRFCC] Unit and its associated facilities at Mumbai Refinery,Maharashtra,Ministry of Petroleum & Natural Gas,2025-05,2029-09,2029-09,13626,13626,63.9,5.3,2026-05,FlashReport_May2026.pdf
400,619224,,11913,Augmentation of DUPL-DPPL Pipeline,Maharashtra,Ministry of Petroleum & Natural Gas,2025-06,2028-03,2028-03,844,844,0.61,6.7,2026-05,FlashReport_May2026.pdf
401,619225,,,Installation of Compression facility at GAIL Usar,Maharashtra,Ministry of Petroleum & Natural Gas,2025-04,2027-04,2027-04,260.2,260.2,0,0,2026-05,FlashReport_May2026.pdf
402,619328,,12528,ONGC-BP Redevelopment Phase-1 Scheme of Mumbai High Field,Maharashtra,Ministry of Petroleum & Natural Gas,2025-11,2027-03,2027-03,3713.4,3908,1557.5,53.2,2026-05,FlashReport_May2026.pdf
403,709760,N16000534,,HP TDAE Unit in Mumbai Refinery,Maharashtra,Hindustan Petroleum Corporation Limited,2024-06,2026-04,2026-06,240,240,152.75,92,2026-05,FlashReport_May2026.pdf
404,709771,N16000487,,"City Gas Distribution Project at Beed, Jalgaon and Jalna Districts",Maharashtra,MinistryofPetroleumNaturalGas,2022-03,2031-09,2031-09,865,865,81.42,3.4,2026-05,FlashReport_May2026.pdf
405,709780,N16000504,,Construction of Additional Tankages and Allied Facilities at JNPT Terminal,Maharashtra,MinistryofPetroleumNaturalGas,2022-04,2026-08,2026-08,341.43,436.14,304.75,71.7,2026-05,FlashReport_May2026.pdf
406,709782,N16000456,,ATF Pipeline from Jawaharlal Nehru Port Trust to Navi Mumbai International Airport,Maharashtra,Indian Oil Corporation Limited [IOCL],2022-08,2025-08,2026-06,165,165,102.79,98.8,2026-05,FlashReport_May2026.pdf
407,709797,N16000519,9966,POL & LOBS Installations with Receipt Pipelines at Rasayani,Maharashtra,Bharat Petroleum Corporation Limited [BPCL],2023-05,2026-05,2026-09,2585,2585,1349.7,83,2026-05,FlashReport_May2026.pdf
408,616254,N16000539,,Visakh Raipur Pipeline Project,"Multi-States (Andhra Pradesh, Chhattisgarh, Odisha)",Ministry of Petroleum and Natural Gas,2024-09,2027-09,2027-09,2212,2212,539.65,35.4,2026-05,FlashReport_May2026.pdf
409,701346,N16000439,2106,North East Gas Grid,"Multi-States (Arunachal Pradesh, Assam, Manipur, Meghalaya, Mizoram, Nagaland, Sikkim, Tripura, West Bengal)",Ministry of Petroleum & Natural Gas,2020-04,2024-03,2026-07,9265,9265,6895.77,88,2026-05,FlashReport_May2026.pdf
410,617827,,10800,"Pipeline Rehabilitation Project, Phase-II","Multi-States (Assam, Bihar, West Bengal)",Ministry of Petroleum & Natural Gas,2024-12,2029-12,2029-12,680,680,8.55,26,2026-05,FlashReport_May2026.pdf
411,701330,,739,Mehsana-Bhatinda & Bhatinda-Jammu Natural Gas Pipeline,"Multi-States (Gujarat, Haryana, Punjab, Rajasthan)",Ministry of Petroleum & Natural Gas,2011-07,2024-06,2027-03,7392,7392,6357.26,90.2,2026-05,FlashReport_May2026.pdf
412,612853,N16000531,,Gurdaspur Jammu Pipeline,"Multi-States (Jammu and Kashmir, Punjab)",Gas Authority of India Limited [GAIL],2023-07,2026-07,2026-07,521.9,521.9,310.3,81.6,2026-05,FlashReport_May2026.pdf
413,701228,N16000285,803,Kochi - Koottanad - Bangalore - Mangalore Pipeline Phase-II,"Multi-States (Karnataka, Kerala, Tamil Nadu)",Ministry of Petroleum & Natural Gas,2009-06,2012-12,2026-09,2915,5909,4798.6,96.8,2026-05,FlashReport_May2026.pdf
414,701338,,,City Gas Distribution Maharashtra Natural Gas Limited,"Multi-States (Karnataka, Maharashtra)",Ministry of Petroleum & Natural Gas,2006-01,2031-06,2031-06,5535,5535,4327.39,47,2026-05,FlashReport_May2026.pdf
415,701344,N16000391,2527,Dhamra Haldia Pipeline Project,"Multi-States (Odisha, West Bengal)",Ministry of Petroleum & Natural Gas,2020-03,2022-11,2026-09,1030.65,1125,922,94,2026-05,FlashReport_May2026.pdf
416,709794,N16000520,,"City Gas Distribution Projects at Fazilka [except area already authorized], Ganganagar and Hanumangarh districts","Multi-States (Punjab, Rajasthan)",Bharat Petroleum Corporation Limited [BPCL],2022-12,2030-06,2030-06,3207,3207,418.05,30.9,2026-05,FlashReport_May2026.pdf
417,709786,N16000529,,"Augmentation/ Revamping of Dimapur Depot, Dimapur",Nagaland,MinistryofPetroleumNaturalGas,2023-08,2027-11,2027-11,227.62,227.62,26.6,41.2,2026-05,FlashReport_May2026.pdf
418,604859,N16000396,3064,Integrated Para Xylene [PX] and Purified Terephthalic Acid [PTA] Project at Paradip Refinery,Odisha,Ministry of Petroleum & Natural Gas,2020-07,2024-01,2026-08,13805,11783,70637.31,94.3,2026-05,FlashReport_May2026.pdf
419,617818,,9999,"City Gas Distribution [CGD] Project in Gajapati, Kandhamal, Boudh, & Sonepur GA",Odisha,Ministry of Petroleum & Natural Gas,2022-02,2031-12,2031-12,514.91,514.91,21.98,5.9,2026-05,FlashReport_May2026.pdf
420,709800,,,"CUF POL Depot at Sadashibpur [Meramundali], Odisha",Odisha,MinistryofPetroleumNaturalGas,2021-04,2026-03,2026-06,393.54,393.54,228.19,82.6,2026-05,FlashReport_May2026.pdf
421,400119,N16000213,3294,Life Extension of 48 well platforms of Mumbai High & Heera Fields,Offshore,Oil and Natural Gas Corporation Limited [ONGC],2015-12,2018-04,2026-10,3190.69,3375.9,3123.2,90,2026-05,FlashReport_May2026.pdf
422,616950,,,PRP-VIII [Group-A],Offshore,Ministry of Petroleum & Natural Gas,2024-09,2026-02,2026-12,1486.4,1486.4,581.67,58.8,2026-05,FlashReport_May2026.pdf
423,619314,,12147,Pipeline Replacement Project- PRP-IX,Offshore,Ministry of Petroleum & Natural Gas,2025-08,2027-05,2027-05,6684,6175,589.63,14.5,2026-05,FlashReport_May2026.pdf
424,709839,N16000470,,Daman Upside Development Project,Offshore,Oil and Natural Gas Corporation Limited [ONGC],2022-06,2025-10,2026-12,4144.41,6406.9,6140.56,99.9,2026-05,FlashReport_May2026.pdf
425,709848,N16000526,,MHN TCPP PGC BGC Project [MTPBP],Offshore,Ministry of Petroleum & Natural Gas,2022-06,2026-05,2026-12,2329.45,2354.23,1923.61,95.4,2026-05,FlashReport_May2026.pdf
426,709849,N16000533,,PRP-VIII Group B [NH & BS Asset],Offshore,Ministry of Petroleum & Natural Gas,2024-06,2026-02,2026-12,2379.84,3165.53,2923.49,98.7,2026-05,FlashReport_May2026.pdf
427,709851,N16000537,,Integrated Development of 4 Contract Areas under DSF-II,Offshore,Ministry of Petroleum & Natural Gas,2023-05,2027-04,2027-04,6183.79,6183.79,1722,42.7,2026-05,FlashReport_May2026.pdf
428,400171,N16000402,3028,2G Ethanol Biorefinery at Bathinda,Punjab,Hindustan Petroleum Corporation Limited [HPCL],2020-05,2023-02,2026-12,1421.46,1421.46,1266.71,95.8,2026-05,FlashReport_May2026.pdf
429,709770,N16000488,,City Gas Distribution Project at Pathankot District,Punjab,MinistryofPetroleumNaturalGas,2022-03,2033-09,2033-09,151,151,8.87,2,2026-05,FlashReport_May2026.pdf
430,604795,N16000434,3278,CBR 9 MMTPA Project,Tamil Nadu,Chennai Petroleum Corporation Limited [CPCL],2021-09,2025-06,2028-10,31580,36354,1579.73,10.2,2026-05,FlashReport_May2026.pdf
431,709750,,,Laying of new 28 inch Desal Water Pipeline and 10 inch Reject Water Pipeline between CPCL Manali Refinery and CPCL Desalination plant at Ennore,Tamil Nadu,Chennai Petroleum Corporation Limited [CPCL],2024-01,2025-09,2026-12,205,205,101.27,73.1,2026-05,FlashReport_May2026.pdf
432,709796,N16000521,,City Gas Distribution Projects at the Nilgiris and Erode districts,Tamil Nadu,Bharat Petroleum Corporation Limited [BPCL],2022-12,2030-03,2030-03,3685,3685,295.61,25.5,2026-05,FlashReport_May2026.pdf
433,617822,,,ATF Pipeline from BPCLs Malkapur POL Installation to Hyderabad International airport,Telangana,MinistryofPetroleumNaturalGas,2025-03,2027-09,2027-09,215,215,45.93,25.3,2026-05,FlashReport_May2026.pdf
434,709837,,,"Creation of Gas Dehydration Facilities, Tripura Asset",Tripura,Oil and Natural Gas Corporation Limited [ONGC],2022-03,2024-05,2026-08,209.33,131.51,79.98,69,2026-05,FlashReport_May2026.pdf
435,619191,,,Kanpur LPG Bottling Plant,Uttar Pradesh,MinistryofPetroleumNaturalGas,2025-09,2027-09,2027-09,202,202,129.69,58,2026-05,FlashReport_May2026.pdf
436,619312,,,Bulk Loading Hub- Kanpur,Uttar Pradesh,MinistryofPetroleumNaturalGas,2025-09,2027-09,2027-09,186,186,95.21,58,2026-05,FlashReport_May2026.pdf
437,709781,N16000505,,Revamping / Augmentation of Facilities at Mathura Bitumen Plant,Uttar Pradesh,MinistryofPetroleumNaturalGas,2022-04,2027-06,2026-12,260.12,260.12,22.37,53.4,2026-05,FlashReport_May2026.pdf
438,709795,N16000525,,"City Gas Distribution Projects at Lakhimpur Kheri , Sitapur, Bahraich, Shravasti,Balrampur, Siddharth Nagar & Maharajganj districts",Uttar Pradesh,Bharat Petroleum Corporation Limited [BPCL],2022-12,2030-06,2030-06,16654,16654,723.54,18.4,2026-05,FlashReport_May2026.pdf
439,617302,N16000275,,Durgapur - Haldia Pipeline [Section-3B of JHBDPL Project],West Bengal,Ministry of Petroleum & Natural Gas,2017-03,2020-12,2026-09,1740,2493.15,2370.4,95,2026-05,FlashReport_May2026.pdf
440,617828,,,Siliguri-Jhapa Pipeline Project,West Bengal,Indian Oil Corporation Limited [IOCL],2024-09,2029-03,2029-03,267,267,2.29,12.7,2026-05,FlashReport_May2026.pdf
441,617837,,,Siliguri Marketing Terminal [SMT] Capacity Augmentation Project,West Bengal,Ministry of Petroleum & Natural Gas,2021-11,2025-12,2026-10,484,484,311.17,88,2026-05,FlashReport_May2026.pdf
442,709753,N16000478,,Haldia Panagarh Pipeline Project,West Bengal,Hindustan Petroleum Corporation Limited,2022-11,2025-11,2026-08,1010,1107,850.71,95.8,2026-05,FlashReport_May2026.pdf
443,709772,N16000491,,"City Gas Distribution Project at East Mednipore, West Mednipore & Jhargram Districts",West Bengal,MinistryofPetroleumNaturalGas,2022-03,2031-06,2031-06,609,609,62.44,2.8,2026-05,FlashReport_May2026.pdf
444,709791,N16000522,,City Gas Distribution Projects at Alipurduar and Cooch Behar,West Bengal,Bharat Petroleum Corporation Limited [BPCL],2022-12,2030-03,2030-03,1017,1017,229.42,43.7,2026-05,FlashReport_May2026.pdf
445,701172,,3216,AIIMS Darbhanga,Bihar,PMSSY AND Institute of NATIONAL Importance,2020-09,2024-09,,1264,1264,0,0,2026-05,FlashReport_May2026.pdf
446,706965,,,Establishment of new GMC Saran [Chhapara],Bihar,"Medical Education, Ministry of Health and Family Welfare",,,,189,189,113.4,0,2026-05,FlashReport_May2026.pdf
447,706966,,,Establishment of new GMC Samastipur,Bihar,"Medical Education, Ministry of Health and Family Welfare",,,,189,189,113.4,0,2026-05,FlashReport_May2026.pdf
448,707016,,,Establishment of new GMC Sitamarhi,Bihar,"Medical Education, Ministry of Health and Family Welfare",,,,250,250,150,0,2026-05,FlashReport_May2026.pdf
449,707017,,,Establishment of new GMC Jhanjharpur,Bihar,"Medical Education, Ministry of Health and Family Welfare",,,,250,250,150,0,2026-05,FlashReport_May2026.pdf
450,707018,,,Establishment of new GMC Siwan,Bihar,"Medical Education, Ministry of Health and Family Welfare",,,,250,250,150,0,2026-05,FlashReport_May2026.pdf
451,707019,,,Establishment of new GMC Buxar,Bihar,"Medical Education, Ministry of Health and Family Welfare",,,,250,250,150,0,2026-05,FlashReport_May2026.pdf
452,707020,,10127,Establishment of new GMC Jamui,Bihar,"Medical Education, Ministry of Health and Family Welfare",2019-03,2025-10,,250,500,103.21,50,2026-05,FlashReport_May2026.pdf
453,707044,,,Establishment of new GMC Korba,Chhattisgarh,"Medical Education, Ministry of Health and Family Welfare",2023-02,2026-12,,325,322.85,178.49,54,2026-05,FlashReport_May2026.pdf
454,707045,,,Establishment of new GMC Mahasamund,Chhattisgarh,"Medical Education, Ministry of Health and Family Welfare",2023-10,2026-05,,325,325,322.5,82,2026-05,FlashReport_May2026.pdf
455,707046,,,Establishment of new GMC Kanker,Chhattisgarh,"Medical Education, Ministry of Health and Family Welfare",2020-02,2027-03,,325,325,36,59,2026-05,FlashReport_May2026.pdf
456,617882,,,"Setting up IT Infrastructure including Network Security and Hosting at AIIMS, New Delhi",Delhi,PMSSY AND Institute of NATIONAL Importance,2025-09,2026-09,,358.19,358.19,53.73,20,2026-05,FlashReport_May2026.pdf
457,617883,,10791,"Redevelopment of Residential colonies at Ayur Vigyan Nagar and West Ansari Nagar campuses of AIIMS, New Delhi",Delhi,PMSSY AND Institute of NATIONAL Importance,2016-10,2027-06,,4441,4441,44.44,57,2026-05,FlashReport_May2026.pdf
458,701170,,3219,AIIMS Rajkot,Gujarat,PMSSY AND Institute of NATIONAL Importance,2019-01,2026-03,2026-12,1195,1195,777.1,93.85,2026-05,FlashReport_May2026.pdf
459,707049,,10708,Establishment of new GMC Panchmahal,Gujarat,"Medical Education, Ministry of Health and Family Welfare",2022-09,2026-03,,325,663.5,457.34,87.5,2026-05,FlashReport_May2026.pdf
460,707050,,10710,Establishment of new GMC Porbandar,Gujarat,"Medical Education, Ministry of Health and Family Welfare",2022-04,2024-09,,325,618.98,936.64,81,2026-05,FlashReport_May2026.pdf
461,701173,N21000032,4799,AIIMS Majra Rewari Haryana,Haryana,PMSSY AND Institute of NATIONAL Importance,2019-02,2026-12,2026-12,1299,1646.43,689.42,62.08,2026-05,FlashReport_May2026.pdf
462,701167,N28000150,3209,AIIMS Kashmir at Awantipora Jammu & Kashmir,Jammu and Kashmir,PMSSY AND Institute of NATIONAL Importance,2019-01,2025-12,2026-12,1828,2160.84,1573.15,77,2026-05,FlashReport_May2026.pdf
463,707051,,,Establishment of new GMc Udhampur,Jammu and Kashmir,"Medical Education, Ministry of Health and Family Welfare",2019-09,2027-03,,325,325,222,75,2026-05,FlashReport_May2026.pdf
464,707052,,,Establishment of new GMC Handwara [Distt. Kupwara],Jammu and Kashmir,"Medical Education, Ministry of Health and Family Welfare",,,,325,325,173,0,2026-05,FlashReport_May2026.pdf
465,707021,,10126,Establishment of new GMC Koderma,Jharkhand,"Medical Education, Ministry of Health and Family Welfare",2023-09,2026-08,,250,504.8,271,40,2026-05,FlashReport_May2026.pdf
466,707022,,,Establishment of new GMC Chaibasa [Singhbhum],Jharkhand,"Medical Education, Ministry of Health and Family Welfare",2018-06,2025-09,,250,454.1,65,57,2026-05,FlashReport_May2026.pdf
467,707057,,,Establishment of new GMC Leh,Ladakh,"Medical Education, Ministry of Health and Family Welfare",,,,325,325,127,0,2026-05,FlashReport_May2026.pdf
468,707058,,,Establishment of new GMC Rajgarh,Madhya Pradesh,"Medical Education, Ministry of Health and Family Welfare",2021-12,2024-04,,325,325,179,84,2026-05,FlashReport_May2026.pdf
469,707059,,,Establishment of new GMC Mandla,Madhya Pradesh,"Medical Education, Ministry of Health and Family Welfare",2023-08,2026-04,,325,325,83.41,43,2026-05,FlashReport_May2026.pdf
470,706988,,,Establishment of new GMC Gondia,Maharashtra,"Medical Education, Ministry of Health and Family Welfare",,,,189,189,113.4,0,2026-05,FlashReport_May2026.pdf
471,706989,,,Establishment of new GMC West Garo Hills [Tura],Meghalaya,"Medical Education, Ministry of Health and Family Welfare",,,,189,189,170.1,0,2026-05,FlashReport_May2026.pdf
472,707067,,,Establishment of new GMC Mon,Nagaland,"Medical Education, Ministry of Health and Family Welfare",,,,325,325,155,0,2026-05,FlashReport_May2026.pdf
473,707069,,11345,Establishment of new GMC Kapurthala,Punjab,"Medical Education, Ministry of Health and Family Welfare",2019-11,2028-12,,325,550,0,0,2026-05,FlashReport_May2026.pdf
474,707070,,,Establishment of new GMC Hoshiarpur,Punjab,"Medical Education, Ministry of Health and Family Welfare",2020-01,2028-12,,325,374.75,2,1,2026-05,FlashReport_May2026.pdf
475,707039,,11583,Establishment of new GMC Gangtok,Sikkim,"Medical Education, Ministry of Health and Family Welfare",2018-10,2026-12,,250,635.21,667.21,92,2026-05,FlashReport_May2026.pdf
476,701168,,4797,ALL India Institute of Medical Sciences-AIIMS Madurai,Tamil Nadu,PMSSY AND Institute of NATIONAL Importance,2018-12,2022-08,2026-10,1264,2021.51,488.26,51,2026-05,FlashReport_May2026.pdf
477,701171,N21000031,3220,AIIMS Bibinagar,Telangana,PMSSY AND Institute of NATIONAL Importance,2018-12,2026-06,2026-06,1028,1365.95,989.98,87.32,2026-05,FlashReport_May2026.pdf
478,707086,,,Establishment of new GMC Rudrapur,Uttarakhand,"Medical Education, Ministry of Health and Family Welfare",2022-10,2026-12,,325,325,274,60,2026-05,FlashReport_May2026.pdf
479,707087,,11579,Establishment of new GMC Pithoragarh,Uttarakhand,"Medical Education, Ministry of Health and Family Welfare",2021-08,2026-12,,325,768.89,327.08,84,2026-05,FlashReport_May2026.pdf
480,612167,,5506,"Construction of 350 beds + 50 Super Specialty beds ESIC Hospital Sheelanagar, Visakhapatnam, Andhra Pradesh",Andhra Pradesh,Employee's State Insurance Company [ESIC],2021-02,2025-10,2026-06,384.27,384.27,253.37,88,2026-05,FlashReport_May2026.pdf
481,612186,,5504,350 Bedded [Upgradable to 500 beds] ESI Hospital at Sanand,Gujarat,Employee's State Insurance Company [ESIC],2022-06,2026-03,2027-05,558.12,558.12,55.81,21.5,2026-05,FlashReport_May2026.pdf
482,612211,,5628,"Demolition, Construction and upgradation of ESI Hospital, Kalol, Gujarat from 50 beds to 150 beds.",Gujarat,Employee's State Insurance Company [ESIC],2022-08,2025-10,2026-11,205.87,205.87,51.74,50,2026-05,FlashReport_May2026.pdf
483,612745,,5614,"Construction of 200 bed ESI Hospital at Bommasandra, Karnataka",Karnataka,Employee's State Insurance Company [ESIC],2015-02,2027-01,2027-05,278,278,80.52,27,2026-05,FlashReport_May2026.pdf
484,612748,,5560,"Construction of 100 bed ESI Hospital and Staff Quarters [32 Nos.] at Harohalli, Karnataka",Karnataka,Employee's State Insurance Company [ESIC],2019-07,2027-02,,150.92,150.92,31.05,23,2026-05,FlashReport_May2026.pdf
485,612213,,5627,"Construction of 200 Bedded ESIC Hospital at Butibori, Nagpur, Maharashtra.",Maharashtra,Employee's State Insurance Company [ESIC],2013-10,2025-08,2026-09,194.93,196.7,114.39,67,2026-05,FlashReport_May2026.pdf
486,616691,,7339,"Upgradation & Extension of ESIC Hospital and Construction of PG Hostel / Staff Housing for ESIC Hospital at Andheri, Mumbai",Maharashtra,Employee's State Insurance Company [ESIC],2008-12,2025-08,2026-09,260.13,260.13,216.46,89,2026-05,FlashReport_May2026.pdf
487,612513,,5583,"Construction of 100 Bedded ESI Hospital at Duburi, Odisha.",Odisha,Employee's State Insurance Company [ESIC],2010-12,2027-06,,164.6,164.6,16.4,7.2,2026-05,FlashReport_May2026.pdf
488,612259,,5623,CONSTRUCTION OF 300 BEDDED HOSPITAL AT HARIDWAR,Uttarakhand,Employee's State Insurance Company [ESIC],2021-02,2024-10,2026-07,102.4,297.63,340.3,89,2026-05,FlashReport_May2026.pdf
489,701565,N25000072,2959,Jal Marg Vikas Project,"Multi-States (Bihar, Jharkhand, Uttar Pradesh, West Bengal)",Inland Waterways Authority of India [IWAI],2018-01,2023-12,2025-12,5369.18,5061.15,4028.82,81.97,2026-05,FlashReport_May2026.pdf
490,609424,,7514,"Development of Container Terminal at Tuna-Tekra, Deendayal Port on BOT Basis Under PPP Mode",Gujarat,Deendayal Port Trust,2022-10,2027-03,2027-09,4243.64,4243.64,2385,60,2026-05,FlashReport_May2026.pdf
491,701570,,,"Replacement and revamping of pipeline projects in oil jetty area, Kandla",Gujarat,Deendayal Port Trust [DPT],2021-09,2023-09,2025-03,171,211.61,149.5,91,2026-05,FlashReport_May2026.pdf
492,617804,,,Mechanization of Berth No.14 for handling Containers and other cargo on DBFOT basis - Phase II,Karnataka,New Mangalore Port Authority,2023-12,2027-03,,153.23,153.23,65.47,60,2026-05,FlashReport_May2026.pdf
493,400382,,551,Rewas Port Project,Maharashtra,Reliance Industries Ltd,2019-12,2023-03,,6000,6000,5999.89,88,2026-05,FlashReport_May2026.pdf
494,701574,,2250,Deepening and Optimization of Inner Harbour facilities including development of Western Dock on BOT basis to handle Cape size vessels,Odisha,Paradip Port Trust [PPT],2022-05,2027-12,2028-10,3004.63,3004.63,2220.12,72,2026-05,FlashReport_May2026.pdf
495,619229,,12116,"Integrated development of Outer Container Terminal and berth No. 1 though 5 NSD at KDS, SMPK on DBFOT basis through PPP mode",West Bengal,Syama Prasad Mookerjee Port Kolkata,2025-03,2028-08,,832.25,832.25,0,0,2026-05,FlashReport_May2026.pdf
496,707215,,3109,National Maritime Heritage Complex [NMHC] Phase-I,Gujarat,Indian Port Rail & Ropeway Corporation Ltd. [IPRCL],2019-02,2024-03,2026-03,573,1238.05,624.41,78.48,2026-05,FlashReport_May2026.pdf
497,707410,,4123,Integrated Multi Modal Logistics Hub at Nangal Chaudhary in Haryana - Other Trunk Infrastructure Development Phase 1,Haryana,National Highways & Infrastructure Development Corporation Ltd. [NHIDCL],2018-05,2023-12,2028-05,763,763,430,60,2026-05,FlashReport_May2026.pdf
498,707414,,4804,Multi Modal Transport Hub [MMTH] Project at Boraki in Greater Noida - Infrastructure Development - Phase 1,Uttar Pradesh,National Industrial Corridor Development Corporation,2020-12,2030-03,,1480,1480,0,0,2026-05,FlashReport_May2026.pdf
499,617727,,9936,Orvakal Industrial Area,Andhra Pradesh,NICDC,2024-08,2028-10,,2786,2786,260.49,10.27,2026-05,FlashReport_May2026.pdf
500,617729,,9937,Kopparthy Industrial Area,Andhra Pradesh,NICDC,2024-08,2028-10,,2136,2136,39.75,5.07,2026-05,FlashReport_May2026.pdf
501,701658,,4122,Krishnapatnam Node - Phase 1 - Roads and Services Development,Andhra Pradesh,National Industrial Corridor Development Corporation,2020-12,2027-02,,2139.44,2139.44,857.05,40.6,2026-05,FlashReport_May2026.pdf
502,701657,,4121,Tumakuru Node - Phase 1 - Roads and Services Development,Karnataka,National Highways & Infrastructure Development Corporation Ltd. [NHIDCL],2020-12,2026-09,2027-09,1701.81,1701.81,300.46,23.89,2026-05,FlashReport_May2026.pdf
503,701668,,9941,Development of Palakkad Node under extension of CBIC to Kochi,Kerala,National Industrial Corridor Development Corporation,2024-08,2029-04,,3805,3805,0,3.5,2026-05,FlashReport_May2026.pdf
504,603210,,4249,Development of Jodhpur Pali Marwar Industrial Area JPMIA in Rajasthan,Rajasthan,National Industrial Corridor Development Corporation,2024-08,2028-07,,921.66,921.66,0,1.21,2026-05,FlashReport_May2026.pdf
505,601812,,9939,Development of Zaheerabad Node under Hyderabad Nagpur Industrial Corridor,Telangana,National Industrial Corridor Development Corporation,2024-08,2029-02,,2360,2360,0,2.16,2026-05,FlashReport_May2026.pdf
506,707419,,9938,IMC at Prayagraj,Uttar Pradesh,National Industrial Corridor Development Corporation,2024-08,2027-06,,658,658,0,11.53,2026-05,FlashReport_May2026.pdf
507,615202,,6244,Capacity expansion of Deposit-14 and 14 NMZ at Kirandul,Chhattisgarh,National Mineral Development Corporation Limited [NMDC],2021-08,2028-12,2028-03,1700,1756.2,263.01,18.3,2026-05,FlashReport_May2026.pdf
508,617243,N12000137,,Replacement of Hot Leveller No.1 of Plate Mill at Bhilai Steel Plant,Chhattisgarh,Steel Authority of India Limited [SAIL],2024-07,2026-07,,198.62,198.62,108.84,80.47,2026-05,FlashReport_May2026.pdf
509,617255,N12000131,,"Replacement of Converter Vessels, Trunnion Rings, Support System & Installation of Secondary Emission at Bhilai Steel Plant",Chhattisgarh,Steel Authority of India Limited [SAIL],2023-10,2026-06,2026-09,471.83,471.83,257.18,69.07,2026-05,FlashReport_May2026.pdf
510,617256,N12000133,,Rebuilding of Coke Oven Battery No.7 & 8 at Bhilai Steel Plant,Chhattisgarh,Steel Authority of India Limited [SAIL],2023-11,2025-10,2026-09,884.1,884.1,607.98,91.18,2026-05,FlashReport_May2026.pdf
511,706811,N12000124,870,NMDC Slurry Pipeline Project Phase-1,Chhattisgarh,National Mineral Development Corporation Limited [NMDC],2015-11,2023-06,2026-05,2907,5427,3616.88,94.6,2026-05,FlashReport_May2026.pdf
512,709826,N12000127,,SCREENING PLANT-III AT KIRANDUL,Chhattisgarh,National Mineral Development Corporation Limited [NMDC],2009-01,2026-01,2027-07,2718.84,2718.84,1534.42,82.63,2026-05,FlashReport_May2026.pdf
513,400174,N12000095,3020,"New Sinter Plant at BSL, SAIL",Jharkhand,Steel Authority of India Limited [SAIL],2015-03,2017-10,2027-06,1034.01,1752.3,1006.59,64,2026-05,FlashReport_May2026.pdf
514,617249,N12000142,,Replacement of existing Grinders in CRM-I & II at Bokaro Steel Plant,Jharkhand,Steel Authority of India Limited [SAIL],2025-01,2027-01,,211.94,211.94,58.8,49.9,2026-05,FlashReport_May2026.pdf
515,617250,N12000143,,Secondary Emission Control in Converters of SMS-II at Bokaro Steel Plant,Jharkhand,Steel Authority of India Limited [SAIL],2025-01,2026-10,2027-04,207.13,207.13,70.84,42.79,2026-05,FlashReport_May2026.pdf
516,617253,N12000129,9899,Revamping of old sub-systems of Blast Furnace 3 at Bokaro Steel Plant,Jharkhand,Steel Authority of India Limited [SAIL],2023-08,2025-07,2026-05,513.82,513.82,412.95,98.72,2026-05,FlashReport_May2026.pdf
517,617254,N12000134,,Replacement of remaining 04 sets of Battery Cyclones with 04 Nos. of ESPs in Sinter Plant-1 at Bokaro Steel Plant,Jharkhand,Steel Authority of India Limited [SAIL],2024-03,2026-06,2027-04,260.37,260.37,114.77,45.91,2026-05,FlashReport_May2026.pdf
518,617257,N12000135,,Rebuilding of Coke Oven Battery No.6 at Bokaro Steel Plant,Jharkhand,Steel Authority of India Limited [SAIL],2023-11,2026-11,,627.31,627.31,342.26,64.09,2026-05,FlashReport_May2026.pdf
519,400121,N12000136,3282,"Construction of Screening Plant-II for Donimalai and Kumaraswamy Iron Ore Mining Complex of NMDC Limited at Ballari Dt, Karnataka.",Karnataka,National Mineral Development Corporation Limited [NMDC],2014-11,2026-08,,1043.63,1043.63,628.29,65,2026-05,FlashReport_May2026.pdf
520,612781,N12000132,5635,Rebuilding of COB 4 at Durgapur Steel Plant,West Bengal,Steel Authority of India Limited [SAIL],2023-09,2026-12,2027-09,916.78,916.78,226.68,34.76,2026-05,FlashReport_May2026.pdf
521,617242,N12000138,9902,Installation of New Bar Mill at Durgapur Steel Plant,West Bengal,Steel Authority of India Limited [SAIL],2024-07,2027-06,,2115.44,2115.44,687.24,60.51,2026-05,FlashReport_May2026.pdf
522,617246,N12000139,9900,Up-gradation of Blast Furnace No. 3 at Durgapur Steel Plant,West Bengal,Steel Authority of India Limited [SAIL],2024-09,2026-06,2027-10,758.09,758.09,265.54,43.36,2026-05,FlashReport_May2026.pdf
523,617248,N12000141,,Third Ladle Furnace in Secondary Refinery Unit at IISCO Steel Plant,West Bengal,Steel Authority of India Limited [SAIL],2024-11,2026-07,2026-11,227.96,227.96,85.71,71.18,2026-05,FlashReport_May2026.pdf
524,617251,N12000140,,Revamping of Air Pollution Control Systems of SP-1 at Durgapur Steel Plant,West Bengal,Steel Authority of India Limited [SAIL],2024-07,2026-05,,196.4,196.4,59.77,32.48,2026-05,FlashReport_May2026.pdf
525,617338,,9892,Stamp Charge Battery No.12 Battery Proper at IISCO Steel Plant,West Bengal,Steel Authority of India Limited [SAIL],2025-01,2028-07,,2518.39,2518.39,389.09,23.6,2026-05,FlashReport_May2026.pdf
526,400298,N22000286,1204,Nadikudi - Srikalahasti New Line,Andhra Pradesh,South Central Railway [SCR] - II,2012-03,2027-05,2028-03,2312,5932,3119.31,55.02,2026-05,FlashReport_May2026.pdf
527,611752,N22000585,,GOOTY-PENDEKALLU DOUBLING 29.225 Km,Andhra Pradesh,South Central Railway [SCR] - II,2023-03,2027-03,2027-03,351.83,351.83,347.98,3.04,2026-05,FlashReport_May2026.pdf
528,611754,,,GUNTAKAL WEST-MALLAPPA GATE RAIL OVER RAIL - ROR TRACK,Andhra Pradesh,South Central Railway [SCR] - II,2023-07,2026-07,,293.3,293.3,272.72,0.24,2026-05,FlashReport_May2026.pdf
529,611927,,5430,Kurnool - Setting up facilities for coach midlife rehabilitation workshop,Andhra Pradesh,WPO/Patna,2014-01,2023-12,,560.72,560.72,276.66,65,2026-05,FlashReport_May2026.pdf
530,612827,,,Flyover between Pendurthi and Simhachalam North to avoid surface crossing at Simhachalam 7.135 km PB 73 of 2023 24 NR,Andhra Pradesh,East Coast Railway [ECoR] - II,2023-04,2027-04,,183.65,183.65,17.25,16,2026-05,FlashReport_May2026.pdf
531,616697,,,3rd & 4th line between Vadlapudi -Gate Jn. cabin and Tie line between Gate Junction to Gangavaram port,Andhra Pradesh,East Coast Railway [ECoR] - II,2023-04,2026-06,,154.28,154.28,69.59,80,2026-05,FlashReport_May2026.pdf
532,617210,,7532,Tiupati Katpadi 104.39 kms,Andhra Pradesh,South Central Railway [SCR] - II,2025-04,2029-03,,1215.56,1215.56,62.2,0.06,2026-05,FlashReport_May2026.pdf
533,617216,,7545,3rd Line between Gudur Renigunta 83.17 Km,Andhra Pradesh,South Central Railway [SCR] - II,2024-10,2027-03,,877.34,877.34,206.02,0.17,2026-05,FlashReport_May2026.pdf
534,619326,,12527,Nidadavolu-Duvvada 3rd & 4th Lines,Andhra Pradesh,South Central Railway [SCR] - II,2026-04,2032-01,,9889.24,9889.24,0.01,0.01,2026-05,FlashReport_May2026.pdf
535,705253,,,Kurnool Coach Midlife Rehabilitation Project,Andhra Pradesh,South Central Railway [SCR] - II,2016-05,2020-12,2026-12,563,560.72,959.27,75.01,2026-05,FlashReport_May2026.pdf
536,705436,220100265,1800,Kotapalli - Narasapur New Line,Andhra Pradesh,South Central Railway [SCR] - II,2009-03,2028-03,2028-03,2501,2501,1417.7,30.02,2026-05,FlashReport_May2026.pdf
537,705633,N22000368,1799,Guntur-Guntakal Doubling Project,Andhra Pradesh,South Central Railway [SCR] - II,2017-03,2025-12,2026-12,3733,4295,5552.65,94.05,2026-05,FlashReport_May2026.pdf
538,705648,N22000369,1873,Vijaywada-Gudur 3rd Line,Andhra Pradesh,RVNL - II,2016-08,2024-11,2026-03,6654,6654,6181.65,96,2026-05,FlashReport_May2026.pdf
539,618986,,10768,Furkating-New Tinsukia[194 Km],Assam,Northeast Frontier Railway [NFR],2025-09,2029-06,,3633.58,3633.58,0,0,2026-05,FlashReport_May2026.pdf
540,705572,N22000388,1796,Doubling of New Bonggigaon to Kamakhya via Goalpara - 176 km,Assam,Northeast Frontier Railway [NFR],2016-09,2026-03,2026-03,4060,4961,3831.06,95.16,2026-05,FlashReport_May2026.pdf
541,706922,,3221,Guwahati-Dibrugarh via Tinsukia & Simaluguri-Dibrugarh,Assam,Central Organisation for Railway Electrification (CORE,2020-09,2020-09,2024-06,890.36,889.36,391.73,89,2026-05,FlashReport_May2026.pdf
542,706940,,,"Mariani-Jorhat, Tinsukia-Dangri and Makum -TirapTrack Electrification Project",Assam,GM/C/ NFR,2018-09,2024-05,,183.99,183.99,0,0,2026-05,FlashReport_May2026.pdf
543,706942,,,Harmuty-Murkongselek Branch Line Electrification Project,Assam,GM/C/ NFR,2018-09,2024-05,,237.52,237.52,0,0,2026-05,FlashReport_May2026.pdf
544,400254,,1731,Sakri -Hasanpur [via Harnagar - Kusheshwar Asthan] New Railway line,Bihar,East Central Railway [ECR] - I,2023-12,2024-12,2027-03,735.2,735.2,589.37,84.2,2026-05,FlashReport_May2026.pdf
545,617231,,9908,Construction of Bulb line at Nabinagar Ankorah of East Central Railway,Bihar,East Central Railway [ECR] - I,2024-06,2028-06,,611.74,611.74,0,0,2026-05,FlashReport_May2026.pdf
546,617239,,9904,Doubling of Narkatiaganj Raxaul Sitamarhi Darbhanga & Sitamarhi Muzaffarpur 256 KM,Bihar,East Central Railway [ECR] - I,2024-11,2029-11,,4079.95,4079.95,9.31,0,2026-05,FlashReport_May2026.pdf
547,705364,220100257,1883,Khagaria-Kusheshwar Asthan [42Km] new line project,Bihar,East Central Railway [ECR] - I,2019-04,2024-12,2027-03,614,1384.16,491.56,55.7,2026-05,FlashReport_May2026.pdf
548,705366,220100303,1729,Hajipur-Sagauli New line,Bihar,East Central Railway [ECR] - I,2007-10,2020-03,2027-06,2067,2087,2115.74,75.5,2026-05,FlashReport_May2026.pdf
549,705368,N22000177,2265,Araria Supaul New BG Line,Bihar,East Central Railway [ECR] - I,2018-06,2024-03,2027-01,1605,2514,1725.95,46.9,2026-05,FlashReport_May2026.pdf
550,705373,N22000476,2260,"Fatuha-Islampur incl. MM for extn.of NL from Neora to Daniawan , Daniawan to Biharsharif, Biharsharif to Barbigha , Barbigha to Shekhpura",Bihar,East Central Railway [ECR] - I,2002-08,2023-03,2025-08,1473,2882,2712.19,98.2,2026-05,FlashReport_May2026.pdf
551,705450,N22000207,1904,Jogbani-Biratnagar New Rail Line project,Bihar,Indian Railway Construction International Limited [IRCON],2010-06,2022-03,2026-12,402,486,369.48,86.5,2026-05,FlashReport_May2026.pdf
552,705526,N22000329,2308,Samastipur-Darbhanga Doubling Railway Project,Bihar,East Central Railway [ECR] - I,2015-11,2025-03,2025-10,519,519,409.48,100,2026-05,FlashReport_May2026.pdf
553,705527,N22000472,2309,Sagauli-Valmiknagar,Bihar,East Central Railway [ECR] - I,2018-03,2025-12,2025-12,1216,2222,2102.51,93,2026-05,FlashReport_May2026.pdf
554,705528,N22000473,2310,Muzaffarpur-Sugauli,Bihar,East Central Railway [ECR] - I,2018-03,2024-06,2026-06,1586,1586,1499.23,99,2026-05,FlashReport_May2026.pdf
555,706759,N22000350,1753,Rampur Dumra-Tal-Rajendrapul Additional Bridge and Railway Line Doubling,Bihar,Indian Railway Construction International Limited [IRCON],2016-03,2024-12,2025-12,2373.64,1700.24,1581.96,98.5,2026-05,FlashReport_May2026.pdf
556,706860,N22000524,9923,Barauni-Bachwara [16 km] - 3rd & 4th line incl. Barauni yard remodelling [32 km],Bihar,East Central Railway [ECR] - I,2022-10,2025-08,2026-10,645,645,54.13,56.9,2026-05,FlashReport_May2026.pdf
557,900874,,9901,JHAJHA - BATIA,Bihar,East Central Railway [ECR] - I,2023-03,2028-03,2030-01,588.18,588.18,2.38,0.1,2026-05,FlashReport_May2026.pdf
558,400220,N22000489,2094,Kharsia-Dharamjaygarh with Spur line [East Corridor-Phase 1],Chhattisgarh,Indian Railway Construction International Limited [IRCON],2016-03,2018-09,2026-12,3055,3798.06,2730.19,95.15,2026-05,FlashReport_May2026.pdf
559,400291,N22000318,1456,Doubling of Kirandul-Jagdalpur Line [150 km],Chhattisgarh,East Coast Railway [ECoR] - II,2013-02,2020-03,2027-04,1589,1798,1656.54,97.6,2026-05,FlashReport_May2026.pdf
560,602792,N22000572,9922,Gauge Conversion of Kendri-Dhamtari including Abhanpur - Rajim Branch line 67.20 Kms - 2nd Material Modification to Raipur Titlagarh doubling.,Chhattisgarh,SECR,2011-07,2025-02,2026-06,1171,1171,420.67,100,2026-05,FlashReport_May2026.pdf
561,612815,N22000573,,4th line between Nipania Bhatapara 14.4 Km,Chhattisgarh,South East Central Railway [SECR] - II,2022-12,2027-03,,170.49,170.49,9.56,15,2026-05,FlashReport_May2026.pdf
562,617200,,7527,KHARSIA- NAYA RAIPUR-PARMALKASA 5th and 6th Line [278KM],Chhattisgarh,CAO/C/SECR,2025-04,2031-03,,7853.84,7853.84,0.64,0,2026-05,FlashReport_May2026.pdf
563,617374,N22000602,,"Dallirajhara - Rowghat New Rail Line Project, Phase-I",Chhattisgarh,Rail Vikas Nigam Limited,2009-07,2025-03,2026-02,1516.45,1881.26,2143.72,98,2026-05,FlashReport_May2026.pdf
564,705433,,386,Dallirajhra- Rowghat New Railway Line - Phase I [95 km],Chhattisgarh,Rail Vikas Nigam Limited,2009-07,2025-09,2025-12,1628,1628,1440.85,82,2026-05,FlashReport_May2026.pdf
565,705444,,2095,Gevra Road-Pendra Road New Railway Line [135 km],Chhattisgarh,Indian Railway Construction International Limited [IRCON],2014-04,2022-03,2026-12,4970,7448.52,5212.72,83,2026-05,FlashReport_May2026.pdf
566,706854,N22000580,,Boridand - Ambikapur Doubling Line Project,Chhattisgarh,South East Central Railway [SECR] - II,2022-06,2030-06,2030-06,1376,1576.72,290.16,28,2026-05,FlashReport_May2026.pdf
567,709815,N22000574,,4TH LINE - BHATAPARA-HATHBAND [8.8 KM] [PB-72/NR/2022-23],Chhattisgarh,SECR,2022-09,2027-01,2027-12,177.03,177.03,12.3,18,2026-05,FlashReport_May2026.pdf
568,709816,N22000575,,4TH LINE - BHILAI-BHILAI NAGAR [8.8 KM] [PB-72/NR/2022-23],Chhattisgarh,SECR,2022-09,2027-02,2027-02,177.34,177.34,3.42,9,2026-05,FlashReport_May2026.pdf
569,709817,N22000576,,4TH LINE - DADHAPARA-BELHA [9.2 KM] [PB-72/NR/2022-23],Chhattisgarh,SECR,2022-09,2026-11,2026-11,169.06,169.06,22.79,66,2026-05,FlashReport_May2026.pdf
570,709818,N22000577,,4TH LINE RAJNANDGAON-DONGARHGARH [31.2 KM] [PB-72/NR/2022-23],Chhattisgarh,SECR,2022-09,2027-01,2027-01,328.34,328.34,87.49,35,2026-05,FlashReport_May2026.pdf
571,709819,N22000579,,3RD AND 4TH LINE - SARAGBUNDIA AND MADWARANI,Chhattisgarh,SECR,2022-09,2026-12,2026-12,167.64,167.64,26.52,10,2026-05,FlashReport_May2026.pdf
572,613785,,6133,Redevelopment of New Delhi Railway Station and construction of associated infrastructure,Delhi,Rail Land Development Authority,2023-01,2028-12,,4744,4744,332.08,5,2026-05,FlashReport_May2026.pdf
573,617379,,,Development of New Bijwasan Railway Terminal,Delhi,Northern Railways,2008-02,2020-03,2026-12,446.21,446.21,556.36,80,2026-05,FlashReport_May2026.pdf
574,705583,N22000281,2336,Anand Vihar-Tilak Bridge 3rd & 4th line,Delhi,CAO/C/NR,2013-03,2023-03,2027-12,667,667,324.17,23,2026-05,FlashReport_May2026.pdf
575,706865,,6111,Chandargaon - Cansaulium Rail Flyover Project [16 Km],Goa,South Western Railway [SWR] - II,,2031-03,,1892,1892,0,0,2026-05,FlashReport_May2026.pdf
576,611918,,,Kosamba Umarpada 70 Km,Gujarat,PCE/WR,2023-07,2027-03,,468,468,44.62,9,2026-05,FlashReport_May2026.pdf
577,611943,N22000550,,New Broad Gauge line between Naliya to Jakhau Port,Gujarat,Western Railway [WR] - II,2023-02,2028-01,2028-02,410.26,410.26,11.3,5,2026-05,FlashReport_May2026.pdf
578,611945,N22000538,,Petlad Bhadran 23 Kms,Gujarat,Western Railway,2022-05,2030-05,2030-05,307.11,307.11,18.9,17,2026-05,FlashReport_May2026.pdf
579,611970,N22000540,5448,Samlaya Timba Road 54 km,Gujarat,PCE/WR,2023-02,2030-03,2030-03,670.17,670.17,47.46,12,2026-05,FlashReport_May2026.pdf
580,611971,N22000541,,Samni Jambusar 24 km,Gujarat,PCE/WR,2022-05,2030-03,2030-03,350,349.93,80.49,31,2026-05,FlashReport_May2026.pdf
581,611974,,5449,Western Railway Samakhiali Gandhidham Quadrupiling 53 Kms,Gujarat,Western Railway [WR] - II,2023-08,2026-12,2027-12,1430,1430,582.1,45,2026-05,FlashReport_May2026.pdf
582,611977,,,Dahod Creation of Infrastructure facilities for 9000 HP Electric locomotives Manufacturing at,Gujarat,PCE/WR,2022-05,2025-02,,487,487,222.88,53,2026-05,FlashReport_May2026.pdf
583,611978,,,Dahod Rolling Stock Workshop Provision of Infrastructure for CBS at,Gujarat,PCE/WR,2022-11,2025-03,,158,158,51.87,10,2026-05,FlashReport_May2026.pdf
584,611979,,,Sabarmati Setting up of Maintenance Facilities for Train Sets Phase ii,Gujarat,Western Railway [WR] - II,2023-01,2025-06,2026-05,250,250,185.02,88,2026-05,FlashReport_May2026.pdf
585,612072,N22000532,5465,4th LINE BETWEEN BAREJADI NANDEJ-SANAND-AHMEDABAD BYPASS,Gujarat,Western Railway WR - II,2023-02,2027-03,2028-07,961.67,961.67,519.8,22,2026-05,FlashReport_May2026.pdf
586,613786,,6134,"Redevelopment of Ahmedabad railway station and associated infrastructure on engineering, procurement and construction mode",Gujarat,Rail Land Development Authority,2023-01,2028-03,,2379,2379,984.21,32.5,2026-05,FlashReport_May2026.pdf
587,616983,,,Kosamba Umarpada GC PROJECT,Gujarat,Ministry of Railways-,2023-07,2027-06,,467.58,467.58,70.54,16,2026-05,FlashReport_May2026.pdf
588,617880,,10790,Desalpar-Hajipir-Luna and Vayor-Lakhpat New Line,Gujarat,Western Railway [WR] - II,2025-09,2028-09,,2526.47,2526.47,0,0,2026-05,FlashReport_May2026.pdf
589,618972,,10792,Devbhumi Dwarka [Okha] - Kanalus Doubling,Gujarat,Western Railway [WR] - II,2025-12,2028-12,,1456.77,1456.77,0.28,0,2026-05,FlashReport_May2026.pdf
590,705458,N22000142,1781,Miyagam-Karjan-Dabhoi-Samlaya [GC],Gujarat,Western Railway [WR] - II,2017-01,2021-03,2026-12,483.88,1039.13,723.52,45,2026-05,FlashReport_May2026.pdf
591,706757,N22000622,,Modasa-Shamlaji Road Railway Line Project,Gujarat,Western Railway WR - II,2012-09,2025-03,2026-03,262,262,387.82,64,2026-05,FlashReport_May2026.pdf
592,706763,N22000535,3803,Rajkot - Kanalus Doubling Project [111.2 Kms],Gujarat,Western Railway WR - II,2021-10,2026-10,2026-06,1080.58,1080.58,958.41,81,2026-05,FlashReport_May2026.pdf
593,709812,N22000539,,NADIAD-PETLAD [37.26 KM],Gujarat,Railway,2022-05,2030-06,2030-06,461.91,461.91,186.9,8,2026-05,FlashReport_May2026.pdf
594,709813,N22000551,,NEW BG LINE INTERSECTION [5 NOS] BETWEEN GERATPUR-SANAND & BOTAD-AHMEDABAD [16.51 KM],Gujarat,Western Railway [WR] - II,2022-10,2028-06,2027-10,437.21,437.21,117.95,22,2026-05,FlashReport_May2026.pdf
595,611884,N22000604,,Bhiwani - Dobh Bahali Doubling Project [42.30 Km],Haryana,North Western Railway [NWR],2023-02,2028-02,2028-02,471,471,273.41,73,2026-05,FlashReport_May2026.pdf
596,617372,,,Doubling between Pradhankunta-Patherih-Bhojudih of East Central Railway,Jharkhand,East Central Railway [ECR] - I,2022-11,2025-12,2026-03,349.22,349.22,145.57,72,2026-05,FlashReport_May2026.pdf
597,617832,,10780,Koderma-Arigada Doubling 133.38 Km of East Central Railway,Jharkhand,East Central Railway [ECR] - I,2025-06,2029-12,,2887.11,2887.11,0.1,0,2026-05,FlashReport_May2026.pdf
598,705747,,2266,Parasnath-Madhuban-Giridih new line,Jharkhand,East Central Railway [ECR] - I,2019-03,2024-03,2026-03,902.86,902.86,0,0.1,2026-05,FlashReport_May2026.pdf
599,705765,N22000611,2019,Gomoh - Flyover for DN trains,Jharkhand,East Central Railway [ECR] - I,2018-01,2026-03,2026-03,686,686,634.71,66.7,2026-05,FlashReport_May2026.pdf
600,705785,N22000508,2397,Lodhma - Piska - Link Line bypassing Hatia/Ranchi with Y connection,Jharkhand,South Eastern Railway [SER] - I,2021-08,2026-06,2027-05,473,473,349.31,10,2026-05,FlashReport_May2026.pdf
601,706837,N22000529,,Pradhan Kuntha Jn Line Doubling Project,Jharkhand,East Central Railway [ECR] - I,2022-11,2027-11,2027-11,349.22,349.22,145.57,72,2026-05,FlashReport_May2026.pdf
602,400023,N22000558,4449,Construction of New BG line between Hassan to Belur [27 Km],Karnataka,South Western Railway [SWR] - II,2019-03,2028-04,2030-03,749,749,0.94,0,2026-05,FlashReport_May2026.pdf
603,703585,N22000543,,Yeshvanthpur - Channasandra Doubling Project [21.70 Km],Karnataka,Karnataka Rail Infrastructure Development Company Limited [K-RIDE],2019-04,2024-03,2026-03,314.1,683.57,173.5,56.8,2026-05,FlashReport_May2026.pdf
604,705434,,885,New Railway Line between Ginigera and Raichur [165.57 km],Karnataka,South Western Railway [SWR] - II,2008-03,2019-03,2027-03,2565,3034.98,2373.6,70.5,2026-05,FlashReport_May2026.pdf
605,705464,,6110,Bangalore-Satyamanglam New Line Project [260 Km] - Part Hejjala - Chamarajanagar [142 Km],Karnataka,South Western Railway [SWR] - II,1999-02,2031-12,,1382.78,1382.78,0,0,2026-05,FlashReport_May2026.pdf
606,705490,N22000299,1541,Gadag-Wadi New Railway Line [257 km],Karnataka,South Western Railway [SWR] - II,2013-04,2027-03,2027-12,2842,6700,1613.49,40,2026-05,FlashReport_May2026.pdf
607,705492,N22000486,2227,Kadur - Chickamagalur - Sakleshpur [93km],Karnataka,South Western Railway [SWR] - II,2014-01,2025-06,2025-12,825,825,781.94,84.5,2026-05,FlashReport_May2026.pdf
608,705493,,652,Hubli-Ankola New Line Project [164.44 km],Karnataka,South Western Railway [SWR] - II,1999-01,2005-03,2030-03,5174,5174,178.42,4.7,2026-05,FlashReport_May2026.pdf
609,705495,N22000258,1778,Bagalkot-Kudachi New Railway Line [142 km],Karnataka,South Western Railway [SWR] - II,2013-10,2027-03,2027-01,1378,1649,808.56,36.3,2026-05,FlashReport_May2026.pdf
610,705496,N22000256,1531,Tumkur-Chitradurga-Davangere New Rail Line Project [191 km],Karnataka,South Western Railway [SWR] - II,2013-10,2019-03,2027-12,1876,1876,613.6,15.8,2026-05,FlashReport_May2026.pdf
611,705663,N22000621,3892,Bangalore-Whitefield-Bangalore City-Krishnarajapuram [23.08 km] - Quadrupling,Karnataka,South Western Railway [SWR] - II,2018-02,2026-02,2026-02,493,493,345.82,85.8,2026-05,FlashReport_May2026.pdf
612,705761,N22000559,3292,SHIMOGA - SHIKARIPURA - RANEBENNUR [96 Km],Karnataka,South Western Railway [SWR] - II,2019-09,2027-12,2028-06,1454,1454,111.67,13.8,2026-05,FlashReport_May2026.pdf
613,705762,,6107,Construction of New BG line between Hassan [Alur] to Belur [ Km 27.34],Karnataka,South Western Railway [SWR] - II,2019-06,2027-04,2027-12,748.86,748.86,1.15,0.3,2026-05,FlashReport_May2026.pdf
614,705941,,5237,Bangalore Suburban Railway Project,Karnataka,Karnataka Rail Infrastructure Development Company Limited [K-RIDE],2020-10,2026-12,2030-03,15767,15767,3277.99,20.02,2026-05,FlashReport_May2026.pdf
615,706835,N22000557,3384,Belgaum-Dharwad via Kittur [73.10Km],Karnataka,South Western Railway [SWR] - II,2020-09,2027-12,2029-03,1591,1591,0.38,0,2026-05,FlashReport_May2026.pdf
616,705638,N22000620,1717,Kumbalam-Turavur doubling project [15.59 Km],Kerala,Ministry of Railways,2023-04,2027-03,2027-03,813,802.8,127.64,33,2026-05,FlashReport_May2026.pdf
617,705639,N22000619,1716,Ernakulam-Kumbalam doubling project [7.71 Km],Kerala,SR-ERS,2023-04,2028-03,2027-02,601,595.39,309.85,25.5,2026-05,FlashReport_May2026.pdf
618,705480,220100232,1208,"Lalitpur-Satna, Rewa-Singrauli & Mahoba-Khajuraho",Madhya Pradesh,North Central Railway,2007-01,2027-03,2027-12,8914,8914,6889.55,74,2026-05,FlashReport_May2026.pdf
619,705659,N22000554,7289,Satna-Rewa Railway Line Doubling Project,Madhya Pradesh,West Central Railway [WCR] - II,2015-11,2026-03,2026-03,500,584,573.8,88,2026-05,FlashReport_May2026.pdf
620,705660,N22000351,1969,Doubling of Katni - Singrauli Railway Line [261 km],Madhya Pradesh,Indian Railway Construction International Limited [IRCON],2016-03,2025-12,2025-12,2445,4377,3360.89,81.2,2026-05,FlashReport_May2026.pdf
621,705661,N22000416,1811,Katni Grade Separator/Bye Pass,Madhya Pradesh,Indian Railway Construction International Limited [IRCON],2016-03,2024-09,2026-09,1248,1248,1850.38,95,2026-05,FlashReport_May2026.pdf
622,705763,N22000601,1941,Indore - Budni New Railway Line [198 kms],Madhya Pradesh,RVNL - II,2019-08,2030-09,2030-09,7474,7474,2617.51,37,2026-05,FlashReport_May2026.pdf
623,705933,N22000536,3802,Nimach-Ratlam Doubling [133 Km],Madhya Pradesh,Western Railway [WR] - II,2021-10,2027-10,2027-10,1095.88,1095.88,1284.91,94,2026-05,FlashReport_May2026.pdf
624,400019,N22000514,4514,DHULE [BORVIHIR] - NARDANA NEW LINE [50.60 KMS],Maharashtra,Central Railway,2019-01,2026-12,2027-09,492.76,1170.83,542.26,25,2026-05,FlashReport_May2026.pdf
625,400271,N22000231,1557,Wardha-Nanded Via Yavatmal New BG Line,Maharashtra,Central Railway [CR] - II,2017-12,2025-03,2026-12,3445,3445,3002.93,50,2026-05,FlashReport_May2026.pdf
626,611751,,5341,AURANGABAD-ANKAI - DOUBLING PROJECT 98.25 Km,Maharashtra,South Central Railway [SCR] - II,2023-05,2027-03,,960.64,960.64,1375.55,2.03,2026-05,FlashReport_May2026.pdf
627,612845,,7616,Gauge Conversion of Pachora-Jamner with Extension upto Malkapur [Bodwad] [84.34 Kms],Maharashtra,Central Railway [CR] - II,2022-08,2028-07,,955.39,955.39,13.98,10,2026-05,FlashReport_May2026.pdf
628,613015,,6128,Redevelopment of Chhatrapati Shivaji Maharaj Terminus [CSMT] and construction of associated infrastructure,Maharashtra,Rail Land Development Authority,2023-04,2027-03,,1813,1813,850.58,24,2026-05,FlashReport_May2026.pdf
629,617201,,7529,Gondia-Balharshah [Chanda Fort] Doubling [240 Km],Maharashtra,South East Central Railway,2025-04,2031-03,,4373.04,4373.04,1.79,2,2026-05,FlashReport_May2026.pdf
630,617215,,7585,Doubling between Parbhani Parli Vaijanath stations 64.71 Km,Maharashtra,South Central Railway [SCR] - II,2023-12,2028-03,,769.93,769.93,197.62,0.2,2026-05,FlashReport_May2026.pdf
631,617361,,,Babupeth - Sasti New Rail Line [13.114 KMs],Maharashtra,CentralRailway,2024-10,2028-03,,362.81,362.81,0.48,0,2026-05,FlashReport_May2026.pdf
632,617364,,,Double Chord line Between Nilaje-Kopar,Maharashtra,CentralRailway,2025-01,2028-07,,338.33,205,29.33,24,2026-05,FlashReport_May2026.pdf
633,705356,220100181,1478,Ahmednagar - Beed - Parli - Vaijnath New Broad Gauge Line Railway Project [261.3 km],Maharashtra,Central Railway [CR] - II,1999-01,2026-03,2026-03,2538.67,4957.27,5210.08,93,2026-05,FlashReport_May2026.pdf
634,705357,N22000615,2255,Baramati Lonand New Line Project,Maharashtra,Central Railway,2016-03,2027-03,2027-03,138.48,1843.9,1021.11,60,2026-05,FlashReport_May2026.pdf
635,705479,N22000480,2276,Wadsa-Gadchiroli,Maharashtra,South East Central Railway,2017-05,2027-03,2027-03,1886,1886,809.56,66,2026-05,FlashReport_May2026.pdf
636,705497,,6638,Wardha - Yavatmal Nanded Railway Line Project,Maharashtra,Central Railways,2008-02,2026-12,,3445.34,4030.69,4043.37,47,2026-05,FlashReport_May2026.pdf
637,705498,N22000233,1782,3rd Line Kalyan - Kasara [67.35 Kilometres],Maharashtra,Central Railway,2015-09,2026-12,2026-12,792.89,1395.79,1082.64,73,2026-05,FlashReport_May2026.pdf
638,705500,N22000250,1784,3rd Line Wardha - Sewagram - Nagpur,Maharashtra,Central Railway [CR] - II,2015-09,2025-12,2026-10,540.02,916.53,842.32,88,2026-05,FlashReport_May2026.pdf
639,705502,N22000356,1775,3rd Line Wardha - Ballarshah [132 Kilometres],Maharashtra,Central Railway [CR] - II,2016-03,2025-12,2026-02,1384.72,2033.59,1829.64,86,2026-05,FlashReport_May2026.pdf
640,705504,N22000360,2304,Doubling of Daund Manmad Line [247.6 km],Maharashtra,Central Railway,2017-10,2025-12,2026-03,2081.27,3267.06,3105.38,92,2026-05,FlashReport_May2026.pdf
641,705505,N22000362,1789,4th Line Wardha - Nagpur [78.7 Kilometres],Maharashtra,Central Railway [CR] - II,2017-04,2025-12,2026-10,637.95,1214.69,1049.42,88,2026-05,FlashReport_May2026.pdf
642,705506,N22000361,1776,3rd Line Manmad - Jalgaon [160 Kilometres],Maharashtra,Central Railway [CR] - II,2017-05,2024-12,2025-11,1035.16,1870,1842.26,100,2026-05,FlashReport_May2026.pdf
643,705735,N22000513,2256,Solapur-tuljapur-Osmanabad,Maharashtra,Central Railway,2018-08,2027-03,2028-03,904.92,3295.74,1245.51,11,2026-05,FlashReport_May2026.pdf
644,705799,N22000629,,Nagpur- Nagbhir Railway Line Gauge Conversion Project,Maharashtra,MRIDC,2019-10,2025-12,2025-12,1400,1400,1472,80,2026-05,FlashReport_May2026.pdf
645,706779,N22000092,1681,Mumbai Urban Transport Project [MUTP] - PHASE II,Maharashtra,Mumbai Rail Vikas Corporation Ltd.[MRVC],2008-05,2014-03,2027-12,8087,8087,7522.09,90,2026-05,FlashReport_May2026.pdf
646,706780,N22000627,3407,Mumbai Urban Transport Project [MUTP] Phase-IIIA,Maharashtra,Mumbai Rail Vikas Corporation Ltd.[MRVC],2019-04,2027-12,2027-12,33690,33690,3741.95,25,2026-05,FlashReport_May2026.pdf
647,706781,,3406,Mumbai Urban Transport Project Phase-III,Maharashtra,Mumbai Rail Vikas Corporation Ltd.[MRVC],2016-11,2022-03,2026-12,10947,10947,6732.2,75,2026-05,FlashReport_May2026.pdf
648,705391,220100288,653,Jiribam-Imphal new line project,Manipur,Northeast Frontier Railway [NFR],2013-03,2026-12,2029-06,14323,21885.9,16226.02,72.7,2026-05,FlashReport_May2026.pdf
649,705396,,651,Byrnihat-Shillong New Rail Line- 108 km,Meghalaya,Northeast Frontier Railway [NFR],2011-04,2021-03,2027-03,8324.28,8342.28,266.12,2.04,2026-05,FlashReport_May2026.pdf
650,705491,N22000308,,Marikuppam - Kuppam New Line Project [23.70 Km],"Multi-States (Andhra Pradesh, Karnataka)",South Western Railway [SWR] - II,2012-04,2026-06,2026-06,297,297,146.45,21.5,2026-05,FlashReport_May2026.pdf
651,705494,N22000279,1555,Rayadurg-Tumkur via Kalyandurg New Line [207 km],"Multi-States (Andhra Pradesh, Karnataka)",South Western Railway [SWR] - II,2008-03,2015-09,2028-02,2496,2496,1941.02,72.5,2026-05,FlashReport_May2026.pdf
652,705610,N22000587,9928,"Renigunta, Wadi & Gooty Bypass Railway Project","Multi-States (Andhra Pradesh, Karnataka)",South Central Railway [SCR] - II,2016-04,2025-12,2026-03,302,543,636.74,89.04,2026-05,FlashReport_May2026.pdf
653,617212,,7543,Doubling between Mudkhed Medchal & Mahbubnagar Dhone section 417.88 Km,"Multi-States (Andhra Pradesh, Maharashtra, Telangana)",South Central Railway [SCR] - II,2023-08,2029-03,2029-08,4686.09,4686.09,640.06,21,2026-05,FlashReport_May2026.pdf
654,400253,N22000409,1747,Vizianagaram - Titlagarh 3rd line [272 Km including By - pass line of 7.68 KM],"Multi-States (Andhra Pradesh, Odisha)",RVNL - II,2016-06,2025-12,2026-12,4803,6669.91,6233.25,98,2026-05,FlashReport_May2026.pdf
655,705512,N22000377,1763,Doubling of Kottavalasa-Koraput Rail Line [189 KM],"Multi-States (Andhra Pradesh, Odisha)",East Coast Railway [ECoR] - II,2015-12,2022-03,2028-03,2500,2500,2217.87,73,2026-05,FlashReport_May2026.pdf
656,400275,N22000085,1549,Tindivanam-Nagari New Line Project [184.5 km],"Multi-States (Andhra Pradesh, Tamil Nadu)",Ministry of Railways,2008-07,2025-09,2028-03,3631,3631,1298.17,16.75,2026-05,FlashReport_May2026.pdf
657,616857,,7099,Doubling between Motumari Vishnupuram - 88.81 Km and Rail over Rail - RoR at Motumari - 10.877 Km,"Multi-States (Andhra Pradesh, Telangana)",South Central Railway [SCR] - II,2024-02,2029-03,,1595.55,1595.55,264.89,2.05,2026-05,FlashReport_May2026.pdf
658,617211,,7584,Doubling of Guntur Bibinagar 239 Km,"Multi-States (Andhra Pradesh, Telangana)",South Central Railway [SCR] - II,2023-08,2029-03,,2853.23,2853.23,357.74,2.6,2026-05,FlashReport_May2026.pdf
659,617214,,7544,Rail Connectivity to Errupalem Amravati Namburu 57 Km,"Multi-States (Andhra Pradesh, Telangana)",South Central Railway [SCR] - II,2024-11,2027-03,,2047.4,2047.4,208.57,0.17,2026-05,FlashReport_May2026.pdf
660,705612,N22000261,2087,Kazipet-Vijayawada 3rd line with electrification [220 km],"Multi-States (Andhra Pradesh, Telangana)",South Central Railway [SCR] - II,2013-03,2025-02,2025-12,1953,3363,5192.51,95.02,2026-05,FlashReport_May2026.pdf
661,705632,N22000586,2000,Vijayawada - Kazipet Byepass line,"Multi-States (Andhra Pradesh, Telangana)",South Central Railway [SCR] - II,2016-04,2025-01,2025-12,647,904,1249.39,93.6,2026-05,FlashReport_May2026.pdf
662,705401,N22000208,2273,Murkongselek-Pasighat,"Multi-States (Arunachal Pradesh, Assam)",Northeast Frontier Railway [NFR] - II,2011-02,2025-03,2026-12,435,1250,867.76,70,2026-05,FlashReport_May2026.pdf
663,705394,,1521,Tetlia-Byrnihat New Railway Line,"Multi-States (Assam, Meghalaya)",Northeast Frontier Railway [NFR],2010-08,2011-11,2027-06,1304.62,1304.62,1258.8,86.16,2026-05,FlashReport_May2026.pdf
664,616701,,7078,Lumding Furkating Doubling Project 140 km,"Multi-States (Assam, Nagaland)",Northeast Frontier Railway [NFR],2024-02,2028-02,,2123.7,2123.7,141.06,12.5,2026-05,FlashReport_May2026.pdf
665,705392,N22000124,1680,Dimapur [Dhansiri]-Sukhobi Kohima [Zubza] NL [82.5 Km],"Multi-States (Assam, Nagaland)",Northeast Frontier Railway [NFR] - II,2015-08,2025-03,2029-12,6663,6663,6522.69,45,2026-05,FlashReport_May2026.pdf
666,705794,,,New Delhi- Howrah Speed Booster[160Kmph] Project,"Multi-States (Bihar, Delhi, Jharkhand, Uttar Pradesh, West Bengal)",PCE/NCR,2019-09,2024-03,,6684.81,6684.81,127.03,0,2026-05,FlashReport_May2026.pdf
667,616699,,7077,Multi tracking of Son Nagar-Andal 374.53 rkm & 814.38 tkm,"Multi-States (Bihar, Jharkhand)",East Central Railway [ECR] - I,2023-08,2028-03,,12333.57,12333.6,882.77,18,2026-05,FlashReport_May2026.pdf
668,705375,220100305,2261,Koderma-Tilaiya New Line,"Multi-States (Bihar, Jharkhand)",East Central Railway [ECR] - I,2004-11,2025-02,2026-02,1626,2486.62,2221.76,95.6,2026-05,FlashReport_May2026.pdf
669,705385,N22000219,1728,Pirpainti - Jasidih [100.52 Km] New BG line,"Multi-States (Bihar, Jharkhand)",Eastern Railway [ER] - I,2014-03,2028-03,2028-03,2555,2555,1117.17,61.9,2026-05,FlashReport_May2026.pdf
670,611669,,,NER Provision of Automatic Block Signalling on Gorakhpur Cantt[Excl] Chhapra Gramin & Burhwal Jn [Excl] Sitapur Jn section of high density routes,"Multi-States (Bihar, Uttar Pradesh)",North Eastern Railway [NER],2022-05,2027-03,2028-03,380.47,380.47,258.41,20,2026-05,FlashReport_May2026.pdf
671,617224,,7567,Gorakhpur-Valmikinagar Doubling project,"Multi-States (Bihar, Uttar Pradesh)",NER,2023-08,2027-12,,1120,1120,414.21,26.5,2026-05,FlashReport_May2026.pdf
672,705562,N22000134,2325,Chhapra-Ballia Patch Doubling,"Multi-States (Bihar, Uttar Pradesh)",North Eastern Railway [NER],2013-03,2025-02,2026-05,963,1046,918.18,96,2026-05,FlashReport_May2026.pdf
673,617245,,7607,Katihar Kumedpur & Katihar Mukuria BG Doubling Project,"Multi-States (Bihar, West Bengal)",Northeast Frontier Railway [NFR],2022-08,2026-08,2027-02,942.64,942.64,656.16,66,2026-05,FlashReport_May2026.pdf
674,618978,,10723,Gondia - Dongargarh 4th line [84 Km],"Multi-States (Chhattisgarh, Maharashtra)",South Eastern Central Railway,2025-10,2030-10,,2222.53,2222.53,0,0,2026-05,FlashReport_May2026.pdf
675,705617,N22000420,1851,Rajnandgaon - Nagpur [Kalumna] Third Railway Line [228.30 km],"Multi-States (Chhattisgarh, Maharashtra)",South East Central Railway [SECR] - II,2016-09,2024-12,2026-06,3545,3545,3655.47,96,2026-05,FlashReport_May2026.pdf
676,617390,,9702,Sardega -Bhalumuda New Double line [37.24 Km],"Multi-States (Chhattisgarh, Odisha)",SECR,2024-09,2028-03,,1281.81,1281.81,128.07,4,2026-05,FlashReport_May2026.pdf
677,705511,N22000376,2306,Jagdalpur-Koraput,"Multi-States (Chhattisgarh, Odisha)",East Coast Railway [ECoR] - II,2015-12,2024-03,2026-12,1547,1547,1387.24,94.94,2026-05,FlashReport_May2026.pdf
678,705616,N22000484,2001,Jharsuguda-Bilaspur Fourth Railway Line [206 km],"Multi-States (Chhattisgarh, Odisha)",SECR,2016-09,2024-10,2026-03,2140,2979,2282.17,97,2026-05,FlashReport_May2026.pdf
679,705728,N22000463,1748,Mumbai-Ahmedabad High Speed Rail Project- 508 km,"Multi-States (Dadra & Nagar Haveli and Daman & Diu, Gujarat, Maharashtra)",National High Speed Rail Corporation [NHSRC],2015-03,2027-08,2029-12,108000,108000,90966.89,60.87,2026-05,FlashReport_May2026.pdf
680,705793,,,Raising of speed to 160 kmph/200 kmph on existing New Delhi-Mumbai route incl. Vadodara-Ahmedabad,"Multi-States (Delhi, Gujarat, Madhya Pradesh, Maharashtra, Rajasthan)",PCE/WR,2019-09,2024-03,2026-03,6806.44,8095.12,9480.86,66.32,2026-05,FlashReport_May2026.pdf
681,705650,N22000297,1470,Hospet - Tinaighat - Vasco Rail Doubling Project,"Multi-States (Goa, Karnataka)",RVNL - II,2010-03,2027-03,2027-12,5060,5060,5332.52,86.2,2026-05,FlashReport_May2026.pdf
682,706950,,,Hospet-Hubli-Vasco da Gama Line Electrification Project,"Multi-States (Goa, Karnataka)",RVNL,2015-07,2023-03,2026-06,744.49,1122.62,1161.44,99.7,2026-05,FlashReport_May2026.pdf
683,705237,N22000464,961,Western Dedicated Freight Corridor,"Multi-States (Gujarat, Haryana, Maharashtra, Rajasthan, Uttar Pradesh)",DFCCIL,2008-02,2022-03,2025-12,51101,124005,124623,96,2026-05,FlashReport_May2026.pdf
684,705453,N22000139,1547,"New line Dahod-Indore via Sardarpur, Jabuwa and Dhar","Multi-States (Gujarat, Madhya Pradesh)",Western Railway [WR] - II,2012-06,2027-02,2027-02,456.07,3516.77,4166.4,55,2026-05,FlashReport_May2026.pdf
685,705454,N22000138,2230,Chhota Udaipur - Dhar New Line Project [157 km],"Multi-States (Gujarat, Madhya Pradesh)",Western Railway [WR] - II,2008-11,2025-12,2025-12,1794,1794,1826.68,80.5,2026-05,FlashReport_May2026.pdf
686,611452,N22000434,5039,MUMBAI CENTRAL VIRAR VADODARA AHMEDABAAD TRAIN PROTECTION SYSTEM 500 RKM,"Multi-States (Gujarat, Maharashtra)",Western Railway,2019-09,2025-12,2026-12,311,311,263.42,93,2026-05,FlashReport_May2026.pdf
687,400022,N22000592,4458,Taranga Hill-Abu Road via Ambaji,"Multi-States (Gujarat, Rajasthan)",North Western Railway [NWR],2022-07,2030-07,2030-07,2798,2798,2569.32,37,2026-05,FlashReport_May2026.pdf
688,616842,,7083,LUNI- SAMDARI- BHILDI DOUBLING,"Multi-States (Gujarat, Rajasthan)",North Western Railway [NWR],2024-02,2027-07,,3085.59,3085.59,835.93,36,2026-05,FlashReport_May2026.pdf
689,705424,N22000467,1611,Chandigarh-Baddi New Rail Line- 36 km,"Multi-States (Haryana, Himachal Pradesh)",Northen Railway [NR],2018-02,2026-12,2026-12,1540,1540.13,606.07,44,2026-05,FlashReport_May2026.pdf
690,611861,N22000606,,Rewari - Kathuwas Doubling Project [27.72 Km],"Multi-States (Haryana, Rajasthan)",North Western Railway [NWR],2023-02,2027-06,2027-06,352,352,325.79,80,2026-05,FlashReport_May2026.pdf
691,705410,220100188,1525,Nangal Dam-Talwara New Broad Gauge Line [84 KM] and Taking Over Siding Mukerian-Talwara [29 KM],"Multi-States (Himachal Pradesh, Punjab)",Northen Railway [NR],1983-03,2025-12,2027-12,2018,2018,2398.08,85.5,2026-05,FlashReport_May2026.pdf
692,705428,N22000273,385,Bhanupalli-Bilaspur-Beri New Railway Line Project,"Multi-States (Himachal Pradesh, Punjab)",RVNL - II,2009-03,2026-12,2027-12,13447,13447,7688.76,64,2026-05,FlashReport_May2026.pdf
693,705628,N22000396,1802,Doubling of Hatia [Ranchi]-Bondamunda Rail Line - 159 km,"Multi-States (Jharkhand, Odisha)",South Eastern Railway - JH,2016-03,2025-06,2026-06,3029,3029.04,2649.22,94,2026-05,FlashReport_May2026.pdf
694,616588,,7027,Buramara-Chakulia new line [59.96 km],"Multi-States (Jharkhand, Odisha, West Bengal)",South Eastern Railway [SER] - I,2024-08,2029-12,,1459.13,1459.13,9.16,0,2026-05,FlashReport_May2026.pdf
695,616227,,7573,Chandil - Anara - Damodar - 3rd line [121.26 km],"Multi-States (Jharkhand, West Bengal)",CAO/C/SER,2024-09,2029-09,,1932.01,1932.01,3.97,0,2026-05,FlashReport_May2026.pdf
696,705668,N22000595,1862,KHARAGPUR-ADITYAPUR THIRD RAIL LINE- 132 KM,"Multi-States (Jharkhand, West Bengal)",RVNL - I,2016-09,2025-03,2026-06,3250,3250,3287.19,98,2026-05,FlashReport_May2026.pdf
697,703586,N22000542,,Baiyyappanahalli - Hosur Doubling Project [48 km],"Multi-States (Karnataka, Tamil Nadu)",Karnataka Rail Infrastructure Development Company Limited [K-RIDE],2019-04,2024-03,2026-01,498.7,748.7,713.85,88.3,2026-05,FlashReport_May2026.pdf
698,705635,N22000399,2388,Trivandrum- Kanyakumari,"Multi-States (Kerala, Tamil Nadu)",Southern Railway [SR] - I,2017-08,2025-03,2028-06,1432,3785.45,3195,57,2026-05,FlashReport_May2026.pdf
699,705457,N22000120,1544,Ratlam-Mhow-Khandwa-Akola Gauge Conversion,"Multi-States (Madhya Pradesh, Maharashtra)",Western Railway [WR] - II,2008-04,2027-03,2028-09,1656.25,6499.86,4606.71,83,2026-05,FlashReport_May2026.pdf
700,705507,N22000358,1772,Itarsi - Nagpur Third Railway Line [280 km],"Multi-States (Madhya Pradesh, Maharashtra)",Central Railway [CR] - II,2016-09,2027-03,2027-12,2449.91,2506.68,2164.79,50,2026-05,FlashReport_May2026.pdf
701,617406,,9722,RATLAM- DUNGARPUR VIA BANSWARA NEW LINE PROJECT,"Multi-States (Madhya Pradesh, Rajasthan)",North Western Railway [NWR],2015-10,2028-03,,2417.24,2417.24,7.35,8,2026-05,FlashReport_May2026.pdf
702,705419,N22000148,1767,Gwalior - Seopurkala with extension to Kota [Gauge Conversion],"Multi-States (Madhya Pradesh, Rajasthan)",North Central Railway,2011-03,2025-03,2026-02,2913,2913,2245.43,92,2026-05,FlashReport_May2026.pdf
703,705481,220100314,1542,Ramganjmandi-Bhopal New Line Project [276.50 km],"Multi-States (Madhya Pradesh, Rajasthan)",West Central Railway [WCR] - II,2001-03,2025-12,2027-12,3032,5073,4170.81,82,2026-05,FlashReport_May2026.pdf
704,705764,N22000503,9926,Nimach-Badi Sadri New Rail Line Project,"Multi-States (Madhya Pradesh, Rajasthan)",Western Railway [WR] - II,2017-04,2026-03,2026-06,495,825,284.66,60,2026-05,FlashReport_May2026.pdf
705,705667,N22000501,2005,Mathura-Jhansi Third Railway Line [274 Km],"Multi-States (Madhya Pradesh, Rajasthan, Uttar Pradesh)",RVNL - II,2015-12,2024-12,2026-12,5961,5961,5171.79,96.32,2026-05,FlashReport_May2026.pdf
706,705598,N22000496,2083,Jhansi - Bina Third Railway Line [153 Km],"Multi-States (Madhya Pradesh, Uttar Pradesh)",CAO/C/NCR,2016-09,2022-03,2026-03,2002,2002,1942.49,96,2026-05,FlashReport_May2026.pdf
707,705608,N22000495,2319,Jhansi-Khairar-Manikpur & Khirar-Bhimsen,"Multi-States (Madhya Pradesh, Uttar Pradesh)",North Central Railway,2018-03,2026-03,2026-03,4330,4330,3000.09,70,2026-05,FlashReport_May2026.pdf
708,705613,N22000367,1773,Third Line [new] between Kazipet - Balharshah with electrification [201.04 Km],"Multi-States (Maharashtra, Telangana)",South Central Railway [SCR] - II,2016-09,2025-01,2025-11,2595,3071,4154.83,94.8,2026-05,FlashReport_May2026.pdf
709,705629,N22000506,2385,Narayangarh-Bhadrak 3rd line,"Multi-States (Odisha, West Bengal)",South Eastern Railway [SER] - I,2019-03,2025-12,2027-01,2400,3425.32,2713.19,82,2026-05,FlashReport_May2026.pdf
710,400223,N22000626,2081,Nagapattinam-Tiruturaipundi and Karaikal-Peralam New Line,"Multi-States (Puducherry, Tamil Nadu)",Ministry of Railways,2008-07,2027-03,2028-03,713,981,636.83,80,2026-05,FlashReport_May2026.pdf
711,705432,N22000102,650,Sivok-Rangpo New Rail Line,"Multi-States (Sikkim, West Bengal)",Indian Railway Construction International Limited [IRCON],2009-10,2015-05,2027-12,7877,11775,10933.68,93.1,2026-05,FlashReport_May2026.pdf
712,602797,N22000631,,"Sainthia, Sitarampur, Mughalsarai, Allahabad & Etawah - Bypass Line Project","Multi-States (Uttar Pradesh, West Bengal)",Eastern Railway [ER] - I,2017-08,2027-03,2027-03,461.64,461.64,296.61,33,2026-05,FlashReport_May2026.pdf
713,400006,,4689,Jharsuguda-Barpali-Sardega Ph II Works- Rail Connectivity for Coal Loading Bulb at Barpali.,Odisha,South Eastern Railway [SER] - I,2021-10,2025-10,2026-12,808.99,808.99,743.46,40,2026-05,FlashReport_May2026.pdf
714,400045,,4299,Proposed 6 nos Road Over Bridge [ROB] at different locations under MCL Talcher Under Deposit Scheme.,Odisha,East Coast Railway [ECoR] - II,2022-08,2025-03,2025-01,168.32,168.32,69.85,82,2026-05,FlashReport_May2026.pdf
715,400047,,4292,Doubling of Lingaraj SILO connectivity of NTPC line and augmentation of NTPC exchange yard and NTPC Block Cabin.,Odisha,East Coast Railway [ECoR] - II,2022-08,2024-12,2026-12,210,210,40.56,52,2026-05,FlashReport_May2026.pdf
716,400048,,4247,Doubling of lines connecting the loading spurs in Talcher Yard.,Odisha,East Coast Railway [ECoR] - II,2022-09,2024-12,2027-06,186.21,186.21,103.1,88,2026-05,FlashReport_May2026.pdf
717,400232,N22000521,2015,Brundamal-Jharsuguda- flyover connection for joining downline,Odisha,East Coast Railway [ECoR] - II,2014-01,2026-12,2026-12,297,297,235.1,55,2026-05,FlashReport_May2026.pdf
718,612834,,,3rd & 4th line between Sarla - Sason [8 km] [PB 73/2023-24/NR],Odisha,East Coast Railway [ECoR] - II,2023-04,2025-12,,252,252,117.3,88,2026-05,FlashReport_May2026.pdf
719,615915,,,Rourkela-Bondamunda A-Cabin 5th line [9.6 km],Odisha,CAO/C/SER,2022-09,2026-03,2026-11,244.99,244.99,146.07,45,2026-05,FlashReport_May2026.pdf
720,616586,,7025,Bangriposi-Gorumahisani new line [ 85.60 km ],Odisha,CAO/C/SER,2024-08,2029-12,,2269.49,2269.49,7.14,0,2026-05,FlashReport_May2026.pdf
721,616587,,7026,Badampahar-Kendujhargarh new line [82.06 km],Odisha,CAO/C/SER,2024-08,2029-12,,1875.72,1875.72,2.35,0,2026-05,FlashReport_May2026.pdf
722,616694,,,Flyover between Siju and Paradeep coaching Yard to avoid Surface crossing of trains,Odisha,East Coast Railway [ECoR] - II,2023-04,2028-07,,200.77,200.77,37.26,5.5,2026-05,FlashReport_May2026.pdf
723,616695,,,Paradeep - Badabandha 3rd & 4th Line / 18.51kms,Odisha,East Coast Railway [ECoR] - II,2023-08,2028-11,,300.15,300.15,2.47,10.5,2026-05,FlashReport_May2026.pdf
724,616839,,7082,Naupada-Gunupur - New line upto Theruvali [73.62 km],Odisha,Indian Railway,2024-08,2029-12,,1165.89,1165.89,0,0,2026-05,FlashReport_May2026.pdf
725,618995,,10798,New Line between Junagarh - Nabarangpur [116.21 Km],Odisha,Indian Railway,2024-08,2030-08,,2864.51,2864.51,1.06,0,2026-05,FlashReport_May2026.pdf
726,705358,220100284,1476,Khurda-Bolangir New Broad Gauge Rail Link [301km],Odisha,East Coast Railway [ECoR] - II,1994-03,2026-12,2026-12,3792,5089,5752.1,92.5,2026-05,FlashReport_May2026.pdf
727,705359,220100328,423,Talcher-Bimlagarh New Railway Line,Odisha,East Coast Railway [ECoR] - II,2004-03,2025-03,2029-03,1928,1928,2122.08,56,2026-05,FlashReport_May2026.pdf
728,705510,N22000316,1854,Bhadrak-Nergundi Third Line,Odisha,East Coast Railway [ECoR] - II,2015-10,2024-11,2026-01,1284,1284,1379.6,95.8,2026-05,FlashReport_May2026.pdf
729,705513,N22000379,1857,Koraput - Singapur Railway Doubling,Odisha,East Coast Railway [ECoR] - II,2015-12,2027-12,2028-03,2362,2362,1976.38,75.19,2026-05,FlashReport_May2026.pdf
730,705514,N22000380,1855,Jarapada- Budhapank with flyover at Talcher road 3rd and 4th Line,Odisha,East Coast Railway [ECoR] - II,2015-11,2018-11,2028-03,1000,810.02,469.78,59,2026-05,FlashReport_May2026.pdf
731,705515,N22000381,1752,3rd & 4th Railway Line Project from Salegaon to Budhapank via Rajathgarh.,Odisha,East Coast Railway [ECoR] - II,2013-07,2026-03,2026-03,1173,2092,2138.09,90,2026-05,FlashReport_May2026.pdf
732,705741,N22000517,3436,Jeypore-Navarangpur New Rail Line Project,Odisha,East Coast Railway [ECoR] - II,2017-07,2028-07,2029-12,748,748,15.91,2.13,2026-05,FlashReport_May2026.pdf
733,705742,N22000516,3458,Jeypore-Malkanagiri New Railway Line Project,Odisha,East Coast Railway [ECoR] - II,2018-02,2033-07,2033-07,2344,2344,549.72,7.5,2026-05,FlashReport_May2026.pdf
734,706898,,,Khurda Road - Balangir Electrification of Railway Track Project,Odisha,Ministry of Railways,2018-09,2021-03,,267.61,267.61,0,0,2026-05,FlashReport_May2026.pdf
735,709811,N22000520,,GANDHAMARDAN IRON ORE MINES TO GOALDIH STATION/12.76kms,Odisha,East Coast Railway [ECoR] - II,2022-09,2027-09,2027-09,190,189.93,3.4,5,2026-05,FlashReport_May2026.pdf
736,705362,N22000181,2290,"Jaynagar-Bijalpura, incl. extn. Bet, Bijalpura-Bardibas [Nepal]",Offshore,East Central Railway [ECR] - I,2015-08,2022-03,2026-03,819,819,580.51,75,2026-05,FlashReport_May2026.pdf
737,705298,,,North Region Video Surveillance Project,PAN India,RCIL,2020-06,2024-03,,274.39,274.39,0,48,2026-05,FlashReport_May2026.pdf
738,607653,,,Ludhiana Mullanpur 21Km Doubling Railway project,Punjab,CAO/C/NR,,2024-06,2027-02,234.78,234.78,61.39,99,2026-05,FlashReport_May2026.pdf
739,705783,N22000584,,Ludhiana- Killa Raipur Railway Doubling Project,Punjab,Railway,2019-03,2025-03,2027-02,237.64,238,137.05,57,2026-05,FlashReport_May2026.pdf
740,611855,,9756,Devgarh Madariya - Nathdwara Gauge Conversion [82.54 Km] part of Marwar - Mavli Gauge Conversion [152 Km],Rajasthan,North Western Railway [NWR],2023-01,2027-01,,968.92,968.92,730.39,73,2026-05,FlashReport_May2026.pdf
741,611929,,,Maintenance cum workshop depot for Vande Bharat Sleeper Trains as per conditions under WTA 527,Rajasthan,WPO/Patna,2022-09,2024-12,,166.86,166.86,0,0,2026-05,FlashReport_May2026.pdf
742,616841,,7086,PUSHKAR- MERTA CITY NEW LINE,Rajasthan,North Western Railway [NWR],2024-02,2026-12,2028-12,799.64,799.64,211.61,8,2026-05,FlashReport_May2026.pdf
743,616843,,7084,AJMER- CHANDERIYA DOUBLING,Rajasthan,North Western Railway [NWR],2024-02,2027-06,2028-03,1634.79,1634.79,447.64,22,2026-05,FlashReport_May2026.pdf
744,617403,,,SADULPUR - CHURU DOUBLING PROJECT,Rajasthan,North Western Railway [NWR],2024-01,2026-06,,468.64,468.64,195.42,94,2026-05,FlashReport_May2026.pdf
745,617404,,,POKHRAN - RAMDEVRA New Line,Rajasthan,North Western Railway [NWR],2025-04,2028-03,,189.21,189.21,55.58,1,2026-05,FlashReport_May2026.pdf
746,617408,,,NATHDWARA- NATHDWARA TOWN NL,Rajasthan,North Western Railway [NWR],2019-03,2027-03,,166.33,166.33,112.55,15,2026-05,FlashReport_May2026.pdf
747,705482,N22000158,1692,Dholpur - Sirmuttra Gauge Conversion,Rajasthan,North Central Railway,2022-03,2019-02,2027-02,747,747,509.8,49.7,2026-05,FlashReport_May2026.pdf
748,705752,N22000593,7072,Gudha-Thatha Mithri Construction of Railway Track Project,Rajasthan,North Western Railway [NWR],2019-04,2026-11,2026-11,819.48,967.06,405.39,95,2026-05,FlashReport_May2026.pdf
749,705912,,7354,Sawai Madhopur-Jaipur Railway Line Project,Rajasthan,North Western Railway [NWR],2024-02,2027-03,,1203.89,1203.89,208.67,19,2026-05,FlashReport_May2026.pdf
750,705919,N22000553,,Agra Fort-Bandikui Doubling Line Project,Rajasthan,CAO/C/NCR,2022-06,2027-06,2027-06,1390,1390,529.92,56,2026-05,FlashReport_May2026.pdf
751,706836,,,Dedicated Test Track for RDSO /Phase-II Project,Rajasthan,North Western Railway [NWR],2021-11,2026-03,,466.42,466.42,538.22,98,2026-05,FlashReport_May2026.pdf
752,706866,N22000607,,Sawaimadhopur Bye Pass Line Project,Rajasthan,North Western Railway [NWR],2022-12,2026-03,2027-05,304,304,84.59,77,2026-05,FlashReport_May2026.pdf
753,400280,N22000028,1509,Phase II extension of MRTS from Velachery to St Thomas Mount,Tamil Nadu,Ministry of Railways,2007-11,2025-07,2025-09,734,734.01,486.53,99.9,2026-05,FlashReport_May2026.pdf
754,613002,,5830,Redevelopment of Chennai Egmore Station,Tamil Nadu,Ministry of Railways,2022-05,2026-03,,842,842,340,0,2026-05,FlashReport_May2026.pdf
755,705244,,,Coach Production Factory Upgradation Project,Tamil Nadu,CPM/ICF,2017-12,2021-12,,520,520,192.25,0,2026-05,FlashReport_May2026.pdf
756,705489,,1508,Madurai- Tuticorin New Line,Tamil Nadu,Ministry of Railways,2011-04,2021-07,2031-01,601.43,2084.48,351.21,14,2026-05,FlashReport_May2026.pdf
757,616856,,7098,Doubling between Bhadrachalam Road and Dornakal,Telangana,South Central Railway [SCR] - II,2023-08,2029-04,,770.12,770.12,87.94,0.06,2026-05,FlashReport_May2026.pdf
758,617409,,9725,Railway Manufacturing Unit,Telangana,RVNL - II,2016-07,2026-12,2026-03,521.36,521.36,492.08,90,2026-05,FlashReport_May2026.pdf
759,705252,,,Kazipet Wagon Overhauling Project,Telangana,RVNL,2017-09,2023-12,,385,385,0,0,2026-05,FlashReport_May2026.pdf
760,705437,N22000032,1664,Manoharabad-Kothapalli New Rail Line [151 km],Telangana,South Central Railway [SCR] - II,2016-07,2027-03,2027-12,1160,2781,3073.41,72.02,2026-05,FlashReport_May2026.pdf
761,400204,N22000569,2271,Bahraich-Shravasti-Balrampur-Siddharthnagar -Santkabir nagar,Uttar Pradesh,North Eastern Railway [NER],2018-10,2030-10,2030-10,4939.78,4939.78,1065.82,13,2026-05,FlashReport_May2026.pdf
762,400205,N22000565,2270,Sahjanwa-Dohrighat,Uttar Pradesh,North Eastern Railway [NER],2019-08,2029-03,2029-03,1319.75,1319.75,522.12,4.1,2026-05,FlashReport_May2026.pdf
763,617213,,9911,Varanasi-Pt. Deen Dayal Upadhyaya multitracking 15km including construction of new Rail-cum-Road Bridge across Ganga River.,Uttar Pradesh,Northern Railways,2024-10,2029-10,,2464.46,2464.46,79.84,3.23,2026-05,FlashReport_May2026.pdf
764,617252,,7619,Anandnagar - Ghugli via Maharajganj New line 52.7 km,Uttar Pradesh,Construction NER,2023-10,2028-03,,958.27,958.27,635.41,23.9,2026-05,FlashReport_May2026.pdf
765,617284,,7648,Chunar-Chopan doubling project,Uttar Pradesh,North Central Railway,2023-08,2028-03,,1423.96,1423.96,151.57,18.5,2026-05,FlashReport_May2026.pdf
766,617333,,,Surface triangle line bet. Bhadura stn and new crossing stn Karma,Uttar Pradesh,East Central Railway [ECR] - I,2022-10,2027-02,,199.96,199.96,7.67,0.6,2026-05,FlashReport_May2026.pdf
767,617370,,,Doubling between Jaunpur Jn - Zaffarabad 6.28 km,Uttar Pradesh,M/S SRC company Infra Private Limited,2023-03,2027-01,,180.66,180.66,65.5,27.54,2026-05,FlashReport_May2026.pdf
768,705567,N22000468,2328,Burhwal Gonda 3rd line,Uttar Pradesh,North Eastern Railway [NER],2017-11,2025-03,2026-05,1016,1118,1058.77,88.5,2026-05,FlashReport_May2026.pdf
769,705588,N22000583,2339,Janghai-Pratapgarh- Amethi,Uttar Pradesh,CAO/C/II/NR,2017-11,2025-03,2026-03,722,1194,1729.27,70,2026-05,FlashReport_May2026.pdf
770,705766,N22000546,2084,Lalitpur-Birari with flyover at Lalitpur- 16 Km,Uttar Pradesh,North Central Railway,2017-03,2024-12,2026-01,304.44,356,279.26,86,2026-05,FlashReport_May2026.pdf
771,705771,N22000563,,Allahabad-Bamhrauli Flyover Construction & 4th Railway Line Project,Uttar Pradesh,North Central Railway,2019-04,2026-03,2026-03,494,494,410.3,80,2026-05,FlashReport_May2026.pdf
772,705772,N22000544,2317,"Mughalsarai-Allahabad, 3rd line",Uttar Pradesh,North Central Railway,2015-12,2026-12,2027-03,2649,2649.44,1991.04,73,2026-05,FlashReport_May2026.pdf
773,705774,N22000562,6129,Aligarh -Daud Khan Flyover Construction & 3rd Railway Line Project,Uttar Pradesh,CAO/C/NCR,2019-04,2025-01,2027-03,758,779.49,511.12,83,2026-05,FlashReport_May2026.pdf
774,705777,N22000564,10080,Bhandai - Flyover for Etawah bound down train- 10 Km,Uttar Pradesh,North Central Railway [NCR] - II,2020-07,2026-02,2027-02,250.18,250.18,163.27,9,2026-05,FlashReport_May2026.pdf
775,705780,N22000598,2330,Bhatni-Aurnihar with electrification excluding Indara-Mau,Uttar Pradesh,RVNL - I,2018-03,2024-12,2026-06,2529,2529.46,2169.72,96.6,2026-05,FlashReport_May2026.pdf
776,705782,N22000590,,Barabanki-Malhaur 3rd & 4th Railway Line Project,Uttar Pradesh,Ministry of Railways,2019-01,2025-03,2026-08,407,407,417.22,78,2026-05,FlashReport_May2026.pdf
777,705918,N22000545,3451,Allahabad division - Aligarh - Harduaganj Flyover,Uttar Pradesh,North Central Railway,2020-04,2026-10,2027-03,1457,1457,400.19,36,2026-05,FlashReport_May2026.pdf
778,705429,N22000406,1764,Rishikesh-Karnaprayag New Rail Line- 125 km,Uttarakhand,RVNL - II,2016-11,2025-12,2028-12,38953,38953,28508.86,74.5,2026-05,FlashReport_May2026.pdf
779,400247,N22000624,1852,Kalinarayanpur-Krishnanagar Doubling Alongwith Krishnanagar - Chapra New Line And Naihati-Ranaghat 3rd Line.,West Bengal,Eastern Railway [ER] - I,2015-07,2027-02,2028-03,1000,1000,1066.85,76,2026-05,FlashReport_May2026.pdf
780,400273,220100272,1552,Tarakeshwar-Bishnupur New Line [82.47 km],West Bengal,Eastern Railway [ER] - I,2001-03,2019-03,2026-02,1189,1542,1390.59,96.9,2026-05,FlashReport_May2026.pdf
781,400277,N22000110,1539,Dum Dum Airport-New Garia via Rajarhat-Construction of Metro Railway,West Bengal,RVNL - II,2010-03,2025-12,2027-12,8964,8964,8733.02,87,2026-05,FlashReport_May2026.pdf
782,612096,N22000206,5478,Construction of Balurghat-Hilli new BG Line,West Bengal,Northeast Frontier Railway [NFR],2010-12,2027-03,2027-03,1209,1181.57,501.96,17,2026-05,FlashReport_May2026.pdf
783,617345,,,SER Upgradation of maintenance infrastructure at Shalimar into Vande Bharat Chair Car maintenance cum workshop depot.,West Bengal,South Eastern Railway - JH,2024-03,2026-10,,226.87,226.87,86.69,50,2026-05,FlashReport_May2026.pdf
784,705730,N22000111,648,Joka-BBD Bag new metro project,West Bengal,RVNL - II,2010-03,2026-12,2029-12,4835,10362,4998.49,51,2026-05,FlashReport_May2026.pdf
785,706776,N22000108,3398,Noapara-Barasat via Bimanbandar - Construction of Metro railway [18 km],West Bengal,"Metro Railway, Kolkata",2010-11,2026-08,2029-03,4830,4830,3350.62,32.2,2026-05,FlashReport_May2026.pdf
786,706777,N22000109,3400,Baranagar-Barrackpore and Dakshineshwar- Construction of Metro Railway,West Bengal,RVNL - II,2010-03,2026-12,2030-12,2298,2734,429.56,17,2026-05,FlashReport_May2026.pdf
787,619184,,,"Rehabilitation and up-gradation of section to Intermediate/2-Lane with hard shoulder from Km 107.760 to Km 129.445 After Middle strait to Humphrey, Km 130.600 to Km 138.00 After Humphrey to Kadamtala & Km 155.00 to Km 181.0 End of Jarwa to Rangat of NH-04 in UT of A&N on EPC Package-IIIA",Andaman & Nicobar,NHIDCL,2018-02,2025-09,2026-12,207.45,376.48,0,78.01,2026-05,FlashReport_May2026.pdf
788,619185,,,Rehabilitation and up-gradation and completion of balance work of section from Km 155.00 to Km 181.00 End of Jarwa to Rangat of NH -4 Total length 26 Km to Intermediate Lane/2-lane with hard shoulders in the UT of A&N Islands on EPC basis - Package-III.B Balance work,Andaman & Nicobar,NHIDCL,2018-02,2025-10,2026-06,183.56,333.12,0,47.28,2026-05,FlashReport_May2026.pdf
789,619186,,,Construction of Balance works of Major Bridge over Middle Strait Creek between Km.106.590 to km108.553 of NH-04 connecting South Andaman & Baratang Island in the Union Territory of Andaman & Nicobar Islands on EPC basis,Andaman & Nicobar,NHIDCL,2015-03,2026-02,2026-12,262.96,371.88,0,12.64,2026-05,FlashReport_May2026.pdf
790,617907,N24001953,,Rehabilitation and Up-gradation from Km 170700 Bhadrachalam to Km 234567 Konta on NH-30 to Two lane with Paved Shoulder in the State of Andra Pradesh on EPC mode.,Andhra Pradesh,MoRTH,2021-12,2024-09,2026-04,436.09,436.09,221.22,100,2026-05,FlashReport_May2026.pdf
791,617949,N24002145,,Tadipatri Bypass Km 0000 to Km 6285 of 4-Lane on NH-67 in Anantapuramu district of AP state under NHO on EPC Mode under Annual Plan 2022-23,Andhra Pradesh,MoRTH,2023-03,2026-03,2026-03,159.66,159.66,59.26,100,2026-05,FlashReport_May2026.pdf
792,617984,N24000989,,"Gudivada Town 2 RoB, and Road improvement NH-165",Andhra Pradesh,MoRTH,2022-03,2025-05,2026-11,317.22,317.22,0,73.46,2026-05,FlashReport_May2026.pdf
793,617985,N24000983,10158,Widening to two lane with paved shoulders from Km 0/0 to 64/020 Pamarru to Akiveedu,Andhra Pradesh,MoRTH,2020-03,2023-11,2027-05,529.54,588.65,0,69.62,2026-05,FlashReport_May2026.pdf
794,617986,N24001537,,Kurnool/Kadapa Border-Jammalamadugu section of NH-167K i.e. Design Ch. Km 248010 to km 269900 to 2,Andhra Pradesh,MoRTH,2023-03,2026-12,2026-12,292.63,292.63,0,90.97,2026-05,FlashReport_May2026.pdf
795,617987,,10159,Nandyala-Kurnool/Kadapa Border section of NH-167K i.e. Km 186/000 to Km 250/000Design Ch.186000 to 248010 to 2LPS,Andhra Pradesh,MoRTH,2024-10,2027-09,2027-09,691.81,691.81,0,42.28,2026-05,FlashReport_May2026.pdf
796,617988,,10160,Sangameswaram - Atmakuru section from Km 96 to Km 124 & Velegodu- Nandyal section including Nandyal Bypass from Km 143/6 to 185/9 NH-167K,Andhra Pradesh,MoRTH,2024-10,2027-07,2027-07,776.17,644.14,0,23.38,2026-05,FlashReport_May2026.pdf
797,617990,N24002025,,Construction of bypass road to Adoni town connecting NH-167 Hagari - Jadcharla road from km.62/700 to 71/400 in Kurnool District in the State of Andhra Pradesh.,Andhra Pradesh,MoRTH,2023-03,2025-11,,242,242,78.49,95.94,2026-05,FlashReport_May2026.pdf
798,617991,N24001278,,"Rehabilitation and up-gradation of NH-167 from Km 14/900 to Km70/000 Design Ch. 14/900 to 69/700 Chintakunta to Adoni section to two lane with paved shoulders in the State of Andhra Pradesh under Corridor Approach through Engineering, Procurement",Andhra Pradesh,MoRTH,2016-11,2019-05,2026-10,290.15,290.15,140.23,91.9,2026-05,FlashReport_May2026.pdf
799,618013,,10164,4-laning of Puttaparthi-Koduru Section of NH-342,Andhra Pradesh,MoRTH,2022-10,2025-11,2026-06,1318.59,909.19,341.52,79.5,2026-05,FlashReport_May2026.pdf
800,618037,N24001934,,Rehabilitation and Up-gradation of existin of road from 2-lane to 2-lane with paved shoulders from km. 0.00 to km 53.590 total length-53.590 km of Raychoti to Vempalli section of NH-440 in the State of Andhra Pradesh on EPC mode.,Andhra Pradesh,MoRTH,2021-12,2024-05,2026-06,439.82,359.52,199.72,82,2026-05,FlashReport_May2026.pdf
801,618052,,10169,Gorantla - Hindupur section from Km 120/300 to 165/000 of NH716G in the State of Andhra Pradesh,Andhra Pradesh,MoRTH,2024-10,2027-08,2027-08,808.7,808.7,0,18.72,2026-05,FlashReport_May2026.pdf
802,618053,,10170,Muddanur to B. Kothapalli section of NH-716G from Km. 0/000 to Km. 56/500 56.500 Km in the State of Andhra Pradesh on EPC mode Job no. 741,Andhra Pradesh,MoRTH,2024-10,2027-08,2027-08,1019.97,1019.97,0,26.07,2026-05,FlashReport_May2026.pdf
803,618062,N24002147,,Dornala to Kunta Junction from Design Chainage Km 244000 to 267990 section of NH-765 Package-2,Andhra Pradesh,MoRTH,2022-12,2025-09,2026-01,244.83,244.83,0,99.64,2026-05,FlashReport_May2026.pdf
804,618101,,10181,Kondamodu to Perecherla Section Design Ch. Km 000 to Km 49917 of NH-167AG to to 4LPS,Andhra Pradesh,MoRTH,2024-10,2027-04,2027-04,881.61,881.61,0,37.95,2026-05,FlashReport_May2026.pdf
805,618103,,,Rehabilitation and upgradation from Km 22300 to 58635 of MudireddyPalle to Kadapa/Nellore Border via porumamilla Section of NH 167 Two Lane with paved Shoulder in,Andhra Pradesh,MoRTH,2022-03,2026-04,2026-06,279.29,279.29,159.13,90.33,2026-05,FlashReport_May2026.pdf
806,618125,,,Rehabilitation and upgradation of NH 326A from km 0/0 to 41/979 excluding km 2/255 to 3/372 and km 36/820 to 38/275 Odisha border to Narasamapeta to two lane with paved Shoulders in the State of Andhra Pradesh under NHO on EPC Mode,Andhra Pradesh,MoRTH,2018-03,2020-03,2025-10,228.32,228.32,44.45,100,2026-05,FlashReport_May2026.pdf
807,618145,N24001263,10190,Widening to two lane with paved shoulder of Rampachodavaram - Koyyuru section of NH 516E from Km 43700 to Km 113820 in the State of Andhra Pradesh on EPC mode Job No. 737,Andhra Pradesh,MoRTH,2022-03,2025-01,2026-04,568.12,568.12,303.13,98.63,2026-05,FlashReport_May2026.pdf
808,618161,N24001416,10194,Widening and Reconstruction of existing road to four lane from Km.56400 to Km 120300 i.e. from B.Kothapalli Junction to Gorantla excluding Kadiri Bypass from Km 70200 to Km 77105 of NH 716G in the State of Andhra Pradesh on EPC mode Job no. 742,Andhra Pradesh,MoRTH,2022-03,2025-12,2026-04,839.98,839.98,355.56,99.45,2026-05,FlashReport_May2026.pdf
809,618191,N24001951,,"Rehabilitation and upgradation of NH-167AD from Macherla to Dachepalli via Paluvai Junction, Rentachinthala, Gurazala from Km.0.000 to 43.659 to two lane with paved shoulders in the state of Andhra Pradesh job-729",Andhra Pradesh,MoRTH,2022-01,2025-01,2026-03,403.22,403.22,227.13,99.06,2026-05,FlashReport_May2026.pdf
810,618192,N24001942,,Duttalur at NH-565 Junction to Kavali Joining on NH-16 Chainage Km. 36/400 to Km. 107/224 excluding the stretch from Km 101.880 to 105.300 67.404 Km of NH-167BG from in the State of Andhra Pradesh on EPC mode,Andhra Pradesh,MoRTH,2021-03,2024-07,2026-04,423.67,423.67,0,94.65,2026-05,FlashReport_May2026.pdf
811,618193,,,Widening of Existing Road to Two Lane with Paved Shoulder Configuration from Km 0.00 to 26.000 & Km 45.200 To 59.622 Of NH 365BB in the State of Andhra Pradesh Under Annual Plan 2023-24 through EPC Mode,Andhra Pradesh,MoRTH,2024-01,2026-12,2026-12,368.63,368.63,37.59,22.55,2026-05,FlashReport_May2026.pdf
812,618194,N24000937,,Rehabilitation and upgradation of New NH 544DD from design Chainage Km. 56/000 to 102/20 of Kalyandrg - Molakalmuru Section,Andhra Pradesh,MoRTH,2018-03,2020-02,2025-09,294.13,285.29,312.39,98.52,2026-05,FlashReport_May2026.pdf
813,618236,,,Rehabilitation and Up-gradation of Dhindi - Digamarru section from Km 126/510 to Km 135/740 of NH -214New NH -216 and digamarru -Losari section from Km 0/000 tp Km 34/230 of NH-214 ANew Nh-216 to two lane with paved shoulder in the state of AP- NH,Andhra Pradesh,MoRTH,2016-02,2018-05,2023-11,316.06,288.76,220.75,100,2026-05,FlashReport_May2026.pdf
814,618237,N24000969,,Rehabilitation and Up-gradation of Pasarlapudi to Dhindi section from Km 105/170 to Km 126/510 of NH -214 New NH -216 to two lane with paved shoulder in the state of Andhra Pradesh under NHDP-IV,Andhra Pradesh,MoRTH,2017-03,2019-09,2025-09,263.45,263.45,151.56,98.4,2026-05,FlashReport_May2026.pdf
815,618238,N24000964,,Rehabilitation and Up-gradation of Thimmapuram to Gurajanapalli section from Km 26/150 to Km 41/161 of NH - 214 New NH - 216 to two lane with paved shoulder in the state of Andhra Pradesh under NHDP-IV,Andhra Pradesh,MoRTH,2016-08,2018-07,2026-07,350.61,432.91,233.92,98.2,2026-05,FlashReport_May2026.pdf
816,618239,,,"Rehabilitation & Upgradation of NH214New NH-216 from Km 34/230 to Km 84/550 Losari to Machavaram Section to two lane with paved shoulder in the state of Andhrapradesh under NHDP-IV through Engineering, Procurement& Construction EPC mode.",Andhra Pradesh,MoRTH,2016-03,2018-09,2025-07,445.22,459.37,0,98.6,2026-05,FlashReport_May2026.pdf
817,618254,N24002148,,Construction of Paderu bypass Km 0000 to Km 13000 of 2- lane with paved shoulder on NH-516E,Andhra Pradesh,MoRTH,2023-03,2026-07,2026-12,244.43,244.43,15.38,13,2026-05,FlashReport_May2026.pdf
818,618255,N24002142,,Two laning with paved shoulders of Lambasingi to Paderusection of NH 516E,Andhra Pradesh,MoRTH,2020-04,2025-11,2026-11,361.24,358.05,114.73,43.22,2026-05,FlashReport_May2026.pdf
819,618256,N24001958,,"Rehabilitation and Upgradation to 2-lane with paved should ders Sir, configuration of Chaprathipalem to Lambasingi section Km 165500 to Km 205000 of NH-516E in the State of Andhra Pradesh under Green National Highways Corridor Project GNHCP with the loan assistance of World Bank on EPC mode",Andhra Pradesh,MoRTH,2020-08,2024-10,2026-05,311.22,311.22,195.13,91.25,2026-05,FlashReport_May2026.pdf
820,618257,N24001957,,Rehabilitation and Upgradation to 2-lane with paved shoulders configuration of Koyyuru to Chaprathipalem section Km 120000 to Km 165500 of NH-516E in the State of Andhra Pradesh under Green National Highways Corridor Project GNHCP with the loan assistance of World Bank on EPC mode,Andhra Pradesh,MoRTH,2020-08,2024-07,2026-03,349.29,349.29,242.08,100,2026-05,FlashReport_May2026.pdf
821,618258,N24001956,,Two laning with paved shoulders of Gondiguda to Araku uptoBhallaguda section of NH 516E,Andhra Pradesh,MoRTH,2020-08,2023-09,2024-04,296.66,289.11,237.52,91.5,2026-05,FlashReport_May2026.pdf
822,618259,N24001386,,Two laning with paved shoulders of Paderu to GundigudaSection of NH 516E,Andhra Pradesh,MoRTH,2020-08,2023-03,2024-03,222.61,222.61,122.52,100,2026-05,FlashReport_May2026.pdf
823,618412,N24001256,10304,Construction of i Connecting Road from Z-Morh Tunnel to Zojila Tunnel Road Length 18.475km and ii 14.150 Km long 2-L Bi-directional single tube Zoji-la Tunnel across Zojila Pass on Sonamarg - Kargil section from Km 82 to Km 118 of NH-01 under PMDP,Andhra Pradesh,NHIDCL,2018-01,2026-09,2028-02,6808.69,6808.69,3215.86,66.05,2026-05,FlashReport_May2026.pdf
824,618475,N24001985,10334,Bangalore Chennai Expressway Phase-II Pkg-II from km.96.000 to Km 127.000 Baireddypalle to Bangarupalem section,Andhra Pradesh,National Highways Authority of India [NHAI],2021-02,2025-06,2026-10,2548.04,2548.04,1227.08,92.59,2026-05,FlashReport_May2026.pdf
825,618476,N24001821,10335,Bangalore Chennai Expressway Phase-II Pkg-III from km.127.000 to Km 156.000 Bangarupalem to Gudipala section,Andhra Pradesh,National Highways Authority of India [NHAI],2020-11,2024-10,2026-08,1407.33,1407.33,750.7,99.46,2026-05,FlashReport_May2026.pdf
826,618524,,,Construction of 6 lane elevated corridor including its approaches from Km. 629880 to Km. 634470 Design Chainage of NH-16 in Ranasthalam Town portion in the state of Andhra Pradesh on EPC Mode under NHO.,Andhra Pradesh,National Highways Authority of India [NHAI],2024-07,2027-03,2027-08,257.98,192.85,46.52,34.6,2026-05,FlashReport_May2026.pdf
827,618525,,,Construction of flyover at Gammon Junction at Km.903.265 on NH16 including vent at Diwancheruvu junction at Km.902.308 Blackspot ID No.AP03299 in Andhra Pradesh on EPC mode under NHO,Andhra Pradesh,National Highways Authority of India [NHAI],2025-03,2027-10,2027-10,326.61,223.29,20.21,8.8,2026-05,FlashReport_May2026.pdf
828,618526,,10377,6L of Gundugolanu Design km 1023.280 to Kalaparru Design km 1050.680 of NH-5 New NH-16,Andhra Pradesh,National Highways Authority of India [NHAI],2018-10,2021-07,2026-08,665.59,665.59,512.1,95.73,2026-05,FlashReport_May2026.pdf
829,618527,N24001301,10378,Six Laning of Vijayawada Bypass from Gollapudi to Chinnakakani in Vijayawada - Gundugolanu Section from km. 30.00 to km. 47.881 Pkg-IV,Andhra Pradesh,National Highways Authority of India [NHAI],2020-01,2024-01,2026-06,1194.57,1757.82,862.59,99.92,2026-05,FlashReport_May2026.pdf
830,618579,,10415,6L of Anandapuram Pendurthi Anakapalli Section from km. 681.000 to km. 731.780 of NH-16,Andhra Pradesh,National Highways Authority of India [NHAI],2018-01,2021-07,2026-06,2527,2957.25,1012.02,100,2026-05,FlashReport_May2026.pdf
831,618629,,,Nandigama Bypass and Kanchikacherla bypass,Andhra Pradesh,National Highways Authority of India [NHAI],2017-11,2019-06,2026-09,416.07,444.58,110.65,98.47,2026-05,FlashReport_May2026.pdf
832,618633,,12088,4L of Kadapa China Orampadu section of NH-716 Package I of Kadapa-Renigunta section,Andhra Pradesh,National Highways Authority of India [NHAI],2022-12,2028-03,2028-03,1732.66,1732.66,0.03,1,2026-05,FlashReport_May2026.pdf
833,618682,,10485,6L Korlam-Kantakapalle Section of NH-130CD Road from Km 421.100 to Km 445.100 Pkg-3,Andhra Pradesh,National Highways Authority of India [NHAI],2021-02,2024-02,2026-07,1112.7,1127.63,823.69,99.26,2026-05,FlashReport_May2026.pdf
834,618700,N24001824,10500,Renigunta - Poyya - Naidupeta km 124.60 to km 183.4 of NH 71,Andhra Pradesh,National Highways Authority of India [NHAI],2020-03,2024-01,2026-09,1863.09,2510.14,1490.28,98.6,2026-05,FlashReport_May2026.pdf
835,618712,N24001841,10507,6L Access Controlled Greenfield Highway from Kodur Ch. 0000 to Vanavolu Ch. 24300 of [NH-544G] Package-1,Andhra Pradesh,National Highways Authority of India [NHAI],2023-01,2026-02,2027-03,912.94,798.25,333.4,86.23,2026-05,FlashReport_May2026.pdf
836,618713,N24001846,10508,6L Access Controlled Greenfield Highway from Yerragudipadu Ch. 129000 to Audireddipalle Ch. 160000 of [NH 544G] Package-6,Andhra Pradesh,National Highways Authority of India [NHAI],2023-02,2026-02,2027-11,1200.42,1019.69,259.18,42.51,2026-05,FlashReport_May2026.pdf
837,618714,N24001845,10509,6L Access Controlled Greenfield Highway from Nallacheruvu palli Ch. 96300 to Yerragudipadu Ch. 129000 of [NH-544G] Package-5,Andhra Pradesh,National Highways Authority of India [NHAI],2022-02,2026-02,2027-06,1253.26,1095.78,339.35,63.52,2026-05,FlashReport_May2026.pdf
838,618715,N24001844,10510,6L Access Controlled Greenfield Highway from Odulapalle Ch. 72000 to Nallacheruvu- palli Ch. 96300 of [NH-544G]Package-4,Andhra Pradesh,National Highways Authority of India [NHAI],2023-01,2026-02,2027-04,1058.9,946.1,377.91,75.63,2026-05,FlashReport_May2026.pdf
839,618716,N24001843,10511,6L Access Controlled Greenfield Highway from Vankarakunta Ch. 45700 to Odulapalle Ch. 72000 of [NH-544G]Package-3,Andhra Pradesh,National Highways Authority of India [NHAI],2022-12,2026-03,2027-03,992.91,888.07,320.04,75.54,2026-05,FlashReport_May2026.pdf
840,618717,N24001842,10512,6L Access Controlled Greenfield Highway from Vanavolu Ch. 24300 to Vankarakunta Ch. 45700 of [NH-544G] Package-2,Andhra Pradesh,National Highways Authority of India [NHAI],2023-01,2026-03,2027-02,750.81,626.91,226.47,84.72,2026-05,FlashReport_May2026.pdf
841,618718,,10513,6L Access Controlled Greenfield Highway from Kavulakuntla Ch. 196000 to Narayanmpet Ch. 203500Package-09,Andhra Pradesh,National Highways Authority of India [NHAI],2023-02,2027-02,2027-12,1092.18,956.4,200.12,41.6,2026-05,FlashReport_May2026.pdf
842,618719,N24001848,10514,6L Access Controlled Greenfield Highway from Mallapalle Ch. 176000 to Kavulakuntla Ch. 196000 Package-08,Andhra Pradesh,National Highways Authority of India [NHAI],2023-02,2026-02,2027-07,909.02,751.81,273.33,58.08,2026-05,FlashReport_May2026.pdf
843,618720,N24001847,10515,6L Access Controlled Greenfield Highway from Audireddipalle Ch. 160000 to Mallapalle Ch. 176000Package-07,Andhra Pradesh,National Highways Authority of India [NHAI],2023-02,2026-03,2027-04,987.1,848.06,319.74,67.98,2026-05,FlashReport_May2026.pdf
844,618721,N24002123,10516,6L Access Controlled Greenfield Highway from Chandrasekharapuram Ch. 228000 to Polavaram Ch. 260000of [NH-544G] Package-11,Andhra Pradesh,National Highways Authority of India [NHAI],2023-02,2026-02,2027-08,1292.65,1110.33,319.98,58.8,2026-05,FlashReport_May2026.pdf
845,618748,N24001476,10535,Khammam-Devarapalle Pkg IV [4L Access Controlled Greenfield from Recherla village to Gurvaygudem village Design Chainage 105236 to 132664],Andhra Pradesh,National Highways Authority of India [NHAI],2020-11,2024-09,2025-05,569.37,752.02,355.88,100,2026-05,FlashReport_May2026.pdf
846,618749,N24001477,10536,Khammam-Devarapalle Pkg V [4L Access Controlled Greenfield from Gurvaygudem village to Devarapalle village Design Chainage 132664 to 162126,Andhra Pradesh,National Highways Authority of India [NHAI],2020-12,2024-09,2026-06,711.94,926.48,423.04,99.66,2026-05,FlashReport_May2026.pdf
847,618759,N24001849,10541,4L PS Mydukur - Badvel from Km 585.820 to Km 630.960 of NH-67,Andhra Pradesh,National Highways Authority of India [NHAI],2022-05,2025-09,2026-10,1063.57,1103.87,502.82,90.4,2026-05,FlashReport_May2026.pdf
848,618777,N24001986,10553,4L of Pileru to Kalur Section from Km 55.900 to Km 92.800 & Km 94.500 to Km 95.717 of NH-71Package-II,Andhra Pradesh,National Highways Authority of India [NHAI],2022-03,2025-11,2026-08,1877.47,592.85,246.34,98.84,2026-05,FlashReport_May2026.pdf
849,618778,N24001823,10554,4L of Madanapalle to Pileru Section from Km 0.000 to Km 55.900 of NH-71Package-I,Andhra Pradesh,National Highways Authority of India [NHAI],2022-02,2025-01,2026-06,1877.47,1994.1,1147.49,94.9,2026-05,FlashReport_May2026.pdf
850,618803,N24001856,10572,Development of 4L Road from Samarlakota to Achampeta Junction as part of Kakinada Port Connectivity to NH-16 Rajanagaram Junction in East Godavari District,Andhra Pradesh,National Highways Authority of India [NHAI],2022-09,2025-08,2026-11,645.63,750.2,604.48,90.98,2026-05,FlashReport_May2026.pdf
851,618804,N24000811,,Dedicated Port road to Krishnapatnam Port Package-I from Km. 0.000 to Km. 18.000,Andhra Pradesh,National Highways Authority of India [NHAI],2018-03,2020-12,2027-03,348.72,341.36,184.68,78.95,2026-05,FlashReport_May2026.pdf
852,618805,,11880,6L Connectivity to Port Road from Sabbavaram Sheelanagar-NH516C,Andhra Pradesh,National Highways Authority of India [NHAI],2024-12,2028-02,2028-02,977.33,977.33,64.78,5,2026-05,FlashReport_May2026.pdf
853,618806,,10573,Improvement of 4L road to 6L road and 4L dedicated Port Roads for the Port connectivity road from Convent junction to Sheelanagar Junction,Andhra Pradesh,National Highways Authority of India [NHAI],2023-01,2026-02,2026-12,685.99,680.21,466.29,79,2026-05,FlashReport_May2026.pdf
854,618807,N24001979,10574,"4L Greenfield Road connecting North and South industrial cluster of Khandaleru Creek near Krishnapatnam port at Thamminapatnam to Mollur from Km 0.0 to Km 16.046, Part I & 6L extension of dedicated port road of NH-67 Km 18.0 to Km 19.3, Part II",Andhra Pradesh,National Highways Authority of India [NHAI],2022-08,2025-09,2027-01,609.43,559.98,535.32,81.81,2026-05,FlashReport_May2026.pdf
855,618826,N24001980,10590,4 Laning of NH-544D from Km 0.000 to km 37.000 of Anantapur- Muchukota section Pkg-1,Andhra Pradesh,National Highways Authority of India [NHAI],2022-10,2025-07,2026-08,907.76,905.98,450.16,91.97,2026-05,FlashReport_May2026.pdf
856,618827,N24001983,10591,4 Laning of NH-544D from Km 37.000 to km 69.000 of Muchukota- Bugga section Pkg-2,Andhra Pradesh,National Highways Authority of India [NHAI],2022-10,2025-08,2026-12,1097.57,1055.23,388.54,82.05,2026-05,FlashReport_May2026.pdf
857,618919,N24001984,10665,4L PS from Mandlem Existing Km. 38.000/Design Km.30.600 to Atmakur Existing Km.73.000/Design Km 66.115 of NH340C Package2,Andhra Pradesh,National Highways Authority of India [NHAI],2023-03,2025-11,,887.28,913.03,374.39,99.94,2026-05,FlashReport_May2026.pdf
858,618920,,10666,Access Controlled Highway of 4 Lane with Paved Shoulders from TN/AP Border Design Chainage Km 6151 to Puttur Design Chainage Km 81540 of NH-716 & 6 Lane with Paved Shoulders from Mallavaram to Renigunta,Andhra Pradesh,National Highways Authority of India [NHAI],2024-03,2026-12,2027-03,1346.82,1260.37,171.28,36.49,2026-05,FlashReport_May2026.pdf
859,619076,,11766,Six Laning of Vijayawada Bypass from Chinna Avutapalli to Gollapudi in Vijayawada - Gundugolanu Section from km. 0.00 to km. 30.00 Pkg-III,Andhra Pradesh,National Highways Authority of India [NHAI],2020-01,2023-02,2026-09,1581.24,1883.71,939.5,98.2,2026-05,FlashReport_May2026.pdf
860,619102,,12087,4 L of China Orampadu-Renigunta section of NH-716 Package-II of Kadapa- Renigunta section,Andhra Pradesh,National Highways Authority of India [NHAI],2022-12,2028-03,2028-03,1500.11,1500.11,0.17,0,2026-05,FlashReport_May2026.pdf
861,619111,N24001837,11785,6L Jakkuva Korlam Section of NH-130CD Road from km 396.800 to km 421.100 Pkg 2,Andhra Pradesh,National Highways Authority of India [NHAI],2021-02,2024-03,2026-06,840.51,840.51,573.89,99.32,2026-05,FlashReport_May2026.pdf
862,619112,N24001836,11786,6L Kantakapalle Sabbavaram Section of NH-130CD Road from Km 445.100 to Km 464.662 Pkg-4,Andhra Pradesh,National Highways Authority of India [NHAI],2021-02,2024-10,2026-12,1012.57,1012.57,569.75,81.06,2026-05,FlashReport_May2026.pdf
863,619123,N24002122,11792,6L Access Controlled Greenfield Highway from Narayanmpet Ch. 203500 to Chandrasekharpuram Ch. 228000Package-10,Andhra Pradesh,National Highways Authority of India [NHAI],2023-02,2026-02,2027-07,813.66,678.21,196.9,65,2026-05,FlashReport_May2026.pdf
864,619124,N24002124,11793,6L Access Controlled Greenfield Highway from Polavaram Ch. 260000 to Marripudi Ch. 285500 of [NH-544G]Package-12,Andhra Pradesh,National Highways Authority of India [NHAI],2023-02,2026-02,2027-05,747.29,626.83,227.97,70.2,2026-05,FlashReport_May2026.pdf
865,619125,N24002126,11794,6L Access Controlled Greenfield Highway from Somavarappadu Ch.314.600 to Muppavaram Ch.343240 of [NH-544G] Package-14,Andhra Pradesh,National Highways Authority of India [NHAI],2023-02,2026-02,2027-10,1103.9,943.66,207.82,44.1,2026-05,FlashReport_May2026.pdf
866,619126,N24002125,11795,6L Access Controlled Greenfield Highway from Marripudi Ch. 285500 to Somavarappadu Ch. 314600 of [NH-544G] Package-13,Andhra Pradesh,National Highways Authority of India [NHAI],2023-02,2026-02,2027-04,976.41,798.71,332.94,73,2026-05,FlashReport_May2026.pdf
867,619140,N24001981,11806,6L of Naidupeta Junction - Turpukanupur Section from km 57.046 to km 91.927,Andhra Pradesh,National Highways Authority of India [NHAI],2022-08,2025-10,2027-10,1398.84,965.58,334.61,48.9,2026-05,FlashReport_May2026.pdf
868,619141,N24002033,11807,Construction of four lane access controlled highway from Chillakuru cross road to Turpu KanupurPart 1 of Package - II km 0.000 131.500 of NH - 16 to km 23.770 on New NH-516W including six lane flyover and approaches on NH-16 length km 1.050 and six lane access controlled from Turpu Kanupur to Port South Gate Part 2 of Package - II km 23.770 to km 35.015 on New NH-516W in the state of Andhra Pradesh on HAM Mode under Bharatmala Pariyojana Phase I,Andhra Pradesh,National Highways Authority of India [NHAI],2022-08,2025-12,2026-03,864.2,844.39,305.44,54.11,2026-05,FlashReport_May2026.pdf
869,619160,,,Balance works in AP Portion and punch list items in TN & AP portion of NH-205,Andhra Pradesh,National Highways Authority of India [NHAI],2022-10,2025-01,2026-01,166.52,113.46,98.26,100,2026-05,FlashReport_May2026.pdf
870,617892,N24001297,,Construction of 2-lane road of Potin to Pangin section of NH-13 from Km 163.59 to Km 206.66 Package-5 on EPC Mode in the State of Arunachal Pradesh under Arunachal Pradesh Package of Roads and Highways of SARDP-NE [Job No SARDP-NE/P- P/Pkg-A/NH-13/Ar.Pr./PWD/2018-19/116],Arunachal Pradesh,MoRTH,2019-03,2023-11,2026-07,450.65,450.65,308.61,96.61,2026-05,FlashReport_May2026.pdf
871,618033,N24001375,,4-Laning of Itanagar to Bandardewa section of NH-415from km 40430 to km 51735 Package-Bon EPC Mode in the state of Arunachal Pradesh Job NO. 415/Ar. P/2020- 21/031,Arunachal Pradesh,MoRTH,2020-06,2024-12,2026-07,496.47,496.47,165.43,51.37,2026-05,FlashReport_May2026.pdf
872,618401,,10300,"Construction of Intermediate Lane with Hard Shoulder of Hunli to Hayuliang Package- III from design Km 60.000 to Km 121.500 Design Length 61.500 km, Greenfield Section of Frontier Highway NH-913 in the State of Arunachal Pradesh on EPC Mode Pkg-3",Arunachal Pradesh,NHIDCL,2024-02,2028-07,2028-07,1418.67,1418.67,0,1.7,2026-05,FlashReport_May2026.pdf
873,618402,N24002222,10301,"Construction of Intermediate Lane with Hard Shoulder of Hunli to Hayuliang from Design Km 0.000 to Km 53.000 Design Length 53.000 km, Greenfield Section of Frontier Highway NH-913 in the State of Arunachal Pradesh on EPC Mode Package-I",Arunachal Pradesh,NHIDCL,2024-02,2028-02,2028-03,1262.43,1262.43,233.94,17.15,2026-05,FlashReport_May2026.pdf
874,618403,N24002223,,Construction of Intermediate Lane Road with hard shoulder from design Km 0.000 to Km 17.387 Total length 17.387 km of Hunli to Ithun Bridge section on NH-913 Frontier Highway in State of Arunachal Pradesh on EPC mode under NHO-NE,Arunachal Pradesh,NHIDCL,2024-02,2027-01,2027-01,275.5,275.5,0,49.83,2026-05,FlashReport_May2026.pdf
875,618404,,10302,Construction of lntermediate Lane Road with hard shoulder from design chainage Km 0.000 to Km 53.040 Existing Length68.500 Km & Total Design length 53.04 km of Tato to Monigong section of NH-913 Frontier Highway on Nafra Bomdila to Vijaynagar along China border in state of Arunachal pradesh on EPC mode,Arunachal Pradesh,NHIDCL,2023-12,2027-11,2027-11,625.61,625.61,0,21.67,2026-05,FlashReport_May2026.pdf
876,618405,N24002224,10303,"Construction of Intermediate Lane of Pango to Jorging Road from 0000 to Design Km Design Km 40000 Design Length 40.00 Km, Pkg-l, Greenfield Alignment in the State of Arunachal Pradesh on EPC mode Pkg-1",Arunachal Pradesh,NHIDCL,2024-01,2027-07,2027-07,898.19,898.19,0,39.5,2026-05,FlashReport_May2026.pdf
877,618432,N24001390,,Construction of Balance work of 2-Lane with PS of Joram-Koloriang Road NH-713 on EPC basis from Design Km 44.989 to Km 61.547 Existing Km 50.050 to Km 70.000 in the state of Arunachal Pradesh under SARDP-NE Pkg-3,Arunachal Pradesh,NHIDCL,2017-02,2022-04,2023-07,228.72,228.72,0,99.52,2026-05,FlashReport_May2026.pdf
878,618433,N24001393,,Construction of Balance work of 2-Lane with PS of Joram Koloriang Road from existing Km122.600 to km138.00 [Design Km108.724 to Km123.714] in Arunachal Pradesh on EPC Mode under SARDP-NE Pkg-7,Arunachal Pradesh,NHIDCL,2017-02,2022-04,2026-04,184.89,184.89,0,99.69,2026-05,FlashReport_May2026.pdf
879,618434,N24000946,10309,Roing-Hunli Road Greenfield Alignment Project,Arunachal Pradesh,NHIDCL,2017-02,2022-03,2026-06,1718.59,1718.59,178.84,82.28,2026-05,FlashReport_May2026.pdf
880,618445,,,Construction of 2-Laning with hard shoulders of Demwe-Brahmakund section of NH- 13 from Ch.0.00 km to 18.464 km on EPC under SARDP-NE NHO-NE -Balance Work,Arunachal Pradesh,NHIDCL,2020-08,2027-12,2027-12,353.9,353.9,0,18.63,2026-05,FlashReport_May2026.pdf
881,619014,,,"lmprovement and Widening to 2 lane with paved Shoulder of NH-15 old NH-52 from Existing Km 770.600 Design Km 24.819 to Existing km 805.750 Design Km 59.885 Kamlang T-Junction to Chowkham, Existing Length 35.150 Km, Design Length-35.066 Km in the state of Arunachal Pradesh on EPC mode Pkg-2",Arunachal Pradesh,NHIDCL,2023-12,2028-02,,316.73,316.73,0,1.71,2026-05,FlashReport_May2026.pdf
882,617895,N24001840,10132,Construction of Mangaldoi Bypass NH-15 starting at Ch 26400 and terminating at Ch 41505 under Rangia NH Division L 15.105 Km in the State of Assam. Job No. 15/AS/2021-22/234,Assam,MoRTH,2022-03,2025-04,2026-12,535.03,535.03,181.49,75.65,2026-05,FlashReport_May2026.pdf
883,617896,N24002237,,"Construction of 4 lane Gauripur Bypass Starting bfrom Km 852.56 of NH- 31Dumardoha Pt-II and Terminating at Km 862.17 Baladmara via. Khudimari Pt.- II, Fulkumari, Charaldanga, Sajuakuti,Geramari Pt.-III and finally meeting at km 862.17 of NH-17New/ NH-31Old in the State of Assam under EPC Mode Job no. 31/AS/ 2023- 24/265",Assam,MoRTH,2024-03,2026-10,2026-10,421.15,421.15,0,18.3,2026-05,FlashReport_May2026.pdf
884,618034,N24002238,,Construction of 2 lane Barpeta Bypass from Km 77900Baradi to Km 86150 Deurikuchi Length8.25Km on NH-427 in the state of Assam under EPC ModeJob No.427/AS/2022-23/245,Assam,MoRTH,2023-03,2026-08,2026-08,173.65,173.65,8.07,20,2026-05,FlashReport_May2026.pdf
885,618159,,,"Construction of new 2 Lane with paved shoulders of NH Standards from km 0.080 to km 11.690 L11.610 km in Majuli and from km 19.715 to km 27.484 L 7.769 km in Jorhat on the newly declared NH 715K and construction of 1.10 km flyover on NH-715 with its approaches and service roads L1.10 km, Total Length 20.479 km in the State of Assam Job No. 715K/AS/2023-24/256",Assam,MoRTH,2024-02,2027-03,2027-03,382.1,382.1,25.58,5.24,2026-05,FlashReport_May2026.pdf
886,618160,,,"Construction of 2 lane Major Bridge including approaches over Brahmaputra between Majuli on North Bank and Jorhat on South Bank from km. 11.690 to km. 19.715 length of bridge 6,812.5m Package - II on NH-715K in the state of Assam Job no. 715/AS/2020-21/213",Assam,MoRTH,2025-03,2027-12,2027-12,1019.17,1019.17,0,2.41,2026-05,FlashReport_May2026.pdf
887,618282,N24002023,10237,4-L Bilasipara-Guwahati Package-10,Assam,NHIDCL,2023-03,2026-06,2027-03,1264.9,1264.9,470.6,62.16,2026-05,FlashReport_May2026.pdf
888,618283,N24002022,10238,4-L Bilasipara-Guwahati Package-9,Assam,NHIDCL,2023-03,2026-06,2027-03,1000.27,1000.27,417.06,54.68,2026-05,FlashReport_May2026.pdf
889,618284,N24002021,10239,Widening/Improvement to 4-Lane with paved shoulder from Km 99930 to Km 143680 Design Chainage 96000 to 139750 of Paikan to Dhupdhara Sahar of Bilasipura- Guwahati Road on NH-17 in the state of Assam on EPC mode under Bharatmala Pariyojana in Economic Corridors Project Length 43.750km under NHO-NE Package- 8,Assam,NHIDCL,2023-03,2026-12,2026-12,1457.59,1457.59,847.08,79.91,2026-05,FlashReport_May2026.pdf
890,618285,N24001368,,Widening/Improvement to 4 -Lane with Paved Shoulder from Ch. 88.000km to Ch.99.930 km Design Ch.84.100km to Ch.96.000 km of Sagunbashi forest near Nichinta to starting of Krishnai Bypass Section of Bilasipura Guwahati road NH 17 on EPC Package-7,Assam,NHIDCL,2021-03,2025-10,2026-01,286.72,286.72,186.64,100,2026-05,FlashReport_May2026.pdf
891,618286,N24001434,10240,Construction of New 2-Lane Bridge with its approaches from km 0000 to Km 4385 across River Brahmaputra on NH-17 at Jogighopa in Assam on EPC mode,Assam,NHIDCL,2021-09,2024-11,2026-12,746.76,746.76,417.02,79.23,2026-05,FlashReport_May2026.pdf
892,618287,N24002229,10241,"Widening/Improvement to 4-Lane with paved Shoulder from Ch. 25.633 Km to Ch. 52.470 Km Design Ch. 21.850 Km to Ch.48.670 Km for Package-2 of Bilasipura- Guwahati road NH-17 Section Near Mowatari, before Chapar Bypass to Tulungia junction with NH-17 in the state of Assam on HAM mode under NHO-NE Package-2",Assam,NHIDCL,2023-11,2027-06,2027-06,1338.61,1338.61,0,12.45,2026-05,FlashReport_May2026.pdf
893,618288,N24002225,10242,"Widening/lmprovement to 4-Lane with Paved Shoulder from Ch.5.580 Km to Ch.25.633 Km Design Ch.0.000 Km to Ch.17.737km Km 901.100 to Km 921.145 of old NH-31 of Bilasipara- Guwahati road NH-17 Section Near Chirakuta to near Mowatari, before Chapar Bypass in the state ol Assam on HAM mode Package-1",Assam,NHIDCL,2024-02,2027-08,2027-08,1081.15,1081.15,0,30.8,2026-05,FlashReport_May2026.pdf
894,618289,N24001246,,Construction and up gradation to 4-Lane of existing two lane with paved shoulder from Hapachara to Tulungia road of NH-117 of existing Km 0.00 to km 14.050 and Design Km 0.000 to km 14.660 under BMP on EPC mode,Assam,NHIDCL,2020-03,2022-12,2026-03,224.85,224.85,204.31,97.76,2026-05,FlashReport_May2026.pdf
895,618308,N24002154,10247,Construction of 4-Lane Panchgram Bypass from Design Chainage km 15500 on NH- 37 Old NH-53 at Kalinagar Pt.-I Village to Design Chainage km 27300 at crossing with NH-6 Old NH-44 Near Siddeswar Pt.-I Village on Silchar - Churaibari stretch in the State of Assam on EPC Mode under Bharatmala Pariyojana in Economic Corridors Silchar- Churaibari Package-2,Assam,NHIDCL,2023-03,2027-02,2027-02,676.18,728.97,0,57.17,2026-05,FlashReport_May2026.pdf
896,618309,,10248,Widening/lmprovement to 4-Laning and Greenfield alignment with Paved shoulder of Silchar-Badarpur Churaibari section of NH-37 & NH-8 from Design chainage 38.600 End point of proposed Badarpur Bypass to Km. 62.800 Start point of proposed Nilambazar/Cheragi Bypass in the state of Assam on HAM Mode Package-4,Assam,NHIDCL,2024-02,2027-08,2027-08,1319.55,1319.55,0,14.6,2026-05,FlashReport_May2026.pdf
897,618310,N24002231,10249,Widening/lmprovement to 4-L of Karimgani - sutarkandi section of NH 37 from design Ch 0020 Start of proposed Karimganj Bypass from NH -8 to design Chainage Km 14380 near Sutarkandi Spur Connectivity to Indo/Bangladesh Border on Silchar- Churaibari in the State of Assam on HAM Mode Package-7,Assam,NHIDCL,2024-02,2027-02,2027-02,791.79,791.79,0.06,40.4,2026-05,FlashReport_May2026.pdf
898,618311,N24002230,10250,Widening/lmprovement to 4-Lane with Paved shoulder for existing as well as Greenfield alignment of Badarpur Churaibari section of NH-8 from Design chainage 87.700 Chandkhira to Km. 106.500 Churaibari section Assam-Tripura border in the state of Assam on HAM Mode Package-6,Assam,NHIDCL,2024-03,2027-03,2027-03,870,870,0,31.83,2026-05,FlashReport_May2026.pdf
899,618312,N24002243,10251,Widening/lmprovement to 4-Lane with Paved Shoulder from existing road and Greenfield alignment form Design Ch. 62.800 start of proposed Nilambazar/Cheragi Bypass to Design Ch. 87.700 near Chandkhira Village of NH-8 on Silchar-Churaibari in the state of Assam on HAM Mode Package-5,Assam,NHIDCL,2024-02,2027-10,2027-10,1258.13,1258.13,0,11,2026-05,FlashReport_May2026.pdf
900,618313,,10252,Widening/lmprovement of Existing 2 lane to 4-Laning of Karimganj-Silchar section of NH-37 from Design Ch 0.000 near Silchar ISBT to Design Ch 15.970 near Kalinagar Pt I on NH-37 in Assam on HAM Mode Pkg-1,Assam,NHIDCL,2024-03,2027-09,2027-09,1181.55,1181.55,0,0,2026-05,FlashReport_May2026.pdf
901,618314,N24002128,10253,4-Laning of Dhanehari Lailapur / Vairengte section from Existing Chainage km 12920 to km 43000 of NH 306 Design Chainage km 20000 to km 49360 on Silchar - Vairengte Sairang road in the State of Assam under Bharatmala Pariyojna on EPC mode. Project Length 29.360 km under NHO-NE Package-2,Assam,NHIDCL,2023-03,2026-08,2026-08,1716.21,1716.21,937.33,79.34,2026-05,FlashReport_May2026.pdf
902,618315,N24002127,10254,4-Laning of Silchar - Dhanehari section from Existing Chainage km 263800 of NH 37 to km 12920 of NH 306 Design Chainage km 0000 to km 20000 on Silchar - Vairengte - Sairang road in the State of Assam under Bharatmala Pariyojna on EPC mode Package-1,Assam,NHIDCL,2023-02,2026-07,2026-07,1256.9,1256.9,551.61,55.46,2026-05,FlashReport_May2026.pdf
903,618325,N24001537,,Dillai to Lahorijan Package-7,Assam,NHIDCL,2021-11,2024-07,2025-12,204.1,204.1,0,0,2026-05,FlashReport_May2026.pdf
904,618326,N24001450,10261,Widening/Improvement to 4-Lane with Paved Shoulder from KM 38500 to Km 51246 Design Chainage 38500 to 50959 with proposed Daboka Bypass of Daboka- Parokhaowa of NH 29 on EPC under NHO-NE Package-1,Assam,NHIDCL,2023-01,2025-11,2026-06,516.88,516.88,0,98.41,2026-05,FlashReport_May2026.pdf
905,618327,N24001450,10262,Widening/Improvement to 4-Lane with Paved Shoulder from KM 113300 to Km 146230 Design Chainage 113830 to 145712 of Kwaram Taro Village - Dillai Section in Assam on EPC Package-6,Assam,NHIDCL,2021-09,2024-07,2025-03,625.64,625.64,0,0,2026-05,FlashReport_May2026.pdf
906,618330,N24001263,10265,Construction of 4/6 Laning from existing Km 159.400 of NH-36 to existing Km 102.500 of NH-39 and upto end point of Assam portion [Design Km 118.050 to design Km 132.375] Total New Alignment length of 14.325 Km of Daboka -Dimapur Section Dimapur Bypass in the state of Assam under SARDP-NE 'Phase-A' on EPC mode Assam Portion,Assam,NHIDCL,2018-03,2022-11,2025-09,511.02,511.02,647.21,100,2026-05,FlashReport_May2026.pdf
907,618331,N24002226,10266,lmprovement to 4-Lane with Paved Shoulder from existing km 260000 Design Ch.4560 km to existing km Ch.233000 D. Ch.24560 of Silchar near Nutan Dayapur village - Budha Nagar Section Length-20.00 Km of NH-37 under Package Silchar- Jiribam Pkg-1 in the state of Assam on HAM Mode,Assam,NHIDCL,2024-01,2028-01,2028-01,957.95,957.95,149.54,36.56,2026-05,FlashReport_May2026.pdf
908,618339,N24002025,,Widening/Improvement to 2-Lane Lane with Paved Shoulder from km 16900 Bogapani to km 27150 Golai Goan on existing Dibrugarh to Ledo section with proposed Digboi Bypass Green Field and Brownfield 2-LanePS of NH-315 OLD NH-38 in Tinsukia District under NHO- NE Package-4,Assam,NHIDCL,2023-01,2026-12,,356.65,356.65,0,20.45,2026-05,FlashReport_May2026.pdf
909,618340,N24001419,,Widening/Improvement to 4-Lane with Paved Shoulder from km 626030 Nalani hulla Gaon to km 650450 Chotahapjan on existing Tinsukhia -Makum Bypass of NH-15 OLD NH-37 and Strengthening of existing NH-315 OLD NH-38 from Km 0000 Chotahapjan to Km 16900 Bogapani section 2-Lane PS in Assam on EPCMode under NHO-NE Package-3,Assam,NHIDCL,2023-01,2025-05,2026-07,458.59,458.59,236.85,85.15,2026-05,FlashReport_May2026.pdf
910,618351,N24001971,10273,Widening & Upgradation to 2 lanes with paved shoulders road from Tamenglong to Mahur NH-137 in the State of Assam starting from km 156.489 near P. Leikul to km 176.410 near Borowapu on EPC mode under NHO-NE Assam portion Package-10,Assam,NHIDCL,2023-03,2025-08,2026-09,890.33,693.15,588.02,90.5,2026-05,FlashReport_May2026.pdf
911,618352,N24001970,10274,Widening & Upgradation to 2 lanes with paved shoulders road from Tamenglong to Mahur NH-137 in the State of Assam starting from km 136.500 near Hejaichak to km 156.489 near P. Leikul Package-9 on EPC mode under NHO-NE Package-9,Assam,NHIDCL,2023-03,2025-08,2026-07,860.37,614.43,545.83,87.5,2026-05,FlashReport_May2026.pdf
912,618353,N24001969,10275,Widening & Upgradation to 2-lanes with paved shoulders road from Tamenglong to Mahur NH-137 in the State of Assam starting from km 116.480 near Hangrum to km 136.500 near Hejaichak Package-8 on EPC mode under NHO-NE Package 8,Assam,NHIDCL,2023-03,2025-08,2026-09,904.04,904.04,538.33,85.2,2026-05,FlashReport_May2026.pdf
913,618354,N24002130,10276,Wideinig & Upgradation to 2-lanes with paved shoulders road from Tamenglong to Mahur NH-137 in the State of Assam starting from km 96.870 near Jiri River to km 116.550 near Hangrum Package-7 on EPC mode Package7,Assam,NHIDCL,2023-12,2026-03,2026-12,846.82,846.82,0,85.29,2026-05,FlashReport_May2026.pdf
914,618371,N24001831,10285,"Widening/Improvement to 4-Lane with Paved Shoulder configuration of existing single lane road from Srirampur near Bhairiguri Village to Kachukhana Harichara Paglagaunj Package-I of Srirampur - Dhubri Section of NH-127B from existing Km 0.000 to Km 28.050 Design Km 0.000 to Km 27.650, Design Length27.650 Km under JICA ODA Loan assistance Phase-V -Balance work",Assam,NHIDCL,2022-03,2026-11,2026-11,613.89,613.89,260.02,84.98,2026-05,FlashReport_May2026.pdf
915,618372,N24001544,10286,"Widening / Improvement to 4-Lane with Paved Shoulder configuration of existing single lane road from Kachukhana Harichara Paglagaunj to Dhubri - Phulbari Bridge approach Package-II of Srirampur - Dhubri Section of NH-127B from existing Km 28.050 to Km 55.060 Design Km 27.650 to Km 54.154, Design Length26.504 Km under JICA ODA Loan assistance Phase-V [Srirampur - Dhubri Pkg-2]",Assam,NHIDCL,2022-03,2025-01,2025-06,909.02,909.02,638.5,100,2026-05,FlashReport_May2026.pdf
916,618373,N24001326,10287,"Construction of 4-Lane Bridge including approaches over River Brahmaputra between Dhubri on North Bank,Assam and Phulbari on south Bank,Meghalaya on NH-127B under JICA ODA Loan assistance Phase-III",Assam,NHIDCL,2019-05,2028-09,2028-09,4997.04,4997.04,2837.17,76.01,2026-05,FlashReport_May2026.pdf
917,618435,N24000438,,4-Laning from Rangagara to Kaliabor Tiniali from km 297.00 to km 315.315 of NH-37 on EPC basis under SARDP-NE in state of Assam,Assam,NHIDCL,2016-01,2020-04,2026-06,386.51,386.51,352.16,97.13,2026-05,FlashReport_May2026.pdf
918,618436,N24000431,10310,4-Laning of Jamugurihat to end of Biswanath Chariali By-Pass from Km 182.000 to Km 208.000 of NH-52 on EPC mode in state of Assam under SARDP-NE,Assam,NHIDCL,2015-03,2019-06,2025-07,599,599,405.1,100,2026-05,FlashReport_May2026.pdf
919,618437,N24000583,,"Construction of Balance Work of 4-Laning of NH-37 Section between End of Moran Bypass to Bogibeel junction near Lapetketa Km. 561.700-Km. 580.875 under SARDP- NE, Phase 'A' in the State of Assam on EPC mode Pkg-I Road works & Toll Plaza",Assam,NHIDCL,2016-01,2025-03,2025-08,274.34,274.34,93.43,100,2026-05,FlashReport_May2026.pdf
920,618438,N24000582,,"4-Laning of NH-37 Section between Demow to End of Moran Bypass From Km. 534.800 to Km. 561.700 including Emergency Landing Facility ELF under SARDP-NE, Phase 'A' in the State of Assam on EPC mode",Assam,NHIDCL,2016-01,2024-07,2025-08,385.57,385.57,145.89,100,2026-05,FlashReport_May2026.pdf
921,618439,N24000319,,"Construction of Balance Work of 4-Laning of the Section from Jorhat to Jhanji of NH- 37 Old from Km 453000 to Km 463000 10.000 Km, under SARDP- NE under EPC Mode in the state of Assam Pkg-I Road Works",Assam,NHIDCL,2024-01,2024-08,,478.3,478.3,0,96.79,2026-05,FlashReport_May2026.pdf
922,618440,N24000320,,"Construction of Balance Work of 4-Laning of the Section from Jhanji to Demow of NH- 37 Old from Km 490.800 to Km 534.800, under SARDP- NE on EPC Mode in the state of Assam Pkg- IV Structures & Toll Plaza",Assam,NHIDCL,2016-01,2025-10,,187.09,100.22,0,0,2026-05,FlashReport_May2026.pdf
923,618441,N24000320,,"Construction of Balance Work of 4-Laning of the Section from Jhanji to Demow of NH- 37 Old from Km 490.800 to Km 501.800 11.000 Km, under SARDP- NE under EPC Mode in the state of Assam Pkg-I Road Works",Assam,NHIDCL,2016-01,2025-09,,467.79,476.5,72.13,0,2026-05,FlashReport_May2026.pdf
924,618442,N24000319,,"Construction of Balance Work of the 4-Laning of the Section from Jorhat to Jhanji of NH-37 Old from Km 477.000 to Km 490800 13.800 Km, under SARDP- NE under EPC Mode in the state of Assam Pkg-III Road Works",Assam,NHIDCL,2024-01,2024-08,,358.72,358.72,0.07,99.05,2026-05,FlashReport_May2026.pdf
925,618443,N24000319,,"Construction of Balance Work of the 4-Laning of the Section from Jorhat to Jhanji of NH-37 Old from Km 463.00 to Km 477.000 14.000 Km, under SARDP- NE under EPC Mode in the state of Assam Pkg-II Road Works",Assam,NHIDCL,2024-01,2024-08,,438.44,438.44,0,95.86,2026-05,FlashReport_May2026.pdf
926,618444,N24000319,,"Construction of Balance Work of the 4-Laning of the Section from Jorhat to Jhanji of NH-37 Old from Km 453.000 to Km 490.800, under SARDP- NE , under EPC Mode in the state of Assam Pkg-IV Structures & Toll Plaza",Assam,NHIDCL,2024-01,2024-08,,279.01,279.01,0,94.73,2026-05,FlashReport_May2026.pdf
927,618454,N24002030,10313,"Earthwork in Formation, Road Work, Construction of Bridges, Blanketing, P. Way Linking works including Supply of P. Way Fittings and Track Ballast in connection with Construction of Railway Siding from Jogighopa Railway Station to MMLP at Jogighopa from Ch. 00 to 3760 on Item Rate basis Package -3, Railway Siding from Jogighopa Railway Station to MMLP",Assam,NHIDCL,2020-02,2022-06,2024-09,693.97,693.97,37.6,93.23,2026-05,FlashReport_May2026.pdf
928,618455,N24002030,10314,Development of External Trunk Connectivity and Internal Infrastructure Works at Multi Model Logistics ParkMMLP at Jogighopa in the State of Assam on EPC Mode Package-I Road and Utility Works,Assam,NHIDCL,2020-02,2022-04,2024-09,693.97,693.97,296.96,100,2026-05,FlashReport_May2026.pdf
929,618576,N24001545,,"6L Standalone Flyovers at Raha, Demow, Borghat, Kathiatali junctions and ROB at Jagiroad on stretches of NH 36 and NH 27",Assam,National Highways Authority of India [NHAI],2022-03,2024-06,,280.75,255.53,211.79,99.04,2026-05,FlashReport_May2026.pdf
930,618934,,,Guwahati Ring Road in the State of Assam,Assam,National Highways Authority of India [NHAI],2024-08,2030-01,2030-01,5729.47,5729.47,3.49,0,2026-05,FlashReport_May2026.pdf
931,618958,,10693,2L with ES of Yagyi - Kalewa section from Milepost 40/0 to Milepost 115/5 in Myanmar,Assam,National Highways Authority of India [NHAI],2017-12,2023-06,2027-07,1200.14,1200.14,0,52,2026-05,FlashReport_May2026.pdf
932,619013,N24000320,10807,"Construction of Balance Work of 4-Laning of the Section from Jhanji to Demow of NH- 37 Old from Km 501.800 to Km 514.800 13.000 Km, under SARDP- NE under EPC Mode in the state of Assam Pkg-II Road Works",Assam,NHIDCL,2014-10,2026-01,,508.76,542.87,58.12,47.34,2026-05,FlashReport_May2026.pdf
933,619057,N24002129,11755,Construction of 4-Lane Badarpur Bypass from Design Chainage km 27300 at crossing with NH-6 Old NH-44 Near Siddeswar Pt.-I Village to Design Chainage km 38600 on NH-37 Old NH-44 at Kandigram Chaita Village on Silchar - Churaibari stretch in the State of Assam on EPC Mode under Bharatmala Pariyojana in Economic Corridors Silchar- Churaibari Pkg-3,Assam,NHIDCL,2023-02,2026-08,2026-08,574.26,574.26,316.52,71.09,2026-05,FlashReport_May2026.pdf
934,619060,N24000320,11756,"Construction of Balance Work of 4-Laning of the Section from Jhanji to Demow of NH- 37 Old from Km 514.800 to Km 534.800 20.000 Km, under SARDP- NE under EPC Mode in the state of Assam Pkg-III Road Works",Assam,NHIDCL,2014-10,2025-09,,344.71,619.7,46.37,62.9,2026-05,FlashReport_May2026.pdf
935,619089,N24001547,11770,Balance work of 4L of NarimbangloJatinga Junction- Harangajoroad section from Km 0.000 to Km 49.230 of NH-27,Assam,NHAI,2022-03,2026-01,2026-07,1909.98,2745.74,1340.44,94.59,2026-05,FlashReport_May2026.pdf
936,617897,N24001879,,Construction of proposed 4Lane Revelgunj bypass NH-19 in the State of Bihar on EPC mode connecting NH 19 to 85 origin,Bihar,MoRTH,2022-03,2025-07,2026-10,295.24,295.24,33.07,83.48,2026-05,FlashReport_May2026.pdf
937,617958,N24001876,10151,Widening & Strenthening from km132.895 to km 190.15 NH-80,Bihar,MoRTH,2021-03,2024-11,2026-07,566.1,566.1,253.68,95.01,2026-05,FlashReport_May2026.pdf
938,617959,N24001875,,Rehabilitation & Widening work for 2 Lane with Paved Shoulder of Existing NH-80 from km 70.15 to Km 121.025 of Munger-Suttanganj -BhagatpurMirzachowki section on EPC Mode in the State of Bihar.,Bihar,MoRTH,2021-03,2025-01,,477.54,477.54,311.39,95.66,2026-05,FlashReport_May2026.pdf
939,617961,N24000579,10152,Gaya-Hisua-Rajgir-Nalanda-Biharsharif section km0.00 to 92.935 NH-82,Bihar,MoRTH,2014-01,2019-11,2026-07,1408.85,2138.16,0,97,2026-05,FlashReport_May2026.pdf
940,617966,N24000382,10153,Rehabilitation and Upgrading to 2 lanes/2-lane with paved shoulders configuration and strengthening of of Birpur and Bihpur Section from km 0.0 to Km 106 of NH 106 under phase I of National Highways Interconnectivity Improvement Projects NHIIP ICB No. NHIIP-BR-106-7 [NHIIP-BR-106-7],Bihar,MoRTH,2014-01,2019-10,2026-07,780.77,961.33,0.04,99.74,2026-05,FlashReport_May2026.pdf
941,617969,N24002193,,Construction of 4 Lane ROB and its approaches at the level crossing LC No 29 B of Km 29 Ekangarsarai at NH 110 New NH 33 & Railway Km 32.63 at Fatwa FUT Islampur IPR section in the state of Bihar on EPC mode.,Bihar,MoRTH,2023-03,2026-07,2026-09,201.08,201.08,0.01,60,2026-05,FlashReport_May2026.pdf
942,618004,N24001545,,Construction of Bhabhua Bypass from Ch. 10800Design Ch. 10800 to Ch. 19860 Design Ch. 18150 and Chand Bypass from Ch. 38060 Design Ch. 36250 to Ch. 40460 Design Ch. 38650 and widening of existing road to 2 - lane with Paved shoulder from Ch. 40460 Design Ch. 38650 to Ch. 46860 Design Ch. 45050 of NH-219 Total length- 16.150 Kmunder EPC mode in the state of Bihar,Bihar,MoRTH,2022-02,2026-07,2027-04,179.86,179.86,0,0.05,2026-05,FlashReport_May2026.pdf
943,618005,N24001647,,Sheohar-Sitamarhi Section km 40.000 to 79.400 km Lot-I,Bihar,MoRTH,2016-02,2018-05,2026-07,178.85,278.53,0,98.65,2026-05,FlashReport_May2026.pdf
944,618006,N24001590,10161,Sitamarhi-Jaynagar Section km 79.400 to km 156.500 Lot-II,Bihar,MoRTH,2016-02,2018-12,2026-07,369.77,503.28,0,98.78,2026-05,FlashReport_May2026.pdf
945,618007,N24001792,10162,Jaynagar-Narahia Section km 156.500 to km 219.945 Lot-III,Bihar,MoRTH,2016-02,2018-11,2026-07,553.3,706.39,0,99,2026-05,FlashReport_May2026.pdf
946,618073,N24002197,,Improvement to Two lane with Paved Shoulder from Junction of NH22 near Hajipur to Junction of NH -122 at Bachhwara via Mahnar and Mohiuddin Nagar from Km 0.00 to Km 29.730 of NH 122 B in the State of Bihar.,Bihar,MoRTH,2024-02,2026-02,2026-12,226.16,226.16,0,50,2026-05,FlashReport_May2026.pdf
947,618074,N24001870,10173,Pre construction activity of NH 122B from km 0 to 72.348 and Improvement to two lane with paved shoulders of NH 122B from km 29.730 to km 72.348 in state of Bihar under EPC mode,Bihar,MoRTH,2022-02,2024-11,2026-06,624.43,624.43,153.21,94,2026-05,FlashReport_May2026.pdf
948,618080,N24002198,,Improvement to two lane with paved shoulders of BH WB Border Amdabad Manihari section from design Km 0.000 to Km 23.945 of NH 131 A Total length 23.945 Km under EPC mode in the state of Bihar,Bihar,MoRTH,2022-01,2026-03,,353.27,353.27,0,3.1,2026-05,FlashReport_May2026.pdf
949,618120,,,construction of Four-Lane of chausa-Buxar Bypass from Km 45.000 to Km 65.915 Package - 2 in the State of Bihar on EPC Mode.,Bihar,MoRTH,2022-09,2028-01,2028-01,1060.16,1060.16,0,0,2026-05,FlashReport_May2026.pdf
950,618121,N24001878,,Improvement to two lane with paved shoulders of NH-319A from km 0 to km 45 in state of Bihar under EPC mode,Bihar,MoRTH,2022-02,2024-12,2026-07,427.29,427.29,178.43,93,2026-05,FlashReport_May2026.pdf
951,618126,,,"Pre-Construction activities from Km 134.000 to Km 190.233 of NH-333A and Construction of 4 no. of Bypasses at Katoria, Lakhpura, Banka & Panjwara total length-14.359 Km to two lane with paved shoulders standard in State of Bihar.",Bihar,MoRTH,2022-11,2026-12,2026-12,479.37,479.37,11.75,58,2026-05,FlashReport_May2026.pdf
952,618146,N24001323,,Estimate for Improvement to two lane with paved shoulder from Ramnagar to Roseda from km 3.500 to 43.000 of NH 527 E on EPC mode in State of Bihar,Bihar,MoRTH,2022-01,2026-04,2027-04,495.16,495.16,0,36,2026-05,FlashReport_May2026.pdf
953,618228,N24001201,10221,construction of a new 4 lane Parallel to existing MG Setu with its approaces from km 0.00 to km 14.500 across river Ganga on NH-19 at Patna in the state of Bihar.,Bihar,MoRTH,2019-02,2024-09,2027-09,2926.42,2926.42,0,73.69,2026-05,FlashReport_May2026.pdf
954,618234,N24000943,10223,Construction of a new 4-lane major bridge across river Kosi at Phulaut including Rehabilitation and upgradation of existing Birpur and Bihpur section of NH-106 from km 106.000 to km 136.000 to 2-lane with paved shoulders in the State of Bihar on EPC mode,Bihar,MoRTH,2018-09,2024-06,2027-02,1478.4,1478.4,824.29,96.1,2026-05,FlashReport_May2026.pdf
955,618246,N24001877,10226,Construction of New 4-Lane Bridge Parallel to existing Vikramashila Setufrom km 8920 to Km 13375including approach road 35m Naugachhia side &53 m Bhagalpur sideacross River Ganga on newly declared NH-131B at Bhagalpur in the State of Bihar,Bihar,MoRTH,2020-07,2027-05,2027-05,1110.23,1110.23,0,50.78,2026-05,FlashReport_May2026.pdf
956,618250,N24002194,10228,Construction of 6-Lane Elevated / Extra Dose Cable Bridge on River Ganga parallel to & Western side of Digha-Sonepur Rail cum-Road Bridge of NH 139W in the State of Bihar,Bihar,MoRTH,2024-01,2027-11,2028-12,3064.45,3064.45,0,15.83,2026-05,FlashReport_May2026.pdf
957,618251,,10229,"Improvement and Up gradation to four lane with Paved shoulder configuration from Existing Km 0000 to Km 39500 design km 0500 to Km 40342, Design length km of NH 227A near Mehrauna GhatUP Bihar Border to Siwan on the state of Bihar on Hybrid Annuity Model HAM basis",Bihar,MoRTH,2023-03,2028-03,2028-03,1661.25,1661.25,0,6.05,2026-05,FlashReport_May2026.pdf
958,618569,N24002063,,Balance work - WB-10 Gandak Bridge Km 402.00 to Km 440.00 Devanpur - Kotwa,Bihar,National Highways Authority of India [NHAI],2021-11,2024-01,2027-02,210.05,358.3,116.57,64.05,2026-05,FlashReport_May2026.pdf
959,618570,N24001702,,4L Elevated Highway and at grade improvements at Gopalganj Town from Km. 384.000 to Km. 386.750 on NH-27,Bihar,National Highways Authority of India [NHAI],2021-10,2024-08,2026-04,325.57,248.92,225.44,99.78,2026-05,FlashReport_May2026.pdf
960,618571,N24002064,,Permanent rectification of 3 nos. of black spots in project Highway NH-27 of U.P border - Dewapur - Kotwa section from Km.360.915 to km.440.000 Total Length of 79.085 Km of NH-27& Permanent rectification of 5 nos. of black spots of project Highway NH-27 of Kotwa - Mehsi - Muzaffarpur Section from km.440.000 to km.520.000 Total length 80.00Km,Bihar,National Highways Authority of India [NHAI],2022-04,2025-12,2026-10,227.25,321.23,224.56,80.95,2026-05,FlashReport_May2026.pdf
961,618582,,10418,4L of Galgalia - Bahadurganj section from Km 0.000 to Km 49.000 Package-I of NH327E,Bihar,National Highways Authority of India [NHAI],2021-01,2024-01,,1282.97,1282.97,599.36,100,2026-05,FlashReport_May2026.pdf
962,618583,,10419,4L of Bahadurganj Araria section from Km 49.000 to Km 94.000 Package-II of NH- 327E,Bihar,National Highways Authority of India [NHAI],2021-01,2024-01,2024-05,1358.77,1358.77,713.95,100,2026-05,FlashReport_May2026.pdf
963,618725,,10520,6L Greenfield Varanasi-Ranchi-Kolkata Highway from Pachmon village to Anarbansalea village From KM. 116000 to KM. 151200 Package-6,Bihar,National Highways Authority of India [NHAI],2023-03,2027-09,2027-09,1915.99,1920.21,129.12,14.15,2026-05,FlashReport_May2026.pdf
964,618726,,10521,6L Greenfield Varanasi-Ranchi-Kolkata Highway from junction with Chandauli- Chainpur Road near Khainti village to junction with Bhabhua-Adhaura road near Palka village from Km. 27.000 to Km. 54.000 Pkg-2,Bihar,National Highways Authority of India [NHAI],2023-03,2027-10,2027-10,1240.93,1341.52,168.48,21.22,2026-05,FlashReport_May2026.pdf
965,618727,,10522,6L Greenfield Varanasi-Ranchi-Kolkata Highway from junction with Bhabhua-Adhaura road in Bhairopur village to Konki village From KM. 54.000 to KM. 90.000Pkg-3,Bihar,National Highways Authority of India [NHAI],2023-03,2027-10,2027-10,1576.94,1711.44,181.24,20.15,2026-05,FlashReport_May2026.pdf
966,618738,N24002062,10527,6L Bridge and its approaches across River Ganga as Part of Patna Ring Road NH- 131G starting from Km 8.480 near Sherpur to Km 23.000 near Dighwara,Bihar,National Highways Authority of India [NHAI],2022-09,2027-09,2029-03,6291.69,3351.62,660.36,20.1,2026-05,FlashReport_May2026.pdf
967,618739,N24002065,10528,4L Greenfield Alignment of Amas to Shivrampur from 0.000 Km. to 55.002 Km. of NH 119 D Pkg-I,Bihar,National Highways Authority of India [NHAI],2022-02,2025-03,2027-07,1390.92,1427.43,368.03,46.79,2026-05,FlashReport_May2026.pdf
968,618740,N24002066,10529,4L Greenfield Alignment of Shivrampur to Ramnagar from Km. 55.002 to Km. 109.300 of NH 119 D Pkg-II,Bihar,National Highways Authority of India [NHAI],2022-02,2025-07,2027-11,1494.31,1546.07,282.33,43.8,2026-05,FlashReport_May2026.pdf
969,618741,N24001697,10530,4L Greenfield Alignment from Kalyanapur to Tal Dashraha of NH-119D Pkg-III,Bihar,NHAI,2022-03,2025-02,2028-03,1857.58,1969.3,425.65,32.68,2026-05,FlashReport_May2026.pdf
970,618742,,12151,"Construction of 6-lane Greenfield corridor from Ramnagar to Kacchi Dargah NH-119D from Km 109700 to Km 122300, including widening of the existing NH-31 from Km 196700 to Km 198600, as part of the Amas-Darbhanga.",Bihar,National Highways Authority of India [NHAI],2025-01,2028-04,2028-04,1113.46,1113.46,1.35,0,2026-05,FlashReport_May2026.pdf
971,618774,N24001712,10551,Ara - Mohania Pkg-II,Bihar,National Highways Authority of India [NHAI],2020-08,2023-07,2025-11,984.63,827.51,798.12,100,2026-05,FlashReport_May2026.pdf
972,618775,,,Ara Bypass,Bihar,National Highways Authority of India [NHAI],2025-03,2027-04,2027-04,226.32,226.32,4.48,21.03,2026-05,FlashReport_May2026.pdf
973,618779,N24001795,,4L of Aurangabad-Paithan,Bihar,NHAI,2022-09,2024-07,2026-06,1505,349.96,319.54,96.5,2026-05,FlashReport_May2026.pdf
974,618790,,10564,Construction of four laning of Bakarpur- Manikpur road section starting from village Chitarsenpur km 0000 and terminating at SH-74 near Manikpur 38814 at NH-139W under Bharatmalapariyona,Bihar,National Highways Authority of India [NHAI],2023-03,2027-04,2027-09,1422.37,1537.99,273.74,43.5,2026-05,FlashReport_May2026.pdf
975,618791,,,4L PS under NH configuration of Manikpur-Sahebganj of NH-139W,Bihar,National Highways Authority of India [NHAI],2024-10,2027-12,2027-12,1538.76,1538.76,146.2,21.54,2026-05,FlashReport_May2026.pdf
976,618839,N24000696,10601,Aunta - Simaria including Ganga Bridge,Bihar,National Highways Authority of India [NHAI],2017-01,2022-02,2026-04,1309.47,2107.68,812.81,100,2026-05,FlashReport_May2026.pdf
977,618840,N24000480,10602,Simaria Km. 206.050 to Khagaria Km. 266.282,Bihar,National Highways Authority of India [NHAI],2015-12,2019-04,2026-10,664.02,891.64,352.28,97.71,2026-05,FlashReport_May2026.pdf
978,618841,N24001699,,4L Elevated Section and at-grade improvements at Begusarai town Simaria - Khagaria section from Km. 221.047 to Km. 225.302 of NH-31,Bihar,National Highways Authority of India [NHAI],2021-10,2024-12,2026-07,491.04,348.38,345.21,95.72,2026-05,FlashReport_May2026.pdf
979,618861,N24001709,10616,Bakhtiyarpur-Rajauli Pkg-II from km. 54.405 to km.101.630,Bihar,National Highways Authority of India [NHAI],2020-09,2023-07,2026-07,897.45,1397.47,897.13,97.85,2026-05,FlashReport_May2026.pdf
980,618862,,10617,Bakhtiyarpur-Rajauli Pkg-III from km. 101.630 to km.152.520,Bihar,National Highways Authority of India [NHAI],2020-09,2024-06,2026-06,2156.22,3046.61,1668.28,99.14,2026-05,FlashReport_May2026.pdf
981,618902,N24000723,10651,Maheshkunt-Saharsa-Purnea Pkg I km 0.00 to km. 90.00 of NH-107,Bihar,National Highways Authority of India [NHAI],2017-02,2021-12,2026-09,662.44,1311.22,933.08,88.38,2026-05,FlashReport_May2026.pdf
982,618903,N24000665,10652,Maheshkunt -Saharsa-Purnea Pkg II,Bihar,National Highways Authority of India [NHAI],2017-03,2020-12,2026-09,1028.28,1244.09,831.69,91.03,2026-05,FlashReport_May2026.pdf
983,618904,N24000187,10653,Chhapra - Hajipur from km. 143.200 to km. 209.200,Bihar,National Highways Authority of India [NHAI],2010-07,2013-07,2026-04,2127.86,2171.6,98.07,89.81,2026-05,FlashReport_May2026.pdf
984,618905,,10654,Widening with additional 3L abetting Chhapra Bypass Section of NH-19 from Km. 143.200 to Km. 159.255 Pkg-1,Bihar,National Highways Authority of India [NHAI],2024-02,2026-08,2026-08,470.5,528.48,250.42,68.43,2026-05,FlashReport_May2026.pdf
985,618914,,10661,"4L Elevated Corridor and at-grade improvements from Design Ch0000 to Design Ch 19870 of Danapur Bihta Section, Design Ch0000 to Design Ch0231 connecting the existing RoB near Danapur station ,1.35 Km ramps and at-grade improvements to 4- lane section on Danapur side and Upgradation of existing Two lane carriageway to Four Lane carriageway from Design Ch19870 to Design Ch23500 of Bihta - Koilwar section",Bihar,National Highways Authority of India [NHAI],2022-10,2026-09,2027-08,4432.97,2625.4,1444.1,58.88,2026-05,FlashReport_May2026.pdf
986,618915,N24001304,10662,4L of Bal. works of Patna - Gaya -Dobhi Pkg-II from km. 39.00 to km. 83.00 of Old NH- 83,Bihar,National Highways Authority of India [NHAI],2019-09,2022-11,2025-05,1637.29,777.2,728.91,89.01,2026-05,FlashReport_May2026.pdf
987,618916,N24001305,10663,4L of Bal. works of Patna - Gaya -Dobhi Pkg-III from km. 83.00 to km. 127.217 of Old NH-83,Bihar,National Highways Authority of India [NHAI],2019-09,2022-11,2025-05,1077.46,799.7,774.78,92,2026-05,FlashReport_May2026.pdf
988,618917,,,4L Greenfield starting from NH-30 near Saristabad Patna to Nathupur Project end point of Patna-Gaya-Dobhi Section of NH-83,Bihar,National Highways Authority of India [NHAI],2023-07,2025-08,2026-10,488.24,419.66,101.05,80.83,2026-05,FlashReport_May2026.pdf
989,618926,,10670,4L of Siwan- Masrakh section of Ram Janki Marg from Km 230.385 to Km 281.391 of NH-227A,Bihar,National Highways Authority of India [NHAI],2022-08,2026-11,2028-11,1431.36,1927.04,190.78,10.08,2026-05,FlashReport_May2026.pdf
990,618953,N24001371,10689,Umagaon-Saharsa Package-IV Koshi Bridge & approach Road - Bheja-Bakaur,Bihar,NHAI,2019-02,2023-08,2027-03,1199.58,1223.94,1147.24,91.14,2026-05,FlashReport_May2026.pdf
991,618954,,10690,Umagaon - Saharsa Package - I Combined Umagaon-Kaluahi0.000KM to 21.609Km of NH227LSaharghat-Rahika0.000 Km to 26.130KM of NH227JRahika-Rampatti 0.00 KM to 15.00KM of NH527ABideshwarsthan-Bheja0.000KM to 25.915KM of NH527A.,Bihar,NHAI,2022-08,2027-07,2027-07,1473.2,1703.02,587.15,17.45,2026-05,FlashReport_May2026.pdf
992,618955,N24000813,10691,2L PS of Majhauli to Charout section from km. 0.00 to km. 63.655,Bihar,NHAI,2018-01,2021-11,2026-06,638.29,1067.51,622.86,99.8,2026-05,FlashReport_May2026.pdf
993,618956,,,Construction of Major Bridge over Baghmati and Lakhandei River along with Approaches from Design km.16.500 to km.21.500,Bihar,NHAI,2024-02,2027-04,2027-04,498.97,380.3,43.95,22.4,2026-05,FlashReport_May2026.pdf
994,619127,,11796,4L of Greenfield Alignment from Km. 47.000 to Km. 89.210 of Balbhadarpur to Bela Nawda Section of NH-119D,Bihar,NHAI,2022-03,2026-03,2028-03,2185.75,2118.46,411.78,25.76,2026-05,FlashReport_May2026.pdf
995,619136,,11803,Rehabilitation and Upgradation of Chorma - Bairgania Section of National Highway No 227F to 2 lane with paved shoulders from Design Ch.0.000 to Ch. 34.566,Bihar,National Highways Authority of India [NHAI],2022-06,2026-01,2026-06,610.78,628.65,335.08,100,2026-05,FlashReport_May2026.pdf
996,619152,N24000507,,Bakhtiyarpur Km 153.300 to Mokama Km 197.900,Bihar,National Highways Authority of India [NHAI],2015-12,2019-12,2026-06,1182.94,1898.84,843.24,99.95,2026-05,FlashReport_May2026.pdf
997,619166,,11820,Umagaon-Saharsa Package-V Bakaur-Parsarma-Bangaon-Bariyahi & Spur to Mahishi,Bihar,NHAI,2022-10,2025-12,2026-06,768.35,968.42,410.57,99.5,2026-05,FlashReport_May2026.pdf
998,619289,,12091,4L of Munger Mirzachauki section from Munger to Kharia village junction from Km 69520 to Km 95580 Pkg-1,Bihar,NHAI,2021-01,2024-03,2026-10,1659.81,1696.66,547.01,78.09,2026-05,FlashReport_May2026.pdf
999,619301,,,Construction of Approach Road to Rail-cum- Road Bridge across river Ganga at Munger Ghat NH-333 B,Bihar,NHAI,2013-07,2021-05,2026-06,537.88,633.91,200.58,99.99,2026-05,FlashReport_May2026.pdf
1000,619305,,12095,4L of Munger Mirzachauki section from start of existing Bhagalpur bypass to Rasulpur from Km 125000 to Km 157350 Pkg-3,Bihar,NHAI,2021-01,2024-04,2026-12,1769.5,2024.59,574.1,76.01,2026-05,FlashReport_May2026.pdf
1001,619306,,12096,4L of Munger Mirzachauki section from Km 95580 to Km 125000 Pkg-2,Bihar,NHAI,2021-02,2024-03,2026-07,1020.84,1235.65,480.53,93.13,2026-05,FlashReport_May2026.pdf
1002,619317,,,4L of Hajipur-Muzaffarpur Section of the existing NH-77 from Km. 0000 Ramashish Chowk to Km. 46300 and new bypass starting at Km. 46300 and connecting NH-28 of E-W Corridor at Km. 515045,Bihar,NHAI,2010-08,2013-02,2026-07,2723.39,2906.78,929.26,99.45,2026-05,FlashReport_May2026.pdf
1003,619320,,,Muzaffarpur - Sonbarsa Section of NH-77 from km 2.800 to km 89.000,Bihar,NHAI,2011-05,2013-11,2026-06,2290.72,2311.1,468.71,100,2026-05,FlashReport_May2026.pdf
1004,617908,,,Bemetara Bypass NH 30,Chhattisgarh,MoRTH,2024-01,2027-04,2027-04,161.96,161.96,0,37,2026-05,FlashReport_May2026.pdf
1005,617919,N24001227,,Construction of 4 Nos Grade separtor between km. 281.000 to km. 307.600 km. 286.400 kumhari km. 299.000 Transport Nagar km. 302.000 Power House km. 304.000 Chandra Moura Chowk to km. 305.000 supeia of NH-53 old NH-06 Raipur - Durg 4 Lane on EPC mode in the state of chhattisgarh job NO. NH-53old NH-06 CG- 2017-18-56,Chhattisgarh,MoRTH,2018-03,2021-01,2025-08,349.03,349.03,0,97.9,2026-05,FlashReport_May2026.pdf
1006,617971,,,Up-gradation to Two/Four lane with paved shoulder Configuration of Kondagaon- Narayanpur from design ch. 0.00 - 48.693 Design Length 47.493 Km. 1.20 Km. retained on NH-130D under EPC mode in the State Chhattisgarh.,Chhattisgarh,MoRTH,2022-12,2027-03,2027-03,322.4,322.4,1.1,66,2026-05,FlashReport_May2026.pdf
1007,617972,,,Upgradation to Two lane with Paved Shoulder Configuration of Narayanpur Kasturmeta pkg-II from design ch. 48.693 to 70.453 design length21.760 Km. on NH-130D under EPC mode in the state of Chhattisgarh.,Chhattisgarh,MoRTH,2022-12,2026-06,,200.67,200.67,14.99,0,2026-05,FlashReport_May2026.pdf
1008,617973,N24001228,,Strengthening and widening of existing 2 lane road to two lane paved shoulder from km 7.750 to 26.542 & km. 32.093 to 45.786 of NH-130 on EPC mode in the state of chhattisgarh.job No. 130-CG-2017-18-348,Chhattisgarh,MoRTH,2017-11,2020-11,2026-02,188.8,188.8,102.56,97,2026-05,FlashReport_May2026.pdf
1009,618014,,,"Upgradation of Ambikapur-Ramanujganj-Garwa road of NH-343, Package-III, Badki mahri village to Ramanujganj section from existing km 80.600 to km 110.330 Design Ch. 85.370 to Ch. 114.800 of total length 29.430 km to two lane with paved shoulders udner corridor scheme under EPC Mode in the of Chhattisgarh",Chhattisgarh,MoRTH,2022-03,2026-10,2026-10,199.05,199.05,28.95,32.87,2026-05,FlashReport_May2026.pdf
1010,618015,,,"Upgradation of Keonchi - Ratanpur Road of NH 45 Package-I, from design chainage km 237.860 to km 273.200 of length 35.340 km to two lane with paved shoulders under Corridor scheme on EPC mode in the state of Chhattisgarh.",Chhattisgarh,MoRTH,2022-03,2026-01,2026-12,225.41,228.93,70.96,57,2026-05,FlashReport_May2026.pdf
1011,618016,,,"Upgradation of Ambikapur Ramanujganj - Garhwa Road NH 343 of Package-I, Rajpuri Khurd Village to Padih Village section from existing km 7.830 to km 57.650 Design Ch. 13.700 to Ch. 62.700 of total length 49.00 km to two lane with paved shoulders under EPC mode in the state of Chhattisgarh",Chhattisgarh,MoRTH,2022-03,2027-05,2027-05,397.44,397.44,24.33,17.25,2026-05,FlashReport_May2026.pdf
1012,618017,,,"Upgradation of Keonchi - Ratanpur Road of NH 45 Package-II, from design chainage km 278.75 to km 321.348 of length 42.598 km to two lane with paved shoulders under Corridor scheme on EPC mode in the state of Chhattisgarh.",Chhattisgarh,MoRTH,2022-03,2026-01,2026-12,286,286,78.7,60,2026-05,FlashReport_May2026.pdf
1013,618018,,,Upgradation of Bilaspur-Takhatpur-Mungeli-Pandariya-Pondi Road on N.H.-130A Package IIIA Takhatpur By-pass from existing Ch. 26.542 to 32.093 [Design Ch. 18.700 to 25.900] & Mungeli By-pass from existing Ch. 45.786 to 56.275 [Design Ch. 29.600 to 51.600] and Package IIIB Pandariya By-Pass from existing Ch. 82.582 to 87.133 [Design Ch. 77.900 to 81.1000 & Pondi By-pass from existing Ch. 103.166 to 104.756 [Design Ch. 97.000 to 103.395] to two lane with paved shoulder configuration in the,Chhattisgarh,MoRTH,2022-03,2025-07,2026-12,351.19,351.19,11.48,11,2026-05,FlashReport_May2026.pdf
1014,618064,N24001917,,Up-gradation of NH-930 Sherpar to Kohka from Km.67880 to Km.114860 to 2LPS in Chhattisgarh under EPC mode,Chhattisgarh,MoRTH,2020-03,2024-05,,278.97,278.97,201.05,90,2026-05,FlashReport_May2026.pdf
1015,618078,N24001919,,Up-gradation of NH-130C Abhanpur to Paund from NH Km. 0000 to KM 40380 to two lane with paved shoulders in the State of Chhattisgarh on EPC mode.,Chhattisgarh,MoRTH,2020-12,2023-09,2026-02,193.16,193.16,97.78,85,2026-05,FlashReport_May2026.pdf
1016,618589,N24002045,10422,Durg-Raipur Bypass Section Package - 1 from km. 0.00 to km. 44.50 near Tendesara to near Khatti Village,Chhattisgarh,National Highways Authority of India [NHAI],2022-06,2025-07,2027-03,1828,1656.73,715.96,69.87,2026-05,FlashReport_May2026.pdf
1017,618590,N24002046,10423,Durg-Raipur-Arang Package - 2 from km. 44.50 to km. 92.23 near Khatti Village to near Aurang,Chhattisgarh,National Highways Authority of India [NHAI],2022-06,2025-05,2027-03,1958.9,1561.97,568.17,71.45,2026-05,FlashReport_May2026.pdf
1018,618639,N24001611,10457,4L of Bilaspur to Urga km 0.00 to 70.2 of NH-130A,Chhattisgarh,National Highways Authority of India [NHAI],2020-04,2024-03,2026-07,1855.59,2523.86,1295.24,94.81,2026-05,FlashReport_May2026.pdf
1019,618640,,10458,4L of Urga - Pathalgaon from Km. 70.200 to km. 157.745 of NH-130A,Chhattisgarh,National Highways Authority of India [NHAI],2022-03,2026-08,2026-08,2261.3,2860.36,961.31,74.43,2026-05,FlashReport_May2026.pdf
1020,618646,,,4L of Pathalgaon-Kunkuri-CG/JH Border section of NH-43 from Km. 00.000 to Km.104.250,Chhattisgarh,National Highways Authority of India [NHAI],2024-08,2029-04,2029-04,3147.07,3147.07,0,0,2026-05,FlashReport_May2026.pdf
1021,618673,N24001593,10476,Development of 6L of Jhanki Sargi Section Road from km 0.000 to km 42.800 of NH- 130CD Pkg-CG-1,Chhattisgarh,National Highways Authority of India [NHAI],2021-11,2024-09,2027-02,1368.19,1129.14,673.52,98.39,2026-05,FlashReport_May2026.pdf
1022,618674,N24001588,10477,Development of 6L Sargi Basanwahi Section from km 42.800 to km 99.500 of NH- 130CD Pkg-CG-2,Chhattisgarh,National Highways Authority of India [NHAI],2021-12,2025-01,2026-06,1470.73,1461.81,756.12,100,2026-05,FlashReport_May2026.pdf
1023,618675,N24002017,10478,Development of 6L of Basanwahi Marangpuri Section from km 99.500 to km 124.661 of NH-130-CD,Chhattisgarh,National Highways Authority of India [NHAI],2022-03,2025-10,2027-03,1307.16,1303.63,480.24,64.89,2026-05,FlashReport_May2026.pdf
1024,618849,N24001809,,Conversion of Partially Excavated Escape Tunnel to Uni-Directional 2L Tunnelincluding construction of cross passages and approach roads on either side of the tunnel from Km 12.732 to Km 14.568 of Kiratpur to Nerchowk Section of NH-21,Chhattisgarh,National Highways Authority of India [NHAI],2022-05,2024-03,2026-05,444.21,412.88,394.65,100,2026-05,FlashReport_May2026.pdf
1025,618957,,10692,4 laning of Champa - Korba from km 0.00 to km 38.2,Chhattisgarh,National Highways Authority of India [NHAI],2021-02,2024-01,2026-06,1002.33,1304.47,781.21,98.75,2026-05,FlashReport_May2026.pdf
1026,619103,,,4/6 Laning of Raipur-Simga Pkg-I from km. 0.00 to km. 48.58,Chhattisgarh,National Highways Authority of India [NHAI],2015-10,2018-04,2026-06,1096.52,1172.36,105.97,100,2026-05,FlashReport_May2026.pdf
1027,619167,,11821,4 Laning with PS of Pathrapalli-Katghora km 53.3 to km 92.6 Pkg-II of Bilaspur Kathghora,Chhattisgarh,National Highways Authority of India [NHAI],2019-12,2022-12,2026-07,865.1,1275.26,587.71,93.1,2026-05,FlashReport_May2026.pdf
1028,619183,,,Widening of Existing Road from Intermediate Lane 2-lane to 4-lane Between Km 19.994 to Km 35.180 of NH-848A Rakholi-Khadoli-Velugam Section in U.T. of Dadra and Nagar Haveli and Daman and Diu,Dadra & Nagar Haveli and Daman & Diu,MoRTH,2022-10,2026-02,,198.06,239.57,73.03,52,2026-05,FlashReport_May2026.pdf
1029,618509,N24001777,10365,Development of 6L UER II [Package - I] NH-1 Near Bakoli till Karala Kanjhawala Road from km. 0.70 to km.15.00,Delhi,National Highways Authority of India [NHAI],2020-07,2023-10,2026-06,2089.94,2203.45,1809.77,99.99,2026-05,FlashReport_May2026.pdf
1030,618578,N24001773,10414,6L Access Controlled Highway from DND Maharani Bagh - Jn. with Jaitpur - Pushta Road of NH-148NA from km. 0.00 to km. 9.00 in NCR,Delhi,National Highways Authority of India [NHAI],2020-07,2024-07,2026-06,1467.44,2510.34,1615.93,98.25,2026-05,FlashReport_May2026.pdf
1031,619090,N24001781,11771,8L of Dwarka Expressway Pkg-II RuB near Dwarka Sector 21-DL/HR Border from 5.300 Km.to 9.500 Km. of NH-248BB,Delhi,National Highways Authority of India [NHAI],2018-01,2021-10,2026-06,2067.67,2670.22,1909.72,100,2026-05,FlashReport_May2026.pdf
1032,619202,,11893,Dwarka Expressway from Km -0.600 to Km 5.300 - Pkg-I Shivmurti Chowk-RuB near Dwarka Sector 21,Delhi,National Highways Authority of India [NHAI],2018-03,2022-09,2026-06,2144.67,3929.5,3106.86,98.8,2026-05,FlashReport_May2026.pdf
1033,617941,,,4-Laning from End of Zuari approaches to Start of Margao Bypass section of NH-66 from Km 536.800 to Km 543.450,Goa,MoRTH,2024-07,2028-02,2028-02,398.25,398.25,0,0.5,2026-05,FlashReport_May2026.pdf
1034,617942,N24002181,10145,Construction of Six lane Elevated Corridor from Km. 508.000 to Km. 513.150 including approaches on NH-66,Goa,MoRTH,2023-04,2026-04,2026-10,641.46,641.46,0,96.75,2026-05,FlashReport_May2026.pdf
1035,617943,,,4-laning of Navelim to Cuncolim Section of NH-66 from Km 554.245 to Km 561.480 on HAM Mode,Goa,MoRTH,2024-12,2028-10,,746.75,746.75,0,0,2026-05,FlashReport_May2026.pdf
1036,618609,,,Construction of 4L Flyover from MES College Junction to Bogmalo Junction on NH- 566 from Km. 7.106 to Km. 10.460 and 4L VUP at Queeny Nagar Junction from Km. 3.330 to Km. 4.550,Goa,National Highways Authority of India [NHAI],2024-01,2026-07,2027-05,463.08,316.28,127.34,48.59,2026-05,FlashReport_May2026.pdf
1037,617906,N24002118,,Up-gradation of Dhoraji-Jamkandorna-Kalavad Section of NH-927D from Design Chainage km 0/00 to km 58/115 to Two lane with PS configuration in the State of Gujarat on EPC,Gujarat,MoRTH,2022-10,2027-01,2027-01,246.6,291.19,0,35,2026-05,FlashReport_May2026.pdf
1038,617916,,10137,Work of 6 laning/Construction of elevated corridor from km 0/0 to 10/170 Narol Junction to Sarkhej junction including 4 lane Shastri Bridge on Sabarmati river on NH 47 in the State of Gujarat on HAM mode,Gujarat,MoRTH,2024-03,2028-02,2028-02,1295.39,1295.39,0,28,2026-05,FlashReport_May2026.pdf
1039,617926,,,Construction of new 4 lane major bridge with approaches on Sabarmati River near Dharoi at Km. 82/00 to 86/00 Design length 3.300 km on NH-58 in the State of Gujarat on Hybrid Annuity Mode HAM,Gujarat,MoRTH,2024-03,2027-08,2027-08,398.4,398.4,0,33,2026-05,FlashReport_May2026.pdf
1040,617927,,10140,Widening to 2LPS between Km 0/0 to 56/0 Khokhara Gujarat Border Vijayanagar Antrasuba Mathasur road of NH 58 in the State of Gujarat,Gujarat,MoRTH,2024-03,2027-09,2027-09,699.19,699.19,0,24,2026-05,FlashReport_May2026.pdf
1041,617928,N24002183,,"Widening 2 lane to 4-lane from KM 92/320 to Km 115/320 Vav Chokdi-Satlasana to to Vrundavan Chokdi, Kheralu on NH-58 in the State of Gujarat.",Gujarat,MoRTH,2022-03,2026-03,2026-06,151.13,171.27,0,98,2026-05,FlashReport_May2026.pdf
1042,617976,N24002182,10154,Work of development and construction of elevated corridorfrom km 38/660 to km 42/690 Iscon junction to start point of approach of sanand flyover of NH-147 in the sate of Gujarat,Gujarat,MoRTH,2023-03,2026-06,2026-06,530.2,530.2,58.29,90,2026-05,FlashReport_May2026.pdf
1043,617977,,,Development of Chiloda - Gandhinagar- Sarkhej ofNH-147 Package -II,Gujarat,MoRTH,2018-04,2020-11,2022-07,211.28,234.44,0,99.55,2026-05,FlashReport_May2026.pdf
1044,618022,N24002118,,Upgradation to two lane with paved Shoulder Configuaration from Km. 0/00 to 47/000 of NH 351 Mahuva to Badhada section in the State of Gujarat,Gujarat,MoRTH,2022-12,2025-08,2026-12,173.06,219.08,22.53,67,2026-05,FlashReport_May2026.pdf
1045,618107,,,Upgradation of Mehsana-Visnagar-vadnagar-Kheralu-Idar section from km 0/00 to 81/300 of NH 168G Mehsana to Idar in the State of GujaratTotal Length 81.300 Km on Hybrid Annuity Mode HAM,Gujarat,MoRTH,2024-02,2028-06,2028-06,1155.21,1155.21,63.35,16,2026-05,FlashReport_May2026.pdf
1046,618108,N24002014,,Up-gradation and strengthening to 2lanePS from Km 95/500 to km 129/775 of Nh 168G Idar-Bhiloda-Samlaji in the state of Gujarat Length 34.275 km,Gujarat,MoRTH,2022-09,2025-12,2026-12,237.28,237.28,0,63,2026-05,FlashReport_May2026.pdf
1047,618459,N24001515,10318,Delhi-Vadodara Greenfield Alignment NH-148N Pkg-26 Ch.696890 to Ch.726390,Gujarat,NHAI,2020-09,2024-08,2026-10,1555.2,1556.4,1135.14,81.6,2026-05,FlashReport_May2026.pdf
1048,618460,N24001519,10319,Delhi-Vadodara Greenfield Alignment NH-148N Pkg-28 Ch.756052 to Ch.781282,Gujarat,National Highways Authority of India [NHAI],2020-09,2023-11,2026-05,1263.38,1266.98,865.87,100,2026-05,FlashReport_May2026.pdf
1049,618462,N24001520,10321,Delhi-Vadodara Greenfield Alignment NH-148N Pkg-31 Ch.824920 to Ch.844382 [Junction near Pratap nagar Village - Junction near Dodka Village],Gujarat,NHAI,2019-11,2023-05,2026-06,1644.85,1651.14,990.1,100,2026-05,FlashReport_May2026.pdf
1050,618463,N24000834,10322,Vadodara Mumbai Expressway Kim to Ankleshwar Phase IA - Pkg V,Gujarat,National Highways Authority of India [NHAI],2018-02,2021-10,2026-07,1324.84,2807.48,1275.92,91.34,2026-05,FlashReport_May2026.pdf
1051,618464,,10323,Vadodara Mumbai Expressway Ena -Kim Phase IB - Pkg VI [Km 217.500 to Km 254.430],Gujarat,National Highways Authority of India [NHAI],2020-05,2023-12,2026-05,2271.86,4297.28,2574.42,98.9,2026-05,FlashReport_May2026.pdf
1052,618465,N24001789,10324,Vadodara Mumbai Expressway Gandeva to Ena Phase IB - Pkg VII [Km 190.00 to Km 217.500],Gujarat,National Highways Authority of India [NHAI],2020-07,2023-11,2026-05,1710.3,3392.21,2158.87,97.05,2026-05,FlashReport_May2026.pdf
1053,618466,,10325,Vadodara Mumbai Expressway Jujuwa - Gandeva from Km. 154.600 to Km. 190.000 Phase-I Package-VIII,Gujarat,National Highways Authority of India [NHAI],2023-07,2026-03,2026-11,3834.24,3820.2,197.13,4.85,2026-05,FlashReport_May2026.pdf
1054,618467,,10326,Vadodara Mumbai Expressway Karvad - Jujuwa from Km. 128.000 to Km. 154.600 Phase-I Package-IX,Gujarat,National Highways Authority of India [NHAI],2023-07,2025-10,2027-07,2594.17,2587.04,212.88,21.75,2026-05,FlashReport_May2026.pdf
1055,618501,N24001443,10359,Ahmedabad - Dholera Pkg I from km. 0.00 to km. 22.00 [Sardar Patel Ring Road - Sindhrej Village],Gujarat,National Highways Authority of India [NHAI],2020-05,2024-01,2026-06,1298,1421.05,1024.93,100,2026-05,FlashReport_May2026.pdf
1056,618502,N24001444,10360,Ahmedabad - Dholera Pkg II from km. 22.00 to km. 48.52 [Sindhrej Village - Vejallka Village],Gujarat,National Highways Authority of India [NHAI],2020-05,2024-01,2026-06,1415.34,1729.69,1427.49,100,2026-05,FlashReport_May2026.pdf
1057,618503,N24001445,10361,Ahmedabad - Dholera Pkg III from km. 48.52 to km. 71.06 [Vejallka Village - Start of DSIR zone],Gujarat,National Highways Authority of India [NHAI],2020-05,2023-07,2026-06,1034.04,1155.41,1009.77,100,2026-05,FlashReport_May2026.pdf
1058,618504,N24001446,10362,Ahmedabad - Dholera Pkg IV from km. 71.06 to km. 109.019 [Start of DSIR zone - Adhelai Village],Gujarat,National Highways Authority of India [NHAI],2020-05,2023-12,2026-06,1181.76,1358.73,1206.44,97.99,2026-05,FlashReport_May2026.pdf
1059,618507,,10363,"Balance work of Six Laning of Shamlaji-Motachiloda from Km. 401.200 to Km.494.410 section Design Chainage Km.447.385 to Km 540.595, Length- 93.210 Km of old NH-8 NH-48 in the state of Gujarat on single Percentage Item Rate Contract",Gujarat,National Highways Authority of India [NHAI],2024-06,2025-06,2026-07,466.8,501.48,554.37,89.5,2026-05,FlashReport_May2026.pdf
1060,618508,,10364,Construction of Additional Structures including Approaches in Vadodara Surat Section of NH48 between existing Km. 108.000 to Km. 250.000,Gujarat,National Highways Authority of India [NHAI],2024-03,2027-01,2027-06,907.39,907.39,345.88,48,2026-05,FlashReport_May2026.pdf
1061,618564,,,6L with PS of Samakhiyali to Santalpur section from km. 339.700 to Km. 430.100 of NH-27,Gujarat,National Highways Authority of India [NHAI],2023-01,2025-12,2027-03,1553.76,34.34,28.26,61.04,2026-05,FlashReport_May2026.pdf
1062,618614,N24001790,10441,Sanchore - Santalpur from km 67.000 - km 99.000 of NH-754K AJ-RGBS-Package-3,Gujarat,National Highways Authority of India [NHAI],2020-02,2023-08,2026-06,752.3,765.25,569.58,99,2026-05,FlashReport_May2026.pdf
1063,618615,N24001794,10442,Sanchore - Santalpur from km 99.000 - km 130.073 of NH-754K AJ-RGBS-Package-4,Gujarat,National Highways Authority of India [NHAI],2020-02,2023-03,2026-07,778.15,835.55,672.59,99.7,2026-05,FlashReport_May2026.pdf
1064,618616,,,4L of Dhrol bypass section of NH-151A Approx. length 5.7 Km & widening upto 4 laning of missing link of Amran section of NH-151A Approx. length 6.55 Km from existing Ch. 42000 to 48500 of ongoing Dhrol-Bhadra-Pipaliya section of NH-151A,Gujarat,National Highways Authority of India [NHAI],2024-03,2027-02,2027-02,625.58,455.54,126.13,31.05,2026-05,FlashReport_May2026.pdf
1065,618699,,10499,Pipli Bhavnagar-Package 1 from km 136.025 to km 169.328,Gujarat,National Highways Authority of India [NHAI],2018-03,2021-09,,819.14,1297.38,188.7,100,2026-05,FlashReport_May2026.pdf
1066,618787,N24001785,10561,"Upgradation to 4L PS from Bhimasar, Junction of NH-41 to Anjar- Bhuj upto Airport Junction from Km 0.000 to Km 65.478 of NH-341",Gujarat,National Highways Authority of India [NHAI],2022-03,2025-06,2026-09,1373.06,1687.25,837.67,96,2026-05,FlashReport_May2026.pdf
1067,618833,N24000592,10596,Kodinar - Veraval Package VI from km. 221.610 to km. 263.00 of NH-8E & km. 120.900 to km. 121.150 of NH-8D,Gujarat,National Highways Authority of India [NHAI],2016-02,2020-07,2026-06,894.01,1127.42,457.06,98.79,2026-05,FlashReport_May2026.pdf
1068,618834,N24001827,,4L Kodinar - Veraval Package VI from km. 222.400 to km. 230.00 Kodinar Bypass of NH-8E NH 51 new,Gujarat,National Highways Authority of India [NHAI],2022-03,2023-09,2025-04,162.73,192.01,174.82,100,2026-05,FlashReport_May2026.pdf
1069,618835,N24001792,10597,4L of Bal Works of Talaja - Mahuva from 54.990 km. to 100.450 km. of Old NH-8E Package-II,Gujarat,National Highways Authority of India [NHAI],2020-08,2022-09,,698.4,735.51,418.41,100,2026-05,FlashReport_May2026.pdf
1070,618901,,10650,4L PS Divided Carriageway from Patan Near Rajpur to Gojariya From Km 52.000 to Km 128.940 of NH-68,Gujarat,National Highways Authority of India [NHAI],2021-12,2025-03,2026-10,1181.34,1098.23,918.87,86.2,2026-05,FlashReport_May2026.pdf
1071,618930,,10674,4L PS from Ch. 94.030 in Jabugam Village to Ch. 132.320 in Dhamasiya Village of NH-56 Pkg-III,Gujarat,National Highways Authority of India [NHAI],2023-03,2027-11,2027-11,1188.46,898,99.47,17.19,2026-05,FlashReport_May2026.pdf
1072,618931,,10675,4L PS from Ch. 179.780 in Bitada/Movi Village to Ch. 208.900 in Nasarpore Village of NH-56 Pkg-V,Gujarat,National Highways Authority of India [NHAI],2023-03,2027-11,2027-11,764.02,566.96,25.88,4.63,2026-05,FlashReport_May2026.pdf
1073,619061,,,Construction of 4 lane with PS Idar-Badoli bypass section from design km 81/300 to km 95/500 of NH 168G in the State of Gujarat,Gujarat,MoRTH,2025-03,2028-05,2028-05,705.09,705.09,0,2,2026-05,FlashReport_May2026.pdf
1074,619067,,,6L of Chiloda-Naroda section from Km. 540.595 to Km. 555.595 of NH-8Package-VII,Gujarat,National Highways Authority of India [NHAI],2016-11,2019-05,2026-06,356.6,463.03,104.04,100,2026-05,FlashReport_May2026.pdf
1075,619087,N24002035,11769,Widening to 6L of Existing 4L Jetpur - Gondal - Rajkot Section from Km. 117.600 to Km. 185.00 on NH-27,Gujarat,National Highways Authority of India [NHAI],2022-03,2025-09,2027-01,2070.44,1390.29,967.76,71.63,2026-05,FlashReport_May2026.pdf
1076,619145,,,Four Laning of Una to Kodinar from km. 180.478 to km. 221.610 Package-V,Gujarat,National Highways Authority of India [NHAI],2016-02,2019-08,2025-03,877.71,1126.66,630.52,100,2026-05,FlashReport_May2026.pdf
1077,619146,N24000569,,Kagvadar - Una Package-IV,Gujarat,National Highways Authority of India [NHAI],2016-02,2019-09,2026-06,750.53,955.78,363.42,97.93,2026-05,FlashReport_May2026.pdf
1078,619147,N24001793,11809,4L of Bal Works of Mahuva to Kagvadar from 100.450 Km. to 140.470 Km. of NH-8E Pkg- III,Gujarat,National Highways Authority of India [NHAI],2020-08,2022-09,2026-01,603.08,628.49,624.41,99.71,2026-05,FlashReport_May2026.pdf
1079,619148,,,4L of Bhavnagar - Talaja Package-I from Km. 6.945 to Km. 54.990 of Old NH-8E,Gujarat,National Highways Authority of India [NHAI],2016-03,2019-08,,1185.66,1343.16,53.18,100,2026-05,FlashReport_May2026.pdf
1080,619197,,11888,Delhi-Vadodara Greenfield Alignment NH-148N Pkg-27 Ch.729.700 to Ch.756.052,Gujarat,NHAI,2020-09,2024-02,2026-06,1185.69,1259.27,1000.72,97.6,2026-05,FlashReport_May2026.pdf
1081,618482,,10340,Delhi-Amritsar-Katra Expressway Phase-I Pkg-I from Jussur Kheri on NH-KMP Expressway to Junction with Rohtak-Panipat road NH-709 near Rukhi Paani village Km 0000 to Km 34000,Haryana,National Highways Authority of India [NHAI],2020-12,2023-12,2026-06,1866.49,2429.9,1081.56,99.91,2026-05,FlashReport_May2026.pdf
1082,618483,,10341,Delhi-Amritsar-Katra Expressway Phase-I Pkg-II from Junction with Rohtak-Panipat road NH-709 near Rukhi Paani village to Junction with Jind-Panipat road NH-352A near Gangana village Km 34000 to Km 60800,Haryana,National Highways Authority of India [NHAI],2020-12,2024-01,2026-06,1533.87,1792.53,971.09,99.89,2026-05,FlashReport_May2026.pdf
1083,618484,N24001633,10342,Delhi-Amritsar-Katra Expressway Phase-I Pkg-III from Junction with Jind-Panipat road NH-352A near Gangana village to Junction with Jind-Karnal road NH-709A near Alewa village Km 60800 to Km 91400,Haryana,National Highways Authority of India [NHAI],2020-12,2023-12,2024-05,1606.27,1813.91,631.62,79.08,2026-05,FlashReport_May2026.pdf
1084,618485,N24001634,10343,Delhi-Amritsar-Katra Expressway Phase-I Pkg-IV from Junction with Jind-Karnal road NH-709A near Alewa village to Junction with Ambala-Kaithal-Hissar road NH-152 near Kharak Pandwa village Km 91400 to Km 120250,Haryana,National Highways Authority of India [NHAI],2021-01,2023-12,2024-03,1306.95,1578.66,563.2,76.13,2026-05,FlashReport_May2026.pdf
1085,618506,,,"Construction of Additional Structures, Improvement of Service Road & Maintenance of Six Lane Gurgaon-Jaipur Section of NH-48 old NH-8 between km 42700 to km 107100 in the State of Haryana",Haryana,National Highways Authority of India [NHAI],2024-05,2027-05,2027-05,401.74,240.02,105.22,50.65,2026-05,FlashReport_May2026.pdf
1086,618580,N24001535,10416,Gohana - Sonipat PKG-2,Haryana,National Highways Authority of India [NHAI],2019-01,2022-07,2026-06,1275.31,1957.44,734.13,97.86,2026-05,FlashReport_May2026.pdf
1087,618788,N24002043,10562,4L Greenfield Jalbhera Shahbad section from km. 0.000 to km. 22.850 of NH-152G,Haryana,National Highways Authority of India [NHAI],2022-03,2025-05,2026-06,927.22,1173.66,369.17,87.05,2026-05,FlashReport_May2026.pdf
1088,618792,N24002042,10565,4L Bhiwani-Hansi road section of NH-148B,Haryana,National Highways Authority of India [NHAI],2022-11,2025-12,2026-06,1330.23,1144.21,454.93,99.5,2026-05,FlashReport_May2026.pdf
1089,618936,N24001635,10677,Jagadhari - Tajewala from Km -0.175 to 32.337 km of NH-344,Haryana,National Highways Authority of India [NHAI],2022-03,2025-02,2027-03,1269.5,919.43,679.52,64.7,2026-05,FlashReport_May2026.pdf
1090,619080,,11768,4L PS of Ambala Ring Road of New NH-44,Haryana,National Highways Authority of India [NHAI],2023-02,2025-10,2026-09,1093.35,1225.41,429.94,83.75,2026-05,FlashReport_May2026.pdf
1091,619092,,11772,4L of Jind-Gohana road Package-1 from km. 0.00 to km. 40.601 of NH-352 A under NHO,Haryana,National Highways Authority of India [NHAI],2019-01,2022-07,2026-06,994.22,1606.82,623.73,99.97,2026-05,FlashReport_May2026.pdf
1092,619132,N24001774,11801,4/6L of Gurgaon - Pataudi - Rewari from km. 0.00 to km.43.87 of NH-352W,Haryana,National Highways Authority of India [NHAI],2020-05,2023-11,2026-08,1810.04,1917.5,608.36,76.69,2026-05,FlashReport_May2026.pdf
1093,619201,,11892,Karnal ring road Lot-4/Pkg-1,Haryana,National Highways Authority of India [NHAI],2022-11,2025-08,2026-10,1741.45,2041.54,461.41,94.41,2026-05,FlashReport_May2026.pdf
1094,618050,N24001422,,Rehabilitation and Upgradation to 2-lane/Intermediate lane configuration of Ashyari- Shri Kyari Section km 50.000 to km 75.000 of NH-707 in the state of Himachal Pradesh under Green National Highways Corridor Project GNHCP with the loan assistance of World Bank on EPC mode.,Himachal Pradesh,MoRTH,2020-08,2023-09,2024-11,345.89,359.56,146.64,98.16,2026-05,FlashReport_May2026.pdf
1095,618215,,,"Improvement/construction of existing CL-5 Road to NH Intermediate lane specification with hard shoulder from Km 166.000 to 203.77 net Length 37.770 kms of NH-505 Sumdo-Kaza-Gramphoo road in the state of Himachal Pradesh on EPC mode under project Deepak, BRO",Himachal Pradesh,MoRTH,2021-06,2027-06,2027-06,274.36,194,0,22.26,2026-05,FlashReport_May2026.pdf
1096,618216,N24001915,,"Improvement/construction of existing CL-5 Road to NH Intermediate lane specification with hard shoulder from Km 133.000 to 166.000 net Length 33.000 kms of NH-505 Sumdo-Kaza-Gramphoo road in the state of Himachal Pradesh on EPC mode under project Deepak, BRO",Himachal Pradesh,MoRTH,2021-03,2026-06,2027-09,230.55,203.15,15.16,23.24,2026-05,FlashReport_May2026.pdf
1097,618217,N24001916,,Improvement/construction of existing Class-5 Road to NH Intermediate lane specification with hard shoulder from existing Km 76/340 to 134/940 Design chainage from Km 76/300 to 133/000 net Length 56.700 kms of NH-505 Sumdo-Kaza- Gramphoo road in the state of Himachal Pradesh Package I,Himachal Pradesh,MoRTH,2021-03,2026-05,2027-08,314.67,244.15,76.97,60.02,2026-05,FlashReport_May2026.pdf
1098,618230,N24001470,,Rehabilitation and Upgradation to 2-lane configuration of Kalwahn-Mandi Section km 208.950 to 250.592 of NH-70 in the State of Himachal Pradesh under Green National Highways Corridor Project GNHCP with the loan assistance of World Bank on EPC mode.Package-3,Himachal Pradesh,MoRTH,2020-08,2025-04,2026-12,314.32,314.32,0,70.03,2026-05,FlashReport_May2026.pdf
1099,618231,N24001447,,Rehabilitation and Upgradation to 2-lane configuration of Hamirpur-Karnohal Section km 141.00 to 181.00 of NH-70 in the State of Himachal Pradesh under Green National Highways Corridor Project GNHCP with the loan assistance of World Bank on EPC mode.Package-1,Himachal Pradesh,MoRTH,2020-08,2024-12,2026-06,371.93,371.93,198.34,93.53,2026-05,FlashReport_May2026.pdf
1100,618232,,,Rehabilitation and Upgradation to 2-lane configuration of Karnohal- Kalwahn Section km 181.00 to 208.950 of NH-70 in the State of Himachal Pradesh under Green National Highways Corridor Project GNHCP with the loan assistance of World Bank on EPC mode.Package-2,Himachal Pradesh,MoRTH,2020-08,2026-05,2026-12,251.62,190.02,75.88,57.63,2026-05,FlashReport_May2026.pdf
1101,618253,,12090,Construction of missing link from Birhu to Lathiani from Km 35/550 Design chainage Km 0.000 to Km 42/800 Design Chainage Km 8.153on NH-503A including Lathiani Bridge on back water of Govindsagar and its approaches in Himachal Pradesh.,Himachal Pradesh,MoRTH,2023-06,2029-03,2029-03,870.95,896.86,0,0,2026-05,FlashReport_May2026.pdf
1102,618850,N24000613,10608,Nerchowk km 190.000 to Pandoh including Pandoh bypass km221.305,Himachal Pradesh,National Highways Authority of India [NHAI],2016-03,2020-07,2026-06,1464.12,1651.67,851.56,100,2026-05,FlashReport_May2026.pdf
1103,618851,,10609,Pandoh bypass 221.305 to Takoli 242.000 of NH-21 in the state of Himachal Pradesh,Himachal Pradesh,National Highways Authority of India [NHAI],2017-06,2021-09,2027-03,3419.95,4465.94,1923.02,95.65,2026-05,FlashReport_May2026.pdf
1104,618852,N24001810,,4L Sundar Nagar Bypass from Km.173.900 to Km.179.600 of NH-21,Himachal Pradesh,National Highways Authority of India [NHAI],2022-02,2024-06,2026-06,191.11,192.11,182.2,100,2026-05,FlashReport_May2026.pdf
1105,618878,N24002050,10630,Rehabilitation and Upgradation to 4L configuration & Strengthening of Sihuni to Rajol from Km 51.000 to Km 72.000 of NH-154 Package-IIA,Himachal Pradesh,National Highways Authority of India [NHAI],2022-03,2025-09,2026-06,696.65,776.59,318.1,98.24,2026-05,FlashReport_May2026.pdf
1106,618879,,10631,Rehabilitation and Upgradation to 2L PS configuration & Strengthening of Padhar to Bijni section from Km 180.000 to Km 202.815 of NH-154 Pkg-VA,Himachal Pradesh,National Highways Authority of India [NHAI],2022-06,2026-11,2026-11,930.86,930.86,370.19,94.83,2026-05,FlashReport_May2026.pdf
1107,618880,,10632,Rehabilitation and Up-gradation to 4L configuration & Strengthening of Thanpuri to Paror section from Km 85.135 to Km 100.840 of NH-154 Pkg-IIC,Himachal Pradesh,National Highways Authority of India [NHAI],2022-07,2025-12,2027-04,815.68,666.79,218.66,54.22,2026-05,FlashReport_May2026.pdf
1108,618881,,10633,4L PS bijni to mandi section from Km 202.815 to Km 208.000 of NH-20 New NH-154 of Pathankot-Mandi Package-VB,Himachal Pradesh,National Highways Authority of India [NHAI],2023-02,2027-09,2027-09,1113.02,1112.39,398.71,31.09,2026-05,FlashReport_May2026.pdf
1109,618888,N24002052,10638,Rehabilitation and Up-gradation of existing road to 2L PS from End of Hamirpur Bypass near Chilbahal to Bhangbar section from Km. 138.295 to Km.175.270 of NH- 88 Pkg-IV,Himachal Pradesh,National Highways Authority of India [NHAI],2022-03,2025-04,2026-07,1146.19,1358.62,293.56,93.05,2026-05,FlashReport_May2026.pdf
1110,618889,N24001808,10639,"4L of Bhangbar Near Ranital to Kangra Bypass Section of Old NH-88 New NH- 303,503 up to Intersection with NH-154 from Km 175.270 to Km 193.400 Pkg-VB",Himachal Pradesh,National Highways Authority of India [NHAI],2021-03,2024-12,2026-06,1322.95,1829.49,878.58,97.45,2026-05,FlashReport_May2026.pdf
1111,618890,N24002051,10640,2L PS of Hamirpur Bypass from Km 121.175 to Km.138.295 of NH-103&3,Himachal Pradesh,National Highways Authority of India [NHAI],2022-08,2025-10,2026-09,739.39,754.82,233.46,92.8,2026-05,FlashReport_May2026.pdf
1112,618891,,10641,4L PS from Kalar Bala Village to Nauni Chowk of NH 205 from Km 41.000 to Km 58.450,Himachal Pradesh,National Highways Authority of India [NHAI],2024-01,2027-05,2027-09,1244.43,786.91,94.67,22.24,2026-05,FlashReport_May2026.pdf
1113,618921,N24002049,10667,4L of Kathlighat to Shakral Village from Km 128.835 to Km 146.300 of NH- 5 Shimla Bypass - Pkg I,Himachal Pradesh,National Highways Authority of India [NHAI],2022-03,2026-04,2027-12,1703.48,2648.8,980.97,53.81,2026-05,FlashReport_May2026.pdf
1114,618922,,10668,4L of Shakral Village to Dhalli Section from Km 146.300 to Km 156.560 Shimla Bypass - Pkg II and Shimla connectivity from Km 0.000 to Km 0.725 of NH-5,Himachal Pradesh,National Highways Authority of India [NHAI],2022-04,2027-03,2027-12,1956.26,2880.72,1265.52,63.17,2026-05,FlashReport_May2026.pdf
1115,619003,N24000852,10804,Solan - Kaithlighat Section of NH-22 Now NH-5 from Km. 106.139 to Km.129.05,Himachal Pradesh,National Highways Authority of India [NHAI],2018-03,2021-05,2026-11,881.74,1519.53,679.91,90.11,2026-05,FlashReport_May2026.pdf
1116,619153,N24001812,11811,4L of HP/Punjab Border - Mo from km. 11.00 to km. 42.00 of Old NH-20 New NH-154 Package-IA,Himachal Pradesh,National Highways Authority of India [NHAI],2021-03,2024-05,2026-10,1002.11,1363.04,580.32,60.06,2026-05,FlashReport_May2026.pdf
1117,618038,,,Construction of Shopian Bypass on NH-444 taking off from existing chainage Km 36500 and re-joining at km 47588 of existing Chainage New Design Ch. From km 28000 to km 36925 as 2- lane with paved shoulder in the UT of Jammu & Kashmir on EPC mode.,Jammu and Kashmir,MoRTH,2024-03,2028-01,,224.44,224.44,0,3,2026-05,FlashReport_May2026.pdf
1118,618201,,10208,"Widening and strengthening to 2 lane with paved shoulder from existing Ch. Km 56720 to Km 100820 and Design Ch. From Km 62600 to Km 106360 Total Length43.760 Km on SRINAGAR -BARAMULA URINH-01 in the UT of Jammu & Kashmir under project BEACON, Border Roads Organization BRO on EPC mode.",Jammu and Kashmir,MoRTH,2023-09,2026-11,2027-06,702.1,702.1,0,49.22,2026-05,FlashReport_May2026.pdf
1119,618202,N24002185,10209,Construction of 2 lane with paved shoulders Baramulla Bypass Greenfield bypass from existing Ch. Km 47020 to Km 56720 and Design Ch. From 48500 to 62600 Total length 14.100 km on road Srinagar Baramulla Uri NH-01 in the UT of Jammu & Kashmir under Project.Package-III,Jammu and Kashmir,MoRTH,2023-03,2026-09,2027-07,992.43,992.43,34.26,44.1,2026-05,FlashReport_May2026.pdf
1120,618203,N24002179,10210,"Construction of 4 lane with paved shoulder Pattan bypass Greenfield bypass from existing Ch. Km 24320 to Km 33760 and Design Ch. from Km 24400 to Km 35300, total length 10.900 km on road SrinagarBaramulla Uri NH-01 in the UT of Jammu & Kashmir under Project BEACON, Border Roads Organization BRO on EPC mode. Package-II",Jammu and Kashmir,MoRTH,2023-03,2026-07,2027-02,980.21,980.21,16.44,53.67,2026-05,FlashReport_May2026.pdf
1121,618204,N24001999,,Construction of realignment between Pandrass- Pashkyun Total length 27.10 km on road Zozila-Kargil -Leh NH-1 to 2 lane specifications i.e. Drass alignment 9.30 km Kharboo realignment 6.30 km & Kargil alignment 11.50 km under project Vijayak BRO in the UT of Ladakh on EPC Mode,Jammu and Kashmir,MoRTH,2021-11,2025-06,2027-07,426.15,426.15,97.91,54.89,2026-05,FlashReport_May2026.pdf
1122,618205,N24001998,10211,"Construction of 4 lane with paved shoulder from Existing Ch. 14200 to 24320 Design Ch. 14200 to 24400, Ch. 33760 to 42780 Design Ch. 35300 to 44294 & Ch. 43440 to 47020 Design Ch. 44958 to 48500 Delina Flyover including construction of flyover length 1.704 km of total length 22.736 kms in AOR of 760 BRTF on road SRINAGAR BARAMULA URI NH-01 in the UT of Jammu & Kashmir under project BEACON, Border Roads Organization BRO Package-IJob No NH-1-J&K-2022-23-110",Jammu and Kashmir,MoRTH,2022-06,2025-08,2026-08,823.46,823.46,277.76,83.67,2026-05,FlashReport_May2026.pdf
1123,618206,,10212,Widening and Strengthening of Rafiabad-Kupwara-Chowkibal-Tangdhar-Chamkot NH- 701 road from design Ch. From 0000 to 51000 to two lanes with paved shoulders under Project Beacon in the UT of Jammu & Kashmir on EPC mode Package-I.,Jammu and Kashmir,MoRTH,2024-03,2027-05,,1404.94,1404.94,118.48,40,2026-05,FlashReport_May2026.pdf
1124,618220,N24001897,10216,Reconstruction and widening to 2 lane with paved shoulder from existing chainage km 102000 to km 134950 Design chainage km 90150 to km 116980 including construction of Naushera Tunnel Total length of tunnel 0.700 km under 31 TF on Akhnoor-Poonch road NH-144A in the UT of Jammu & Kashmir under Project Sampark BRO on EPC mode Package-V Job no NH-144A-J&K-2020-21-104,Jammu and Kashmir,MoRTH,2021-03,2024-07,2026-03,642.24,572.51,0,100,2026-05,FlashReport_May2026.pdf
1125,618221,N24002180,10217,Rehabilitation and upgradation to 2 lane with paved shoulder from existing chainage Km 166.100 to Km 192.98 design chainage Km 146.700 to Km 162.800 including construction of Bhimber Gali Tunnel Total Length of Tunnel 1.100 Km under 31 BRTF on Akhnoor-Poonch Roads on EPC mode NH-144A Package-VII,Jammu and Kashmir,MoRTH,2021-09,2026-07,2027-07,734.64,734.64,0,46.39,2026-05,FlashReport_May2026.pdf
1126,618222,N24002119,10218,Widening and Strengthening up gradation to 2 lane with paved shoulder from existing chainage Km 192.98 to Km 229.820 design chainage Km 162.800 to Km 198.18 under 31 BRTF on Akhnoor-Poonch Road NH-144A in the UT of Jammu and Kashmir under Project Sampark Border Roads Organisation BRO on EPC Mode Package-VIII Job No NH-144A-J&K-2022-2023-111,Jammu and Kashmir,MoRTH,2022-10,2026-01,2026-12,562.45,562.45,137.19,70.35,2026-05,FlashReport_May2026.pdf
1127,618223,N24001901,,Rehabilitation and up-gradation to 2 lane with paved shoulder from existing chainage km 64535 to km 85385 Design chainage km 55800 to km 74350 under 13 TF on Akhnoor-Poonch road NH-144A under Project Sampark BRO in the UT of Jammu & Kashmir on EPC mode Package-III Job no NH-144A-J&K-2019-20-79,Jammu and Kashmir,MoRTH,2020-03,2023-09,2026-10,152.93,152.93,75.64,89.51,2026-05,FlashReport_May2026.pdf
1128,618224,N24001901,10219,Rehabilitation and up-gradation to 2 lane with paved shoulder from existing chainage km 49150 to km 64535 Design chainage km 46.450 to km 55.800 including construction of Sungal Tunnel Total length of Tunnel 2.79 km under 13 TF on Akhnoor-Poonch road NH-144A under Project Sampark BRO in the UT of Jammu & Kashmir on EPC mode Package-II Job no NH-144A-J&K-2019-20-78,Jammu and Kashmir,MoRTH,2020-03,2024-08,2026-06,796.97,796.97,432.45,92.02,2026-05,FlashReport_May2026.pdf
1129,618225,N24001899,,Rehabilitation and up-gradation to 2 lane with paved shoulder from existing chainage km 134950 to km 166100 Design chainage km 116980 to km 146700 under 31 TF on Akhnoor-Poonch road NH-144A in the UT of Jammu & Kashmir under Project Sampark BRO on EPC mode Package-VI Job no NH-144A-J&K-2021-22-106,Jammu and Kashmir,MoRTH,2021-07,2024-07,2026-08,395.25,395.25,144.04,89.16,2026-05,FlashReport_May2026.pdf
1130,618226,N24001898,,Rehabilitation and upgradation to 2 lane with paved shoulder from existing chainage Km 30.053 to Km 49.150 design chainage Km 30.000 to Km 46.450 including Kandi Tunnel under 31 BRTF on Akhnoor-Poonch Road NH-144A Under Project Sampark in the UT of Jammu & Kashmir EPC modePackage-I Job no NH-144A-J&K-2020-21-83.,Jammu and Kashmir,MoRTH,2020-07,2024-11,2026-09,272.49,272.49,157.74,94,2026-05,FlashReport_May2026.pdf
1131,618394,N24001264,,Up-gradation to 2-lane with Paved Shoulder from Km 12.850 to Km20.300 of 7.450Km length on Goha-Khellani section and a link road to Goha village of 2.016 km on NH- 244 in UT of Jammu and Kashmir on EPC Mode Pkg-1,Jammu and Kashmir,NHIDCL,2020-07,2022-04,2026-10,228.39,225.37,163.81,94.26,2026-05,FlashReport_May2026.pdf
1132,618395,N24001394,10298,"Construction & Upgradation to 2-lane with paved shoulder from Design Ch. Km 51700 at Premnagar km 66315 to Km 66535 New Thatri at Start of Km 83rd, Tunnel Km 82665 of 14.835 Km design length on Chenani-Sudhmahadev-Goha Khellani- Kishtwar-Vailoo Donipawa-Ashajipora section of NH-244 in the UT of J&K on EPC Mode under NHO-Gen Pkg - 2",Jammu and Kashmir,NHIDCL,2021-03,2023-02,2026-10,512.43,512.43,155.69,53.49,2026-05,FlashReport_May2026.pdf
1133,618396,N24001323,,Construction & Upgradation to 2 lane with paved shoulder from Design Km. 31.449 Khellani Ex. Km 44.946 to Km 51.700 Prem Nagar Ex. Km 68617 of 20.251 Km length on Khellani - Kishtwar - Chattroo section of NH-244 in the UT of J&K on EPC Mode under NHO-Gen PKG- 1,Jammu and Kashmir,NHIDCL,2021-02,2022-08,2024-10,486.45,486.45,0,0,2026-05,FlashReport_May2026.pdf
1134,618397,,,Widening and Up-gradation to 2-Lane with Paved Shoulder of configuration and geometric improvement from Km 0.000 to Km 16.990 on Chenani Sudhmahadev section of NH-244 in UT of Jammu and Kashmir to be executed on EPC basis,Jammu and Kashmir,NHIDCL,2018-03,2020-11,2022-02,255.9,255.9,0,0,2026-05,FlashReport_May2026.pdf
1135,618398,N24001266,,Up-gradation to 2-lane with Paved Shoulder from Km 20.300 to Km 29.030 of 8.730 Km length on Goha-Khellani section on NH-244 in UT of Jammu and Kashmir on EPC Mode Package II,Jammu and Kashmir,NHIDCL,2020-07,2022-04,2026-03,210.79,210.79,174.92,96.95,2026-05,FlashReport_May2026.pdf
1136,618399,N24001395,10299,Construction of Kishtwar bypass with 2 lane with paved shoulder from Design Km. 80.675 Dulhasti to km 95.550 Bandarkoot of 14.88 km & a link road to Kishtwar town from 0000 to 1.871 of length1.871 Km on Khellani - Kishtwar - Chattroo section in UT of Jammu and Kashmir on EPC Mode Pkg-4,Jammu and Kashmir,NHIDCL,2021-03,2023-08,2027-06,859.67,859.67,309.16,50.05,2026-05,FlashReport_May2026.pdf
1137,618400,N24001341,,Construction & Upgradation to 2-lane with paved shoulder from Design Km 67.805 at the end of Km 83rd Tunnel near Dhrabshalla Ex. Km 83905 to Km 80.675 start of Kishtwar Bypass - Dulhasti Ex. Km 970751 of 12.870 Km length on chenani- Sudhmahadev-Goha Khellani-Kishtwar-vailoo-Donipawa-Ashajipora seition of NH-244 in the UT of J&K on EPC Mode under NHO-Gen Pkg-3,Jammu and Kashmir,NHIDCL,2021-03,2022-12,2025-08,398.51,398.51,99.35,98.55,2026-05,FlashReport_May2026.pdf
1138,618406,N24000868,,Up-gradation to 4-lane with Paved Shoulder of Jammu-Akhnoor road section of NH- 144A from Ganesh Vihar Km 6.000 to Khati Chowk Km 26.350 in UT of Jammu and Kashmir on EPC basis Pkg-3A,Jammu and Kashmir,NHIDCL,2018-03,2021-07,2022-05,322.49,322.49,0,0,2026-05,FlashReport_May2026.pdf
1139,618407,N24001543,,Jammu-Akhnoor Road Pkg-I,Jammu and Kashmir,NHIDCL,2018-03,2025-01,2026-07,245.3,245.3,82.62,74.67,2026-05,FlashReport_May2026.pdf
1140,618494,N24001552,10352,Delhi-Amritsar-Katra Expressway Phase-II Pkg-XV [Junction with Hiranagar Road near village Gurha Baildaran to Junction with Jammu Ring Road NH-244A near Jakh village from Km 468100 to Km 503250],Jammu and Kashmir,National Highways Authority of India [NHAI],2021-10,2024-09,2026-12,2714.95,3716.56,1655.87,89.37,2026-05,FlashReport_May2026.pdf
1141,618495,N24002061,10353,4/6L Access Control Expressway from Design Chainage Km 515.000 to 528.300 Kunjwani to Sidhra Section of NH-44 and from Design Chainage Km 550.900 to Km 566.520 Domel to Katra Section Phase II-Package XVII,Jammu and Kashmir,National Highways Authority of India [NHAI],2022-06,2025-06,2027-08,2894.74,2894.74,847.67,64.68,2026-05,FlashReport_May2026.pdf
1142,618496,N24001550,10354,Delhi-Amritsar-Katra Expressway Phase-II Pkg-XVI Existing Jakh Vijaypur-Kunjwani section of NH-44 including spur Connectivity to Jammu Airport NH-144A [Km 503500 to km 514500],Jammu and Kashmir,National Highways Authority of India [NHAI],2021-09,2024-09,2026-09,1821.72,2522.56,1171.13,94.14,2026-05,FlashReport_May2026.pdf
1143,618497,N24002060,10355,Delhi Amritsar Katra Expressway Phase-II Pkg XVIII Development and Upgradation of Four lane Access Control Expressway from Design Chainage KM 530.00 to KM 545.300 Sidhra to Domel Section of NH-44,Jammu and Kashmir,National Highways Authority of India [NHAI],2022-12,2025-11,2027-06,975.38,975.38,564.48,66.69,2026-05,FlashReport_May2026.pdf
1144,618541,N24001511,10390,4L Ring road/bypass around Srinagar city from km 0.000 to km 42.100 Phase-I,Jammu and Kashmir,National Highways Authority of India [NHAI],2021-03,2024-02,2026-10,2919.96,2604.76,1774.2,87.5,2026-05,FlashReport_May2026.pdf
1145,618542,,,4L of existing Wayul Ganderbal Pandach Soura section of old NH-1 as a part of Srinagar Ring Road Phase IIA,Jammu and Kashmir,National Highways Authority of India [NHAI],2024-12,2028-05,2028-05,827.98,827.98,25.21,0,2026-05,FlashReport_May2026.pdf
1146,618543,N24001627,10391,4L of twin tube tunnel configuration including approaches from Marog to Digdol from Km.154.210 to Km.158.650 North Bound and from Km.155.940 to Km.160.260 South Bound of Ramban to Banihal Pkg-I of Old NH-1A New NH-44,Jammu and Kashmir,National Highways Authority of India [NHAI],2021-07,2025-08,2027-12,1912.17,1034.3,370.25,28.9,2026-05,FlashReport_May2026.pdf
1147,618544,N24001622,10392,"4L twin tube tunnel including approaches from Digdol to Khuni Nallah North Bound connecting with existing major bridge on NB and South Bound connecting with Tunnel T4 ,Single tube tunnel of Ramban to Banihal Pkg-II of Old NH-1A New NH-44",Jammu and Kashmir,National Highways Authority of India [NHAI],2021-07,2024-06,2026-09,1401.87,1020.99,1029.97,87.1,2026-05,FlashReport_May2026.pdf
1148,618545,N24001621,,"4L of Km.165.092 to Km.171.855 North Bound and from Km.166.895 to Km.173.638 South Bound, excl. certain reaches of North Bound and South Bound of Ramban to Banihal Pkg-III of Old NH-1A New NH-44",Jammu and Kashmir,National Highways Authority of India [NHAI],2021-07,2024-08,2027-06,614.48,444.76,263.75,42.8,2026-05,FlashReport_May2026.pdf
1149,618547,N24002059,10394,2L NH-1 from km 8.660 to km 33.775 Sumbal to Wayul to 4L dual carriageway NH standard as part of Srinagar Ring Road PhaseII [Design Ch. 41.907 to Ch. 66.609],Jammu and Kashmir,National Highways Authority of India [NHAI],2022-11,2026-06,2027-06,961,643.64,430.82,51.02,2026-05,FlashReport_May2026.pdf
1150,618549,N24001926,10396,Construction of twin tube tunnels on Jammu Kashmir Ring Road NH-244A Between Design Ch. 50600 to 51700 and design Ch. 53535 to 55700 on EPC mode under residual NHDP component of Bharatmala Pariyojna,Jammu and Kashmir,National Highways Authority of India [NHAI],2022-11,2025-06,2026-12,242.65,731.59,664.39,83.87,2026-05,FlashReport_May2026.pdf
1151,618550,N24001619,,Corridor Efficiency Improvement including removal of black spots in Lakhanpur - Samba section of NH-44 from Chainage Km. 16.300 to Km. 74.100,Jammu and Kashmir,National Highways Authority of India [NHAI],2022-06,2024-06,2026-12,855.74,215.68,198.69,74.63,2026-05,FlashReport_May2026.pdf
1152,618967,,,Upgradation and Strengthening of Chenani to Nashri Section via Patnitop of NH244 from Km 0.000 to Km 39.100,Jammu and Kashmir,National Highways Authority of India [NHAI],2024-03,2026-08,2027-03,295.06,295.06,175.97,64,2026-05,FlashReport_May2026.pdf
1153,619038,N24001396,,Construction/upgradation to 2-lane with paved shoulder from Design Km 95.55 Bandarkoot to Km. 111.06 Chattroo of 15.52 Km length on Khellani-Kishtwar-Chattroo section on NH-244 in UT of Jammu and Kashmir on EPC Mode Pkg-5,Jammu and Kashmir,NHIDCL,2021-03,2023-02,2026-03,497.09,497.09,245.25,99.97,2026-05,FlashReport_May2026.pdf
1154,618060,N24001923,,Widening and Strengthening of existing paveemnt to two lane with paved shoulders from km 116.00 to km 176.355 of NH-75E in the State of Jharkhand on EPC mode.,Jharkhand,MoRTH,2022-01,2024-07,2026-07,315.21,315.21,129.54,87,2026-05,FlashReport_May2026.pdf
1155,618083,,,Construction of byepass around Lohardaga town of NH-143A in the Sate of Jharkhand under EPC mode.,Jharkhand,MoRTH,2022-02,2026-01,2026-09,458.78,458.78,0,5,2026-05,FlashReport_May2026.pdf
1156,618084,N24001922,,Widening to 2-lane with paved shoulder from km 0.00 to 44.00 Kuru-Ghaghra section of NH-143A including re-construction of culverts and bridges.,Jharkhand,MoRTH,2020-02,2023-08,2026-06,153.01,133.67,85.59,95,2026-05,FlashReport_May2026.pdf
1157,618123,N24001925,,Widening and Strengthening/Reconstruction to Two Lane with Paved Shoulder/ Two Lane with paved shoulders with service road from km 0000 to km 42250 excluding design Ch. 03220 to 04200 & 28350 to 29060 of NH-320G in the state of Jharkhand under EPC mode,Jharkhand,MoRTH,2022-03,2025-08,,423.18,423.18,4.11,0,2026-05,FlashReport_May2026.pdf
1158,618127,,,Construction of 2- Lane with paved shoulder from km 56.45 Dharampur More to 93.050 Pakur of NH-333A in the State of Jharkhand on EPC mode,Jharkhand,MoRTH,2023-03,2027-05,2027-05,255.73,255.73,10.06,10.4,2026-05,FlashReport_May2026.pdf
1159,618242,,,Widening and Reconstruction to 4-lane/4-lane with service road including structures from Pokharia More at Km 47.600 Ex. Km 50.230 to Govindpur at km 62.949 Ex. Km 65.325 of Nh-419 in the State of Jharkhand on EPC mode.,Jharkhand,MoRTH,2022-05,2026-01,2026-06,300.46,300.46,85.48,48.73,2026-05,FlashReport_May2026.pdf
1160,618534,,,Construction of Six lane elevated flyover including reconstruction/rehabilitation of existing pavement from Km 426230 to Km 430500 Length 4.27 Km at Nirsa in the Barwa Adda Panagarh section of NH-19 from Km.398.240 to Km.521.120 including Panagarh Bypass in the State of Jharkhand on EPC Mode.,Jharkhand,National Highways Authority of India [NHAI],2025-01,2028-08,2026-08,470.75,470.75,0.89,0,2026-05,FlashReport_May2026.pdf
1161,618535,,,Construction of Six lane elevated flyover including reconstruction/rehabilitation of existing pavement from Km 406100 to Km 411150 Length 5.05 Km at Gobindpur area in the Barwa Adda Panagarh section of NH-19 from Km.398.240 to Km.521.120 including Panagarh Bypass in the State of Jharkhand on EPC Mode.,Jharkhand,National Highways Authority of India [NHAI],2025-01,2028-03,2028-03,687.77,442.52,47.69,14.6,2026-05,FlashReport_May2026.pdf
1162,618641,,11882,4 Lane of CG/JH Border-Gumla from km 0.000 to km 32.370 of NH-43 in the State of Jhrkhand,Jharkhand,National Highways Authority of India [NHAI],2024-08,2028-02,2028-02,1325.8,1325.8,13.87,1.35,2026-05,FlashReport_May2026.pdf
1163,618642,N24001595,10459,4L of Palma to Gumla from km. 26.00 to km. 89.170 of NH-23,Jharkhand,National Highways Authority of India [NHAI],2020-03,2024-03,2026-06,1882.93,1895.75,918.87,98.96,2026-05,FlashReport_May2026.pdf
1164,618644,N24001854,10460,4L of Ormanjhi-Gola section from Km 81.450 to Km 53.600 of NH- 320BPKG-II,Jharkhand,National Highways Authority of India [NHAI],2022-02,2025-06,2026-12,1214.93,1462.19,864.26,86.57,2026-05,FlashReport_May2026.pdf
1165,618645,N24002056,10461,4L of Gola-BokaroJaina More section from Km 53.600 to Km 21.110 of NH-320PKG-1,Jharkhand,National Highways Authority of India [NHAI],2022-02,2025-06,2026-10,1007.97,1030.64,439.04,78.1,2026-05,FlashReport_May2026.pdf
1166,618730,,,6 Lane Greenfield Varanasi- Ranchi- Kolkata Highway from Deoria village to Donoreshan village from km 253.000 to km 288.600 Pkg -10,Jharkhand,National Highways Authority of India [NHAI],2023-03,2028-05,2028-05,1546.27,1546.27,0.26,0,2026-05,FlashReport_May2026.pdf
1167,618736,,10526,4L Elevated corridor of Kalimandir-Dimna Chowk-Baliguma Jamshedpur Section of NH-33 New NH-18 from km 241940 to km 251961 Length 10.021 km,Jharkhand,National Highways Authority of India [NHAI],2024-03,2027-03,2027-03,936.26,832.2,294.23,44.42,2026-05,FlashReport_May2026.pdf
1168,618737,,,Grade separated Interchanges at Km. 113.730 junction with Ranchi Hazaribagh Road & Km. 139.225 junction with Ranchi Jamshedpur road on 4L Ranchi Bypass of NH-33,Jharkhand,National Highways Authority of India [NHAI],2025-01,2027-12,2027-12,303.53,5.58,3.88,0,2026-05,FlashReport_May2026.pdf
1169,618829,N24001590,10593,4L from km 196.87 Sankha to km 219.6 Khajuri on NH-75 [Rehla / Garhwa Bypass],Jharkhand,National Highways Authority of India [NHAI],2020-09,2023-10,,1129.48,1129.48,527.11,93.45,2026-05,FlashReport_May2026.pdf
1170,618830,N24002054,10594,4L from Km 147.450 Bhogu to Km 196.870 Sankha on NH-75 Sec-III,Jharkhand,National Highways Authority of India [NHAI],2022-10,2025-11,2027-03,1517.87,1652.09,992.09,76.95,2026-05,FlashReport_May2026.pdf
1171,618831,,10595,4L from Km 95.400 Udaipura to Km 147.450 Bhogu on NH-75 Sec-II,Jharkhand,National Highways Authority of India [NHAI],2023-03,2026-10,2027-03,1436.8,1301.54,200.87,27.6,2026-05,FlashReport_May2026.pdf
1172,618832,,11879,4L from Km 55.00 Kuru to Km 95.400 Udaipura on NH-75 Sec-I,Jharkhand,National Highways Authority of India [NHAI],2024-02,2028-01,2028-01,1274.82,1274.82,86.46,7.41,2026-05,FlashReport_May2026.pdf
1173,618863,,10618,Barhi-Koderma Section of NH31 km 0.00 - km 27.5,Jharkhand,National Highways Authority of India [NHAI],2017-02,2024-08,2026-06,662.44,826.59,510.72,98.5,2026-05,FlashReport_May2026.pdf
1174,618946,N24002057,10684,4L of Mehgama - Hansdiha from km. 41.900 to km. 93.000 of NH -133A Pkg-II,Jharkhand,National Highways Authority of India [NHAI],2022-03,2025-05,2026-06,1479.72,1568.18,878.21,99.5,2026-05,FlashReport_May2026.pdf
1175,618947,N24001596,10685,4L of NH-80 from km 215.00 to km 260.00 Mirza Chauki to Farkka Pkg-I,Jharkhand,National Highways Authority of India [NHAI],2018-03,2023-07,2026-12,1504.8,1508.21,804.77,91.83,2026-05,FlashReport_May2026.pdf
1176,618949,N24002055,10686,4L of Basukinath- Deoghar Section of NH-114A,Jharkhand,National Highways Authority of India [NHAI],2022-09,2025-12,2026-08,1444.94,1553.76,652.67,86.44,2026-05,FlashReport_May2026.pdf
1177,618950,,,Construction of Bypass to NH-114A Connecting NH-333 and NH-133 Deoghar Bypass from design km 0.000 to design Km 49.000,Jharkhand,National Highways Authority of India [NHAI],2024-11,2028-01,2028-01,1565.47,1565.47,49.08,6.55,2026-05,FlashReport_May2026.pdf
1178,619005,,,Construction of bypass around Chatra Town on NH-22 old NH-99 in the state of Jharkhand under EPC Mode,Jharkhand,MoRTH,2023-03,2028-01,2026-01,235.42,199.2,0,12,2026-05,FlashReport_May2026.pdf
1179,617935,N24001938,,"Construction of Elevated corridor from Km. 135.650 to 136.300 on 63, from Km. 249 to Km. 250.050 on old NH-4 and from Km. 192.910 to Km. 193.350 on NH-218 from decongestion of traffic in Ranichennamma circle in Hubli city in the state of Karnataka on EPC basis",Karnataka,MoRTH,2020-08,2024-06,2026-11,298,349.49,175.06,65,2026-05,FlashReport_May2026.pdf
1180,617950,,,Construction of Srinivasapura Bypass from existing Km 453.890 Design Ch. 0000 to existing Km 461.450 Design Ch 10080 on NH-69 in the State of Karnataka Under NH O in EPC mode under Annual Plan 2022-23 NH-69-KNT-2022-23-966 dated 22.11.2022,Karnataka,MoRTH,2022-11,2027-01,2027-01,204.42,204.42,0,0,2026-05,FlashReport_May2026.pdf
1181,617951,,,Construction of Chintamani Bypass from Design Ch.0000 Existing Ch.428880 to Design Ch.15400 Existing Ch.444010 on NH-69 in the State of Karnataka in EPC Mode under NHO Annual Plan 2022-23. NH-69-KNT-2022-23-989 dated 24.03.2023,Karnataka,MoRTH,2023-03,2027-07,2027-07,314.55,314.55,0,0,2026-05,FlashReport_May2026.pdf
1182,617954,N24001937,,Balance work of Rehabilitation and upgrading to 2lane/2lane with paved shoulder configuration and strengthening from from Km 343.80 to 400.33 of Gowribidanur-Chik Ballapur section in the state of Karnataka Under Annual Plan 2021-22 under EPC Mode.-952,Karnataka,MoRTH,2022-03,2025-02,2026-04,398.48,398.48,211.59,93.25,2026-05,FlashReport_May2026.pdf
1183,617955,N24002012,10150,Widening to two lane with paved Shoulders from Km 40.00 to Km 75.00 Existing chainages of Mangalore - Tumkur section of NH-73 in the State of Karnataka on EPC Mode under Annual Plan 2021-22 Job No NH-73-KNT-2021-22-945,Karnataka,MoRTH,2022-03,2025-03,2026-12,718.52,718.52,308.84,83,2026-05,FlashReport_May2026.pdf
1184,617989,N24001450,,Construction of Major Bridge at Km.180.865 across river Krishna on NH 167 Hagari Jadcherla section,Karnataka,MoRTH,2019-03,2021-11,2027-04,157.32,187.61,103.33,69,2026-05,FlashReport_May2026.pdf
1185,617997,,,Widening of existing 2 lane to 4 lane with paved shoulder from Designed km 25.15 to km 56.70 Except Km 52.70 to 53.50 of NH-169 Nellisara Camp to Thirthahalli of NH- 169 on Shimoga-Mangalore section in the state of Karnataka on EPC mode under Annual plan 2022-23 NH-169-KNT-2022-23-978 dated 08.03.2023,Karnataka,MoRTH,2023-03,2028-02,2028-02,538.71,538.71,0.28,6,2026-05,FlashReport_May2026.pdf
1186,617998,N24000979,,Widening to existing 2 lane with paved Shoulder to 4 Lane with paved shoulder from design Km 153.00 to 168.27 Mala Gate to Karkala of NH -169 on Shimoga - Mangalore section in the state of Karnataka on EPC mode under Annula Plan 2021-22 Job No. NH-169-KNT-2021-22-949,Karnataka,MoRTH,2022-03,2025-02,2026-11,177.94,177.94,111.41,83,2026-05,FlashReport_May2026.pdf
1187,617999,,,Widening to 2LPS from Km 67 to Km 115 on Kadur-Hosadurga section NH 173 in the state of Karnataka NH-173-KNT-2022-23-980 dated 13.03.2023,Karnataka,MoRTH,2023-03,2026-04,2026-10,471.62,471.62,80.08,64.33,2026-05,FlashReport_May2026.pdf
1188,618000,N24001390,,Widening to 2-Lane with Paved Shoulders from Km 116.800 to 149.070Design Changes on Hosadurga - Holalkere Section of NH-173 in the State of Karnataka on EPC mode under Annual Plan 2021-22 Job no. NH-173-KNT-2021-22-946,Karnataka,MoRTH,2022-03,2024-02,2026-04,170.34,147.39,106.88,92.65,2026-05,FlashReport_May2026.pdf
1189,618027,,,Widening to 2LPS from Km 71.00 to 104.00 Existing chainages Sarjapur to Pattadkallu on Bhanapur to Gaddanakeri section NH-367 in the State of Karnataka under NHO on EPC mode under Annual Plan 2022-23 NH-367-KNT-2022-23-972 dated 08.02.2023,Karnataka,MoRTH,2023-02,2026-03,2026-12,445.62,445.62,0,85,2026-05,FlashReport_May2026.pdf
1190,618028,,,"Construction of Bypass at Kuknoor, Yelburga, Gajendragada of Bhanapur Gaddanakeri section of NH-367 in the State of Karnataka under NHO on EPC mode under Annual Plan 2022-23. NH-367-KNT-2022-23-973 dated 08.02.2023",Karnataka,MoRTH,2023-02,2027-06,2027-06,333.96,333.96,48.88,31,2026-05,FlashReport_May2026.pdf
1191,618029,N24001941,,Widening to 4 lane from Km. 133.00 to 158.04 design Chainage Km. 130.88 to 155.145 Shirur Cross to Gaddankeri of NH-367 in the State of Karnataka on EPC mode. Job No. NH-367-KNT-2021-22-930,Karnataka,MoRTH,2022-01,2025-01,2027-03,350.69,312.06,191.38,81.62,2026-05,FlashReport_May2026.pdf
1192,618030,N24001940,,Widening to 2 lane with paved shoulder from Km. 103.225 Pattadakal to Km. 133.00 Shirur cross of NH-367 in the state of Karnataka on EPC Mode.Job No. NH-367-KNT- 2021-22-934,Karnataka,MoRTH,2022-02,2024-05,2026-12,264.14,264.14,3.58,0,2026-05,FlashReport_May2026.pdf
1193,618031,N24002011,10166,Balance work of Construction of Two/Four lane with paved shoulder from Km 422.000 to 523.600 Chitradurga to Shivamogga of NH-13 in the state of Kanataka on EPC mode.,Karnataka,MoRTH,2021-01,2025-12,2026-08,516.96,516.96,105.08,98,2026-05,FlashReport_May2026.pdf
1194,618086,,10175,"Widening to Two Lane with Paved Shoulders from KB Cross to Chunchanahalli ie., Design Ch. 485240 Km Existing Km 494.000 to Design Ch. 523393 Km Existing km 533.152 & From Design Ch. 530393 Existing Km 540.175 to Design Ch. 534476 Existing Km 544.200 at Nelligere of NH-150A on EPC mode under Annual Plan 2022-23 NH-150A-KNT-2022-23-977 dated 08.03.2023",Karnataka,MoRTH,2023-03,2027-01,2027-01,617.28,617.28,4.72,47.7,2026-05,FlashReport_May2026.pdf
1195,618087,N24001944,,Widening to intermediate/two lane to 2 lane with paved shoulder from Existing chanages Km 112.750 to 142.00 Liingasur to Mudabal cross & from Km. 147.070 to Km. 149.070 Maski city limit of Jewargi Chamrajnagar setion of NH-150A in the state of Karnataka on EPC mode. Job No. NH-150A-KNT-2021-22-951,Karnataka,MoRTH,2022-03,2024-07,2026-08,255.88,255.88,179.66,96,2026-05,FlashReport_May2026.pdf
1196,618095,,,Widening to Two Lane with Paved Shoulders from Km 0.00 Design Chainage 0.00 to Km 23.338 Design Chainage 23310 of NH-166E MH/KNT Border- Kanamadi- Bijjargi- Tikota section in the state of Karnataka in EPC Mode under Annual plan 2022-23 NH- 166E-KNT-2022-23-974,Karnataka,MoRTH,2023-02,2026-03,2027-03,196.05,196.05,0,71,2026-05,FlashReport_May2026.pdf
1197,618109,N24001948,,Widening to 4 lane from Km 51.60 to 76.20 Hebri to Parkala and from Km 85.20 to 88.90 Karavali junction to Malpe of Thirthahalli-Udupi-Malpe Section of NH-169A in the State of Karnataka on EPC Mode under Annual plan 2021-22 Job No. NH-169A- KNT-2021-22-927,Karnataka,MoRTH,2022-01,2024-12,2026-11,355.72,355.72,184.79,88.33,2026-05,FlashReport_May2026.pdf
1198,618144,N24001281,,Construction of Major Bridge Across Sharavathi Backwaters and approches between Ambargodu and Kalasavalli Near Sigandhur in Sagar Taluk on NH 369E in the State of Karnataka on EPC mode.Job No. NH-369E-KNT-2018-19-895 dated 06.03.2019.,Karnataka,MoRTH,2019-03,2022-12,,423.15,423.15,0,0,2026-05,FlashReport_May2026.pdf
1199,618147,,,Widening to 2 Lane with Paved Shoulders from design Km 103.200 Existing Km 103.200 to design Km 116.700 Existing Km 118.470 on AP/KNT Border to Sira Section of NH-544E in the State of Karnatakaon EPC mode under Annual plan 2022- 23,Karnataka,MoRTH,2023-01,2025-09,2026-08,166.58,166.58,35.33,65,2026-05,FlashReport_May2026.pdf
1200,618148,,,Widening to 4LPS of NH-548B from Km 80.000 Near Murgundi to Km 140.200 Near Chikkodi excluding length from Km 118.450 to Km 128.450 in the State of Karnataka under NH O on EPC Mode under Annual Plan 2022-23 - Package 1 NH-548B-KNT- 2022-23-979 dated 09.03.2023,Karnataka,MoRTH,2023-03,2028-04,2028-04,785.79,785.79,0,0,2026-05,FlashReport_May2026.pdf
1201,618149,,10191,Widening to two lane with paved shoulders from Km 0.00 to 102.310 Design Chainage of NH-548B Murrum-Maharashtra Border in the State of Karnataka,Karnataka,MoRTH,2023-02,2027-01,2027-01,957.09,957.09,248.81,60.21,2026-05,FlashReport_May2026.pdf
1202,618151,,,Widening to 4LPS of NH-548B from Km 118.450 Near Shirguppi to Km 128.450 Near Ankali in the State of Karnataka under NH O on EPC Mode Under Annual Plan 2022- 23 NH-548B-KNT-2022-23-982,Karnataka,MoRTH,2023-03,2029-05,,1084.29,1084.29,0,0,2026-05,FlashReport_May2026.pdf
1203,618184,,,Construction of 2 Lane with paved shoulder from km 55.6 to km 90.7 existing chainages of NH-766C complete Realignment of 13.76 km with 2 major Bridges across Sharavathi Backwaters on EPC mode under Annual Plan 2022-23 in the state of Karnataka NH-766C-KNT-2022-23 dated 14.10.2022,Karnataka,MoRTH,2023-01,2026-02,2027-12,313.56,313.56,0,65,2026-05,FlashReport_May2026.pdf
1204,618185,,,Widening to 2LPS from Km 0.000 to 37.850 Except Ex. Km 24.45 to 27.20 of NH-766c Byndoor-Ranebennur Section in the state of Karnataka on EPC Mode under Annual Plan 2022-23 NH-766C-KNT-2022-23-969 dated 30.12.2022,Karnataka,MoRTH,2022-12,2027-08,2027-08,394.95,394.95,0,0,2026-05,FlashReport_May2026.pdf
1205,618189,,10203,Widening to Two Lane with Paved Shoulder of NH-73 New Spur Road Ujire - Dharmasthala - Periyashanthi in the State of Karnataka under on HAM under NHO Annual Plan 2023-24Job No NH-73Spur-KNT-2023-24-996,Karnataka,MoRTH,2024-01,2027-11,,613.65,613.65,0,0,2026-05,FlashReport_May2026.pdf
1206,618517,N24001994,10371,4/6L of Bangalore - Pune Section of bypass connecting Dharwad - Hubli from km. 403.80 to km. 433.20,Karnataka,National Highways Authority of India [NHAI],2021-12,2025-09,2026-11,1135.39,763.36,739.28,83.19,2026-05,FlashReport_May2026.pdf
1207,618518,,10372,Davanagere - Haveri of NH-48 Old NH-4 from km. 260.00 to km. 338.923,Karnataka,National Highways Authority of India [NHAI],2017-01,2020-07,2026-09,1454.67,1805.84,690.64,98.87,2026-05,FlashReport_May2026.pdf
1208,618520,,10374,4L of km 0.00 to km 42.00 of Dobbaspet to Doddaballapura Bypass section of NH-648 old NH-207] [Bangalore Ring Road Pkg 1],Karnataka,National Highways Authority of India [NHAI],2020-08,2023-04,2026-07,1438.74,1786.57,1051.89,99.2,2026-05,FlashReport_May2026.pdf
1209,618630,N24001676,10449,6L of MH/KN Border Nimbal Village to KN/TS Border Singnodi Village from Km. 26.000 to Km. 97.000 in Gulbarga of NH-150C Pkg-II,Karnataka,National Highways Authority of India [NHAI],2022-02,2025-06,2026-11,2355.56,1923.3,887.73,77.72,2026-05,FlashReport_May2026.pdf
1210,618649,,10463,4 Lane with PS from Des. Ch 228.500 to Des. Ch. 273.400 of Belgaum-Hungund- Raichur Section of NH 748 A Package-6,Karnataka,National Highways Authority of India [NHAI],2023-03,2026-11,2027-06,1246.15,1012.78,276.78,51.17,2026-05,FlashReport_May2026.pdf
1211,618650,,10464,4 Lane with PS from Des. Ch 89.900 to Des. Ch. 136.100 of Belgaum-Hungund- Raichur Section of NH-748A Package-3,Karnataka,National Highways Authority of India [NHAI],2024-01,2027-04,2027-12,1363.9,1219.62,115.94,20.45,2026-05,FlashReport_May2026.pdf
1212,618651,,10465,4 Lane with PS from Des. Ch 43.800 to Des. Ch. 89.900 of Belgaum-Hungund- Raichur Section of NH-748A Package-2,Karnataka,National Highways Authority of India [NHAI],2024-02,2027-02,2027-06,1427.88,1293.94,455.59,48.8,2026-05,FlashReport_May2026.pdf
1213,618697,,,4LPS Access Controlled Highway of Bellary Bypass Balance work from Ch. 254750 to Ch. 266837 and construction of 4LPS from Ch. 277.690 to Ch. 278.690 at D. Hirehal Village Balance work of NH 150A of Bellary Byrapura Section,Karnataka,National Highways Authority of India [NHAI],2024-02,2026-07,2027-07,626.01,284.05,111.79,36.4,2026-05,FlashReport_May2026.pdf
1214,618698,,10498,Challakere to Hariyur section from km 358.500 to km 414.205 of NH-150 A,Karnataka,National Highways Authority of India [NHAI],2018-03,2023-01,2025-06,1167.52,1873.58,843.6,99.5,2026-05,FlashReport_May2026.pdf
1215,618702,N24001425,10501,4L of Addahole Near Gundya to Bantwal Cross section Pkg-02 from Design Km 270.270 to Design km 318.55 including flyover at Kalladka Town including approaches from Km. 311.57 to Km. 313.67 of NH-75 Old NH-48,Karnataka,National Highways Authority of India [NHAI],2020-12,2023-11,2026-12,1660.19,1318.24,1359.13,94.21,2026-05,FlashReport_May2026.pdf
1216,618706,,10502,Bangalore-Nidagatta Pkg. I,Karnataka,National Highways Authority of India [NHAI],2018-02,2021-11,2026-07,3496.01,4087.42,604.63,99.19,2026-05,FlashReport_May2026.pdf
1217,618707,,,Additional works under BM1 to ensure road safety under 6L of Bengaluru Mysuru Access control with close toll from Km.17.300 to Km.136.300 of NH-275,Karnataka,National Highways Authority of India [NHAI],2024-11,2028-01,2028-12,738.37,738.37,14.28,7.29,2026-05,FlashReport_May2026.pdf
1218,618709,N24001989,10504,4L of Left-Over Works of Hospet-Bellary -Karnataka/AP border from Km.280.080 Dec.Ch. to Km.375450Des.Ch. of NH-63 New-67,Karnataka,National Highways Authority of India [NHAI],2023-03,2025-05,2028-04,1340.15,992.6,922,91.45,2026-05,FlashReport_May2026.pdf
1219,618799,N24001599,,Belakeri Port to Kumta - Sirsi road from km 0.00 - km 4.265 of Belekeri Port Road Link Rd. and km 4.965 - km 60.00 of SH-69,Karnataka,National Highways Authority of India [NHAI],2018-03,2022-12,2026-07,456.79,456.79,459.3,94.06,2026-05,FlashReport_May2026.pdf
1220,618870,,10624,4L PS from near Hemmige Village Periyapatna - Hassan Road Jn. to near Hunsur - KR Nagar Jn section from Km. 144.900 to Km. 169.000 of NH-275 Pkg. III,Karnataka,National Highways Authority of India [NHAI],2023-02,2027-04,2028-07,883.62,1726.65,61.61,21.79,2026-05,FlashReport_May2026.pdf
1221,618871,,10625,4L PS from Near Guddehosur to Start of Kushalnagara Bypass to near Hemmige Village Periyapatna - Hassan Road Jn from Km. 122.200 to Km. 144.900 of NH-275 Pkg. II,Karnataka,National Highways Authority of India [NHAI],2023-02,2027-12,2028-11,909.86,896.42,33.14,9.85,2026-05,FlashReport_May2026.pdf
1222,618872,,10626,4L PS from near Hunsur - KR Nagar Junction to near Yalachahalli village KR Nagara - Yelawala Road Junction fcrom Km 169.000 to Km 195.550 of NH-275 Pkg-IV,Karnataka,National Highways Authority of India [NHAI],2023-02,2027-04,2028-09,1062.76,952.03,93.27,16.33,2026-05,FlashReport_May2026.pdf
1223,618873,,10627,4L PS from near Yalachahalli village KR Nagara - Yelawala Road junction to Srirangapatna Bypass Near Paschima Vahini from km 195.550 to Km 214.535 of NH- 275 Pkg-V,Karnataka,National Highways Authority of India [NHAI],2023-01,2027-04,2028-10,1272.71,1203.2,97.85,15.84,2026-05,FlashReport_May2026.pdf
1224,618887,N24001687,10637,4L of Bettadahalli- Shivamogga section from Km.170.415 to km. 226.750 of NH-206 Tumkur- Shivamogga Pkg-IV,Karnataka,National Highways Authority of India [NHAI],2019-01,2023-10,2027-03,2082.98,2545.11,865.76,83.36,2026-05,FlashReport_May2026.pdf
1225,618896,N24001680,10645,4L of Sannur to Bikarnakatte section from Km 691.350 to Km 736.362 of NH-169 Karkala - Mangalore Package-III,Karnataka,National Highways Authority of India [NHAI],2021-03,2024-10,2027-04,1386.41,2038.71,976.79,70.41,2026-05,FlashReport_May2026.pdf
1226,619071,N24001681,11763,Tumkur - Nelamangala 6L,Karnataka,National Highways Authority of India [NHAI],2021-03,2025-08,2027-03,2032.15,1664.2,598.88,60.74,2026-05,FlashReport_May2026.pdf
1227,619072,N24001674,11764,Bangalore/TN border to Hoskote,Karnataka,National Highways Authority of India [NHAI],2022-02,2025-02,2026-08,1181.68,1297.76,799.85,94.89,2026-05,FlashReport_May2026.pdf
1228,619073,,11765,4L of 42.000 to km 80.00 of Dodaballapur Bypass to Hoskote section of NH-648 Old NH-207 [Bangalore Ring Road Pkg 2],Karnataka,National Highways Authority of India [NHAI],2020-02,2023-02,2026-07,1317.74,1846.52,1028.28,99.2,2026-05,FlashReport_May2026.pdf
1229,619096,N24000462,,Goa / Karnataka Km.93.700 to Kundapur Km.283.30,Karnataka,National Highways Authority of India [NHAI],2012-07,2016-08,2026-07,1644.92,1990.99,329.51,97.8,2026-05,FlashReport_May2026.pdf
1230,619106,,11781,4 Lane with PS from Des. Ch 182.300 to Des. Ch. 228.500 of Belgaum-Hungund- Raichur Section of NH 748 A Package-5,Karnataka,National Highways Authority of India [NHAI],2023-03,2026-11,2027-08,1141.88,868.65,223.35,35.52,2026-05,FlashReport_May2026.pdf
1231,619107,,11782,4 Lane with PS from Des. Ch 136.100 to Des. Ch. 182.300 of Belgaum-Hungund- Raichur Section of NH-748A Package-4,Karnataka,National Highways Authority of India [NHAI],2024-02,2027-09,2028-03,1311.41,1123.35,47.55,10.35,2026-05,FlashReport_May2026.pdf
1232,619108,,11783,4 Lane with PS from Des. Ch 0.000 to Des. Ch. 43.800 of Belgaum-Hungund-Raichur Section of NH-748A Package-1,Karnataka,National Highways Authority of India [NHAI],2024-02,2027-06,2027-09,1452.43,1256.55,210.48,35.6,2026-05,FlashReport_May2026.pdf
1233,619117,,,Hassan km 184.912 to Maranahally km 230.060 of NH - 75 in Karnataka,Karnataka,National Highways Authority of India [NHAI],2015-12,2019-03,2026-06,1021.57,1091.4,698.85,97.8,2026-05,FlashReport_May2026.pdf
1234,619120,,11790,Nidagatta-Mysore Pkg II,Karnataka,National Highways Authority of India [NHAI],2018-02,2022-06,2026-07,2919.8,4113.89,2280.1,99.19,2026-05,FlashReport_May2026.pdf
1235,619121,,,4L of Hubli - Hospet Section of NH-63 from Km 128.850 to Km 272.571,Karnataka,National Highways Authority of India [NHAI],2016-07,2020-03,2026-05,2531.99,3619.32,1360.9,99.65,2026-05,FlashReport_May2026.pdf
1236,619138,N24001682,,Yekkambi-Haveri,Karnataka,National Highways Authority of India [NHAI],2021-09,2024-03,2027-12,309.9,309.9,82.28,23.84,2026-05,FlashReport_May2026.pdf
1237,619144,,,Hospet - Chitradurga from km. 299.00 to km. 418.750,Karnataka,National Highways Authority of India [NHAI],2015-03,2018-08,2026-06,1519.72,387.48,36.7,100,2026-05,FlashReport_May2026.pdf
1238,619150,,,BRT Tiger Reserve Boundary Km.287.500 to Bangalore Section Km.458.420 of NH- 209 in Karnataka,Karnataka,National Highways Authority of India [NHAI],2016-04,2019-08,2026-07,2082.69,2859.93,730.48,99.7,2026-05,FlashReport_May2026.pdf
1239,619164,,11819,Belgaum-Khanapur Pkg I Km 0.000-Km 30.800 of NH-4A,Karnataka,National Highways Authority of India [NHAI],2018-03,2021-09,2027-03,1214.3,1195.74,527.99,72.77,2026-05,FlashReport_May2026.pdf
1240,619211,,11901,6L of MH/KN Border Nimbal Village to KN/TS Border Singnodi Village from Km. 97.000 to Km. 162.500 in Yadgir of NH-150C Pkg-III,Karnataka,National Highways Authority of India [NHAI],2022-03,2025-10,2026-11,2104.7,2065.83,795.13,73.9,2026-05,FlashReport_May2026.pdf
1241,619214,,11904,4L of Channarayapatna Bypass and Hassan Bypass with structures in Devihalli - Hassan section,Karnataka,National Highways Authority of India [NHAI],2020-04,2023-01,2026-10,688,684.54,586.06,82.34,2026-05,FlashReport_May2026.pdf
1242,619218,,11907,4L Tumkur-Shimoga Pkg-I from Mallasandra to Karadi village of NH-206 from Km. 12.300 to Km. 65.195,Karnataka,National Highways Authority of India [NHAI],2018-02,2021-10,2026-06,1364.14,1692.12,614.73,100,2026-05,FlashReport_May2026.pdf
1243,619219,,11908,4L of Tumkur-Shimoga Pkg-II from Km 65.195 Karadi to Km 121.900 Banawara of NH-206,Karnataka,National Highways Authority of India [NHAI],2018-02,2021-10,2026-12,1505.85,1989.89,656.52,99.97,2026-05,FlashReport_May2026.pdf
1244,619220,,11909,Tumkur-Shimoga Pkg-III from Km 121.900 Banawara to Km 170.415 Bettadahalli of Old NH-206,Karnataka,National Highways Authority of India [NHAI],2018-02,2023-03,2026-12,1444.5,1834.81,872.45,97.75,2026-05,FlashReport_May2026.pdf
1245,618070,N24001369,,Widening to 2 Lanes with paved shoulders from Km.87/000 to 133/720 Nattukal to Thanau Jn. in Palakkad of NH-966 Old NH-213 on EPC mode Basis under NHO Annual Plan 2016-17 in the state of Kerala,Kerala,MoRTH,2017-02,2019-08,2026-06,294.28,315.63,0,98,2026-05,FlashReport_May2026.pdf
1246,618595,N24001664,10424,6L of Chengala - Neeleshwaram from km. 56.200 to km. 93.468,Kerala,National Highways Authority of India [NHAI],2020-06,2024-04,2027-03,1746.45,2538.06,960.04,90.68,2026-05,FlashReport_May2026.pdf
1247,618596,N24001660,10425,6L of Taliparamba to Muzhappilangad from Km 134.650 to Km 170.6 of NH-66,Kerala,National Highways Authority of India [NHAI],2020-08,2024-05,2027-12,2714.6,3557.65,1055.13,83,2026-05,FlashReport_May2026.pdf
1248,618597,N24001661,10426,6L of Azhiyur-Vengalam from km. 189.200 to km. 230.400 of NH-66,Kerala,National Highways Authority of India [NHAI],2020-10,2024-07,2027-05,3205.77,3898.46,776.84,60.07,2026-05,FlashReport_May2026.pdf
1249,618598,N24001652,,6L Minor Bridge Paloli Palam at km. 203.160 & Major Bridge Morad at km. 204.895 and allied works,Kerala,National Highways Authority of India [NHAI],2020-03,2022-06,2026-06,210,216.94,77.9,100,2026-05,FlashReport_May2026.pdf
1250,618599,N24001658,10427,6L of Ramanatukkara Junction to start of Valanchery bypass section of NH-66,Kerala,National Highways Authority of India [NHAI],2021-01,2024-07,2026-05,4924.11,4919.46,1815.81,99.75,2026-05,FlashReport_May2026.pdf
1251,618600,N24001659,10428,6L of Valanchery bypass to Kappirikkad of NH 66 from km. 298500 to km 335850,Kerala,National Highways Authority of India [NHAI],2021-02,2024-07,2026-06,4023.94,4023.94,1497.77,98.84,2026-05,FlashReport_May2026.pdf
1252,618601,N24001655,10429,6L of Kappirikkad to Thalikulam section from km 335.85 to km 369.015 of NH - 66 old NH-17,Kerala,National Highways Authority of India [NHAI],2021-06,2025-01,2027-06,4225.59,4225.59,717.06,88.2,2026-05,FlashReport_May2026.pdf
1253,618602,N24001656,10430,6L of Thalikulam to Kodugallur section from km 369.015 to km 397.850 of NH - 66 old NH-17,Kerala,National Highways Authority of India [NHAI],2021-06,2025-02,2027-06,4302.06,4302.06,783.1,84.18,2026-05,FlashReport_May2026.pdf
1254,618603,N24001653,10431,6L of Kodugallur to Edapppally section from km 397.750 to km 423.780 of NH - 66 old NH-17,Kerala,National Highways Authority of India [NHAI],2021-11,2025-04,2027-05,3465.82,3606.2,853.77,70.81,2026-05,FlashReport_May2026.pdf
1255,618604,N24001648,10432,Aroor-Thuravoor Thekku,Kerala,National Highways Authority of India [NHAI],2022-08,2026-01,2026-12,2429.52,2382.83,1765.01,90.34,2026-05,FlashReport_May2026.pdf
1256,618605,N24001651,10433,Thuravoor Thekku-Paravoor,Kerala,National Highways Authority of India [NHAI],2021-09,2024-09,2027-05,2878.97,2638.67,2170.03,79.5,2026-05,FlashReport_May2026.pdf
1257,618606,N24001649,10434,Paravoor-Kottankulangara,Kerala,National Highways Authority of India [NHAI],2021-12,2025-02,2027-03,3273.61,3200.24,1275.39,71.2,2026-05,FlashReport_May2026.pdf
1258,618607,N24001657,10435,Kottankulangara- Start of Kollam Bypass,Kerala,National Highways Authority of India [NHAI],2021-06,2024-10,2027-03,2842.14,3680.49,907.19,73.89,2026-05,FlashReport_May2026.pdf
1259,618708,N24002074,10503,Widening/Development of Existing NH-85 from Km 0.000 to Km 124.636 section to 2L/LPS section in the state of Kerala on EPC Mode under Bharatmala Pariyojana,Kerala,National Highways Authority of India [NHAI],2022-09,2025-06,2027-03,1187.47,1265.47,715.77,65.83,2026-05,FlashReport_May2026.pdf
1260,619098,N24000784,11776,Kozhikode Bypass Calicut Bypass Vengalam Jn. to Ramanattukara Jn.,Kerala,National Highways Authority of India [NHAI],2018-02,2023-02,2026-06,1424.77,2139.18,1048.93,98.75,2026-05,FlashReport_May2026.pdf
1261,619206,,11896,6L of Perole Nileshwar town to Taliparamba from Km 94.248 to Km 134.650 of NH-66,Kerala,National Highways Authority of India [NHAI],2020-06,2024-01,2027-03,3041.65,3867.66,1104.11,86.65,2026-05,FlashReport_May2026.pdf
1262,619207,,11897,Start of Kollam Bypass - Kadambattukonam,Kerala,National Highways Authority of India [NHAI],2021-06,2025-03,2027-06,2641.37,3309.06,931.86,81.8,2026-05,FlashReport_May2026.pdf
1263,619208,,11898,Kadambattukonam-Kazhakuttom,Kerala,National Highways Authority of India [NHAI],2021-12,2025-01,2027-05,3635.64,3526.33,595.69,44.34,2026-05,FlashReport_May2026.pdf
1264,618408,N24001348,,Kargil Zanskar Road,Ladakh,NHIDCL,2021-03,2023-01,2026-07,398.37,398.37,286.27,90.59,2026-05,FlashReport_May2026.pdf
1265,618409,N24001345,,Widening & Up-gradation to 2 lane with Paved shoulder of NH-301 Kargil- Zanskar Road from Design km 57.000 Ex. Km. 57.905 to Km 87.000 Ex. Km. 88.2491 of 30.000 Km length Pkg-lll,Ladakh,NHIDCL,2021-03,2023-01,2026-07,381.01,381.01,229.62,82.74,2026-05,FlashReport_May2026.pdf
1266,618410,N24001344,,Widening & Up-gradation to 2 lane with paved shoulder of NH-301 Kargil- Zanskar Road from Design Km .30.040 Ex. Km. 30.000 to Design Km 57.000 Ex. Km. 57.905 of 26.960 Km length Pkg-II,Ladakh,NHIDCL,2021-03,2023-01,2026-10,404.89,404.89,321.72,75.38,2026-05,FlashReport_May2026.pdf
1267,617909,,10134,Construction of Rewa Bypass to 4-lane with paved shoulder along with service road from Ratahara Chowk to Chorhata Chowk Road section of NH-30 from km 00.000 to 19.200 in the State of Madhya Pradesh on Hybrid Annuity Mode HAM.,Madhya Pradesh,MoRTH,2024-03,2027-02,2027-02,648.05,648.05,0,50,2026-05,FlashReport_May2026.pdf
1268,617911,N24000513,10135,Rehabilitation and upgradation Umaria to Shahdol section of NH-78 from Existing Km. 68/4 to Km. 142/2 to 2LPS including construction of Birshinghpur and Shahdol Bypass on EPC mode under NHDP-IVA,Madhya Pradesh,MoRTH,2015-03,2017-07,2026-06,511.83,613.16,0,94.5,2026-05,FlashReport_May2026.pdf
1269,617914,,,Upgradation and reconstruction of Shahpura-Dindori Section of NH 45 from Km 103.700 Design to Km 164.580 Design including 3 bypasses Total length 60.88km to Two lane with paved shoulder configuration along with One time improvement in 03 nos of bypassed built-up areas in a total length of 12.341 km in the State of Madhya Pradesh on EPC mode,Madhya Pradesh,MoRTH,2022-03,2025-12,2027-06,241.23,250.09,0,29.09,2026-05,FlashReport_May2026.pdf
1270,617915,N24002019,,Upgradation of Dindori-Sagartola-kabichabutra MP-CG border section of NH -45 from km 000Design to km 77.00 Design to Two lane with paved shoulder configration along with one time improvement in 04 nos. of bypaased built-up areas in a total length of 9.1 km in the state of Madhya Pradesh on EPC mode.,Madhya Pradesh,MoRTH,2022-01,2025-09,2026-05,329.14,319.09,0,93.68,2026-05,FlashReport_May2026.pdf
1271,618019,N24001964,,Upgradation & widening of Jharkheda- Berasia - Dholkhedi from design km 0000 to km 87900 Design length 87.90km of NH-346 including 3 nos. bypasses of 13.10 Km in the State of Madhya Pradesh under EPC mode.,Madhya Pradesh,MoRTH,2022-03,2025-05,2026-06,365.21,365.21,0,88,2026-05,FlashReport_May2026.pdf
1272,618020,N24001965,,"Rehabilitation & Upgradation of KurwaiMungaoliChanderi Road section of NH-346, from Design Chainge 0.000 to 81.300 Km Total length 83.1 km to Two lane with paved shoulder configuration along with One time improvement in 07 nos of bypassed built- up areas in a total length of 22.615 km in the state of Madhya Pradesh on EPC mode.",Madhya Pradesh,MoRTH,2022-03,2025-02,2026-06,386.49,386.49,164.43,64.71,2026-05,FlashReport_May2026.pdf
1273,618021,,,Up-gradation of Pichhore- Dinara section of NH-346 from Km 292.750 to 334.550 to two lane with paved shoulders in the state of Madhya Pradesh on EPC mode,Madhya Pradesh,MoRTH,2024-02,2027-06,2027-06,425.97,425.97,0,29.74,2026-05,FlashReport_May2026.pdf
1274,618035,,,Rehabilitation & Upgradation of existing intermediate lane to two Lane with paved shoulder from km. 0.600 Gulganj bypass on NH-34 to km. 43.00 Barna River length 42.400 km. on Gulganj-Amanganj-Pawai-Katni NH43 Extn. in the state of Madhya Pradesh on EPCmode.,Madhya Pradesh,MoRTH,2023-03,2026-05,2026-12,275.4,275.4,0,53,2026-05,FlashReport_May2026.pdf
1275,618036,,,Upgradation and reconstruction of existing intermediate lane to two Lane with paved shoulder configuration from km. 43.00 Barna River to km. 77.00 ken river length 34.00 km. on Gulganj-Amanganj-Pawai-Katni NH43 Extn. along with One time improvement in 01 no. of bypassed built-up area in a total length of 1.585 km in the state of Madhya Pradesh on EPCmode.,Madhya Pradesh,MoRTH,2023-03,2026-11,2026-11,315.55,315.55,0,25.3,2026-05,FlashReport_May2026.pdf
1276,618043,,10167,Upgradation and reconstruction of Dindori - Mandla Section of NH 543 from Km 77100 Design to Km 170580 Design Total length 93.48km to Two lane with paved shoulder configuration along with One time improvement in 04 nos of bypassed built-up areas in a total length of 7.23 km in the state of Madhya Pradesh on EPC mode,Madhya Pradesh,MoRTH,2022-03,2026-07,2026-07,492.12,523.71,0,88,2026-05,FlashReport_May2026.pdf
1277,618044,,12152,Upgradation of Shahdol- Sagartola Section of NH 543 from km 0000 to km 69400 to 2 lane with paved shoulders under Hybrid Annuity Mode HAM in the State of Madhya Pradesh,Madhya Pradesh,MoRTH,2024-02,2028-03,,851.4,851.4,0,0,2026-05,FlashReport_May2026.pdf
1278,618045,N24001962,,"Construction of Mihona bypass, Lahar bypass, Daboh bypass & Bhander Bypass total length 20.60 km to 2-lane with paved shoulder from on Mihona-Bhander-MP/UP border section of NH 552E in the State of Madhya Pradesh on EPC mode",Madhya Pradesh,MoRTH,2022-03,2024-12,,179.18,179.18,71.77,67,2026-05,FlashReport_May2026.pdf
1279,618068,N24002020,,"Construction of Kaithi-Padaria Kala bypass, Patna-Tamoli bypass, Jaso bypass and Nagod bypass total length 15.44 Km to 2-lane with paved shoulders flexible pavement on NH-943 in the State of Madhya Pradesh on EPC Mode.",Madhya Pradesh,MoRTH,2022-03,2025-10,2026-12,158.36,158.36,0,60,2026-05,FlashReport_May2026.pdf
1280,618085,N24001963,,Upgradation of Nasrullagani-Rehti-Budhni Scction to 2-lane with paved shoulder from Km 0150 to Km 50500 of NH-146B in the state of Madhya Pradesh on EPC mode.,Madhya Pradesh,MoRTH,2021-12,2024-10,2026-06,305.12,293.74,0,78,2026-05,FlashReport_May2026.pdf
1281,618129,,,"Construction of Kasrawad bypass, Selani bypass, Khargone bypass & Bistan bypass Total length. 31.950 km Section of NH-347 C to Two lane with paved shoulder configuration in the State of Madhya Pradesh on EPC mode.",Madhya Pradesh,MoRTH,2023-03,2026-12,2026-12,467.93,467.93,0,86.03,2026-05,FlashReport_May2026.pdf
1282,618156,,,"Construction of Morena bypass, Ambah bypass & Porsa bypass Totat length 27.16 km Section of NH-552 Ext. to TWo lane with paved shoulder configuration in the state of Madhya Pradesh on EPC mode",Madhya Pradesh,MoRTH,2023-02,2026-10,2026-10,492.66,492.66,0,72.1,2026-05,FlashReport_May2026.pdf
1283,618157,,,Construction of Ater realignment & Bhind bypass Total length. 21.50 km Section of NH-552Extn. to Two lane with paved shoulder configuration in the State of Madhya Pradesh on EPC mode.,Madhya Pradesh,MoRTH,2023-03,2026-06,2026-12,348.06,348.06,0,68.7,2026-05,FlashReport_May2026.pdf
1284,618158,,,"Upgradation of Goras to Shyampur Road section of NH-552 Ext., from Design Chainge 48.400 to 111.800 Km Total length 63.40 km to two lane with paved shoulder configuration along with One time improvement of 8.91 km in the state of Madhya Pradesh on EPC mode",Madhya Pradesh,MoRTH,2023-03,2026-12,2026-12,416.96,416.96,0,13.11,2026-05,FlashReport_May2026.pdf
1285,618170,,,Construction of Two lane with paved shoulder configuration of Shujalpur Bypass section of NH-752C from km 33100 Design to km. 42570 Design total design length 10.470 km in the State of Madhya Pradesh on EPC mode.,Madhya Pradesh,MoRTH,2023-03,2025-09,2026-12,214.07,214.07,0,40.3,2026-05,FlashReport_May2026.pdf
1286,618171,,,"Work of Upgradation of Jirapur-Pachore Road including Pachore, Jirapur, Chhapiheda & Khujner Bypasses from 0000 to 58790 Design Length 58.79 Km section of NH-752C to 2LPS in the State of Madhya Pradesh under EPC mode",Madhya Pradesh,MoRTH,2022-03,2026-01,2026-10,352.69,352.69,0,47.29,2026-05,FlashReport_May2026.pdf
1287,618619,,,Bypass on Western side of Gwalior City,Madhya Pradesh,National Highways Authority of India [NHAI],2025-03,2028-01,2028-01,998.95,998.95,22.06,0,2026-05,FlashReport_May2026.pdf
1288,618620,,,"Additional works 2VUPs, MR-10 junction flyover and underpass in Six lane Indore- Dewas section of NH-52 in the state of Madhya Pradesh on EPC Mode",Madhya Pradesh,National Highways Authority of India [NHAI],2022-08,2024-07,2027-02,207.77,211.27,130.73,79.72,2026-05,FlashReport_May2026.pdf
1289,618621,N24002070,10445,Indore - Edlabad Pkg-II [Tejajinagar to Balwara],Madhya Pradesh,National Highways Authority of India [NHAI],2022-03,2025-01,2026-10,1162.8,1530.82,547.21,85.6,2026-05,FlashReport_May2026.pdf
1290,618622,N24001767,10446,4L of Indore - Boregaon Pkg-III [Balwara to Dhangaon] from km. 42.260 to km. 82.660 of NH347BG & 753L,Madhya Pradesh,National Highways Authority of India [NHAI],2021-01,2024-04,2026-10,1001.69,888.81,713.78,90.5,2026-05,FlashReport_May2026.pdf
1291,618623,,10447,4L Boregaon Buzurg to Shahpur Pkg I of Boregaon Buzurg to Muktainagar of NH 753L,Madhya Pradesh,National Highways Authority of India [NHAI],2022-11,2026-01,2026-10,1504.37,1132.34,501.45,88.2,2026-05,FlashReport_May2026.pdf
1292,618625,,,Indore - Gujarat / MP Border from km. Km 9.500 to Km 171.000 of NH-59 in MP,Madhya Pradesh,National Highways Authority of India [NHAI],2009-12,2013-02,2026-05,1175,217.22,14.04,99.93,2026-05,FlashReport_May2026.pdf
1293,618654,N24001967,,4L Greenfield Rudhi to Deshgaon Pkg V of Betul-Khandwa/Deshgaon,Madhya Pradesh,National Highways Authority of India [NHAI],2022-11,2025-10,2027-08,521.21,469.68,196.17,63.79,2026-05,FlashReport_May2026.pdf
1294,618655,,,2L PS of Roshni to Ashapur Section of NH-347B from Design KM Ch. 89.900 to 114.000 KM Package III of Betul Khandwa,Madhya Pradesh,National Highways Authority of India [NHAI],2024-03,2026-08,2026-08,200.99,120.75,109.85,93.93,2026-05,FlashReport_May2026.pdf
1295,618661,,10468,4L from km 0.000 to 42.040 Bhopal Ratnaigiri Tiraha to Vidisha Morikodi,Madhya Pradesh,National Highways Authority of India [NHAI],2024-10,2027-11,2027-11,1032.3,1038.18,73.97,11.05,2026-05,FlashReport_May2026.pdf
1296,618662,,12086,4L Vidisha Gyaraspur section of NH-146 from Design Chainage km 59475 existing chainage km 81240 to Design Chainage km 88361 existing chainage km 110.315,Madhya Pradesh,National Highways Authority of India [NHAI],2024-10,2028-03,2028-03,980.2,980.2,1.56,6.18,2026-05,FlashReport_May2026.pdf
1297,618663,N24002077,10469,i 4L Vidisha to Hinotiya from km 0.000 to Km 27.000 Vidisha Mehulwa-Talbehat Pkg- I Section of NH- 346 and ii 4L Vidisha to Morikori from Km 39.000 to 59.476 section of NH-146,Madhya Pradesh,National Highways Authority of India [NHAI],2022-09,2025-12,2026-12,1003.87,941.12,384.74,87.14,2026-05,FlashReport_May2026.pdf
1298,618664,N24001614,,Berkhedi to Godpehra on NH-44 Sagar link road,Madhya Pradesh,National Highways Authority of India [NHAI],2022-02,2024-11,2026-12,524.84,471.31,371.08,91.5,2026-05,FlashReport_May2026.pdf
1299,618665,N24001615,10470,4L of Sagar - Mohari from Km.8 to Km.50 Pkg-I,Madhya Pradesh,National Highways Authority of India [NHAI],2021-03,2024-04,2026-06,790.78,660.38,454.54,98.64,2026-05,FlashReport_May2026.pdf
1300,618666,,10471,4- Laning of Mohari to Satai Ghat section NH-934 from Km 50300 to Km 89875 Total length 39.575 km Package-2 in the State of Madhya Pradesh on EPC Mode,Madhya Pradesh,National Highways Authority of India [NHAI],2022-08,2026-08,2026-08,710.92,539.08,467.33,93.31,2026-05,FlashReport_May2026.pdf
1301,618667,,10472,4L of near Satai Ghat to Chowka section of NH-34 from D. Ch. 89.875 to D. Ch. 145.000 Package-3,Madhya Pradesh,National Highways Authority of India [NHAI],2024-10,2027-10,2027-10,1005.59,882.21,111.98,27.74,2026-05,FlashReport_May2026.pdf
1302,618671,,,4-lanning of Rahatgarh to Berkhedi section of NH-146 from Design Ch 124470 to Ch. 134.549,Madhya Pradesh,National Highways Authority of India [NHAI],2025-03,2027-12,2027-12,618.33,342.69,24.57,8.51,2026-05,FlashReport_May2026.pdf
1303,618672,,10475,4-lanning of Gyaraspur to Rahatgarh section of NH-146 from Design Ch. 88361 to Ch 124470 in the state of MP on HAM mode,Madhya Pradesh,National Highways Authority of India [NHAI],2024-10,2027-11,2027-11,903.44,592.44,108.89,30.01,2026-05,FlashReport_May2026.pdf
1304,618684,,10486,Outer Ring Road of Jabalpur Town from Manegaon to NH-45 Pkg-2,Madhya Pradesh,National Highways Authority of India [NHAI],2022-11,2026-03,2027-03,917.26,786.47,499.13,75.61,2026-05,FlashReport_May2026.pdf
1305,618685,,10487,Outer Ring Road of Jabalpur Town from NH45 to Kushner Pkg-3,Madhya Pradesh,National Highways Authority of India [NHAI],2022-09,2026-03,2026-10,911.24,773.23,502.56,79.8,2026-05,FlashReport_May2026.pdf
1306,618686,,10488,Outer Ring Road of Jabalpur Town from Kushner to Amjhar Road including Airport Connectivity Pkg-IV,Madhya Pradesh,National Highways Authority of India [NHAI],2022-08,2026-03,2026-11,612.94,509.82,341.9,76.1,2026-05,FlashReport_May2026.pdf
1307,618687,N24002068,10489,Outer Ring Road of Jabalpur Town from Barela to Manegaon Pkg-1,Madhya Pradesh,National Highways Authority of India [NHAI],2022-09,2025-03,2026-08,652.33,651.88,482.93,88,2026-05,FlashReport_May2026.pdf
1308,618688,,10490,Outer Ring Road of Jabalpur Town from Amjhar Road including Airport Connectivity to barela Pkg-V,Madhya Pradesh,National Highways Authority of India [NHAI],2024-10,2027-10,2027-10,794.7,539.9,69.49,26.95,2026-05,FlashReport_May2026.pdf
1309,618694,N24001766,10495,Indore - Harda Pkg-I [Indore to Raghav Garh from km. 0.25 to km. 26.903],Madhya Pradesh,National Highways Authority of India [NHAI],2022-01,2024-10,2026-07,1011.29,813.03,417.14,93.08,2026-05,FlashReport_May2026.pdf
1310,618695,N24001762,10496,Indore - Harda Pkg-III [Nanasa to Pidgaon Section from km 95.000 to km 142.445],Madhya Pradesh,National Highways Authority of India [NHAI],2020-01,2023-10,2026-06,1146.22,1240.64,626.02,98.21,2026-05,FlashReport_May2026.pdf
1311,618701,N24002067,,Balance work of 4L of Nauradehi Sanctuary de-scoped stretch of Hiran River to Sindoor River from Km. 66.00 to 130.00 NH-12 New NH-45,Madhya Pradesh,National Highways Authority of India [NHAI],2021-01,2023-07,2024-04,178.18,153.15,142.2,57.14,2026-05,FlashReport_May2026.pdf
1312,618735,N24001759,10525,4L of Chandesara to Khedakhajuriya from Km. 0.000 to - 750 & Km 0.000 to km 41.400 of NH-148NG Pkg-I,Madhya Pradesh,National Highways Authority of India [NHAI],2021-12,2024-05,2026-09,909.84,976.55,436.49,99,2026-05,FlashReport_May2026.pdf
1313,618751,N24001921,10537,2L PS of Hinotiya-Mehulwa section of NH-346 from Km. 27.000 to Km 75.700 Vidisha Mehulwa-Talbehat Pkg-II Section of NH- 346,Madhya Pradesh,National Highways Authority of India [NHAI],2022-10,2025-09,2027-01,581.65,592.71,246.07,69.04,2026-05,FlashReport_May2026.pdf
1314,618762,,10544,Itarsi Km. 63.000 to Betul Km. 137.000 of NH-69 in Madhya Pradesh,Madhya Pradesh,National Highways Authority of India [NHAI],2017-08,2020-02,2026-06,950.27,788.33,399.27,100,2026-05,FlashReport_May2026.pdf
1315,618784,,,Balance works of 4 lane divided carriageway of Missing Link section of NH-39 Rewa Bypass from junction with NH 30 near Bela to Junction with MPRDC ring road near Silpara on SH 9 design length 13.100 km on EPC Mode under Bharatmala Pariyojana in the State of Madhya Pradesh,Madhya Pradesh,NHAI,2023-08,2026-04,2026-10,355.36,355.36,223.53,84.44,2026-05,FlashReport_May2026.pdf
1316,618932,,,Construction of 6 lane Indore western bypass from km 0000 to Km 34000 Pkg -l in the State of Madhya Pradesh on Hybrid Annuity Mode under NHO,Madhya Pradesh,National Highways Authority of India [NHAI],2024-02,2027-12,2027-12,1534.7,1472.68,313.15,19.78,2026-05,FlashReport_May2026.pdf
1317,618933,,11878,Construction of 6 lane Indore western bypass from km 34000 to Km 64000 Pkg-II in the state of Madhya Pradesh on Hybrid Annuity Mode under NHO,Madhya Pradesh,National Highways Authority of India [NHAI],2024-03,2028-03,,1430.56,1430.56,8.62,0,2026-05,FlashReport_May2026.pdf
1318,618962,,10695,4L of Budhni to Shahganj Bypass End Package-III of NH-146B from Km. 73.750 to Km. 102.000,Madhya Pradesh,National Highways Authority of India [NHAI],2024-03,2027-08,2027-05,1102.97,770.21,93.7,22.4,2026-05,FlashReport_May2026.pdf
1319,618963,,10696,Construction work of 4-laning of Shahganj bypass end to Badi Package-IV of NH-146B from design km 102.000 to design km 142.357 Design length 40.357 km,Madhya Pradesh,National Highways Authority of India [NHAI],2024-02,2027-03,2027-03,784.14,836.64,318.13,44.37,2026-05,FlashReport_May2026.pdf
1320,618964,,,4 Laning of Sandalpur to Nasrullaganj Pkg-1 section of NH-146B Length 43.2 Km.,Madhya Pradesh,National Highways Authority of India [NHAI],2025-03,2028-01,2028-01,1425.98,1425.98,69.44,10.3,2026-05,FlashReport_May2026.pdf
1321,618966,,10697,Six laning with both sides Service Road of Ayodhya Bypass from Design Km 0000 near Ashram Tiraha on NH-46 to Km 16439 end at Ratnagiri Tiraha on Nh-146,Madhya Pradesh,National Highways Authority of India [NHAI],2024-02,2027-08,2027-08,1123.17,1103.22,119.13,16.26,2026-05,FlashReport_May2026.pdf
1322,619007,,,Upgradation of Sarvardewla to Pal MP/MH Border Road section of NH-347 C from Design Chainge km 81.600 to 137.400 Total length 55.80 km to two lane with paved shoulder configuration along with One time improvement of 1 .95 km in the State of Madhya Pradesh on EPC mode.,Madhya Pradesh,MoRTH,2023-03,2028-01,,461.23,461.23,0,0,2026-05,FlashReport_May2026.pdf
1323,619100,,11778,Dhangaon - Borgaon section km 81.000 to km 139.000 [Indore - Edlabad Pkg IV],Madhya Pradesh,National Highways Authority of India [NHAI],2020-01,2023-08,2026-08,866,1185.04,638.17,99.8,2026-05,FlashReport_May2026.pdf
1324,619114,,11787,Indore - Harda Pkg-II [Raghavgarh to Nanasa from km. 29.30 to km. 92.30],Madhya Pradesh,National Highways Authority of India [NHAI],2023-01,2026-03,2027-11,1081.51,1146.63,368.69,40.25,2026-05,FlashReport_May2026.pdf
1325,617912,,10136,Construction of 6 lane flyover from Khapari ROB to Mihan Interchange design chainage km 8760 to 11450 L- 2.69 km and upgradation of existing 4L PS road to 6LPS with service road by flexible pavement design chainage km 11450 to 14500 L- 3.05 [total project length 5.74 km] in section of Nagpur - Hyderabad NH-44 Old NH-7 in Nagpur district in the state of Maharashtra on HAM mode.,Maharashtra,MoRTH,2024-03,2027-10,2027-10,619.55,619.55,0,8.24,2026-05,FlashReport_May2026.pdf
1326,617917,N24001883,,"Construction of 4 Lane Flyover at Nagpur RTO Chowk To Nagpur University Campus from Ch 2/250 to 5/100 and 4 lane flyover at wadi/midc junction from km 8/360 to km, 10/300 on NH 53 in state of Maharashtra.",Maharashtra,MoRTH,2021-03,2024-03,2025-04,478.83,490.52,0,95,2026-05,FlashReport_May2026.pdf
1327,617932,N24001882,,Construction of New Four Lane Bypass to Parbhani City Parwa to Asola Km 463/265 to Km 481/180 Design Ch. 19220 to Ch. 34434 Length-15.214 Km section of NH-61 on EPC mode in the State of Maharashtra.,Maharashtra,MoRTH,2022-03,2024-10,2026-06,496.64,496.64,0,70.14,2026-05,FlashReport_May2026.pdf
1328,617933,N24002174,10141,Up-gradation to four lane/ Two lane with paved shoulders configuration of Kalyan - Murbad - Malshej Ghat - Nirmal Road NH- 61 km 15/200 to Km 38/00 and from Km. 58/00 to Km 84/00 Design length 48.58 km of NH-61 on EPC Mode in Thane District in the state of Maharashtra,Maharashtra,MoRTH,2023-02,2026-08,2026-08,984.07,984.07,0,100,2026-05,FlashReport_May2026.pdf
1329,617934,N24001112,,Nasratpur to Barasgaon section of NH-61 2L / 4L PS from Km.514/00 to 558/200,Maharashtra,MoRTH,2017-07,2019-09,2026-06,406.54,406.54,0,95.84,2026-05,FlashReport_May2026.pdf
1330,617937,,12150,Udgir Raavi Degloor Aadampur phata to Sagroli fata,Maharashtra,MoRTH,2024-11,2028-04,,809.77,809.77,0,0,2026-05,FlashReport_May2026.pdf
1331,617938,,10142,Rehabilitation And Upgradation to four lane with paved shoulder configuration from km 24350 to km 61875 Jawale - Borgaon Kale of NH-63 in the State of Maharashtra on EPC mode under Annual Plan 2024-25 Total length - 37.525 Km.,Maharashtra,MoRTH,2024-12,2027-03,2027-03,574.18,574.18,0.07,10,2026-05,FlashReport_May2026.pdf
1332,617944,N24001132,10146,Kashedi ghat tunnel NH-66 [Bhogaon Khurd - Kashedi section] 4 lanes under NHDP on EPC mode,Maharashtra,MoRTH,2018-09,2021-04,2021-04,680.43,701.46,0,98.37,2026-05,FlashReport_May2026.pdf
1333,617945,,,Balance work of NH-66 from design Km 84/00 to Km 87/100 Indapur Bypass and Km 91/600 to Km 99/100 Mangaon Bypass to four lane with paved shoulder in State of Maharashtra under NHO on EPC Mode.,Maharashtra,MoRTH,2025-03,2027-04,2027-04,354.21,354.21,0,58.14,2026-05,FlashReport_May2026.pdf
1334,617946,N24000584,10147,Kashedi to Parshuram Ghat section of NH-66 from Km 161/600 - Km 205/400 - 4L PS,Maharashtra,MoRTH,2016-03,2020-02,2025-12,1142.62,1142.62,0,97.5,2026-05,FlashReport_May2026.pdf
1335,617947,N24000585,10148,Arawali Kante section of NH-17New NH-66 4L PS from Km.241/300 to 281/300,Maharashtra,MoRTH,2016-03,2019-11,2026-03,1006.99,1443.09,0,80.06,2026-05,FlashReport_May2026.pdf
1336,617948,N24001134,10149,Kante - Wakad section of NH-66 4L PS from Km.281/300 to 332/200,Maharashtra,MoRTH,2016-03,2019-11,2025-11,1117.75,2020.56,287.96,90.14,2026-05,FlashReport_May2026.pdf
1337,617965,N24001904,,Kopargaon to Savali Vihir section,Maharashtra,MoRTH,2022-06,2024-07,2026-06,195.38,195.38,0,80,2026-05,FlashReport_May2026.pdf
1338,617978,,10155,"Rehabilitation, upgradation & widening of existing highway to 2L/4LPS Rigid Pavement of NH 160 section- Phaltan to Mhaishal near Karnataka Border including Tasgaon Bypass, from existing chainage Km 301/430 to Km 458/415 in the State of Maharashtra- Package-II & Package III combined- starting from existing chainage Km 341/300 to Km 394/130 and design chainage Km 340/250 at Dahiwadi Village to Km 392/950 ending at Vita Village in the State of Maharashtra on EPC Mode.",Maharashtra,MoRTH,2024-03,2027-05,2027-05,631.76,631.76,187.58,78.2,2026-05,FlashReport_May2026.pdf
1339,617979,,10156,"Rehabilitation, upgradation & widening of existing highway to 2L/4LPS Rigid Pavement of NH 160 section- Phaltan to Mhaisal near Karnataka Border including Tasgaon Bypass, from existing chainage Km 301/430 to Km 458/415 in the State of Maharashtra. Package-I starting from existing chainage Km 301/430 at Phaltan Village Junction of Phaltan Baramati Road Design Chainage -301/430km & ending at existing chainage Km 341/300 Dahiwadi Village Bus Stop Design chainage Km 340466km in the S",Maharashtra,MoRTH,2024-03,2027-05,2026-11,533.76,533.76,0,65.57,2026-05,FlashReport_May2026.pdf
1340,618042,N24002170,,"Rehabilitation/ Upgradation of existing Highway to four lane standards in Kurkheda town from km.413257 to km 410775, Two lane in Shankarpur Gurnuli km 42400 to km 43100 section and Reconstruction of Major Bridge at Ch. 448558 Bhuti Nallah and Ch. 411695 Sati River bridge, Minor Bridge at Ch. 411477 and Ch. 405800 Lendhari Bridge of NH 543 Bhamhapuri-wadsa-kurkheda-korchi-Deori-Amgaon road on EPC mode in the State of Maharashtra",Maharashtra,MoRTH,2022-03,2025-05,2026-12,163.86,163.86,0,42.78,2026-05,FlashReport_May2026.pdf
1341,618046,N24001902,,Rehabilitation & Up-gradation of Sabalkhed to Ashti Section from Km 37900 to Km 55100 & Chinchpur to Jamkhed Section from km 70000 to km 72922 of NH-561 to Two lane with Paved shoulder/ Four lane configuration in the State of Maharashtra on EPC Mode Length20.122km.,Maharashtra,MoRTH,2022-03,2024-09,,213.33,213.33,0,95.88,2026-05,FlashReport_May2026.pdf
1342,618047,,10168,"Widening, Reconstruction & Up-gradation to 2 lane with Paved Shoulder/Four Lane configuration for the work of Ahmednagar to Sabalkhed & Ashti to Chinchpur Section of NH-561 from Design km 2915 to km 37728 & Design km 55100 to km 70000 in the State of Maharashtra on EPC mode. Length 49.713 km",Maharashtra,MoRTH,2024-03,2027-05,2027-05,657.16,657.16,0,79.44,2026-05,FlashReport_May2026.pdf
1343,618049,,,Up-gradation to 2/4 lane with paved shoulder configuration of NH-652 from Tuljapur Naldurg-Akkalkot road Chainage from Km. 00.000 to km 30.982 in the State of Maharashtra on EPC mode.,Maharashtra,MoRTH,2024-03,2026-07,2026-07,183.41,183.41,64.87,95,2026-05,FlashReport_May2026.pdf
1344,618059,N24002175,,Construction of four-lane Concrete Road from Police Headquarter Gondia City to Rawanwadi Village Birsi Airport Junction from design km 0.000 to km 15.781 existing km 39/720 of NH-753 to existing Km 8/400 of NH 543 on sections from Kohmara- Goregaon- Police HeadquarterKaranja - Collector Office Square - Balaghat T Point- Rawanwadi- Rajegaon of NH-753 and NH-543 in Gondia District in the state of Maharashtra. Total Length of the project 15.781 Km.,Maharashtra,MoRTH,2023-02,2025-08,2026-07,328.11,328.11,0,34.15,2026-05,FlashReport_May2026.pdf
1345,618061,,,"Strengthening, Widening & Up-gradation of newly declared NH-761 from NH- 61Junction-BelheAlkutiDevibhoyareNighojShirur, from Design chainage Km 0.000 to Km 37.970 from Single/Intermediate/2L to 2LPS in the State of Maharashtra on EPC Mode Length 37.970 Km",Maharashtra,MoRTH,2024-03,2026-09,2026-09,386.16,386.16,30.86,58.42,2026-05,FlashReport_May2026.pdf
1346,618065,N24002169,,"Rehabilitation/Upgradation of existing Highway to 2LPS/4 lane of Dhawali to Rajoli from Design Km.149476 to 163476 existing Km.150000 to 164000, Pandhasala to Mohadongri from design Km.170476 to 181476 existing Km.171000 to 182000, Ambeshivni Fata to Bodli from design Km.183476 to 185476 existing Km.184000 to 186000 and Made Tukum to Gadchiroli from design Km.188476 to 189476 existing Km.188000 to 18900 having length 28 km of NH-930 of Dhawali to Gadchroli road in the",Maharashtra,MoRTH,2022-03,2025-09,2026-08,316.44,316.44,0,37,2026-05,FlashReport_May2026.pdf
1347,618088,,,Nandurshingote to Kolhar,Maharashtra,MoRTH,2024-09,2026-12,2026-12,325.79,325.79,22.7,27,2026-05,FlashReport_May2026.pdf
1348,618089,N24001903,,Rehabilitation & Up-gradation of Mudkhed to Nanded section from Km. 372000 to Km 388400 of NH 161A i.e. Nanded-Bhokar-Himayatnagar-Kinwat-Mahur-Arani Road Design chainage from Km 372000 Mudkhed to Km 387650 Nanded of NH 161A Length 15.65 Km to 2/4Lane with paved shoulders configuration in the State of Maharashtra on EPC mode.,Maharashtra,MoRTH,2022-03,2025-04,2026-06,206.54,206.54,0,65.14,2026-05,FlashReport_May2026.pdf
1349,618090,N24001002,10176,Sarsam - Kothari of NH-161A - 2L PS from Km.33/00 to 90/00,Maharashtra,MoRTH,2017-02,2019-06,2025-11,545.64,545.64,0,97.25,2026-05,FlashReport_May2026.pdf
1350,618094,N24001106,,Pen to Khopoli 2LPS,Maharashtra,MoRTH,2018-03,2019-12,2025-12,369.39,369.39,330.37,86.3,2026-05,FlashReport_May2026.pdf
1351,618096,,,Rehabilitation and Up-gradation to 2 lane road with paved shoulders configuration for the balance work of 13 km length on Helwak-Patan-Karad section Km. 85000 to 133 417 of NH-166E in the state of Maharashtra on EPC mode.,Maharashtra,MoRTH,2024-02,2026-04,2026-12,181.45,181.45,0,87,2026-05,FlashReport_May2026.pdf
1352,618097,N24001057,,Guhagar - Rampur - 2L-PS - km 0/00 Guhagar to 26/230 Rampur and 40/00 Mirjoli to 53/600 Sati on NH-166E,Maharashtra,MoRTH,2017-01,2019-06,2025-08,407.2,407.2,0,91.89,2026-05,FlashReport_May2026.pdf
1353,618098,N24001908,,"Upgradation of exhisting 2 lane flexible pavement to 2 lane paved shoulders rigid pavement from design chainage Km 66.00 to Design Km 82.440 Start of Kolhapur Municipal corporation near Phulewadi to kale, design length 16.440 Km section on Talere Gaganbawada-Kolhapur road NH 166G in the state of Maharashtra on EPC mode",Maharashtra,MoRTH,2021-03,2024-05,2026-03,167.97,167.97,0,93.75,2026-05,FlashReport_May2026.pdf
1354,618099,,,"Rehabilitation & up-gradation for Talere Gaganbawada - kolhapur Road NH 166G stretch start from km. 0/00 to Km. 06/00 and km. 13/00 to km 19/440 of NH-166G, length 12.440 km in the State of Maharashtra.",Maharashtra,MoRTH,2024-03,2026-04,2026-04,164.13,164.13,98.68,100,2026-05,FlashReport_May2026.pdf
1355,618133,N24000983,,Strengthening and Widening of road Sakoli- Wadsa-Armori-Gadchiroli-Ashti- Allapalli - Sironcha National highway NH 353C in Km 262/00 to 321/00 including 16 minor Bridges and 2 Major Bridge Total length 59 Km section from repanpalli to sironcha in Gadchiroli Dist in the State of Maharashtra.,Maharashtra,MoRTH,2021-03,2024-05,2027-03,280.57,280.57,0,65,2026-05,FlashReport_May2026.pdf
1356,618134,,,Rehabilitation /Upgradation from Lagam to Alapalli section Desing Km. 199/400 to km 227/400 Length 28.0 Km to 2 lane with Paved Shoulders/ 4 lane configuration section of NH-353 C Sakoli-Wadsa-Armori-Gadchiroli-Ashti-Alapalli Sironcha in Gadchiroli District on EPC mode in the state of Maharashtra.,Maharashtra,MoRTH,2023-02,2026-09,2026-09,459.39,459.39,0,79.87,2026-05,FlashReport_May2026.pdf
1357,618136,N24001537,,Upgradatiobn and Rehabilitation of Section of NH 361 F from Parli 00/000 to Gangakhed 30/400 to Two Lanes with paved shoulder / Four lane configurations on EPC mode in the State of Maharashtra.,Maharashtra,MoRTH,2021-03,2023-09,2026-03,224.44,224.44,0,91,2026-05,FlashReport_May2026.pdf
1358,618137,,10189,Rehabilitation and Up-gradation of Jarud - Sirsala section of NH-361F km 59500 to km11500 to Two lane with paved shoulder/ Four Lane in the state of Maharashtra on EPC mode Length 55.5 Km.,Maharashtra,MoRTH,2024-03,2027-05,2027-05,540.35,540.35,139.12,56.55,2026-05,FlashReport_May2026.pdf
1359,618138,,,"Widening, Reconstruction & Up-gradation to 2 lane with Paved Shoulder/Four Lane configuration for the work of Sautada to Shirapur Section of NH-561 from Design km 86300 to km 125589 in the state of Maharashtra on EPC mode. Design length 39.289 km",Maharashtra,MoRTH,2024-03,2026-11,2026-11,349.57,349.57,0,49.75,2026-05,FlashReport_May2026.pdf
1360,618139,,,Rehabilitation and Up-gradation of Gangakhed Loha section of NH-361F from Km 169/00 to 210/00 to two lane with paved shoulder/ four lane configuration in the state of Maharashtra on EPC mode Length - 41.00 Km.,Maharashtra,MoRTH,2024-03,2026-09,2026-09,355.12,355.12,0,43.46,2026-05,FlashReport_May2026.pdf
1361,618150,,10192,Rehabilitation and Up-gradation of i. Deogaon phata to Digras phata Ch. 0/000 to 15/000 & Selu to Borgavhan Ch 20/900 to 35/800 [Length 29.9km] ii. Injegaon Dhamoni to Pohner Phata Ch.58/200 to Ch. 83/700 [Length25.5 km] and iii. Pohner phata to Pathri Design Ch. 42/700 to 58/200 [Length 15.5 km] sections of NH-548B to Two lane with paved shoulder configuartion in the state of Maharashtra on EPC mode Total project length 70.9 Km.,Maharashtra,MoRTH,2024-03,2027-05,2027-05,761.83,761.83,0,15,2026-05,FlashReport_May2026.pdf
1362,618152,N24002132,,Mhaswad to Tembhurni section of NH-548C - 2L PS,Maharashtra,MoRTH,2017-01,2019-07,2025-12,488.6,488.6,0,96.19,2026-05,FlashReport_May2026.pdf
1363,618153,N24000979,10193,Satara to Mhaswad,Maharashtra,MoRTH,2017-01,2019-08,2025-07,653.46,653.46,7.33,98.08,2026-05,FlashReport_May2026.pdf
1364,618154,N24001390,,"Rehabilitation & upgradation of Jamkhed to Sautada Section of NH548 D from km 195.375 to km 208.774, Length 13.399 Km to 2L PS /4L configuration with rigid pavement in the state of Maharashtra on EPC mode.",Maharashtra,MoRTH,2022-03,2024-07,2026-06,157.62,157.62,0,68.93,2026-05,FlashReport_May2026.pdf
1365,618155,,,Development/Widening of Talegaon Chakan Shikrapur Nhavara Section of NH-548D from existing chainage km. 54/000 to 82/300 and Design chainage Km. 54/000 to 82/120 Shikrapur to Nhavara Section to 2LPS/4L Configuration on EPC Mode in the State of Maharashtra.,Maharashtra,MoRTH,2024-03,2026-07,2026-07,396.17,396.17,85.57,73.05,2026-05,FlashReport_May2026.pdf
1366,618172,N24001122,,Paithan - Shirur section 2LPS Km 0.0 to 55.00,Maharashtra,MoRTH,2017-03,2019-06,2026-05,341.8,341.8,0,82,2026-05,FlashReport_May2026.pdf
1367,618173,N24001123,,Shirur-Kharda section from 55937 km to 114486 km to 2LPS/4L,Maharashtra,MoRTH,2017-02,2019-06,2025-09,381.77,381.77,0,83.93,2026-05,FlashReport_May2026.pdf
1368,618174,,,Rehabilitation and Upgradation to two lane with paved shoulder configuration of NH- 752G from Sakri to Pimpalner Section Design Ch km 0000 to Ch km 21411 in the state of Maharashtra on EPC Mode. Length 21.411 km.,Maharashtra,MoRTH,2024-03,2026-10,2026-10,226.58,226.58,0,100,2026-05,FlashReport_May2026.pdf
1369,618175,N24001884,,Rehabilitation and Upgradation of Satana to Mangrul Chandwad Section of NH752 G Design Ch Km 64.000 to Ch Km 101.140 two lane with paved shoulder/four lane configuration in the state of Maharashtra on EPC mode.,Maharashtra,MoRTH,2022-03,2025-05,2026-06,428.8,428.8,0,93.46,2026-05,FlashReport_May2026.pdf
1370,618176,,,Rehabilitation and upgradation from ch km 50/200 to 56/800 and km 62/600 to 100/403 of Kolde to Visarwadi Near Junction with NH-6 section of NH 752G total length 44.40 to two-lane with paved shoulder / four lanes in the State of Maharashtra on EPC mode.,Maharashtra,MoRTH,2025-03,2028-01,,349.08,349.08,0,21.6,2026-05,FlashReport_May2026.pdf
1371,618177,N24001060,,Pal Phata Phulambri - Khultabad 2LPS,Maharashtra,MoRTH,2018-03,2019-12,2025-12,227.19,227.19,0,95.29,2026-05,FlashReport_May2026.pdf
1372,618178,,,Widening and strengthening of Gangakhed to Kingaon section of NH-752K in Km 38/750 to 72/304 Flexible Pavement Length33.554 km to 2-lane configuration on EPC mode in the State of Maharashtra.,Maharashtra,MoRTH,2024-02,2026-06,2026-05,162.67,162.67,0,72,2026-05,FlashReport_May2026.pdf
1373,618179,,,Rehabilitation and Upgradation of Shewali phata to Kalambhir section i.e. Km 0443 to Km 4500 & Nizampur to Chadwel section i.e. Km 13485 to Km 26265 Length16.317 Km excluding 2 Major Bridges with approaches Km 13735 to Km 14095 & Km 19660 to Km 20030 of NH 753B to 2LPS Configuration in the State of Maharashtra on EPC Mode.,Maharashtra,MoRTH,2024-03,2026-02,2026-02,181.58,181.58,0,93.01,2026-05,FlashReport_May2026.pdf
1374,618180,N24001082,,Pune raigarh District Border To Mangaon Ch 69000 to 103775 NH-753F,Maharashtra,MoRTH,2018-03,2019-12,2024-06,223.46,223.46,0,89.08,2026-05,FlashReport_May2026.pdf
1375,618181,N24002177,,Rehabilitation / Upgradation to 4 Lane with Paved shoulder of Existing Section in Sillod Town with Design Ch. Km54500 to Km 60679 [Length6.179 km] section of NH 753F Aurangabad-Jalgaon road on EPC Mode in the State of Maharashtra,Maharashtra,MoRTH,2023-03,2025-07,2025-03,153.79,153.79,0,98,2026-05,FlashReport_May2026.pdf
1376,618188,N24002173,,Rehabilitation and Up-gradation to 2 lane with paved shoulder configuration of Mahud Sangola road NH 965 G 159400 to 161900and 162400 to 183960 Design Chainage from km. 32/300 to km. 34/800 and km. 35/800 to km. 56/860 Rigid Pavement on EPC mode in the State of Maharashtra.,Maharashtra,MoRTH,2023-02,2025-05,2026-06,253.78,253.78,0,99.75,2026-05,FlashReport_May2026.pdf
1377,618198,N24001107,,Balance work of Rehabilitation and Up-gradation to 2-lane road with paved shoulders configuration for NH- 965DD from Pacharal-Mandangad-Mhapral-Rajewadi Upto Junction of NH-66 Ch-22700 to 75100 Km and Ambadave connector Birth place of Dr. Babasaheb Ambedkar Ch-0000 to 7325 Km length Km 59.725 in the state of Maharashtra on EPC mode. Balance Work,Maharashtra,MoRTH,2018-03,2024-01,2026-06,388.93,341.69,0,93.07,2026-05,FlashReport_May2026.pdf
1378,618199,N24002178,10207,"Rehabilitation, Upgradation & Widening of existing Highway to Rigid Pavement 2 Lane with Paved Shoulder of NH 965DD from Lonand Shirval-Bhor Mandangad-Pchral Section ShindewadiPhata to Varandah Ghat Dist Border from Km 33/550 to 92/550 in the state of Maharashtra on EPC mode.",Maharashtra,MoRTH,2023-02,2026-07,2026-07,723.13,723.13,0,52.5,2026-05,FlashReport_May2026.pdf
1379,618468,N24001504,10327,Vadodara Mumbai Expressway Phase II - Pkg XI [Km. 77.000 to Km. 103.400] Ganjad - Talsari,Maharashtra,National Highways Authority of India [NHAI],2020-06,2024-05,2026-04,1524.71,1913.95,813.35,99.76,2026-05,FlashReport_May2026.pdf
1380,618469,N24001506,10328,Vadodara Mumbai Expressway Phase II - Pkg XIII [Km. 26.582 to Km. 50.700] Shirsad - Masvan,Maharashtra,National Highways Authority of India [NHAI],2020-06,2024-02,2026-07,3536.9,4679.54,1793.48,90.86,2026-05,FlashReport_May2026.pdf
1381,618470,N24001507,10329,Vadodara Mumbai Expressway Phase II - Pkg XIV [Km. 3.000 to Km. 20.200 of Spur] Shirsad - Akloli,Maharashtra,National Highways Authority of India [NHAI],2021-05,2024-05,2026-06,2058.79,2324.72,630.06,97.7,2026-05,FlashReport_May2026.pdf
1382,618471,N24001521,10330,Vadodara Mumbai Expressway Phase II - Pkg XV [Km. 20.200 to Km. 43.000 of Spur] Akloli - Amne,Maharashtra,National Highways Authority of India [NHAI],2021-05,2024-05,2026-06,2610.88,2918.39,621.87,91.5,2026-05,FlashReport_May2026.pdf
1383,618472,N24001508,10331,Vadodara Mumbai Expressway Phase II - Pkg XVI [Km. 43.000 to Km. 69.800 of Spur] Amne - Bhoj,Maharashtra,National Highways Authority of India [NHAI],2021-06,2024-10,2026-06,4051.8,4315.56,905.81,90.7,2026-05,FlashReport_May2026.pdf
1384,618473,N24001608,10332,Vadodara Mumbai Expressway Phase II - Pkg XVII [Km. 69.800 to Km. 79.783 of Spur] Bhoj - Morbe,Maharashtra,National Highways Authority of India [NHAI],2021-09,2025-07,2026-06,2208.68,2463.02,874.32,85.79,2026-05,FlashReport_May2026.pdf
1385,618511,,,Upgradation & rehabilitation of Service Roads on both sides in urban areas of Pune City on PuneSatara section of NH48,Maharashtra,National Highways Authority of India [NHAI],2025-01,2026-06,2027-06,604.59,388.78,54.16,18.85,2026-05,FlashReport_May2026.pdf
1386,618512,N24001486,10367,Tunnel at Khambataki Ghat Section and its approaches from existing Km. 771.730 to existing Km. 782.000,Maharashtra,National Highways Authority of India [NHAI],2017-11,2022-02,2026-08,907.03,816.12,545.2,87.5,2026-05,FlashReport_May2026.pdf
1387,618513,N24001546,10368,6L of Kagal-Satara section from Km 592.500 to Km 658.000 of NH-48 Pkg-I,Maharashtra,National Highways Authority of India [NHAI],2021-12,2025-01,2027-02,2111.95,1435.46,631.96,45.47,2026-05,FlashReport_May2026.pdf
1388,618514,N24001493,,6L of Kagal-Satara section from Km 658.000 to Km 725.000 of NH-48 Pkg-II,Maharashtra,National Highways Authority of India [NHAI],2021-12,2024-12,2026-12,2330.71,317.4,197.23,73.96,2026-05,FlashReport_May2026.pdf
1389,618557,N24002071,10403,4L of Indora Chowk to Pachpaoli and Agrasen Chowk - Ashoka Chowk,Maharashtra,National Highways Authority of India [NHAI],2023-03,2026-06,2026-07,1038.84,918.53,673.93,83,2026-05,FlashReport_May2026.pdf
1390,618585,,10420,6L of Gonde Km. 439.038 to Pimpri Sado Km. 459.905 section of NH-848 Old NH-3,Maharashtra,National Highways Authority of India [NHAI],2024-02,2027-04,2027-11,856.93,718.84,126.14,36.5,2026-05,FlashReport_May2026.pdf
1391,618586,,,Improvement and strengthening of existing 2 lane stretch to 2-Lane with PS 1.5m on both sides on Ghoti-Sinnar section of NH-160A using Thin White Topping 200mm thick in the State Of Maharashtra on EPC Mode,Maharashtra,National Highways Authority of India [NHAI],2025-03,2026-06,2026-08,254.78,147.64,104.21,76,2026-05,FlashReport_May2026.pdf
1392,618588,N24001798,,4L Mitigation Measure structures on CH/MH Border to Wainganga Bridge Section of NH-6 New NH-53,Maharashtra,National Highways Authority of India [NHAI],2021-02,2023-11,2026-06,540.24,468.92,464.27,99.79,2026-05,FlashReport_May2026.pdf
1393,618594,N24001609,,Balance work of 4L Panvel to Indapur section of NH-66 Old NH- 17 from km 0.000 Panvel to km 42.300 Kasu,Maharashtra,National Highways Authority of India [NHAI],2022-12,2024-10,2026-06,329.82,196.87,185.04,96.89,2026-05,FlashReport_May2026.pdf
1394,618626,,,Four laning from Dive Ghat Km. 220.900 to Hadapsar Km. 234.150 of Mohol Alandi section Pkg VI of NH-965,Maharashtra,National Highways Authority of India [NHAI],2023-12,2026-10,2027-04,819.52,400,121.02,63.13,2026-05,FlashReport_May2026.pdf
1395,618627,,,Construction of 7 Nos of Standalone safety structures/works at different locations on various NHs,Maharashtra,National Highways Authority of India [NHAI],2025-01,2027-01,2027-01,168.52,112.03,17.61,26.37,2026-05,FlashReport_May2026.pdf
1396,618628,,,Strengthening of Existing Alignment of Pandharpur Town Part Bypassed Section of NH 965 from KM 36.230 to KM 44.230 from Chh. Shivaji Maharaj Chowk to Wakhari,Maharashtra,National Highways Authority of India [NHAI],2022-08,2025-10,2026-12,150.21,87.59,65.16,48,2026-05,FlashReport_May2026.pdf
1397,618638,,10456,Tarsod - Fagne section of NH-6,Maharashtra,National Highways Authority of India [NHAI],2016-06,2021-07,2026-04,2267.99,2560.5,990,98.84,2026-05,FlashReport_May2026.pdf
1398,618652,,10466,Chakur Loha Section of NH-361 from km 114.600 to km 187.80,Maharashtra,National Highways Authority of India [NHAI],2018-03,2021-03,2024-02,1241.38,3342.11,785.13,100,2026-05,FlashReport_May2026.pdf
1399,618653,,10467,Loha-Waranga Section of NH-361 from km 187.800 to km 244.369,Maharashtra,National Highways Authority of India [NHAI],2018-03,2021-03,2026-12,1236.08,3466.58,900.78,96.22,2026-05,FlashReport_May2026.pdf
1400,618693,N24000656,10494,Bodhre - Dhule,Maharashtra,National Highways Authority of India [NHAI],2021-02,2024-07,2026-07,1344.78,1292.7,785.78,97.69,2026-05,FlashReport_May2026.pdf
1401,618754,,,Upgradation of 2L/4L with Paved Shoulder of Shirwal-Lonand Section from KM 159900 To KM 188025 of NH-965DD Section I and 2L With Paved Shoulder of Lonand-Satara Section from KM 51500 To KM 96246 Of NH-965D Section II in Satara District in the State of Maharashtra on EPC Mode under NHO-,Maharashtra,National Highways Authority of India [NHAI],2025-03,2027-06,2027-06,538.11,307.24,113.19,38.51,2026-05,FlashReport_May2026.pdf
1402,618766,,10547,Up-gradation to Four Lane with Paved Shoulder configuration of the highway starting from existing km 88.400 Savali Vihir to km 163.400 start of Ahmednagar bypass Design Length 75.000 km section of NH-160 in the State of Maharashtra under Bharatmala Pariyojana on EPC Mode,Maharashtra,NHAI,2024-10,2027-04,2027-04,862,617.93,210.48,43.61,2026-05,FlashReport_May2026.pdf
1403,618836,N24001834,10598,4L of Ratnagiri - Kolhapur section from km 67.140 to km 112.340 of NH-166 Pkg II,Maharashtra,National Highways Authority of India [NHAI],2022-02,2025-05,2027-03,1985.38,1798,463.4,79.98,2026-05,FlashReport_May2026.pdf
1404,618837,N24001835,10599,4L of Ratnagiri - Kolhapur section from km 112.340 to km 145.300 of NH-166 PkgIII,Maharashtra,National Highways Authority of India [NHAI],2022-02,2025-05,2027-03,1939.23,1910.41,483.41,67.57,2026-05,FlashReport_May2026.pdf
1405,618937,N24001799,10678,4L of Nagpur-Katol Section from Km. 13.00 to Km. 62.900 of NH-353J,Maharashtra,National Highways Authority of India [NHAI],2021-02,2023-10,2026-10,1166.96,1432.82,979.65,81.54,2026-05,FlashReport_May2026.pdf
1406,618939,,,Construction of Standalone Flyover cum ROB from Design Ch.66.600 to Design Ch.68.800 in Gadchandur Town on NH-353B,Maharashtra,National Highways Authority of India [NHAI],2025-02,2027-07,2027-07,191.31,107.76,28.32,34.05,2026-05,FlashReport_May2026.pdf
1407,619008,,,Rehabilitation and Up gradation of Charthana Jintur Section of NH 752 I Km 25100 to 47100 to 2 Lane with Paved Shoulder configuration Flexible Pavement in the state of Maharashtra on EPC mode. Reg- Resubmission of Annual Plan Estimate.,Maharashtra,MoRTH,2025-03,2027-07,2026-07,157.69,157.69,0,51,2026-05,FlashReport_May2026.pdf
1408,619042,N24001907,,"Construction of six lane Flyover at Katraj junction at Km, 3/880 of NH 548-DD Vadgaon - Katraj - Kondhwa - Mantarwadi Chowk - Loni Kalbhor - Theur Phata - Lonikand Road in Pune Dist of the State of Maharashtra. On Engineering Procurement and construction EPC Basis mode L.1.326 Km,",Maharashtra,MoRTH,2021-02,2026-02,2023-02,163.51,163.51,0,83.19,2026-05,FlashReport_May2026.pdf
1409,619069,,,Satara Km 725.000 to Pune Km 865.350 of NH - 4 New NH - 48 in Maharashtra,Maharashtra,National Highways Authority of India [NHAI],2009-09,2022-05,2026-06,361.72,425.51,68.63,99.05,2026-05,FlashReport_May2026.pdf
1410,619095,N24001607,,Balance works of 4L Panvel Indapur section of NH66 old NH17 from km 42.300 kasu to km 84.600 Indapur,Maharashtra,National Highways Authority of India [NHAI],2022-06,2024-05,2026-06,546.44,472.1,420.53,81.63,2026-05,FlashReport_May2026.pdf
1411,619149,N24001495,11810,4L of Ratnagiri - Kolhapur section of NH-166 from km 0.000 to km 19.769 and km 31.000 to km 67.140 Pkg I,Maharashtra,National Highways Authority of India [NHAI],2022-02,2024-11,2026-11,1774.03,2108.41,809.19,93.75,2026-05,FlashReport_May2026.pdf
1412,619163,N24001502,11818,4L of Baramati to Indapur Pkg-II from km. 41.400 to km. 84.550 of NH-965G Saint Tukaram Marg,Maharashtra,National Highways Authority of India [NHAI],2021-01,2023-09,2026-12,1471.32,1297.48,927.1,86.2,2026-05,FlashReport_May2026.pdf
1413,619198,,11889,Vadodara Mumbai Expressway Phase II - Pkg XII [Km. 50.700 to Km. 77.000] Masvan - Ganjad,Maharashtra,National Highways Authority of India [NHAI],2020-08,2024-03,2026-06,1711.38,2388.52,979.26,99.38,2026-05,FlashReport_May2026.pdf
1414,619203,,11894,Vadape to Thane from km 539.202 to km 563.000 section of NH-3 new NH-848,Maharashtra,National Highways Authority of India [NHAI],2018-03,2021-07,2026-06,1252.92,1371.27,482.38,80.78,2026-05,FlashReport_May2026.pdf
1415,619209,,11899,4L of existing 2/4L stretch from Lonand to Dive Ghat Km 166.400 to Km 220.900 of Mohol Alandi section of NH-965 Pkg - V,Maharashtra,National Highways Authority of India [NHAI],2021-10,2024-05,2026-04,1709.56,2049.51,1125.89,98.52,2026-05,FlashReport_May2026.pdf
1416,619210,,11900,Dharampuri-Lonand from km. 117.00 to 166.40 Pkg-IV on Mohol-Alandi Section,Maharashtra,National Highways Authority of India [NHAI],2021-01,2023-09,2026-06,1411.71,1358.68,1047.2,97.4,2026-05,FlashReport_May2026.pdf
1417,618298,N24001400,,Widening/Improvement of existing 2-Lane road to 4-Lane Divided Highway from Sekmai to Nilakuthi section of Imphal-Kohima Road Design Chainage from Km 297700 to Km 308729 of NH-39 New NH-02 in state of Manipur on EPC mode Pkg-5B,Manipur,NHIDCL,2021-03,2023-01,2026-06,211.7,211.7,237.43,91.76,2026-05,FlashReport_May2026.pdf
1418,618299,,,Improvement/Up-gradation of existing 2-Lane Road to 4-Lane Divided Highway from Daili to Kuraopokpi section of Imphal-Kohima road NH-02 Design Chainage from Km 274610 to Km 287000 in the state of Manipur on EPC mode Pkg-4B,Manipur,NHIDCL,2020-09,2026-06,2027-01,268.98,268.98,0,56.16,2026-05,FlashReport_May2026.pdf
1419,618300,N24001274,,Improvement/Up-gradation of existing 2-Lane Road to 4-Lane Divided Highway from Taphukuki to Daili section of Imphal-Kohima road NH-02 Design Chainage from Km 262175 to Km 274610 in the state of Manipur on EPC mode Pkg-4A,Manipur,NHIDCL,2020-09,2022-04,2026-08,379.39,379.39,302.13,91.31,2026-05,FlashReport_May2026.pdf
1420,618301,,,Widening/Improvement of existing 2-lane to 4-Lane Divided Highway from Kuraopokpi to Sekmai section of Imphal-Kohima Road Design Ch. km 287.00 to 297.700 of NH-39 New NH-02 in state of Manipur on EPC mode Pkg-5A,Manipur,NHIDCL,2020-09,2026-08,2026-08,228.97,228.97,33.77,48.16,2026-05,FlashReport_May2026.pdf
1421,618302,N24001332,,Widening/Improvement to 2-lane with earthen shoulder of Yaingangpokpi - Finch corner road section of NH-202 from Km 16.900 to Km 30.970 of NH-202 in the state of Manipur on EPC mode Package-2,Manipur,NHIDCL,2020-03,2022-06,2026-06,256.04,256.04,0,97.12,2026-05,FlashReport_May2026.pdf
1422,618303,N24001331,,Widening/Improvement to 2-lane with earthen shoulder of Yaingangpokpi - Finch corner road section of NH-202 from Km 0.000 to Km 16.900 of NH-202 in the state of Manipur on EPC mode Package-1,Manipur,NHIDCL,2020-03,2022-06,2026-04,222.77,222.77,0,88.85,2026-05,FlashReport_May2026.pdf
1423,618304,N24002227,,"Widening/Improvement to 2 Lane with earthen shoulder of Jessami to Laynen bridge Nagaland border section of NH-29 of Imphal -Ukhrul - Jessami Economic Corridor from km 0.000 to km 11.009 in the State of Manipur on EPC mode under Bharatmala Pariyojana, under NHO-NE Package-7",Manipur,NHIDCL,2023-03,2026-06,2026-10,164.89,164.89,125.76,23.56,2026-05,FlashReport_May2026.pdf
1424,618305,N24002202,10245,Widening/Improvement to 2 lane with earthen shoulder of Marrem Khullen to Jessami section of NH-202 of Imphal - Ukhrul - Jessami Economic Corridor from Design Chainage km 95.700 to km 140.180 in the State of Manipur on EPC mode under Bharatmala Pariyojana under NHO-NE Package-6,Manipur,NHIDCL,2023-03,2026-12,2026-12,554.66,554.66,201.52,22.55,2026-05,FlashReport_May2026.pdf
1425,618306,N24002242,10246,"Widening/Improvement to 2 lane with earthen shoulder of Choithar to Marrem Khullen section of NH-202 of Imphal Ukhrul Jessami Economic Corridor from Design Chainage km 53.110 to km 95.700 in the State of Manipur on EPC mode under Bharatmala Pariyojana, under NHO-NE Package-5",Manipur,NHIDCL,2023-03,2027-03,2027-05,564.05,564.05,72.58,14.08,2026-05,FlashReport_May2026.pdf
1426,618333,N24001323,10267,Widening to 2 lane with Paved shoulder of lmphal to Jiribam section of NH-37 from Design Ch. from km 169570 Near Nungkao vlllage under Tamenglong District to km 205974 near Jiribam Bridge under Jiribam district under NHO-NE PKG-7,Manipur,NHIDCL,2023-01,2025-12,2026-06,760.16,760.16,419.61,91.32,2026-05,FlashReport_May2026.pdf
1427,618334,N24002132,10268,Widening to 2 Lane with Paved shoulder of lmphal to Jiribam section of NH-37 from Design Ch. from km 131.280 to km 169.570 on EPC mode in Manipur under NHO- TSP PKG-6,Manipur,NHIDCL,2021-12,2025-02,2026-06,504.76,504.76,308.08,95.2,2026-05,FlashReport_May2026.pdf
1428,618335,N24000979,,Widening to 2 Lane with Paved shoulder of lmphal to Jiribam section of NH-37 from Design Ch. from Km 101280 Near Khongsang Village to Km 131280 near Puilon Kambiron Village on EPC Mode in Manipur PKG-5,Manipur,NHIDCL,2021-12,2024-05,2026-06,410.68,410.68,341.99,89.95,2026-05,FlashReport_May2026.pdf
1429,618336,N24001390,10269,Widening to 2 -Lane with Paved shoulder of Imphal to Jiribam section of NH-37 from Design Chainage 66.110 km to 101.280 Km Existing Chainage km 67.496 to km 103.557 on EPC Mode in Manipur PKG-4,Manipur,NHIDCL,2021-09,2023-12,2026-07,579.63,579.63,381.11,85.89,2026-05,FlashReport_May2026.pdf
1430,618337,N24001416,,Widening to 2 -Lane with Paved shoulder of Imphal to Jiribam section of NH-37 from Design Chainage 33.000 km to 66.390 Km Existing Chainage from km 33.395 to km 67.496 on EPC Mode in Manipur PKG-3,Manipur,NHIDCL,2021-03,2023-03,2026-03,467,467,571.25,86.33,2026-05,FlashReport_May2026.pdf
1431,618338,N24002244,,Widening to 2-Lane with Paved shoulder of Imphal to Jiribam section of NH-37 from Design Chainage 15.940 km to 33.120 Km Existing Chainage Km 15.946 to Km 33.395 Total length17.180 Km in the State of Manipur on EPC mode PKG-2 - Balance Works & Rectification works,Manipur,NHIDCL,2021-03,2026-03,2026-06,195.14,195.14,0,90.72,2026-05,FlashReport_May2026.pdf
1432,618344,N24001792,10271,Widening to 2-lane with Hard shoulder of Churachandpur to Tuivai Section of NH- 102B from Design Chainage 69.875 Km to 121.769 Km in the State of Manipur on EPC mode Package-3,Manipur,NHIDCL,2021-03,2023-08,2026-12,673.27,673.27,508.53,83.6,2026-05,FlashReport_May2026.pdf
1433,618345,N24001730,,Widening to 2-lane with Hard shoulder of Churachandpur to Tuivai Section from Km 48.587 to Km 69.875 in the State of Manipur on EPC mode under NHO Package-2B,Manipur,NHIDCL,2020-06,2022-08,2026-07,365.53,365.53,187.39,87.28,2026-05,FlashReport_May2026.pdf
1434,618346,N24001270,,Widening to 2-lane with Hard shoulder of Churachandpur to Tuivai Section of NH- 102B from km 32.835 to km 48.587 in the State of Manipur on EPC mode under NHO Package-2A,Manipur,NHIDCL,2020-04,2022-06,2026-03,232.99,232.99,150.9,100,2026-05,FlashReport_May2026.pdf
1435,618347,N24001269,,Widening to 2-lane with Hard shoulder of Churachandpur to Tuivai Section of NH- 102B from km 13.747 to km 32.835 in the State of Manipur on EPC mode under NHO Package-1B,Manipur,NHIDCL,2020-04,2022-06,2026-03,241.52,241.52,152.86,100,2026-05,FlashReport_May2026.pdf
1436,618348,,,Balance work of Widening to 2 Two lane with hard shoulder of Churachandpur to Tuivai section of NH-102B from km 130.000 to km 141.029 Package-4B in the State of Manipur on EPC Mode,Manipur,NHIDCL,2020-06,2026-11,2026-11,177.76,177.76,2.62,4.45,2026-05,FlashReport_May2026.pdf
1437,618349,,,Balance work of Widening to 2 Two lane with hard shoulder of Churachandpur to Tuivai section of NH-102B from Design Chainage km 118850 to km 130000 Package- 4A in the State of Manipur on EPC Mode,Manipur,NHIDCL,2020-04,2026-08,2026-08,204.12,204.12,0,22.5,2026-05,FlashReport_May2026.pdf
1438,618355,N24001403,,"Construction of of 2 -Lane with paved shoulders road from Tamenglong-Tousem- Lisang-Mahur Road NH-137 starting near Dialong Village from km 10.000 at Dialong to km 31.430 near Old Tamenglong , near Barak River on EPC Mode Package-2",Manipur,NHIDCL,2021-07,2023-03,2026-03,483.87,483.87,363.16,95.28,2026-05,FlashReport_May2026.pdf
1439,618356,N24001354,,Construction of 2 -Lane with paved shoulders road from Tamenglong to Mahur in the state of Manipur from km 31.430 at Old Tamenglong to km 43.480 ending near Phelong on EPC Mode Package-3,Manipur,NHIDCL,2021-03,2022-12,2026-04,234.08,234.08,197.91,100,2026-05,FlashReport_May2026.pdf
1440,618357,N24001436,,Construction of 2 -Lane with paved shoulders road from Tamenglong to Mahur NH- 137 in Manipur starting from km 54.180 near Azuram to km 80.630 near Mandeu on EPC Mode Package 5,Manipur,NHIDCL,2021-09,2023-05,2026-01,477.86,477.86,330.1,84.87,2026-05,FlashReport_May2026.pdf
1441,618358,N24001437,,Construction of 2 -Lane with paved shoulders road from Tamenglong to Mahur NH- 137 starting from km 80.630 near Mandeu to km 96.870 near Jiri River on EPC Mode Package-6,Manipur,NHIDCL,2021-09,2023-05,2025-12,311.18,311.18,230.69,86.73,2026-05,FlashReport_May2026.pdf
1442,618387,N24002131,10296,Construction of 2-laning with Hard shoulder of Ukhrul Tolloi - Tadubi section of NH- 102A from Design Chainage km 9450 to km 50850 in the State of Manipur on EPC mode under NHO-NE Package-2,Manipur,NHIDCL,2023-03,2026-03,2026-12,578.98,578.98,249.58,80.02,2026-05,FlashReport_May2026.pdf
1443,618388,N24001974,,Construction of 2-laning with Hard shoulder road of Ukhrul - Tolloi - Tadubi section of NH-102A from Design Chainage 50.850 km to 81.870 km in the State of Manipur on EPC mode under NHO-TSP Package -3,Manipur,NHIDCL,2021-09,2025-01,2026-07,315.56,315.56,228.02,91.11,2026-05,FlashReport_May2026.pdf
1444,618389,N24001473,,Construction of 2-laning with Hard shoulder road of Ukhrul - Tolloi - Tadubi section of NH-102A from Design Chainage 81.870 km to 105.825 km in the State of Manipur on EPC mode under NHO-TSP Package -4,Manipur,NHIDCL,2021-09,2024-02,2026-06,310.76,310.76,247.28,97,2026-05,FlashReport_May2026.pdf
1445,618415,N24001350,,"Improvement of existing road to 2 laning with Hard Shoulders of Maram-Peren section Package-1B, length- 17.660 km from Design Chainage 22.340 km to 40.000 km on NH-129A in the State of Manipur on EPC mode",Manipur,NHIDCL,2021-02,2022-12,2026-03,188.36,188.36,0,100,2026-05,FlashReport_May2026.pdf
1446,618416,N24001349,,"Improvement of existing road to 2 laning with Hard Shoulders of Maram -Peren section Package-1A, length- 22.340Km from Design Chainage 0.000 km to 22.340 km on NH-129A in the State of Manipur on EPC mode",Manipur,NHIDCL,2021-02,2022-12,2026-07,226.32,226.32,179.09,74.58,2026-05,FlashReport_May2026.pdf
1447,617885,N24001441,,Rehabilitation and Up-gradation of Nongstoin Wahkaji section of Project Road Km 0000 to Km 43060 to Intermediate Lane with earthern shoulder under SARDP-NE Phase-A in the State of Meghalaya on EPC mode. Job No- SARDP-NE ong-Don- Maw/MG/2020-21/294,Meghalaya,MoRTH,2020-08,2023-08,2026-06,302.88,302.88,182.58,99.1,2026-05,FlashReport_May2026.pdf
1448,618076,N24002239,,Improvement and Widening two lannig with paved Shoulder of NH 127B from km 31.500 Goeragre to km 63.224 Package-II in state of Meghalaya,Meghalaya,MoRTH,2023-12,2027-05,,504,350.67,0,2.5,2026-05,FlashReport_May2026.pdf
1449,618294,,10243,Improvement and Widening of National Highway No. 127B Darugiri - Songsak - Williamnagar Junction Section to two lane with paved shoulder from design Km 0000 to Km 36635 Design length 36.635 Km existing Km 112000 to Km 151060 of NH-1278 under Bharatmala Pariyojana Lot-1 Pkg-1B Meghalaya portion,Meghalaya,NHIDCL,2023-03,2027-09,2027-09,801.07,801.07,64.53,24.74,2026-05,FlashReport_May2026.pdf
1450,618295,N24002233,10244,Improvement/Widening of New NH-217 Dainadubi-Darugiri section to Two lane with paved shoulder in Meghalaya from design Km 0000 to Km 40840 existing Km 8600 to Km 53000 of Old NH-62 under BMP Lot-1 Pkg-1B Meghalaya portion,Meghalaya,NHIDCL,2023-03,2027-03,2027-03,705.83,705.83,0,42.09,2026-05,FlashReport_May2026.pdf
1451,618374,N24001335,,Improvement/Widening to 2-L with Paved Shoulder/ 4-Laning of NH-40 section from Km 151330 to Km 163400 design Km 63.530 to Km 71.520 including Dawki Bridge of length 368 m between Shillong-Dawki under JICA ODA Loan assistance Phase-II Pkg- 5 -Balance work,Meghalaya,NHIDCL,2020-07,2026-11,2026-11,284.21,284.21,0,41.42,2026-05,FlashReport_May2026.pdf
1452,618375,N24001334,,Improvement/Widening to 2-Lane with Paved Shoulder from design Km 45.760 to Km 63.530 between Shillong-Dawki under JICA ODA Loan assistance Phase-II -Balance work Pkg-4,Meghalaya,NHIDCL,2020-07,2026-04,2026-10,445.51,445.51,42.36,50.8,2026-05,FlashReport_May2026.pdf
1453,618376,N24001314,10288,Improvement/Widening to 2-Lane with Paved Shoulder between Shillong-Dawki road up to Bangladesh Border from design Km 10.670 to Km 37.550 under JICA ODA Loan assistance Phase-II -Balance Work-Pkg-2,Meghalaya,NHIDCL,2020-07,2026-08,2026-12,525.67,525.67,0,50.66,2026-05,FlashReport_May2026.pdf
1454,618377,N24001313,,Improvement/Widening to 2-L with Paved Shoulder/4-L from Km 81740 to Km 93490 design Km 0000 to Km 10670 of NH-40 New NH-106 & 206 section & 4-L from design Km 0.00 to Km 0.930 of NH-44 section between Shillong-Dawki under JICA ODA Loan assistance Phase-II -Balance Work Pkg-1,Meghalaya,NHIDCL,2020-07,2025-10,2026-06,351.12,351.12,0,98.72,2026-05,FlashReport_May2026.pdf
1455,618418,N24001474,,Rehabilitation and up gradation of Nongstoin-Rambrai-Kyrshai road up to Meghalaya- Assam border from Km 0.335 to km 34.039 to 2-Lane under NHO - NE in the State of Meghalaya Package-1,Meghalaya,NHIDCL,2021-09,2024-05,2026-12,359.86,359.86,214.21,80.49,2026-05,FlashReport_May2026.pdf
1456,618419,N24002158,10306,"Construction of 2-Lane with paved shoulders of Shillong Western Bypass starting from NH-06 near Ladumsaw existing Km 60.900 of old NH40 to NH106 old NH 44E Package-III, from km 24700 to km 38256 under SARDP-NE PHASE A in the state of Meghalaya on EPC Mode Greenfield alignment",Meghalaya,NHIDCL,2023-03,2026-09,2026-09,562.48,562.48,92.14,51.47,2026-05,FlashReport_May2026.pdf
1457,618420,N24002157,10307,"Construction of 2 lane with paved shoulder of Shillong Western Bypass starting from NH-06 near Ladumsaw existing km 60.900 of old NH-40 to NH-106 old NH-44E, Package-II km 12800 to km 24700 under SARDP-NE Phase A in the State of Meghalaya on EPC Mode",Meghalaya,NHIDCL,2023-03,2026-09,2026-09,686.03,686.03,236.66,47.05,2026-05,FlashReport_May2026.pdf
1458,618421,N24002156,10308,"Construction of 2-Lane with paved shoulder of Shillong Western Bypass starting from NH-06 near Ladumsaw Existing km 60.900 of old NH-40 to NH106 old NH-44E, km 0000 to km 12800 Package-I under SARDP-NE PHASE A in the State of Meghalaya on EPC Mode Greenfield alignment",Meghalaya,NHIDCL,2023-03,2026-09,2026-09,620.3,620.3,216.26,70.82,2026-05,FlashReport_May2026.pdf
1459,618316,,,4-Laning of Vairengte - Chhimluang section Package-3 of NH-306 from Existing Chainage km 43000 to Km 59700 Design Chainage km 46000 to km 60850 on Silchar - Vairengte- Sairang road in the State of Mizoram under Bharatmala Pariyojna under NHO-NE. Package-1&2 in Assam state,Mizoram,NHIDCL,2021-12,2027-01,2026-12,491.39,491.39,34.51,17.86,2026-05,FlashReport_May2026.pdf
1460,618317,,10255,4-Laning of chhimluang-Kolasib from section pkg-4 of NH-306 & NH-6 existing chainage km 59700 to km 86000 design chainage km 61000 to km 77500 on Silchar- vairengte-sairang road in the state of Mizoram under Bharatmala Pariyojna on EPC mode Vairengte - Sairang Pkg-4,Mizoram,NHIDCL,2021-12,2027-01,2026-12,561.91,561.91,0,17.12,2026-05,FlashReport_May2026.pdf
1461,618318,,10256,4-Laning of Kolasib - Sethawn section Package-5 of NH-6 from Existing Chainage km 86000 to km 107850 Design Chainage km 77500 to km 95500 on silchar - vairengte - sairang road under Bharatmala Pariyojna on EPC mode under NHO-NE Vairengte - Sairang Pkg-5,Mizoram,NHIDCL,2021-11,2027-07,2027-06,720.4,720.4,40.57,11.86,2026-05,FlashReport_May2026.pdf
1462,618319,,10257,"4-Laning of Sethawn - N. Kawnpui section Package-6 of NH-6 from Existing Chainage km 107850 to km 126315 Design Chainage km 95500 to km 111850 on Silchar- Vairengte- Sairang road, Vairengte - Sairang Pkg-6",Mizoram,NHIDCL,2021-12,2027-01,2026-12,595.65,595.65,21.02,6.72,2026-05,FlashReport_May2026.pdf
1463,618320,,10258,Construction of 4-Laning of N. Kawnpui N. Mualvum Mualkhang via Khamrang Village section Package-7 of NH-6 from Existing Chainage km 127200 to km 142000 Design Chainage km 111850 to km 123400 on Silchar - Vairengte - Sairang road in the State of Mizoram on EPC mode,Mizoram,NHIDCL,2024-02,2028-10,,866.32,866.32,0,18.9,2026-05,FlashReport_May2026.pdf
1464,618321,,10259,Construction of 4-Laning of West Serawlg-Sairang section of NH-6 from Existing Chainage km 142000 to km 158900 Design Chainage km 123400 to km 136260 on Silchar - Vairengte - Sairang road in the State of Mizoram under Bharatmala Pariyojna on EPC mode under NHO-NE Package-8,Mizoram,NHIDCL,2024-02,2028-11,,875.79,875.79,0,13.95,2026-05,FlashReport_May2026.pdf
1465,618323,,,Construction of Twin Tube Uni-directional Aizawl Bypass Tunnel of 2.5 km and its approaches of 2.1 km from km 10.600 to km 15.200 on Sarrang - Phaibawk section of NH-6 in the State of Mizoram on EPC Mode under NHO-NE Package-2,Mizoram,NHIDCL,2024-01,2028-12,,1313.28,1313.28,0,0,2026-05,FlashReport_May2026.pdf
1466,618324,,10260,Construction of 2-lane Aizawl Bypass from km 15.200 to km 34.500 Package-3 on Sairang - Phaibawk section of NH-6 in the State of Mizoram under Bharatmala Pariyojna on EPC Mode under NHO-NE,Mizoram,NHIDCL,2023-02,2028-11,,720.72,720.72,0,15.1,2026-05,FlashReport_May2026.pdf
1467,618341,N24001545,10270,Up-gradation to 2-lane with paved shoulders of Ngopa - Pawlrang section of NH 102B of Aizawl - Imphal Economic Corridor from Existing Chainage km 32.796 to km 72.030 [Design Chainage km 31.280 to km 68.170] in the State of Mizoram under Bharatmala Pariyojna on EPC mode under NHO-NE Package-2 Keifang- Tuivai Pkg-2,Mizoram,NHIDCL,2021-09,2025-02,2026-06,523.78,523.78,394.29,95.31,2026-05,FlashReport_May2026.pdf
1468,618342,N24001278,,Rehabilitation and upgradation to 2 Lane with Paved shoulder of Economic corridor of NH-6 from Design chaiange Km 0.000 to Km 13.510 Package-1 in the state of Mizoram under Bharatmala Pariyojana on EPC mode,Mizoram,NHIDCL,2020-03,2022-06,2024-06,206.9,206.9,0,0,2026-05,FlashReport_May2026.pdf
1469,618343,N24001281,,"Rehabilitation and Up gradation to 2-lane with paved shoulder of Keifang Section Economic Corridor of NH-06 from Existing Chainage Km 30050 Keifang to Km 50360 Keifang, Design Chainage Km 27400 to Km 45040 PkgIII in the State of Mizoram under Bharatmala Pariyojna on EPC Mode Seling-Dulte - III",Mizoram,NHIDCL,2020-03,2022-06,2024-12,292.23,292.23,0,0,2026-05,FlashReport_May2026.pdf
1470,618362,N24001358,10280,Construction of 2-laning with hard shoulder of Lunglei to Chhumkhum from Design Chainage Km 0.000 to Km 37.420 of NH-302 [Lunglei-Tlabung] Package-A,Mizoram,NHIDCL,2021-03,2022-12,2026-06,698.45,698.45,557.98,64.78,2026-05,FlashReport_May2026.pdf
1471,618363,N24001359,10281,Construction of 2-laning with hard shoulder configuration of Chhumkhum to Tlabung from Design Chainage Km 37.420 to Km 74.950 of NH-302 in Mizoram under Bharatmala Pariyojana on EPC mode [Pkg-B],Mizoram,NHIDCL,2021-06,2023-01,2026-12,740.58,740.58,432.25,61.34,2026-05,FlashReport_May2026.pdf
1472,618379,N24000861,10290,Widening and Up-gradation to 2- Lane with Paved Shoulder Configuration and geometric improvement from Km. 208. 000 to Km 250.000 Package-5 on Aizawl Tuipang Section of NH-54 in the State of Mizoram Package-5,Mizoram,NHIDCL,2019-09,2023-04,2026-06,752.89,752.89,125.62,95.35,2026-05,FlashReport_May2026.pdf
1473,618380,N24000857,10291,Widening and Up-gradation to 2- Lane with Paved Shoulder Configuration and geometric improvement from Km. 125. 000 to Km 166 Package-3 on Aizawl Tuipang Section of NH-54 in the State of Mizoram Package-3,Mizoram,NHIDCL,2019-09,2023-04,2026-06,867.09,867.09,159.47,97.51,2026-05,FlashReport_May2026.pdf
1474,618381,N24000863,10292,Widening and up-gradation to 2-lane with paved shoulder configuration and geometric improvements from km 250.00 Lunglei to km 298.00 on Aizawl-Tuipang section under JICA ODA Loan assistance Phase-I Package-6,Mizoram,NHIDCL,2019-09,2023-06,2025-05,768.76,768.76,168.78,98.73,2026-05,FlashReport_May2026.pdf
1475,618382,N24000864,10293,Widening and up-gradation to 2-lane with paved shoulder configuration and geometric improvements from km 298.00 to km 339.00 on Aizawl-Tuipang section under JICA ODA Loan assistance Phase-I Package-7,Mizoram,NHIDCL,2019-09,2024-04,2025-05,605.76,750.32,0.01,100,2026-05,FlashReport_May2026.pdf
1476,618383,N24000865,10294,Widening and up-gradation to 2-lane with paved shoulder configuration and geometric improvements from km 339.00 to km 380.00 Siaha on Aizawl-Tuipang section under JICA ODA Loan assistance Phase-I Package-8,Mizoram,NHIDCL,2019-09,2023-09,2026-06,637.06,637.06,101.89,99.82,2026-05,FlashReport_May2026.pdf
1477,618384,N24000862,10295,Widening and Up-gradation to 2- Lane with Paved Shoulder Configuration and geometric improvement from Km. 166. 000 to Km 208.000 Package-4 on Aizawl Tuipang Section of NH-54 in the State of Mizoram Package-4,Mizoram,NHIDCL,2019-09,2023-04,2025-04,899.45,899.45,191.59,99.88,2026-05,FlashReport_May2026.pdf
1478,618452,N24002204,10312,"2-laning of Zorinpui - Longmasu section of NH-502A from km 0.000 to km 28.244 in the State of Mizoram on EPC mode under NHO-NE, stretch of IMBR",Mizoram,NHIDCL,2023-02,2026-12,2027-07,781.85,781.85,20.78,4.71,2026-05,FlashReport_May2026.pdf
1479,619010,N24002027,10806,Up-gradation to 2 lane with paved shoutders of Pawlrang - Rulchawm section- of NH- 102B of Aizawl - Imphal Economic Corridor from Existing Chainage km 72.030 to km 104.129 including 2.459 km re-alignment section from Tuivai River to Rulchawm connecting km 48.150 of NH-6 [Design Chainage km 68.170 to km 98.579] in the State of Mizoram under Bharatmala Pariyojna on EPC mode under NHO-NE Package-3 Keifang- Tuivai Pkg-3,Mizoram,NHIDCL,2021-12,2025-05,2025-07,500.88,500.88,305.45,75.35,2026-05,FlashReport_May2026.pdf
1480,619321,,,Balance work of widening to two laning/re-alignment and geometric improvement from Km. 11000 to Km. 114618 with rectification of damaged stretches and provision of protection works in vulnerable location of NH-44 in the State of Mizoram.,Mizoram,MoRTH,2025-10,2028-05,,170.96,170.96,0,0,2026-05,FlashReport_May2026.pdf
1481,619199,,11890,Bangalore Chennai Expressway Phase-II Pkg-I from km.71.000 to Km 96.000 Bethamangala in the state of Karnataka to Byreddypalli,"Multi-States (Andhra Pradesh, Karnataka)",National Highways Authority of India [NHAI],2020-12,2024-10,2022-10,1410.01,1410.01,241.42,98.92,2026-05,FlashReport_May2026.pdf
1482,618681,N24001838,10484,6L Aluru - Jakkuva Section of NH-130CD Road from km 365.033 to km 396.800 Pkg. 1,"Multi-States (Andhra Pradesh, Odisha)",National Highways Authority of India [NHAI],2021-02,2024-03,2026-06,1216.12,1241.66,697.87,99.63,2026-05,FlashReport_May2026.pdf
1483,618477,N24001720,10336,Bangalore Chennai Expressway Phase-III Package I Gudipala to Walajajhpet from Km 156.000 to Km 180.000,"Multi-States (Andhra Pradesh, Tamil Nadu)",National Highways Authority of India [NHAI],2020-10,2024-05,2026-06,1481.87,1481.87,711.06,99.02,2026-05,FlashReport_May2026.pdf
1484,618634,N24001819,10452,6L of Veera Kaveri Raja Puram to Pondavakkam from km 61.380 to km 96.040 of NH 716B Pkg-III,"Multi-States (Andhra Pradesh, Tamil Nadu)",National Highways Authority of India [NHAI],2021-03,2025-01,2026-09,1439.77,1439.77,735,98.89,2026-05,FlashReport_May2026.pdf
1485,618769,,10548,Walajahpet/Ranipet to TN/AP Border Section of from Km.106.800 to Km.133.36 NH-4,"Multi-States (Andhra Pradesh, Tamil Nadu)",National Highways Authority of India [NHAI],2024-12,2027-09,2027-09,1338.14,1214.7,154.67,11.03,2026-05,FlashReport_May2026.pdf
1486,618771,N24001820,10549,6L of Varadharajula to Kumarajapet from km 0.000 to km 43.800 of NH-716B Pkg-I,"Multi-States (Andhra Pradesh, Tamil Nadu)",National Highways Authority of India [NHAI],2021-02,2024-12,2026-04,1924.75,1887.38,947.66,99.19,2026-05,FlashReport_May2026.pdf
1487,618772,N24001988,10550,6L of Kumarajapet to Veera Kaveri Raja Puram from km 43.800 to km 61.380 of NH- 716B Pkg-II,"Multi-States (Andhra Pradesh, Tamil Nadu)",National Highways Authority of India [NHAI],2021-02,2025-10,2026-09,702.52,799.36,370.76,98.42,2026-05,FlashReport_May2026.pdf
1488,619077,,,6 laning of Balance Work of Chennai - Tada from km. 21.40 to km. 54.40,"Multi-States (Andhra Pradesh, Tamil Nadu)",National Highways Authority of India [NHAI],2017-12,2020-03,2026-06,464.62,472.37,183.01,100,2026-05,FlashReport_May2026.pdf
1489,618747,N24001484,10534,Khammam-Devarapalle Pkg III [4L Access Controlled Greenfield from Chintagudem village to Recherla village Design Chainage 63117 to 105236],"Multi-States (Andhra Pradesh, Telangana)",National Highways Authority of India [NHAI],2021-01,2024-09,2026-06,829.5,1227.07,518.87,98.82,2026-05,FlashReport_May2026.pdf
1490,618818,,10585,4L Access Controlled Greenfield Highway section on NH-163G Khammam Vijayawada from Remidicherla village at Design Ch. 280.200 Km to Jakkampudi village on NH-16 at Design Ch. 309.909 Km Package-III,"Multi-States (Andhra Pradesh, Telangana)",National Highways Authority of India [NHAI],2023-03,2027-05,2027-12,1183.23,1225.14,2.01,3,2026-05,FlashReport_May2026.pdf
1491,619143,,11808,4L Access Controlled Greenfield Highway section on NH-163G Khammam Vijayawada from BrahmanapalliK village at Design Ch. 250.400 Km to Remidicherla village at Design Ch. 280.200 KmPackage-II,"Multi-States (Andhra Pradesh, Telangana)",National Highways Authority of India [NHAI],2023-03,2027-03,2027-06,826.01,862.58,103.08,22.58,2026-05,FlashReport_May2026.pdf
1492,619212,,11902,6L Access Controlled Greenfield Highway of Julekal village to Dinnedevarapadu village from Km 242.200 to Km 280.400 Pkg-2,"Multi-States (Andhra Pradesh, Telangana)",National Highways Authority of India [NHAI],2022-01,2025-01,2027-04,1227.57,1315.87,527.81,68.53,2026-05,FlashReport_May2026.pdf
1493,618359,N24002155,10277,Widening/Improvement to 4-Lane with Paved Shoulder from km 55000 Nagabang Gamsuk to km 82514 Oyan in the State of Assam and Arunachal Pradesh on EPC mode under Bharatmala Pariyojna of Length 27.514 Km Package-3,"Multi-States (Arunachal Pradesh, Assam)",NHIDCL,2023-03,2027-03,2027-03,665.47,665.47,305.63,96.7,2026-05,FlashReport_May2026.pdf
1494,618531,N24001703,10382,6L of Aurangabad to Bihar-Jharkhand border Chordaha section from km. 180.000 to km. 209.827 of NH-2 PKG-01,"Multi-States (Bihar, Jharkhand)",National Highways Authority of India [NHAI],2021-02,2026-12,2026-12,1054.46,786.81,110.8,23.69,2026-05,FlashReport_May2026.pdf
1495,618532,N24001700,10383,6L of Aurangabad to Bihar-Jharkhand border Chordaha section from km. 209.827 to Km. 249.525 of NH-19 PKG-02,"Multi-States (Bihar, Jharkhand)",National Highways Authority of India [NHAI],2021-06,2024-03,2026-05,1822.46,738.11,605.5,97.92,2026-05,FlashReport_May2026.pdf
1496,618724,,10519,6L Greenfield Varanasi-Ranchi-Kolkata Highway from Anarbansalea village to Sagrampur village From KM. 151200 to KM. 184700Package-7,"Multi-States (Bihar, Jharkhand)",National Highways Authority of India [NHAI],2023-03,2027-06,2027-06,1719.2,1723.42,127.14,22.31,2026-05,FlashReport_May2026.pdf
1497,618732,,,6L Greenfield Varanasi- Ranchi- Kolkata Highway from Sonepurbigha village to junction with NH- 22 Chatra Bypass near Chatra from km 184.700 to km 222.000Pkg - 8,"Multi-States (Bihar, Jharkhand)",National Highways Authority of India [NHAI],2023-03,2028-05,2028-05,1728.17,1728.17,3.57,0,2026-05,FlashReport_May2026.pdf
1498,618951,N24001589,10687,Hariharganj to Parwa Mode section from km 23.284 to km 57.049 of NH-98,"Multi-States (Bihar, Jharkhand)",National Highways Authority of India [NHAI],2020-09,2024-02,2026-06,1125.78,1186.56,609.94,91.3,2026-05,FlashReport_May2026.pdf
1499,618952,N24000714,10688,4L of Sahibganj - Manihari Ganga Bridge including Manihari Bypass,"Multi-States (Bihar, Jharkhand)",National Highways Authority of India [NHAI],2016-10,2024-10,2026-12,1954.77,1978.01,1862.87,85.96,2026-05,FlashReport_May2026.pdf
1500,619078,N24000726,11767,Six Laning of Bihar - Jharkhand Border Chordaha - Gorhar section of NH-2 from km 249.525 to km 320.810,"Multi-States (Bihar, Jharkhand)",National Highways Authority of India [NHAI],2017-12,2021-11,2026-12,1772.7,1689.17,574.1,78,2026-05,FlashReport_May2026.pdf
1501,619307,,12097,4L of Munger Mirzachauki section from Km 157350 to Km 193931 Pkg-4,"Multi-States (Bihar, Jharkhand)",NHAI,2021-02,2024-08,2026-08,1376.56,1481.58,508.36,91.84,2026-05,FlashReport_May2026.pdf
1502,618530,N24000182,10381,Six Laning of Varanasi to Aurangabad from km. 786.00 to km. 978.40 of Old NH-2,"Multi-States (Bihar, Uttar Pradesh)",National Highways Authority of India [NHAI],2009-02,2014-03,2026-06,3241.56,3241.56,1418.27,99.75,2026-05,FlashReport_May2026.pdf
1503,618728,,10523,6L Greenfield Varanasi-Ranchi-Kolkata Highway from junction with NH-19 & Varanasi Ring Road near Rewasa village to junction with Chandauli-Chainpur road near Khainti village from Km. 0.000 to Km. 27.000 - Pkg-1,"Multi-States (Bihar, Uttar Pradesh)",National Highways Authority of India [NHAI],2023-03,2026-11,2027-05,1433.39,1564.15,400.72,41.88,2026-05,FlashReport_May2026.pdf
1504,618882,,,Construction of additional 3-Lane Bridge over River Ganga for connection between Buxar and Bharauli on NH-922 in the State of Uttar Pradesh and Bihar on Hybrid Annuity Mode,"Multi-States (Bihar, Uttar Pradesh)",National Highways Authority of India [NHAI],2024-03,2028-02,2028-02,531.61,444.92,36.75,17.62,2026-05,FlashReport_May2026.pdf
1505,619154,,11812,Construction of Four Lane Highway from Ghazipur- Ballia-UP/Bihar State Border Greenfield section of NH-31 Package III [from Pindari km 78.150 to Rawalganj Bypass Km 117.120] on EPC Mode in the state of Uttar Pradesh.,"Multi-States (Bihar, Uttar Pradesh)",National Highways Authority of India [NHAI],2022-10,2025-08,2026-10,1493.5,1493.59,576.71,84.5,2026-05,FlashReport_May2026.pdf
1506,618584,,,4L of Kishanganj - Bahadurganj section from Km. 0.000 to Km. 23.649 & interchange at Start Point Length - 1.200 Km of NH-27,"Multi-States (Bihar, West Bengal)",National Highways Authority of India [NHAI],2025-01,2027-12,2027-12,962.84,855.56,99.24,12.42,2026-05,FlashReport_May2026.pdf
1507,618676,N24001669,10479,6L of Dhanara - Hatibena Section from Km 124.611 to km 146.50 of NH-130-CD Package OD-1,"Multi-States (Chhattisgarh, Odisha)",National Highways Authority of India [NHAI],2021-02,2024-03,2026-04,477.76,638.32,297.98,99.95,2026-05,FlashReport_May2026.pdf
1508,619064,N24001786,11759,Vadodara Mumbai Expressway Talsari to Karvad Phase IB - Pkg X [Km 103.400 to Km 128.000],"Multi-States (Dadra & Nagar Haveli and Daman & Diu, Gujarat, Maharashtra)",National Highways Authority of India [NHAI],2020-10,2024-03,2027-12,1909.74,2652.24,672.44,36.23,2026-05,FlashReport_May2026.pdf
1509,618577,,10413,Dwarka Expressway Pkg-III Delhi/HR Border to Start of RoB Gurugram,"Multi-States (Delhi, Haryana)",National Highways Authority of India [NHAI],2018-01,2020-11,2026-06,2228.26,2298.37,999.69,100,2026-05,FlashReport_May2026.pdf
1510,619122,N24001771,11791,Akshardham - DL/UP Border Pkg-01,"Multi-States (Delhi, Uttar Pradesh)",National Highways Authority of India [NHAI],2020-09,2024-12,2026-06,1479.22,1476.75,1351.78,100,2026-05,FlashReport_May2026.pdf
1511,618942,N24001677,,Balance work of 2L PS from Km 30.800 to Km 70.800 and 2L with Rigid Carriageway from Km 70.800 to km 84.120 of Khanapur- KA/GOA Border section of NH-4A,"Multi-States (Goa, Karnataka)",National Highways Authority of India [NHAI],2022-01,2024-05,2027-03,226.76,149.44,110.23,82.45,2026-05,FlashReport_May2026.pdf
1512,618637,N24001804,10455,Bal. Works of Fagne Km. 510.000 to Maharashtra/Gujarat Border Km. 650.794,"Multi-States (Gujarat, Maharashtra)",National Highways Authority of India [NHAI],2019-12,2022-09,2026-12,1654.07,1672.89,1357.11,97.66,2026-05,FlashReport_May2026.pdf
1513,618486,N24001632,10344,Delhi-Amritsar-Katra Expressway Phase-I Pkg-V from Junction with Ambala-Kaithal- Hissar road NH-152 near Kharak Pandwa village to Junction with Patiala-Samana- Patran road SH-10 near Ghagga village Km 120250 to Km 157920,"Multi-States (Haryana, Punjab)",National Highways Authority of India [NHAI],2021-01,2024-05,2026-06,1741.86,2281.02,924.58,98.7,2026-05,FlashReport_May2026.pdf
1514,618760,N24001638,10542,4L Greenfield a Malout bypass from ch. Km 44.500 to ch. Km 35.500 on NH-07 and Ch. Km 0.000 to Km 6.984 on NH-09 bMandi Dabwali Bypass from Ch. 38.450 Km to Km 27.910 Pkg-02,"Multi-States (Haryana, Punjab)",National Highways Authority of India [NHAI],2021-11,2024-07,2026-04,646.42,556.09,549.2,98,2026-05,FlashReport_May2026.pdf
1515,618935,N24002044,10676,4L Ambala - Kalaamb from Km. -0.800 to Km. 33.015 of old NH-72,"Multi-States (Haryana, Punjab)",National Highways Authority of India [NHAI],2022-10,2025-06,2026-05,1183.7,1190.34,452.48,100,2026-05,FlashReport_May2026.pdf
1516,619093,,,4L Ismailabad to Ambala Section of NH-152 Lot-4/Package-1,"Multi-States (Haryana, Punjab)",National Highways Authority of India [NHAI],2023-02,2025-12,2027-02,609.32,454.34,191.74,72.7,2026-05,FlashReport_May2026.pdf
1517,619134,N24002098,11802,6L of Ambala-Chandigarh greenfield section from Km. 0.000 to Km. 25.000 with 4L spur to Lalru from Km. 0.000 to Km. 5.828 & spur to PR-7 road from Km. 0.000 to Km. 11.157,"Multi-States (Haryana, Punjab)",National Highways Authority of India [NHAI],2022-03,2025-10,2026-09,1641.66,1904.79,570.95,84.83,2026-05,FlashReport_May2026.pdf
1518,619216,,11906,6L access Controlled Greenfield Highway from Adhoya Musalmana to Sadopur section of Shamli -Ambala Package-III Design Ch. Form km 84.400 to km 121.786,"Multi-States (Haryana, Punjab)",National Highways Authority of India [NHAI],2022-05,2025-05,2027-02,1491.72,1122.86,721.14,74.98,2026-05,FlashReport_May2026.pdf
1519,618505,N24002058,,Additional Structures on 6LGurgaon-Jaipur Section of NH-48 between KM 42.700 to KM 273.00,"Multi-States (Haryana, Rajasthan)",National Highways Authority of India [NHAI],2022-08,2024-06,2026-07,409.64,290.64,198.94,88.9,2026-05,FlashReport_May2026.pdf
1520,618691,,10492,4 laning of Aligarh-Palwal Section from Km. 46.390 Design Chainage to Km. 69.110 Terminating at junction EPE Package-II from Kurana- Eastern Peripheral Expressway of NH-334D,"Multi-States (Haryana, Uttar Pradesh)",National Highways Authority of India [NHAI],2024-03,2027-08,2027-08,939.17,903.94,182.25,10.95,2026-05,FlashReport_May2026.pdf
1521,618723,N24002040,10518,6L access Controlled Greenfield Highway from Ranipur Barsi to Adhoya Musalmana section of Shamli -Ambala Package-II Design Ch. Form km 45.500 to km 84.400,"Multi-States (Haryana, Uttar Pradesh)",National Highways Authority of India [NHAI],2022-06,2025-05,2026-12,1554.21,1241.89,801.92,78.5,2026-05,FlashReport_May2026.pdf
1522,619068,N24002048,11762,Construction of Greenfield Connectivity to Jewar International Airport from DND- Faridabad-Ballabhgarh Bypass KMP Link - Spur to Delhi Mumbai Expressway,"Multi-States (Haryana, Uttar Pradesh)",National Highways Authority of India [NHAI],2022-07,2025-06,2027-04,2920.69,3485.77,1089.34,69.77,2026-05,FlashReport_May2026.pdf
1523,618907,,,2L/4L of Hoshiarpur to Una section including Hoshiarpur Bypass of NH 503A,"Multi-States (Himachal Pradesh, Punjab)",National Highways Authority of India [NHAI],2023-03,2027-05,2027-05,571.34,481.88,66.37,25.73,2026-05,FlashReport_May2026.pdf
1524,619291,,12092,4L Poanta SahebMednipur from Km. 435.65 to km. 458.65 of NH-07Pkg-1,"Multi-States (Himachal Pradesh, Uttarakhand)",NHAI,2022-03,2025-05,2026-07,524.54,657.32,254.27,94.25,2026-05,FlashReport_May2026.pdf
1525,619066,N24001551,11761,Delhi-Amritsar-Katra Expressway Phase-II Pkg-XIV from Junction with Pathankot- Gurdaspur road NH-54 near Balsua to Junction with Hiranagar Road near village Gurha Baildaran km 423500 to km 468100,"Multi-States (Jammu and Kashmir, Punjab)",National Highways Authority of India [NHAI],2021-10,2024-09,2026-10,3044.02,3707.91,1551.47,83.6,2026-05,FlashReport_May2026.pdf
1526,618828,N24002053,10592,4L from Km 219.600 Khajuri to Km 260.483 Wyndhamganj on NH-75 Sec-V,"Multi-States (Jharkhand, Uttar Pradesh)",National Highways Authority of India [NHAI],2022-03,2025-09,2026-05,1436.49,1465.55,830.18,92.02,2026-05,FlashReport_May2026.pdf
1527,618533,N24000515,10384,Barwa Adda Km. 398.240 to Panagarh Km. 521.120,"Multi-States (Jharkhand, West Bengal)",National Highways Authority of India [NHAI],2010-08,2016-09,2026-08,1560.39,1568.22,91.5,100,2026-05,FlashReport_May2026.pdf
1528,618734,,10524,6L Greenfield Varanasi- Ranchi- Kolkata Highway from junction with NH-320 in Lepo village to Kamlapur villageJH/WB border from km 358.500 to km 387.200 Pkg -13,"Multi-States (Jharkhand, West Bengal)",National Highways Authority of India [NHAI],2023-03,2027-09,2027-09,1154.49,1319.18,138.04,20.43,2026-05,FlashReport_May2026.pdf
1529,618909,N24000788,10656,2L PS of JH / WB Border km. 70.524 - Purulia km.84.400 & Purulia km. 94.30 - Chandil Junction with NH-33 km. 153.705 of Old NH-32,"Multi-States (Jharkhand, West Bengal)",National Highways Authority of India [NHAI],2018-03,2022-08,2026-10,1652.4,1771.88,749.49,97.4,2026-05,FlashReport_May2026.pdf
1530,618948,,,4L of NH-80 section of Mirza Chauki to Farakka section from existing km 190.00 to design km 200.75 junction at km 3.100 of NH 133 B and from existing km 260.00 to existing km 283.00 design km 274.133 in the state of Jharkhand package - II,"Multi-States (Jharkhand, West Bengal)",National Highways Authority of India [NHAI],2025-02,2028-01,2028-01,782.18,782.18,44.31,4.44,2026-05,FlashReport_May2026.pdf
1531,619104,,,4L/2L PS of Govindpur Raiganj - Chas - WB border section of from km. 0.00 to km. 56.889 of Old NH-32,"Multi-States (Jharkhand, West Bengal)",National Highways Authority of India [NHAI],2016-03,2019-12,,1139.65,1154.8,6.64,99.84,2026-05,FlashReport_May2026.pdf
1532,619205,,11895,Six Laning of KT/KL Border Thalapaddy -Chengala from Km. 17.200 to Km. 57.20,"Multi-States (Karnataka, Kerala)",National Highways Authority of India [NHAI],2020-05,2024-05,2026-06,1981.07,2681.48,1060.64,100,2026-05,FlashReport_May2026.pdf
1533,618515,N24001679,10369,6L from Belgaum to Sankeshwar Bypass from Km. 515.000 to Km. 555.017 of NH-48 Pkg-I,"Multi-States (Karnataka, Maharashtra)",National Highways Authority of India [NHAI],2021-11,2025-04,2026-06,1479.3,1237.04,1178.31,100,2026-05,FlashReport_May2026.pdf
1534,618516,N24001598,10370,6L from Sankeshwar Bypass to MH-KNT Border from Km. 555.017 to Km. 592.853 of NH-48 Pkg-II,"Multi-States (Karnataka, Maharashtra)",National Highways Authority of India [NHAI],2022-01,2025-04,2026-11,1388.7,1066.86,1153.03,84.3,2026-05,FlashReport_May2026.pdf
1535,618636,,10454,Akkalkot MH/KN border New Greenfield corridor from Km 512.000 to Km 548.400 of NH-150C part of Akkalkot KN/TS Border section Package XIV,"Multi-States (Karnataka, Maharashtra)",National Highways Authority of India [NHAI],2023-03,2026-10,2027-06,1370.75,1403.49,275.78,49.35,2026-05,FlashReport_May2026.pdf
1536,618519,N24001968,10373,Bangalore Ring Road STRR-NH-948A- Package-I of Phase-III from Belagondapalli TN to TN/KNT border from km 144.480 to 179.969,"Multi-States (Karnataka, Tamil Nadu)",National Highways Authority of India [NHAI],2022-03,2025-05,2026-12,1260.74,1218.47,656.08,88.75,2026-05,FlashReport_May2026.pdf
1537,618581,N24001693,10417,Hosur to Dhamrapuri Pkg-1 [Neraluru - Thorapalli Agraharam],"Multi-States (Karnataka, Tamil Nadu)",National Highways Authority of India [NHAI],2021-10,2024-10,2026-07,1757.27,1828.66,927.75,78.7,2026-05,FlashReport_May2026.pdf
1538,618631,,10450,6L of MH/KN Border Nimbal Village to KN/TS Border Singnodi Village from Km. 162.5 to Km. 203.100 in Raichur of NH-150C Pkg-IV,"Multi-States (Karnataka, Telangana)",National Highways Authority of India [NHAI],2022-03,2025-05,2026-06,1499.73,1457.48,829.48,99.51,2026-05,FlashReport_May2026.pdf
1539,618632,N24001626,10451,6L Access Controlled Greenfield Highway of Nandinne village to Julekal village from Km 202.900 to Km 242.200 Pkg-1,"Multi-States (Karnataka, Telangana)",National Highways Authority of India [NHAI],2022-02,2025-01,2026-08,972.06,1044.06,443.31,91.47,2026-05,FlashReport_May2026.pdf
1540,619097,,11775,Thalassery Mahe Bypass Km 170.600 to Km 189.200 of NH-17New NH-66 in Kerala,"Multi-States (Kerala, Puducherry)",National Highways Authority of India [NHAI],2017-09,2020-05,2026-06,1181.12,1573.18,710.24,100,2026-05,FlashReport_May2026.pdf
1541,619101,,11779,4L Shahpur to Muktainagar from Km. 186.000 to km 216.278 of NH 753L Pkg II of Boregaon Buzurg to Muktainagar,"Multi-States (Madhya Pradesh, Maharashtra)",National Highways Authority of India [NHAI],2022-12,2026-03,2026-10,784.35,659.52,329.11,64,2026-05,FlashReport_May2026.pdf
1542,618556,,10402,"Construction of 26 VUPs, Major Bridge, Service Road etc. on Lalitpur-Sagar- Lakhnadon section of NH-44 NS","Multi-States (Madhya Pradesh, Uttar Pradesh)",National Highways Authority of India [NHAI],2023-02,2026-03,2026-06,665.91,665.91,533.07,96.25,2026-05,FlashReport_May2026.pdf
1543,618668,,10473,4L of Chowka to Kaimaha near MP/UP Border section NH-34 from D. Ch. 145.000 to D. Ch. 197.266 excluding existing Chhatarpur bypass from D. Ch. 160.307 to D. Ch. 168.630 Package-4,"Multi-States (Madhya Pradesh, Uttar Pradesh)",National Highways Authority of India [NHAI],2024-10,2027-09,2027-09,996.5,846.68,137.19,33.27,2026-05,FlashReport_May2026.pdf
1544,618624,,10448,Mangloor to Telangana Maharashtra Border,"Multi-States (Maharashtra, Telangana)",National Highways Authority of India [NHAI],2018-03,2021-04,2021-03,1082.65,1323.12,180.13,96.02,2026-05,FlashReport_May2026.pdf
1545,618938,N24001796,10679,4L of Rajura-Korpana-Adilabad Road upto M.S. Border from km 32.910 to km 89.090 of NH-353B,"Multi-States (Maharashtra, Telangana)",National Highways Authority of India [NHAI],2022-03,2024-10,2026-05,1013.33,1274.63,630.06,100,2026-05,FlashReport_May2026.pdf
1546,618941,,10680,4L of Bamni - Rajura - Warur - Devada upto M.S. Border of NH - 930D from km 19.000 to km 51.985,"Multi-States (Maharashtra, Telangana)",National Highways Authority of India [NHAI],2022-03,2026-03,2026-12,968.05,1187.19,600.11,70.02,2026-05,FlashReport_May2026.pdf
1547,618844,,10603,Viluppuram Km.0.000 to Puducherry Km.29.000,"Multi-States (Puducherry, Tamil Nadu)",National Highways Authority of India [NHAI],2018-03,2023-11,2026-06,1358.31,1162.44,524.89,98.32,2026-05,FlashReport_May2026.pdf
1548,618845,N24001429,10604,Puducherry Km.29.000 to Poondiyankuppam Km.67.000,"Multi-States (Puducherry, Tamil Nadu)",National Highways Authority of India [NHAI],2018-03,2023-11,2026-06,1588.4,1415.9,448.72,98.75,2026-05,FlashReport_May2026.pdf
1549,618847,N24001431,10606,Sattanathapuram to Nagapattinam from Km 123.800 to Km 179.555,"Multi-States (Puducherry, Tamil Nadu)",National Highways Authority of India [NHAI],2018-03,2022-10,2026-12,2899.77,2899.77,1206.31,84.2,2026-05,FlashReport_May2026.pdf
1550,618755,,,4L of left out existing road section from Lalgopalganj Km 161.450 to Nawabganj Km 180.200 in Prayagraj,"Multi-States (Rajasthan, Uttar Pradesh)",National Highways Authority of India [NHAI],2024-03,2026-03,2026-06,159.53,100.74,72.44,100,2026-05,FlashReport_May2026.pdf
1551,618711,N24001629,10506,6L with access control provision Saharanpur bypass to Ganeshpur section from 13.89 Km to 41.820 Km of Delhi- Dehradun Economic Corridor package-2,"Multi-States (Uttar Pradesh, Uttarakhand)",National Highways Authority of India [NHAI],2022-04,2024-11,2026-06,796.65,560.03,502.83,99.29,2026-05,FlashReport_May2026.pdf
1552,618783,,10558,4-laning of Pilibhit - Sitarganj from Km. 32.500 to Km. 70.800 Pkg-2 of NH-30,"Multi-States (Uttar Pradesh, Uttarakhand)",National Highways Authority of India [NHAI],2023-01,2026-03,2027-10,1471.19,1471.19,438.75,40,2026-05,FlashReport_May2026.pdf
1553,618886,,,Road Safety Improvement of Critical Junctions on MuzaffarnagarHaridwar Section of NH-334 from Km 143000 to Km 196000,"Multi-States (Uttar Pradesh, Uttarakhand)",National Highways Authority of India [NHAI],2025-04,2027-10,2027-10,238.66,0.1,20.2,16.4,2026-05,FlashReport_May2026.pdf
1554,618912,,10659,Construction of Rudrapur Bypass Section from Km. 0.000 to 20.640 in the state of Uttar Pradesh & Uttarakhand,"Multi-States (Uttar Pradesh, Uttarakhand)",National Highways Authority of India [NHAI],2023-03,2026-01,2026-05,1051.73,1117.17,665.1,99.1,2026-05,FlashReport_May2026.pdf
1555,618928,N24002093,10672,"Improvement & Up-gradation of NH-734 Section of Moradabad-Thakurdwara Kashipur including Moradabad & Kashipur Bypasse Package-III Kashipur Bypass Length 14.490 Km., Starts from Ch. 38770 and ends at Ch. 53260 existing Ch. 05560","Multi-States (Uttar Pradesh, Uttarakhand)",National Highways Authority of India [NHAI],2023-02,2025-09,2027-03,936.12,717.5,348.8,50.11,2026-05,FlashReport_May2026.pdf
1556,618969,N24001628,10699,4/6L of Spur to Haridwar Greenfield from Km. 0.000 to Km. 50.70,"Multi-States (Uttar Pradesh, Uttarakhand)",National Highways Authority of India [NHAI],2021-11,2025-02,2026-09,2155.95,2612.3,1482.54,91.6,2026-05,FlashReport_May2026.pdf
1557,619217,,,4L of Haridwar-Nagina section from km. 0.00 to km. 71.614 of NH-74,"Multi-States (Uttar Pradesh, Uttarakhand)",National Highways Authority of India [NHAI],2015-12,2020-07,2026-06,1659.12,1622.49,842.68,97.64,2026-05,FlashReport_May2026.pdf
1558,617886,N24001465,,Widening of existing Single lane / Intermediate lane road to 2 lane from Km 101 to Km 125 of NH 61,Nagaland,MoRTH,2020-06,2026-06,2026-12,252.2,252.2,0,44.46,2026-05,FlashReport_May2026.pdf
1559,618002,N24001418,,Widening of existing single lane to intermediate lane road from Mokokchung to Chare via Dikhu in the state of Nagaland on EPC mode,Nagaland,MoRTH,2021-02,2025-06,,192.93,192.93,99.65,0,2026-05,FlashReport_May2026.pdf
1560,618072,N24001466,,Widening to Existing single lane /intermediate lane to 2 lane from Km185.00 to Km 220.00 of NH-61 New NH-02 in the state of Nagaland.,Nagaland,MoRTH,2021-03,2024-07,2026-03,297.25,297.25,149.19,100,2026-05,FlashReport_May2026.pdf
1561,618290,N24001258,,"Construction of 2-lane with Paved shoulder of Kohima- Bypass Road Connecting NH- 39New NH-02, NH-150New NH-02, NH-61New NH-29, NH-39New NH-02 from Design Km 32.00 to Design Km 43.454Design Length-11.454 Km in the State of Nagaland under SARDP-NE on EPC Mode Package-IV",Nagaland,NHIDCL,2020-07,2022-04,2026-12,202.36,202.36,94.2,45.55,2026-05,FlashReport_May2026.pdf
1562,618291,N24001257,,"Construction of 2-lane with Paved shoulder of Kohima-Bypass Road connecting NH- 39 New NH-02, NH150New NH-02, NH7-61 New NH-29 and NH-39 New NH-02 from Design km 21.000 to km 32.268 [Design length11.268 km] in the state of Nagaland Under SARDP-NE on EPC Mode Package- 3",Nagaland,NHIDCL,2020-07,2025-06,2026-12,159.85,342.29,84.66,37.38,2026-05,FlashReport_May2026.pdf
1563,618292,N24001255,,Construction of 2-Lane with paved shoulder of Kohima-Bypass Road connecting New NH-02 and New NH-29 from Design Km 10.500 to design Km 21.000 [Design Length- 10.500 km] including TUNNEL of 500m at Ch. 11.000 in the state of Nagaland Under SARDP-NE on EPC Mode Package-2,Nagaland,NHIDCL,2020-07,2022-10,2026-06,277.44,277.44,192.83,69.82,2026-05,FlashReport_May2026.pdf
1564,618293,N24001288,,"Construction of 2-Lane with paved shoulder of Kohima-Bypass Road connecting NH- 39New NH-02, NH-150New NH-02, NH-61New NH-29 and NH-39New NH-02 from design Km 0.00 to Km 10.500 in the State of Nagaland under SARDP-NE on EPC Mode Package-1 -Balance work",Nagaland,NHIDCL,2020-07,2026-11,2026-11,232.29,350.88,16.22,25.61,2026-05,FlashReport_May2026.pdf
1565,618296,N24001287,,Balance work of Construction of 2-lane with hard shoulder of Kohima - Jessami road on NH-29 old NH-150 from existing km 98.380 near Chizami vill. to km120.367 Nagaland/Manipur Border [Design km 95.700 to design km 117.200] [Design Length 21.500 km] in the state of Nagaland Under Bharatmala Pariyojna on EPC Mode Package-V under NHO,Nagaland,NHIDCL,2020-03,2025-11,2026-06,330.8,330.8,0,93.04,2026-05,FlashReport_May2026.pdf
1566,618297,N24001282,,Construction of 2-lane with hard shoulder of Kohima - Jessami road on NH-29 Old NH- 150 from existing Km 30.474 Near Kidwema road Chakahabama to existing Km 53.220 Near Kikruma Village Design Km 29.60 to Km 51.50 Design length-21.90 Km in the state of Nagaland Under Bharatmala Pariyojna on EPC Mode under NHO Package-II -Balance work,Nagaland,NHIDCL,2020-03,2026-01,2026-12,355.79,355.79,0,43.13,2026-05,FlashReport_May2026.pdf
1567,618328,N24001278,10263,4-Laning of Balance work of Dimapur-Kohima Road from design km 152.490 to km 166.700 Existing km 156.000 to km 172.900 Excluding Dimapur & Kohima Bypass under SARDP-NE Package-III,Nagaland,NHIDCL,2016-03,2025-09,,562.98,794.75,119.71,82.59,2026-05,FlashReport_May2026.pdf
1568,618329,N24001281,10264,Construction of 4/6 Laning from Km 132.375 to Km 153.058 Total New Alignment length of 20.683 Km of Daboka-Dimapur Section Dimapur Bypass Nagaland Portion of NH-36 & 39 in the State of Nagaland on EPC basis under PhaseA of SARDP-NE,Nagaland,NHIDCL,2017-02,2020-09,2023-02,819.39,819.39,0,0,2026-05,FlashReport_May2026.pdf
1569,618364,N24001976,,"Widening to 2 Lane with Hard shoulder of Akegwo-Avangkhu section of NH-202K for Package-I Design Chainage 0000 Km to 34795 Km, in the State of Nagaland on EPC mode under NH O-NE",Nagaland,NHIDCL,2022-12,2026-02,2026-02,430.24,430.24,0,87,2026-05,FlashReport_May2026.pdf
1570,618365,N24001978,,Widening to 2 Lane with Hard shoulder of Akegwo-Avangkhu section of NH-202K for Package-III Design Chainage 69875 Km to 106816 Km in the State of Nagaland on EPC mode under NHO-NE,Nagaland,NHIDCL,2022-12,2026-02,2026-02,497.18,497.18,0,85.67,2026-05,FlashReport_May2026.pdf
1571,618366,N24001977,,Widening to 2 Lane with Hard shoulder of Akegwo-Avangkhu section of NH-202K for Package-II Design Chainage 34795 Km to 69875 Km in the State of Nagaland on EPC mode under NHO-NE,Nagaland,NHIDCL,2022-12,2026-02,2026-02,442.54,442.54,0,58.5,2026-05,FlashReport_May2026.pdf
1572,618413,N24001912,,Construction of 2 laning with Hard shoulder of Peren-Dimapur section on NH 129A from Design Km 146.208 to Km 163.592 Length- 17.384 km in the state of Nagaland on EPC mode under NHO-TSP Package-III,Nagaland,NHIDCL,2021-02,2025-06,2026-06,177.77,199.02,0,93.37,2026-05,FlashReport_May2026.pdf
1573,618414,N24001406,,Construction of Balance work for 2-lane with hard shoulder of Peren- Dimapur section on NH-129A from Design Km 126.775 to Km 146.208 Length 19.433 Km in the state of Nagaland on EPC mode under NHO-TSP Package-II,Nagaland,NHIDCL,2021-01,2025-09,2025-09,258.52,258.52,65.15,96.53,2026-05,FlashReport_May2026.pdf
1574,618422,N24001438,,"Construction of 2-lane with hard shoulders of Merangkong-Tamlu-Mon road Wakching Twon portion on EPC basis from existing Chainage Km 59000 to Km 73640 [Design Km. 59000 to Km, 72450] Design length - 13.450 Km under SARDP-NE package-V Balance work",Nagaland,NHIDCL,2021-03,2025-09,2026-04,161.73,161.73,14.12,99.5,2026-05,FlashReport_May2026.pdf
1575,618423,N24000763,,Construction of 2-Lane with hard shoulders of Merangkong-Tamlu-Mon MTM Road from existing Km 20.456 to Km 41.065 Design Km. 20 to Km. 40.0 Design Length- 20.000 Km in the State of Nagaland under SARDP-NE Phase-A Pkg-2 Balance work,Nagaland,NHIDCL,2018-03,2025-08,2026-03,215.79,215.79,28.71,100,2026-05,FlashReport_May2026.pdf
1576,619059,N24000765,,Construction of 2-Lane with hard shoulders of Merangkong-Tamlu-Mon Road on EPC Basis from existing road Km. 76.640 to Km 98.065 Design chainage Km. 63.800 to Km. 86.835 Design Length-23.035 Km in the state of Nagaland under SARDP-NE PKG-IV Balance work,Nagaland,NHIDCL,2018-03,2025-09,2026-12,323.98,323.98,70.48,75.05,2026-05,FlashReport_May2026.pdf
1577,617898,,,New construction of Major Bridge with Approaches from Km 0.000 to 1.200 Madhopur -Badabanta section of NH-20 under NHO in Annual Plan 2022-23 in the State of Odisha,Odisha,MoRTH,2023-03,2027-10,2027-10,199.5,199.5,0.1,0,2026-05,FlashReport_May2026.pdf
1578,617899,N24002136,10133,Widening and Strengthening to 4LPS/2LPS from km 0.000 to 35.800 Kuakhia - Mangalpur section of NH 20 in the state of Odisha on Annual Plan 2021-22,Odisha,MoRTH,2022-03,2026-02,2026-11,636.1,636.1,292.86,56.11,2026-05,FlashReport_May2026.pdf
1579,617902,,,construction or By-pass road on NH-26 for Nabrangpur Town,Odisha,MoRTH,2023-03,2026-12,2026-12,168.95,168.95,7.96,35,2026-05,FlashReport_May2026.pdf
1580,617904,N24001862,,Construction of Bypass road to Balangir town from km 72/400 Desing km 0/0 to km 79/800 Design km 11/670 of NH-26 in the State of Odisha.,Odisha,MoRTH,2022-02,2025-10,2026-07,238.78,238.78,6.09,55,2026-05,FlashReport_May2026.pdf
1581,617905,N24001865,,Construction of 4 lane ROB with approaches in lieu of LC No. RV-172 at km 176.00 of NH-201 present NH-26 at Kesinga including land acquisition in the state of Odisha on EPC mode under Annual Plan 2021-22,Odisha,MoRTH,2021-12,2025-05,2026-10,324.09,324.09,84.57,70.09,2026-05,FlashReport_May2026.pdf
1582,617920,,10138,Widening and Strengthening to 2LPS including LA from km 318.970 to 353.450 Balikuda-Mulkani Section of NH-55 under NHO in Annual Plan 2022-23 in the State of Odisha. Job No. NH-55-OD-2022-23-656,Odisha,MoRTH,2022-01,2027-06,2027-06,511.54,511.54,0,3,2026-05,FlashReport_May2026.pdf
1583,617921,N24001858,,Widening and strengthening to 2LPS including LA of Kandarpur-Balikuda from km 277/500 to 318/970 of NH-55 in the State of Odisha under Annual Plan 2021-22.,Odisha,MoRTH,2022-03,2025-06,2026-11,499.79,499.79,129.74,60.65,2026-05,FlashReport_May2026.pdf
1584,617922,,10139,Construction of Jharsuguda Bypass including Land acqusition on NH-49 from km 258.636 to km 283.300 design chainage 258.636 to km 289.876 under NHO in Annual Plan 2022-23 for the state of Odisha Job No.NH-49-OD-2022-23-655,Odisha,MoRTH,2021-09,2027-07,2027-07,587.1,587.1,52.48,23,2026-05,FlashReport_May2026.pdf
1585,617923,,,Construction of Daspalla Bypass from km 195.250 To 200.635 of NH-57 including land acquisition in the state of Odisha on EPC mode under Annual Plan 2022-23.,Odisha,MoRTH,2023-02,2027-05,2027-05,155.97,155.97,44.71,25,2026-05,FlashReport_May2026.pdf
1586,617924,N24001860,,Construction of bypass to Nayagarh town from km 235.469 to 252.482 of NH-57 including land acquisition in the state of Odisha.,Odisha,MoRTH,2022-01,2025-04,2026-03,300.33,300.33,82.33,100,2026-05,FlashReport_May2026.pdf
1587,617925,N24001861,,Construction of Bypass to Khordha town from Km 294/000 to 300/300 on NH-57 including LA in the State of Odisha on EPC mode.,Odisha,MoRTH,2022-02,2024-11,2026-06,157.49,157.49,33.61,82,2026-05,FlashReport_May2026.pdf
1588,617930,N24001859,,Construction of Bypass on NH-59 from Km 336/350 to 349/910 13.56 km near Berhampur town including 4-lane RoB in the state of Odisha.,Odisha,MoRTH,2021-03,2025-12,2026-06,196.94,196.94,51.17,75,2026-05,FlashReport_May2026.pdf
1589,618003,N24001419,,Construction of four lane ROB and its approaches in lieu of existing Level Crossing No. RV-71 at km 435 on NH-217 New NH-353 at Khariar including land acquisition under NHO in Annual Plan 2021-22 for the state of Odisha for F.Y. 2021-22 to F.Y 2033-34,Odisha,MoRTH,2021-11,2024-12,2026-06,154.49,154.49,22.32,72,2026-05,FlashReport_May2026.pdf
1590,618012,N24002135,,"Widening & strengthenlng to 2LPS from km 0,000 to 40.000 Dhaugaon- Podamari section of NH 326 in the State of Odisha under Annual Plan 2021.22.",Odisha,MoRTH,2022-03,2026-02,2026-06,186.52,186.52,42.93,60,2026-05,FlashReport_May2026.pdf
1591,618079,,,Construction of Dharmagarh Bypass on NH-130C including land acquisition in the state of Odisha on EPC Mode under Annual plan 2022-23.,Odisha,MoRTH,2023-03,2026-10,2026-10,172.66,172.66,0,15,2026-05,FlashReport_May2026.pdf
1592,618122,,,Widening to 2 lane with paved shoulded of Jareikela Jharkhand/Odisha Border - Dhabaleswar section from 0/0 to 36/0 of NH-320D in the State of Odisha under Annual Plan 2021-22.,Odisha,MoRTH,2022-03,2026-10,2026-10,172.09,172.09,0,32,2026-05,FlashReport_May2026.pdf
1593,618523,N24000738,10376,Bhadrak KM 136.500 to Baleshwar KM 199.141,Odisha,National Highways Authority of India [NHAI],2014-11,2021-09,2026-11,844.67,1394.82,586.54,91.32,2026-05,FlashReport_May2026.pdf
1594,618591,,,"Construction of 6-lane flyover at Ainthapali junction and a 2-lane ROB LHS on NH-53 Earlier NH-6 in Sambalpur, on EPC mode in Odisha under NHO",Odisha,National Highways Authority of India [NHAI],2024-03,2026-12,2026-12,374.17,211.74,103.78,50.87,2026-05,FlashReport_May2026.pdf
1595,618592,,,"Balance work of 8 nos. of Elephant Underpasses EUPs, 1 no. of Vehicular Underpass VUP, 1 nos. of Light Vehicular Underpass LVUP, 1 nos. of Pedestrian Underpass PUP, 1 nos. of Foot Over Bridge FOB and A2 side approach of Jharpokharia Flyover at Km.215.270 in Baharagora-Singhara section of NH-49",Odisha,National Highways Authority of India [NHAI],2023-09,2026-05,2027-10,320.64,244.85,48.6,22.85,2026-05,FlashReport_May2026.pdf
1596,618593,,,Balance work of Rehabilitation and Upgradation to four laning of Baharagora Singhara section of NH-49 from Km.229.727 to Km.238.990 Length 9.263 Km. including construction of five nos. of Elephant Underpasses EUP and fourteen nos. of Animal Underpasses AUP inside the buffer zone of Similipal Tiger Reserve Area in Bangriposi Ghat section in the State of Odisha on EPC Mode,Odisha,National Highways Authority of India [NHAI],2025-03,2027-11,2027-11,263.32,163.07,9.17,9.8,2026-05,FlashReport_May2026.pdf
1597,618677,N24001667,10480,6L Greenfield Kaliagura Baunsaguar Section of NH-130-CD Road from km 249000 to km 293000 Package OD-5,Odisha,National Highways Authority of India [NHAI],2021-09,2024-05,2026-11,1539.75,1918.49,978.89,95.59,2026-05,FlashReport_May2026.pdf
1598,618678,N24001678,10481,6L Greenfield Baunsaguar - Baraja Section of NH-130-CD Road from km 293000 to km 338500 Package OD-6,Odisha,National Highways Authority of India [NHAI],2021-08,2024-05,2026-06,1265.59,1635.44,869.4,99.04,2026-05,FlashReport_May2026.pdf
1599,618680,N24001665,10483,6L Greenfield Kandili - Aluru Section of NH-130-CD Road from km 342500 to km 365033 Package-OD-8,Odisha,National Highways Authority of India [NHAI],2021-12,2024-10,2026-06,1492.74,1912.84,1050.21,99.9,2026-05,FlashReport_May2026.pdf
1600,618704,,,6L Flyover including RE Wall approaches with Flexible Pavement in the Elephant Corridor of Angul Sambalpur Section of NH-42 New NH-55 Km.202.533,Odisha,National Highways Authority of India [NHAI],2023-09,2027-01,2026-06,150.86,106.32,106.16,99.99,2026-05,FlashReport_May2026.pdf
1601,618705,,12085,"4L Godibandha to Ballhar Chhak, Ballhar Chhak to Banarpal & Banarpal to Start of Angul bypass at Km.314.130 to Km.321.035 of NH53, at Km.75.200 to Km.84.000 of NH149 & at Km.84.000 to Km.86.100 of NH55",Odisha,National Highways Authority of India [NHAI],2024-12,2028-02,2028-02,973.12,973.12,165.17,2,2026-05,FlashReport_May2026.pdf
1602,618819,N24001647,,Balance work of Panikoili Rimoli Section of new NH-20 from Km 0.00 to Km. 163.000,Odisha,National Highways Authority of India [NHAI],2020-09,2022-03,2022-07,183.03,200.79,89.36,99,2026-05,FlashReport_May2026.pdf
1603,618820,N24002079,10586,Rehabilitation and Up gradation from 4 to 8 laning of Chandikhole Paradip Section of NH-53 Old NH 5A from Km.39.000 to Km.60.00 Package-3,Odisha,National Highways Authority of India [NHAI],2023-03,2025-12,2027-02,861.84,938.55,390.01,91,2026-05,FlashReport_May2026.pdf
1604,618821,N24002080,10587,Rehabilitation and Up gradation from 4 to 8 laning of Chandikhole Paradip Section of NH-53 Old NH 5A from Km 18.00 to Km 39.00 in the State of Odisha on HAM mode Package-2,Odisha,National Highways Authority of India [NHAI],2023-03,2025-12,2026-08,920.47,950.4,421.58,91,2026-05,FlashReport_May2026.pdf
1605,618822,,10588,Rehabilitation and Up gradation from 4 to 8 laning of Chandikhole Paradip Section of NH-53 Old NH 5A from Km.0.00 to Km.18.00Package-1,Odisha,National Highways Authority of India [NHAI],2023-03,2025-12,2026-08,929.91,869.45,365.06,92.3,2026-05,FlashReport_May2026.pdf
1606,618908,N24002081,,3L Major Bridge over River Brahmani at Km. 401.250 Duburi - Chandikhole Section of NH-200 New NH -53,Odisha,National Highways Authority of India [NHAI],2022-04,2025-01,2027-09,153.61,103.68,73.59,38,2026-05,FlashReport_May2026.pdf
1607,618913,N24000739,10660,4-L of Rajamunda to Barkote Section of NH-23 from km. 287.200 to km. 337.185,Odisha,National Highways Authority of India [NHAI],2017-10,2021-06,2024-12,609.63,630.97,114.77,96.52,2026-05,FlashReport_May2026.pdf
1608,619075,,,6L of Bhubaneswar - Jagatpur - Chandikhole Section of NH-16,Odisha,National Highways Authority of India [NHAI],2009-01,2014-06,2026-05,639.3,632.89,52.23,97.48,2026-05,FlashReport_May2026.pdf
1609,619109,N24001668,11784,6L of Badakumari - Karki Section from Km 179.000 to km 226.500 of NH-130-CD Package OD-3,Odisha,National Highways Authority of India [NHAI],2021-03,2024-04,2026-07,1101.76,1374.43,641.61,99.7,2026-05,FlashReport_May2026.pdf
1610,619118,N24000619,,Four Laning of Angul to Sambalpur from Km.112.000 to Km.265.000,Odisha,National Highways Authority of India [NHAI],2016-09,2019-08,2026-06,2510.04,2632.91,1199.04,99.98,2026-05,FlashReport_May2026.pdf
1611,619119,N24000715,11789,Cuttack-Angul Section of NH-42 New NH-55 from km 0.400 to km 60.200 Pkg-I in the State of Odisha,Odisha,National Highways Authority of India [NHAI],2017-10,2020-07,2026-09,999.32,1178.31,513.53,99,2026-05,FlashReport_May2026.pdf
1612,619157,N24000734,11814,4 Laning of Talcher to end of Kamakhyanagar Bypass km 8.844 - km 15.725 of NH- 149 and km 301.875 - km 335.946 of NH-53 Pkg-I,Odisha,National Highways Authority of India [NHAI],2018-01,2021-08,2026-10,795.18,810.71,403.24,99,2026-05,FlashReport_May2026.pdf
1613,619158,N24000733,11815,4 Laning of Duburi Chandikhole from km 388.376 to km 428.074 Pkg-III,Odisha,National Highways Authority of India [NHAI],2018-01,2022-08,2026-10,789,907.61,572.17,86,2026-05,FlashReport_May2026.pdf
1614,619181,,11884,Rehabilitation and Up gradation from 4 to 8 laning of Chandikhole Paradip Section of NH-53 Old NH 5A from Km.60.000 to Km.76.646 Package-4,Odisha,National Highways Authority of India [NHAI],2023-03,2026-10,2027-10,882.45,1009.92,183.2,32,2026-05,FlashReport_May2026.pdf
1615,619213,,11903,6L of Hatibena - Badakumari Section from Km 146.50 to km 179.00 of NH-130-CD Package OD-2,Odisha,National Highways Authority of India [NHAI],2021-02,2024-03,2026-06,791.17,1070.63,727.42,99.95,2026-05,FlashReport_May2026.pdf
1616,619215,,11905,Cuttack-Angul Section of NH-42 New NH-55 from Km.60.200 to Km. 112.000 Pkg-II in the State of Odisha,Odisha,National Highways Authority of India [NHAI],2017-10,2020-09,2026-09,991.41,1168.82,500.25,99.66,2026-05,FlashReport_May2026.pdf
1617,618010,,10163,Development to 4-lane with paved shoulder for the road section Talwandi Sabo- Raman road to refinery Road junction with Bathinda Dabwali Road of NH-254 from existing Km 131.600 to Km 155.650 Design Km 131600 to km 155600 in the State of Punjab. Job No NH-254-PB-2022-23-565,Punjab,MoRTH,2023-03,2026-11,2026-11,546.67,546.67,0,45,2026-05,FlashReport_May2026.pdf
1618,618023,N24001961,,Work of Widening/upgradation of 2-Lane with paved shoulder of Sri Muktsar Sahib to Malout road from Km 279.400 to Km 307.060 section of NH-354 in the State of Punjab on EPC mode. Job No. NH-354-PB-2021-22-555,Punjab,MoRTH,2022-03,2025-04,2026-03,152.58,152.58,0,100,2026-05,FlashReport_May2026.pdf
1619,618024,N24001960,,Up-gradation to two lane with paved shoulder configuration of NH-354 Section Arifkes- Ferozepur-Muktsar-Malaut from Km 201.500 to Km 212.500 & Km 229.690 to Km 269.960 and strengthening of existing pavement from Km 212.500 to Km 229.690 excluding Km 218.500 to 223.690 of NH-354 on EPC Mode in the State of Punjab. Job No. NH-354-PB-2020-21-532,Punjab,MoRTH,2021-03,2025-04,2026-06,263.19,263.19,0,83,2026-05,FlashReport_May2026.pdf
1620,618487,N24001415,10345,Delhi-Amritsar-Katra Expressway Phase-I Pkg-VII from Junction with Patiala-Bathinda road NH-7 near Bhawanigarh to Junction with Ludhiana-Malerhkotla SH-11 near Bhogiwal village Km 188830 to km 225770,Punjab,National Highways Authority of India [NHAI],2020-12,2024-07,2026-06,1759.82,1774.32,1250.45,95.8,2026-05,FlashReport_May2026.pdf
1621,618488,N24001416,10346,Delhi-Amritsar-Katra Expressway Phase-I Pkg-VIII from Junction with Ludhiana- Malerkotla SH-11 near Bhogiwal village to Junction with Ludhiana-Moga road NH-5 near Mullanpur Dakha Km 225770 to km 260860,Punjab,National Highways Authority of India [NHAI],2020-12,2025-03,,1895.74,2034.94,751.95,31.08,2026-05,FlashReport_May2026.pdf
1622,618489,N24001417,10347,Delhi-Amritsar-Katra Expressway Phase-I Pkg-IX from Junction with Ludhiana-Moga road NH-5 near Mullanpur Dakha to Junction with Jalandhar - Moga road NH-703 near Kang Sahibu village Km 260860 to km 303900,Punjab,National Highways Authority of India [NHAI],2020-12,2024-07,2027-03,1851.47,2407.14,1370.36,73.32,2026-05,FlashReport_May2026.pdf
1623,618490,N24001418,10348,Delhi-Amritsar-Katra Expressway Phase-I Pkg-X from Jn. with Jalandhar - Moga road NH-703 to Jn. with Jalandhar-Kapurthala road NH-703A and to Jn. with Kapurthala - Sultanpur Lodhi road NH-703A km 000 to km 24000 to Amritsar connectivity,Punjab,National Highways Authority of India [NHAI],2020-12,2024-07,2025-09,2177.54,2062.74,1004.28,62.99,2026-05,FlashReport_May2026.pdf
1624,618491,N24001419,10349,Delhi-Amritsar-Katra Expressway Phase-I Pkg-XI from Junction with Jalandhar - Kapurthala road NH-703A near khojewal village to Junction with Amritsar-Mehta- SriHargobindpur-Tanda road NH-503A near SriHargobindpur Km 319400 to km 362420,Punjab,National Highways Authority of India [NHAI],2021-03,2024-11,,2175.35,2206.71,941.19,43.45,2026-05,FlashReport_May2026.pdf
1625,618492,N24001420,10350,Delhi-Amritsar-Katra Expressway Phase-I Pkg-XII from Junction with Amritsar-Mehta- SriHargobindpur-Tanda road NH-503A near SriHargobindpur to Junction with Pathankot-Gurdaspur road NH-54 near Gurdaspur Km 362420 to km 397700,Punjab,National Highways Authority of India [NHAI],2021-03,2025-12,2027-02,1734.18,1538.47,470.92,27.05,2026-05,FlashReport_May2026.pdf
1626,618493,N24002102,10351,Delhi-Amritsar-Katra Expressway Phase-I Spur-I from Jn. with Kapurthala - Sultanpur Lodhi Road NH-703A near Isharwal village to Jn. with Kapurthala - Tarn Taran road NH-703AA near Goinwal Sahib [Km 24000 to Km 41000 of Amritsar connectivity],Punjab,National Highways Authority of India [NHAI],2021-12,2026-04,2028-03,2165.23,1519.6,422.45,32.69,2026-05,FlashReport_May2026.pdf
1627,618551,,10397,Greenfield connectivity from Govindsar village on Delhi Amritsar Katra Expressway to Talwara village on NH-44 Pathankot by-pass,Punjab,National Highways Authority of India [NHAI],2024-11,2027-07,2027-07,666.81,690.47,57.9,28,2026-05,FlashReport_May2026.pdf
1628,618552,N24001637,10398,Development of 6L Greenfield Jalandhar Bypass starting from Kahlwan NH-03 ending at Kang Sahbu NH-703 via Sarmastpur NH-44 - Madara NH-03 - Khajurla NH-44,Punjab,National Highways Authority of India [NHAI],2021-03,2025-01,2027-06,1754.84,2167.39,884.83,50.56,2026-05,FlashReport_May2026.pdf
1629,618610,N24002075,10437,6L of Jodhpur Romana Bathinda - Mandi Dabwali Punjab Haryana Border section of NH-54 from km. 0.000 to km. 27.400 of NH-54,Punjab,National Highways Authority of India [NHAI],2020-05,2025-08,2026-06,789.26,1318.91,518.7,99,2026-05,FlashReport_May2026.pdf
1630,618617,N24001640,10443,6L Amritsar-Bathinda Greenfield section from village Tiba on NE-5A to Jn. with Moga Jalandhar road NH-703 near Dharamkot from km 0.000 to km 39.000 of NH-754A Pkg-1,Punjab,National Highways Authority of India [NHAI],2021-03,2024-11,2027-06,1229.38,1549.32,772.82,71.02,2026-05,FlashReport_May2026.pdf
1631,618618,N24002076,10444,6L Amritsar-Bathinda Greenfield section from Jn. with Bhagta Bhai Ka-Bhadaur Road near Dyalpura Bhai Ka to Jn. with Mandi Dabwali Bathinda Road on NH-54 near Sangat Kalan from km 93.000 to km 154.866 of NH-754A Pkg-3,Punjab,National Highways Authority of India [NHAI],2021-03,2026-06,2027-07,2029.17,2677.23,515.11,72,2026-05,FlashReport_May2026.pdf
1632,618647,N24002091,10462,6L Access Controlled Ludhiana-Bathinda Greenfield highway from Jn. with Amritsar- Bathanda Greenfield Road NH-754A near Rampura Phul to Jn. with Moga-Barnala Road NH-703 near village Tallewal from Km 0.0 to Km 30.3 of NH-754AD Pkg-1,Punjab,National Highways Authority of India [NHAI],2021-06,2025-09,2026-10,906.51,1020.52,490.23,81.5,2026-05,FlashReport_May2026.pdf
1633,618764,N24001639,10545,Moga - Bagha Purana - Bajakhana from km. 0.00 to km. 43.32,Punjab,National Highways Authority of India [NHAI],2020-05,2024-12,2026-12,1032.59,1264.17,669.84,76,2026-05,FlashReport_May2026.pdf
1634,618776,,10552,4L of Greenfield section from Sirhind to Mohali,Punjab,National Highways Authority of India [NHAI],2022-03,2025-05,2026-09,1237.65,1301.15,1017.51,88.82,2026-05,FlashReport_May2026.pdf
1635,618785,N24001630,10559,4/6L Greenfield LudhianaRupnagar highway from Jn. with NE-5 village near to ManewalLudhiana to Jn. with NH-205 near Bheora Village Rupnagar from Km 66.0 to Km 91.0 i/c spur to Kharar from Km 0.0 to Km 19.5 with Ludhiana bypass of NH-205K Pkg-3,Punjab,National Highways Authority of India [NHAI],2021-07,2025-02,2026-05,1501.02,1815.13,992.99,78.6,2026-05,FlashReport_May2026.pdf
1636,618786,,10560,4L of Phagwara - Hoshiarpur,Punjab,National Highways Authority of India [NHAI],2022-11,2027-03,2027-07,1196.38,1503.79,161.12,16.8,2026-05,FlashReport_May2026.pdf
1637,618793,,10566,4L of Fazilka to Abohar section of NH-07 including construction of Greenfield Abohar & Fazilka Bypasses,Punjab,National Highways Authority of India [NHAI],2023-03,2026-04,2027-07,1409.88,1674.04,609.22,60,2026-05,FlashReport_May2026.pdf
1638,618794,N24001644,,Amritsarairport Junction - Ramdas from km. 100.835 to km. 139.813 Pkg - IV,Punjab,National Highways Authority of India [NHAI],2020-12,2023-09,2026-09,524.88,416.58,388.52,96,2026-05,FlashReport_May2026.pdf
1639,618795,N24001642,10567,Amritsar Bypass Pkg III from km. 71.496 to km. 105.158,Punjab,National Highways Authority of India [NHAI],2021-02,2024-08,2026-12,1474.77,1228.42,864.82,82.06,2026-05,FlashReport_May2026.pdf
1640,618809,N24002101,10576,4L of Beas-Mehta-Batala-Dera Baba Nanak from intersection with Jalandhar-Amritsar Highway NH-3 near Beas till start of Batala Bypass near Village Acchhal from Km. 0.000 to Km. 31.300 Pkg-1,Punjab,National Highways Authority of India [NHAI],2021-08,2025-06,2027-05,809.51,966.99,501.76,66.9,2026-05,FlashReport_May2026.pdf
1641,618810,N24002100,10577,4L of existing Beas Baba Bakala - Dera Baba Nanak Section from start of Batala Bypass till intersection with Ajnala Gurdaspur Highway NH 354 near Dera Baba Nanak from Km. 31.300 to Km. 69.100 with Additional batala Bypass Pkg-II,Punjab,National Highways Authority of India [NHAI],2021-10,2025-06,2027-03,1003.38,993.6,599.6,79.39,2026-05,FlashReport_May2026.pdf
1642,618906,N24001643,10655,4L of Amritsar-Ghoman - Tanda - Una Section from Km 8.270 to Km 54.000 of NH- 503A Package-I,Punjab,National Highways Authority of India [NHAI],2020-12,2024-06,2027-03,857.91,1443.47,517.35,67.9,2026-05,FlashReport_May2026.pdf
1643,619099,,11777,6L Amritsar-Bathinda Greenfield section from Jn. with Moga Jalandhar road NH-703 near Dharamkot to Jn. with Bhagta Bhai Ka-Bhadaur Road near Dyalpura Bhai Ka from km 39.000 to km 93.000 of NH-754A Pkg-2,Punjab,National Highways Authority of India [NHAI],2021-03,2026-06,2027-06,1801.37,2172.71,614.74,64.41,2026-05,FlashReport_May2026.pdf
1644,619105,,11780,6L Access Controlled Ludhiana-Bathinda Greenfield highway from Jn. with Moga- Barnala Road NH-703 near village Tallewal to Jn. with Delhi-Katra Expressway NE-5 near Ludhiana village Ballowal from Km 30.300 to Km 75.543 of NH-754AD Pkg-2,Punjab,National Highways Authority of India [NHAI],2021-07,2027-09,2027-09,1555.13,1564.66,217.96,23.18,2026-05,FlashReport_May2026.pdf
1645,619200,,11891,Delhi-Amritsar-Katra Expressway Phase-I Spur-III from Junction with Amritsar- Jalandhar road NH-3 near Bhishambarpura to Junction with Amritsar-Anjala road NH- 354 near Amritsar Airport [Km 71000 to Km 99000 of Amritsar connectivity],Punjab,National Highways Authority of India [NHAI],2021-03,2024-10,2027-10,1641.75,1951.7,1041.24,33.07,2026-05,FlashReport_May2026.pdf
1646,619318,,12155,4/6L Greenfield Ludhiana Rupnagar highway from Jn. with NE-5 village near to ManewalLudhiana to Jn. with NH-205 near Bheora Village Rupnagar from Km. 0.00 to Km. 37.7 including spur to Kharar with Ludhiana bypass of NH-205K Pkg-1,Punjab,National Highways Authority of India [NHAI],2021-05,2024-12,2027-12,1368.91,1382.48,488.23,15.31,2026-05,FlashReport_May2026.pdf
1647,617887,N24001411,,Beawer Gomti 4LPS from km 58.245 to km 108.600 Pkg-I,Rajasthan,MoRTH,2020-12,2023-10,2025-12,379.23,379.23,179.11,99,2026-05,FlashReport_May2026.pdf
1648,617891,N24001866,,"Construction of Two lane with Paved Shoulder for Fatehpur Bypass Design Km 0.000 to Km 7.400 , Mandawa Bypass Design Km 20.925 to Km 27.300 & Jhunjhunu Bypass Design Km 41.625 to Km 54.689 of NH-11 on EPC Mode in the state of Rajasthan .",Rajasthan,MoRTH,2022-03,2024-08,2025-08,186.29,186.29,66.7,100,2026-05,FlashReport_May2026.pdf
1649,617900,N24001530,,Upgradation to Two Lane Paved Shoulder in km 33/0 to 126/520 of NH-23 Old NH- 11B Kothun-Lalsot-Karoli-Dholpur road in the state of Rajasthan under EPC mode Length-93.52 Km.,Rajasthan,MoRTH,2021-12,2024-09,2025-09,150.11,150.11,12.2,99,2026-05,FlashReport_May2026.pdf
1650,617901,N24001528,,Widening of Pachpadra-Bagundi Section to 4 Lane from Km 73/60 to 95/70 of NH-25 on EPC mode in the state of Rajasthan.,Rajasthan,MoRTH,2022-01,2024-12,2026-03,194.88,194.88,48.47,98.58,2026-05,FlashReport_May2026.pdf
1651,618011,N24001527,,Construction of 2 lane with paved shoulder for the work of Development of remaining sections of NH-325 Balotra to sanderao via Jalore to 2 lane with paved shoulder configuration by Construction of Byasses for town portions1 Asotra- Brahmdham bypass 2Siwana Bypass 3 Mokalsar Bypass 4 Major realignment at Kathadi 5 Major realignment at Bishangarh 6 Jalore Bypass 7 Ahore Town portion 8 Dujana Bypass in the state of Rajasthan on EPC Mode,Rajasthan,MoRTH,2021-12,2024-05,2026-07,411.44,411.44,66.63,91.04,2026-05,FlashReport_May2026.pdf
1652,618069,N24002167,,Upgradation to Two-lane with paved shoulder of Hanumangarh to Kenchiyan section from Km 0.000existing chainage-Km 23.200 to Km 49.605existing chainage-Km 74.645 of NH-54 in the State of Rajasthan on EPC mode.,Rajasthan,MoRTH,2022-03,2026-10,2026-10,334.64,334.64,0,68,2026-05,FlashReport_May2026.pdf
1653,618092,N24002168,10178,Up-gradation to 2 lane with paved shoulder from Neechli Oden Nathdwara at Design Km 88.800 existing km 55.95 to Bhatewar at Design Km 142.028 existing km 0.00 of NH-162E in the State of Rajasthan on EPC mode.,Rajasthan,MoRTH,2023-02,2026-10,2026-10,606.61,606.61,0,55.23,2026-05,FlashReport_May2026.pdf
1654,618093,N24001927,10179,Up-gradation to 2 lane with Paved shoulder from Charbhuja at Design km 0.00 existing km 150.00 to Neechli Oden Nathdwara at Design ch. Km 88.800 existing km 55.950 of NH-162E on EPC mode.,Rajasthan,MoRTH,2022-02,2025-09,,838.43,838.43,55.04,0,2026-05,FlashReport_May2026.pdf
1655,618117,,,Upgradation to 2-Lane with Paved Shoulder from Design Km 36300 to Design Chainage 47918 and from Design Ch 69900 to Design Ch 83940 of NH-248A Natni Ka Bara in the State of Rajasthan on EPC Mode.,Rajasthan,MoRTH,2024-02,2026-05,2026-05,154.89,154.89,14.8,23,2026-05,FlashReport_May2026.pdf
1656,618118,N24001867,,Upgradation of two lane paved shoulder from Shahpura existing km. 0.00 Design Ch. 000 to Thanagazi existing Km.37352 Design Ch. 36810 of NH-248A on EPC mode in the State of Rajasthan.,Rajasthan,MoRTH,2022-03,2024-07,2025-07,174.34,174.34,63.55,100,2026-05,FlashReport_May2026.pdf
1657,618200,N24001928,,Construction of 2 lane with Paved Shoulder for Northern Bypass Phase-II of Kota city in the State of Rajasthan.,Rajasthan,MoRTH,2022-03,2025-04,2027-02,317.74,317.74,6.08,48.2,2026-05,FlashReport_May2026.pdf
1658,618235,,,Balance work of Rehabilitation and Up-gradation to 4-Lane configuration of Ras- Beawar Section Km 00.000 to km 30.050 of NH-158 in the State of Rajasthan under Green National Highway Corridor Project GNHCP.,Rajasthan,MoRTH,2025-01,2026-12,2026-12,278.1,278.1,40.2,44.03,2026-05,FlashReport_May2026.pdf
1659,618456,N24001568,10315,Delhi-Vadodara Greenfield Alignment NH-148N Pkg-14 Ch. 388.420 to Ch. 419.000 [Junction with NH- 76 to Junction with NH-12 near village Ummedpura],Rajasthan,National Highways Authority of India [NHAI],2019-11,2023-05,2025-03,1119.35,1194.17,975.7,99.8,2026-05,FlashReport_May2026.pdf
1660,618457,N24001567,10316,Delhi-Vadodara Greenfield Alignment NH-148N Pkg-10 Ch. 292.950 to Ch. 319.400 [End of Interchange on NH-166 near village Mui to Hardeoganj village near Indergarh],Rajasthan,National Highways Authority of India [NHAI],2019-11,2023-05,2026-07,1272.97,1265.16,1091.86,95.25,2026-05,FlashReport_May2026.pdf
1661,618458,N24001612,10317,Delhi-Vadodara Greenfield Alignment NH-148N Pkg-15 Ch. 419.000 to Ch.427.300 [Junction with NH-12 near village Ummedpura to Major bridge over Takli river near Nayagaon Jageer village],Rajasthan,National Highways Authority of India [NHAI],2020-07,2024-01,2026-07,1854.68,1854.68,1424.12,95.08,2026-05,FlashReport_May2026.pdf
1662,618611,,10438,Sangariya near Chautala-Rasisar near Bikaner section of NH-754K Phase-I AJ/SR- Package-7,Rajasthan,National Highways Authority of India [NHAI],2019-02,2023-06,2026-06,520.63,548.42,426.09,100,2026-05,FlashReport_May2026.pdf
1663,618612,N24001563,10439,Deogarh near Dhandhaniya-Rajasthan/Gujarat Border Phase-I AJ/DRGB-Package-6,Rajasthan,National Highways Authority of India [NHAI],2019-10,2023-08,2026-06,846.59,740.62,676.19,100,2026-05,FlashReport_May2026.pdf
1664,618613,N24001564,10440,Deogarh near Dhandhaniya-Rajasthan/Gujarat Border Phase-I AJ/DRGB-Package-7,Rajasthan,National Highways Authority of India [NHAI],2019-10,2023-07,2026-06,662.08,597.77,511.76,99.2,2026-05,FlashReport_May2026.pdf
1665,618757,,10539,6L access controlled Highway from Km 40080 to Km 86513 Mator to Barodameo Section,Rajasthan,National Highways Authority of India [NHAI],2022-09,2026-03,2027-06,2010.2,1565.88,707.68,37.27,2026-05,FlashReport_May2026.pdf
1666,618758,,10540,6L accesscontrolled highway from km 0000 to km 40080 Paniyala to Mator Section of Paniyala-Barodameo ICR,Rajasthan,National Highways Authority of India [NHAI],2022-09,2026-09,2026-09,1764.86,1239.24,310.1,39.33,2026-05,FlashReport_May2026.pdf
1667,618796,N24000795,10568,Tanot -Ramgarh-Bhadasar-Jaisalmer NH-68 and BhadasarMokal-Sarkaritala up to Pakisthan Border NH-968 Pkg-BM/5,Rajasthan,National Highways Authority of India [NHAI],2018-02,2021-04,2026-06,828.58,830.37,405.49,100,2026-05,FlashReport_May2026.pdf
1668,618797,,,Mayjilar Jaisalmer with Jaisalmer Bypass Link Road Section of NH-11 Part of BM-7 & Sundra Myajilar Ambsingh ki Dhani Road part of Munabao Tanot project NH-70,Rajasthan,National Highways Authority of India [NHAI],2025-03,2027-12,2027-12,1237.71,927.02,68.73,18.44,2026-05,FlashReport_May2026.pdf
1669,618838,N24001558,10600,4L of Karwar Km. 281.980 of NH-62 Nagaur road to Dangiyavas of Jodhpur Ring Road Pkg-II,Rajasthan,National Highways Authority of India [NHAI],2021-11,2024-08,2026-06,736.75,512.77,400.32,99,2026-05,FlashReport_May2026.pdf
1670,618853,,,Construction of Four lane Elevated Structure at Raniwada Circle in Sanchore City on NH-68,Rajasthan,National Highways Authority of India [NHAI],2024-01,2026-07,2026-07,353.3,241.34,180.55,82.61,2026-05,FlashReport_May2026.pdf
1671,619063,N24001557,11758,4L Greenfield spur from Delhi-Vadodara Greenfield expressway near Bandikui to Jaipur,Rajasthan,National Highways Authority of India [NHAI],2022-03,2024-11,2026-06,1636.15,2170.39,1278.04,100,2026-05,FlashReport_May2026.pdf
1672,619251,,,Construction of two lane with paved shoulder of Ghatol Bypass from km 133.250 to km 140.950 of NH-56 old NH No. 113 on EPC mode in the State of Rajasthan.,Rajasthan,MoRTH,2025-03,2027-09,,170.49,170.49,0,0,2026-05,FlashReport_May2026.pdf
1673,618071,N24001442,,Construction of two lane with paved shoulder Gangtok Bypass Road from Ranipool to Burtuk Ch 0.00 Km to 23.316 L23.316 Km in the State of Sikkim,Sikkim,MoRTH,2021-10,2024-05,2026-08,385.15,342.89,0,90,2026-05,FlashReport_May2026.pdf
1674,618426,,,Construction/Up gradation of Existing road to 2 Lane with Paved Shoulder including Geometric Improvement from Ranipool to Pakyong Balance work from Km 2.000 to 16.167 of NH-717-A on EPC basis under SARDP-NE Phase A in the State of Sikkim,Sikkim,NHIDCL,2018-03,2024-07,2026-12,264.84,380.94,0,86.04,2026-05,FlashReport_May2026.pdf
1675,618428,,,Realignment of NH-717A from Design Ch.0.00 Km 77.800 of NH-10 to Design Ch.2.00 Km 3.100 of NH-717A with two lane paved shoulder including Major Bridge of 680 m in the State of Sikkim on EPC Mode-COS work,Sikkim,NHIDCL,2021-01,2023-04,2026-05,264.84,380.94,61.27,100,2026-05,FlashReport_May2026.pdf
1676,618446,N24001337,,Construction & Upgradation of existing road to 2-lane with paved shoulder from New Rolep Bridge at km 37.600 to Chochenpheri at km 52.00 in the section of Rongli to Chochenpheri of NH 717B Pkg-II C,Sikkim,NHIDCL,2020-10,2024-05,2026-09,493.42,478.79,0,78.83,2026-05,FlashReport_May2026.pdf
1677,618447,N24001362,,Construction of 2-Laning with Paved Shoulder of New Greenfield Alignment From Helipad near Menla at Km 82000 to Menla at Km 94030 of Rhenock-Menla Spur NH- 717B Package-IIIB on EPC Basis under SARDP-NE Phase 'A' in the State of Sikkim.,Sikkim,NHIDCL,2021-01,2024-02,2026-09,410.6,379.3,0,81.89,2026-05,FlashReport_May2026.pdf
1678,618448,N24001338,10311,Construction of 2-Laning with Paved Shoulder of New Greenfield Alignment From Chochenpheri at Km 52000 to Helipad near Menla at Km 82000 of Rhenock-Menla Spur NH-717B Package-IIIA on EPC Basis under SARDP-NE Phase 'A' in the State of Sikkim.,Sikkim,NHIDCL,2020-10,2023-12,2026-12,816.79,786.6,32.28,63.25,2026-05,FlashReport_May2026.pdf
1679,618449,N24001336,,Construction & Upgradation of existing road to 2-lane with paved shoulder from km27.200 End of Rongli bypass to km37.600New Rolep Bridge of Rhenok-Menla spur NH-717B on EPC Mode under SARDP-NE Phase-A in Sikkim Pkg-II B,Sikkim,NHIDCL,2020-07,2023-04,2026-09,230.45,244.91,0,83.74,2026-05,FlashReport_May2026.pdf
1680,618450,N24001327,,Rehabilitation & Upgradation of existing road to 2-lane with paved shoulder including geometric improvement of section from start of Rabangla km33.600 to km58.840 under SARDP-NE Phase A Pkg- IV,Sikkim,NHIDCL,2020-07,2022-05,2026-12,292.8,292.8,1.91,65.12,2026-05,FlashReport_May2026.pdf
1681,617962,N24002165,,"Construction of Bypass to Madurai Achambathu Viratipathu in between km 6/850 10/382 of NH 49 Extn New NH 85 including Land Acquisition on Engineering, Procurement & Construction EPC basis Contract under NH O Annual Plan 2021-22 in the state of Tamil Nadu job No.NH-49 Extn New NH 85 - TN-2021-22-997",Tamil Nadu,MoRTH,2022-03,2026-08,2026-08,238.97,260.07,119.33,94,2026-05,FlashReport_May2026.pdf
1682,618478,N24001718,10337,Bangalore Chennai Expressway Phase-III Package II Walajahpet to Arakkonam from Km 180.000 to Km 204.500,Tamil Nadu,National Highways Authority of India [NHAI],2021-01,2024-07,2026-07,1106.65,1106.65,590.08,93.04,2026-05,FlashReport_May2026.pdf
1683,618479,N24001717,10338,Bangalore Chennai Expressway Phase-III Package III Arakkonam to Kancheepuram from Km 204.500 to Km 230.000,Tamil Nadu,National Highways Authority of India [NHAI],2020-12,2024-07,2027-12,1525.1,1525.1,360.3,53.56,2026-05,FlashReport_May2026.pdf
1684,618480,,,Construction of Trumpet Interchange Connecting Bangalore Chennai Expressway km.261705 to km. 262800 with Maduravoyal to Walajapet Section of NH 48 near Sriperumbudur Toll Plaza at km. 35700,Tamil Nadu,National Highways Authority of India [NHAI],2023-05,2025-08,2026-10,162.55,162.56,48.18,35.81,2026-05,FlashReport_May2026.pdf
1685,618481,N24001719,10339,4L Bangalore-Chennai Expressway from Km. 230.000 to Km. 261.705 of Kanchepuram to Sriperumbudur Section Phase-III/Package-IV,Tamil Nadu,National Highways Authority of India [NHAI],2021-02,2024-07,2026-10,3605.73,3605.73,918.09,88.14,2026-05,FlashReport_May2026.pdf
1686,618521,N24001723,10375,Karaipettai to Walajapet from Km 71.015 to 107.091,Tamil Nadu,National Highways Authority of India [NHAI],2018-08,2021-02,2026-06,766.51,766.51,439.63,93.55,2026-05,FlashReport_May2026.pdf
1687,618522,,,Balance Works for six laning of Sriperumbudur to karaipettai section of NH-4 New NH- 48 from 37000 Existing Km 37000 to Km 71015 Existing Km 71000 in Tamilnadu on EPC mode underNHDP Phase-V,Tamil Nadu,National Highways Authority of India [NHAI],2024-06,2026-10,2027-03,411.16,411.16,120.44,35.05,2026-05,FlashReport_May2026.pdf
1688,618561,,10407,Improving the Alignment of Thoppur Ghat Section from Km 158.500 to Km 165.100 in Dharmapuri - Salem Section of NH-44,Tamil Nadu,National Highways Authority of India [NHAI],2024-03,2028-03,2028-03,904.99,731.09,183.57,41.45,2026-05,FlashReport_May2026.pdf
1689,618562,,,Dindigul Bypass - Samyanallore from km. 373.275 to km. 426.00,Tamil Nadu,National Highways Authority of India [NHAI],2005-06,2009-01,,579,295.5,1.4,100,2026-05,FlashReport_May2026.pdf
1690,618563,N24001606,10408,4L of Madurai Ring Road Phase 1 [Vadipatti-Thamrapatti] from km 0.00 - km 29.960,Tamil Nadu,National Highways Authority of India [NHAI],2018-12,2022-03,2026-06,900.05,900.05,671.34,98.55,2026-05,FlashReport_May2026.pdf
1691,618608,N24002113,10436,4L of left-over works including additional structures from Kerala/Tamil Nadu border to Kanyakumari Section from Km 43.0 to Km 96.174 of NH66,Tamil Nadu,National Highways Authority of India [NHAI],2022-11,2025-08,2026-11,1564.23,1263.42,958.93,78.41,2026-05,FlashReport_May2026.pdf
1692,618635,N24001818,10453,6L of Pondavakkam to Kannigaipair from km 96.040 to km 116.100 of NH 716B Pkg- IV,Tamil Nadu,National Highways Authority of India [NHAI],2021-02,2025-01,2027-12,1359.81,1359.81,337.16,39.38,2026-05,FlashReport_May2026.pdf
1693,618743,,,Trichy 135.800 to Karur 218.000 section of NH-67 - Trichy Bypass,Tamil Nadu,National Highways Authority of India [NHAI],2006-12,2024-10,,876.88,360.88,66.59,100,2026-05,FlashReport_May2026.pdf
1694,618744,N24002084,10531,4L of Thirumangalam to Vadugapatti section from km 0.000 to km 36.000 of NH-744,Tamil Nadu,National Highways Authority of India [NHAI],2022-03,2025-02,2026-07,1076.97,791.6,679.49,95.41,2026-05,FlashReport_May2026.pdf
1695,618745,N24002114,10532,4L of Vadugapatti to Therkuvenganallur Rajapalyam section from km 36.000 to km 71.600 of NH-744,Tamil Nadu,National Highways Authority of India [NHAI],2022-02,2025-04,2026-06,1317.6,1137.16,932.02,99.99,2026-05,FlashReport_May2026.pdf
1696,618756,N24001605,10538,Melur - Pilayarpatti - Karaikudi from km 99.920 of NH 38 to km 12.9 of NH 383 Ext.,Tamil Nadu,National Highways Authority of India [NHAI],2018-12,2022-03,2026-07,1103.86,1085.41,787.61,94.85,2026-05,FlashReport_May2026.pdf
1697,618773,,,Tuticorin - Tirunelveli from km. 0.00 to km. 47.250,Tamil Nadu,National Highways Authority of India [NHAI],2009-11,2012-04,,449.85,452.48,1.17,100,2026-05,FlashReport_May2026.pdf
1698,618800,N24002109,10570,Construction of New Double Tier 4L Elevated Corridor from Chennai Port to Maduravoyal in Chennai District from km -0.342 to Km 20.593 and Package II from Km 4.604 to Km 9.700,Tamil Nadu,National Highways Authority of India [NHAI],2023-03,2026-05,2029-03,1616.97,1616.97,193.14,18.13,2026-05,FlashReport_May2026.pdf
1699,618801,N24002110,10571,Construction of New Double Tier 4-lane Elevated Corridor from Chennai Port to Maduravoyal in Chennai District from Km -0342 to Km 20223 Package 1 from Km - 0342 to Km 4604,Tamil Nadu,National Highways Authority of India [NHAI],2023-03,2026-05,2029-03,1388.59,1388.59,209.2,22.8,2026-05,FlashReport_May2026.pdf
1700,618846,,10605,Poondiyankuppam Km.67.000 to Sattanathapuram Km.123.800,Tamil Nadu,National Highways Authority of India [NHAI],2018-03,2024-01,2026-06,2565.63,2319.35,1088.33,99.8,2026-05,FlashReport_May2026.pdf
1701,618874,,,Four Laning of Trichy - Dindigul from km. 333.00 to km. 421.273 of NH-45,Tamil Nadu,National Highways Authority of India [NHAI],2006-12,2010-07,2026-06,1003.11,435.81,9.74,100,2026-05,FlashReport_May2026.pdf
1702,618894,N24001602,10643,4L of Madathukulam - Pollachi from km. 74.38 to km. 116.95 of old NH-209 New NH- 83,Tamil Nadu,National Highways Authority of India [NHAI],2019-01,2022-12,2026-07,1772.13,1772.13,499.66,95.52,2026-05,FlashReport_May2026.pdf
1703,618895,N24001601,10644,Kamalapuram to Oddanchatram from km. 0.00 to km. 35.822,Tamil Nadu,National Highways Authority of India [NHAI],2019-01,2023-01,2026-08,1319.42,1319.42,417.73,92,2026-05,FlashReport_May2026.pdf
1704,618897,N24000708,10646,4L of Sethiyathope -Cholapuram section from Km. 65.960 to Km. 116.440 section of NH45 C Pkg-II,Tamil Nadu,National Highways Authority of India [NHAI],2017-03,2020-08,2026-04,2356.19,2356.9,1011.39,100,2026-05,FlashReport_May2026.pdf
1705,618898,,10647,Balance Works for Four laning of Vikravandi to Sethiyathope section from Km 0.0 to Km 65.96 of NH-45C in Tamil Nadu under NHDP Phase-IV on EPC mode,Tamil Nadu,National Highways Authority of India [NHAI],2025-01,2027-06,2027-06,1163.17,834.46,199.66,29.72,2026-05,FlashReport_May2026.pdf
1706,618899,,10648,Kallagam km.38.700 to Meensurutti Km.98.433 of NH-227 in Tamil Nadu,Tamil Nadu,National Highways Authority of India [NHAI],2018-02,2021-04,2026-06,1499.12,1499.12,685.7,100,2026-05,FlashReport_May2026.pdf
1707,618943,,10681,Salem - Ulundurpet section from km 0.313 to km 136.670 of NH-68,Tamil Nadu,National Highways Authority of India [NHAI],2006-12,2011-01,2026-06,861.23,1019.85,140.31,100,2026-05,FlashReport_May2026.pdf
1708,619045,,11596,Construction of New Double Tier 4L Elevated Corridor from Chennai Port to Maduravoyal in Chennai District from km -0.342 to Km 20.593 and Package IV from Km 14.185 to Km 20.593,Tamil Nadu,National Highways Authority of India [NHAI],2023-03,2026-05,2029-03,1205.4,1210.21,62.01,8.58,2026-05,FlashReport_May2026.pdf
1709,619074,,,6-laning of Krishnagiri Km.0.000 to Walajahpet Km.148.300 section on NH-46 under NHDP-V,Tamil Nadu,National Highways Authority of India [NHAI],2009-12,2013-12,2026-06,1673.17,781.74,270.37,99.99,2026-05,FlashReport_May2026.pdf
1710,619083,,,Thumbipadi-Namakkal from km. 180.00 to km. 248.625 Package No. NS-2/BOT/TN- 02,Tamil Nadu,National Highways Authority of India [NHAI],2005-06,2009-02,2026-08,255.53,395.43,206.64,100,2026-05,FlashReport_May2026.pdf
1711,619084,,,Start of Karur Bypass - Dindigul from km. 292.600 to km. 305.600 Contract Package No. NS2/BOT/TN-4,Tamil Nadu,National Highways Authority of India [NHAI],2005-08,2009-04,2026-10,461.54,515.03,42.28,100,2026-05,FlashReport_May2026.pdf
1712,619086,,,Chengapalli km 102.035 to Neelambur Km144.680 and Madukkarai Km 170.880 to Walayar K183.010 Package No. NS-2/BOT/TN-08,Tamil Nadu,National Highways Authority of India [NHAI],2009-10,2013-03,2026-10,852,285.55,5.14,100,2026-05,FlashReport_May2026.pdf
1713,619094,N24001694,11773,Thorapalli - Agraharam - Jittandahalli Section from km 23.350 to km 60.100 [Hosur to Dhamrapuri Pkg-2],Tamil Nadu,National Highways Authority of India [NHAI],2019-02,2023-12,2026-12,1243.57,1272.11,629.81,77.57,2026-05,FlashReport_May2026.pdf
1714,619129,N24001721,11798,Mahabalipuram - Pondicherry Pkg-I [Mamallapuram to Mugaiyur],Tamil Nadu,National Highways Authority of India [NHAI],2019-02,2024-05,2027-01,1360.54,1477.94,560.86,58.65,2026-05,FlashReport_May2026.pdf
1715,619130,N24002111,11799,Mahabalipuram - Pondicherry Pkg-II [Mugaiyur to Marakkanam],Tamil Nadu,National Highways Authority of India [NHAI],2019-02,2025-12,2027-03,1116.13,1463.75,588.22,53.41,2026-05,FlashReport_May2026.pdf
1716,619131,N24000826,11800,Four Laning of Chettikulam to Natham section of NH-785,Tamil Nadu,National Highways Authority of India [NHAI],2018-03,2020-11,2026-06,837.61,823.93,169.32,99.75,2026-05,FlashReport_May2026.pdf
1717,619139,,11805,Construction of New Double Tier 4L Elevated Corridor from Chennai Port to Maduravoyal in Chennai District from km -0.342 to Km 20.593 and Package III from Km 9.700 to Km 14.185,Tamil Nadu,National Highways Authority of India [NHAI],2023-03,2026-05,2029-03,1299.36,1299.36,152.42,17.24,2026-05,FlashReport_May2026.pdf
1718,619156,,,4 Laning of Paramakudi to Ramanathapuram Section of NH-87 Old NH-49,Tamil Nadu,National Highways Authority of India [NHAI],2025-07,2028-05,2028-06,1853.16,1853.16,24.3,0,2026-05,FlashReport_May2026.pdf
1719,619161,,11816,Access Controlled Highway of 4 Lane with Paved Shoulders from Tiruvallur Design Chainage Km 1756 to TN/AP Broder Design Chainage Km 6151 of NH-716 Chennai- Tirupati Package-1,Tamil Nadu,National Highways Authority of India [NHAI],2024-03,2026-12,2027-03,1376.1,1247.7,133.97,37.27,2026-05,FlashReport_May2026.pdf
1720,619222,,11910,"Balance works of four lane from km 43.950 Thiruvallur Bypass to km 61.470 Veppampattu Bypass passing through Thannerkulam, Thozur and Sevapet Bypass 17.520 kms of Tirupathi- Tiruttani- Chennai section of NH 205",Tamil Nadu,National Highways Authority of India [NHAI],2022-03,2024-09,2026-06,467.99,699.68,451.47,97.92,2026-05,FlashReport_May2026.pdf
1721,617913,N24000987,,6-laning of km 9.900 to km 19/948 Aramgarh to Shamshabad Section of Hyderabad- Bangalore section of NH-44 Under NHO EPC basis in the state of Telangana,Telangana,MoRTH,2018-01,2020-05,2026-06,283.15,300.7,480.38,92.62,2026-05,FlashReport_May2026.pdf
1722,617936,N24000981,,Widening to two/four lane with paved shoulder from Km.180.600 to Km.223.000 of NH-63 on Nizamabad-Jagadalpur road on EPC mode under NHO in the state of Telangana.,Telangana,MoRTH,2016-10,2019-03,,253.99,183.26,0,100,2026-05,FlashReport_May2026.pdf
1723,617939,,10143,6-Laning of Pune-Hyderabad Section of NH-65 from Km 493/0 to Km 524/0 from Sangareddy X Roads to Madinaguda in the State of Telangana,Telangana,MoRTH,2023-03,2026-07,2026-07,1297.75,1297.75,0,37.5,2026-05,FlashReport_May2026.pdf
1724,617940,N24002004,10144,"Rehabilitation and Upgradation of LB-Nagar to Malkapur section to 6-Lane main carriageway with service roads, drains cum footpath, including VUPs and widening of Minor bridge & road safety provisions from Km. 15/00 to Km 40/00 of NH-65 Old NH-9 under NH O for the year 2020-21 in the state of Telangana on EPC Mode.",Telangana,MoRTH,2021-03,2024-07,2026-07,545.11,545.11,275.13,81.79,2026-05,FlashReport_May2026.pdf
1725,617980,N24000994,10157,Construction of six lane elevated corridor from km 7.950 Uppal to km 14.200 of NH- 163 to De-Congest the urban limits of Hyderabad-Bhoopalapatnam section on EPC mode in the state of Telangana,Telangana,MoRTH,2018-03,2020-07,2026-10,626.76,626.76,16.13,52.32,2026-05,FlashReport_May2026.pdf
1726,617981,,,Widening to Two with Paved shoulders from Km 59.500 to Km 132.033 of Manneguda- Ravunapally section of NH-163 Erstwhile SH-4 in the State of Telangana on EPC mode under NH O Annual Plan 2016-17,Telangana,MoRTH,2017-03,2019-05,2026-05,359,359,0,99.92,2026-05,FlashReport_May2026.pdf
1727,617982,N24000988,,Widening and strengthening of existing 2-lane to 2- lane with paved shoulders from km 159/0 to 165/4 and 186/0 to 215/0 of NH-163 on EPC mode int the state of Telangana,Telangana,MoRTH,2018-01,2019-11,2020-12,230.03,230.03,0,0,2026-05,FlashReport_May2026.pdf
1728,617983,N24001925,,Widening & Strengthening of Existing 2LPS to 4 lane PS from Km 150000 to Km 159000 and Km 165400 to Km 186000 of NH-163 old NH-202 under NH O for the year 2020-21 on EPC Mode in the state of Telangana.,Telangana,MoRTH,2021-03,2024-07,2026-06,317.19,300.56,175.28,88,2026-05,FlashReport_May2026.pdf
1729,617992,N24001281,,Rehabilitation & upgradation of NH - 167 from design km 187.723 to 234.434 Miryalaguda to Kodad section to two lane with paved shoulder on EPC mode in the state of Telangana,Telangana,MoRTH,2018-03,2020-09,2026-06,322.81,322.81,148.48,98.14,2026-05,FlashReport_May2026.pdf
1730,617993,,,Rehabilitation and upgradation of NH-167 from design km 157.707 to 187.723 design length 30.016 km to two lane with paved shoulders of Alinagar-Miryalaguda Sec on EPC mode in the state of Telangana,Telangana,MoRTH,2018-02,2019-11,2026-06,220.28,220.28,0,97.74,2026-05,FlashReport_May2026.pdf
1731,617994,N24001263,,Rehabilitation and upgradation of NH-167 from design km 113.900 to 154.479 Mallepally Haliya section to two lane with paved shoulders on EPC mode in the stte of Telangana,Telangana,MoRTH,2018-02,2019-11,2025-12,294.13,257.61,239.25,88.22,2026-05,FlashReport_May2026.pdf
1732,617995,N24001323,,Widening to Two Lane with Paved Shoulders from Km 67.000 to Km 114.425 of Kalwakurthy- Mallapally Section of NH 167 Erstwhile section of SH 18 in the State of Telangana on EPC mode under NH O Annual Plan 2016-17,Telangana,MoRTH,2017-01,2019-05,2025-12,300,300,175.1,99.2,2026-05,FlashReport_May2026.pdf
1733,617996,N24002132,,Widening to 2/4 Lane with paved shoulders from Km 182.120 to Km 227.600 of NH 167 on Haggari-Jadcherla Road on EPC mode under NHO in the state of Telangana,Telangana,MoRTH,2016-10,2019-02,2026-03,298,298,234.7,95.6,2026-05,FlashReport_May2026.pdf
1734,618001,N24001416,,"Construction of 4-lane flyover at Amberpet-X road, Hyderabad on NH-202 in the State of Telangana",Telangana,MoRTH,2018-05,2023-06,2026-06,216.53,265.88,156.4,92.1,2026-05,FlashReport_May2026.pdf
1735,618025,N24000997,,Rehabiitation and upgradation from km 121/000 to 154/000 Nakrekal to Mallampally section of NH-365 to 2 lane with paved shoulders in the state of Telangana in the EPC mode,Telangana,MoRTH,2018-03,2019-12,2026-08,192.67,192.67,141.81,96,2026-05,FlashReport_May2026.pdf
1736,618026,N24000996,10165,Rehabilitation and upgradation to two lane with paved shoulders from Km 0/000 to 72/6 of NH-365 Nakrekal to Tanamcherla section under NHDP IV in the state of Telangana under EPC mode,Telangana,MoRTH,2017-06,2019-10,2026-05,605.08,605.08,585.2,99.9,2026-05,FlashReport_May2026.pdf
1737,618091,,10177,Widening to two lane with paved shoulders from Km 0/000 to Km 45/946 of Nizampet- Narayankhed-bidar section of NH-161B in the state of Telangana under Annual Plan 2021-22 on EPC mode under NHO,Telangana,MoRTH,2022-03,2026-02,2027-03,512.98,512.98,117.6,41.97,2026-05,FlashReport_May2026.pdf
1738,618104,N24002007,10183,Widening to two lane with paved shoulders from Km 0/000 to Km 79/300 of Kalwakurthy - Kollapur section of NH-167K in the state of Telangana under annual plan 2021-22 on EPC mode under NHO.,Telangana,MoRTH,2022-03,2025-07,2026-07,886.69,886.69,584.84,86.74,2026-05,FlashReport_May2026.pdf
1739,618105,N24002010,10184,Widening and strengthening to 4 lane / 2-lane with paved shoulders of Mahabubnagar - Chincholi section from km 60/255 to Km 102/834 of NH-167N in the State of Telangana on EPC mode.,Telangana,MoRTH,2022-03,2025-10,2026-11,631.49,631.49,92.56,30.8,2026-05,FlashReport_May2026.pdf
1740,618106,N24002009,10185,Widening and Strengthening to 2/4 lane with paved shoulders of Mahabubnagar Chincholi section from Km 0/0 to Km 60/255 of NH-167N in the state of Telangana under Annual plan 2021-22 on EPC modepackage-I under NHO Job No.167N-TS- 2021-22-75,Telangana,MoRTH,2022-01,2025-01,2026-05,703.68,703.68,279.83,90.69,2026-05,FlashReport_May2026.pdf
1741,618130,,,Widening to 2 lane with paved shoulders from 0.00 to 32.970 ofAdilabadto Bela section of NH 353B in the State of Telangana,Telangana,MoRTH,2022-10,2026-05,2026-06,490.92,490.92,0,76.02,2026-05,FlashReport_May2026.pdf
1742,618132,N24000989,,Widening & strengthening of existing carriageway in 2 lane with paved shoulders from km 25/0 to 59/2 design Ch km 25.467 to 59.200 of NH - 353C on EPC mode in the state of Telangana,Telangana,MoRTH,2018-02,2020-06,,206.13,206.13,152.77,98.57,2026-05,FlashReport_May2026.pdf
1743,618140,,,Widening to two/four lane with paved shoulders from Km.34.250 to Km.71.830 of NH- 365A on Kodad-Khammam-Kurvi road.,Telangana,MoRTH,2022-10,2027-01,2027-01,445.76,445.76,18.32,9.22,2026-05,FlashReport_May2026.pdf
1744,618141,N24001450,,Widening and Improvement of existing carriage way to 2 lane with paved shoulders from Km. 86/160 to 131/730 of Jangaon-Duddeda section of NH-365B in the State of Telangana on EPC Mode,Telangana,MoRTH,2022-01,2024-12,2026-06,423.48,423.48,160.2,77.34,2026-05,FlashReport_May2026.pdf
1745,618142,N24002025,,Widening to Two lane with Paved shoulders from km.40/410 to 84/037 of Thirumanlagiri-- Suryapet Section of NH-365B earstwhile section of SH-16,Telangana,MoRTH,2017-01,2019-05,2019-09,244.54,244.54,0,99.96,2026-05,FlashReport_May2026.pdf
1746,618143,N24000983,,widening to two lane with Paved shoulders from Km.0/970 to Km.40/410 of Jangaon - Thirumal giriof NH- 365B in the state of Telanganaon EPC mode under NHO Annual Plan 2016-17,Telangana,MoRTH,2017-03,2019-10,2019-10,197,197,0,92.74,2026-05,FlashReport_May2026.pdf
1747,618182,,,Widening to Two lane with paved shoulders from 106/830 to 158/496 of Yellareddy- Rudrur Section of NH-765D in the state of Telangana on EPC mode under NHO under Annual plan 2022-23,Telangana,MoRTH,2022-10,2026-07,2026-07,499.88,499.88,187.35,64.11,2026-05,FlashReport_May2026.pdf
1748,618183,,,Widening to 2 lane with paved shoulders from Km 62/920 to km 106/830 of Medak - Yellareddy section in the State of Telangana under Annual Plan 2022-23 on EPC mode under NHO,Telangana,MoRTH,2022-10,2026-08,2026-08,399.01,399.01,0,66.04,2026-05,FlashReport_May2026.pdf
1749,618186,N24002003,10201,"Rehabilitation and Up-gradation of Valigonda to Thorrur Section to Two Lane with Paved Shoulders from Km 39.180 to Km 108.300 of NH-930P in the State of Telangana on Engineering, Procurement and Construction EPC Basis",Telangana,MoRTH,2022-01,2024-12,2026-09,549.28,549.28,296.89,94.01,2026-05,FlashReport_May2026.pdf
1750,618190,N24002005,10204,Widening to two lane with paved shoulders of 'Bodhan Basar Bhainsa ' section from Km 38/900 to 95/300 of NH-161BB in the state of Telangana under Annual Plan 2021- 22 on EPC Mode under NH O.,Telangana,MoRTH,2022-03,2025-03,2026-06,644.45,644.45,350.2,98.6,2026-05,FlashReport_May2026.pdf
1751,618196,N24002008,10205,Widening to 2 lane with Paved Shoulders of Siddipet-Elkathurthy section from Km 69/978 to km 133/619 of NH-765DG in the State of Telangana under Annual plan 2021-22 on EPC mode,Telangana,MoRTH,2022-01,2024-12,2026-06,578.85,578.85,0,85,2026-05,FlashReport_May2026.pdf
1752,618197,N24002001,10206,Widening to 2 lane with Paved Shoulders of Medak - Siddipet section from Km 0/0 to km 69/978 of NH-765DG in the State of Telangana under Annual plan 2021-22 on EPC mode,Telangana,MoRTH,2022-01,2025-01,2026-12,882.18,882.18,347.73,74.06,2026-05,FlashReport_May2026.pdf
1753,618558,N24001555,10404,Improvement of Geometrics of Kalkallu to Gundla Pochanpalli from Km 454.00 to Km 471.00 of NH-44,Telangana,National Highways Authority of India [NHAI],2022-03,2025-01,2026-07,955.49,903.17,427.43,35.96,2026-05,FlashReport_May2026.pdf
1754,618559,N24001556,10405,6L of existing 4L from Gundlapochampally to Bowenpally from km 471.300 to km 481.331 of NH-44,Telangana,National Highways Authority of India [NHAI],2021-12,2024-07,2026-04,521.53,528.21,256.53,50.5,2026-05,FlashReport_May2026.pdf
1755,618560,N24002082,10406,Improvement of Geometrics of Thondupally to Kothur from Km 22.300 to Km 34.14 of NH-44,Telangana,National Highways Authority of India [NHAI],2022-03,2024-09,,541.58,527.43,72.23,17.05,2026-05,FlashReport_May2026.pdf
1756,618746,N24001482,10533,Khammam-Devarapalle Pkg I [4L Access Controlled Greenfield from Thallampadu village to Somavaram village Design Chainage 0000 to 33604],Telangana,National Highways Authority of India [NHAI],2021-01,2024-10,2026-10,797.36,1337.18,635.37,96.4,2026-05,FlashReport_May2026.pdf
1757,618765,N24002083,10546,4L of Karimnagar-Warangal section from km 49.500 to km 117.820 of NH-563,Telangana,National Highways Authority of India [NHAI],2022-03,2025-07,2026-07,2146.86,2486.51,962.12,92.4,2026-05,FlashReport_May2026.pdf
1758,618811,,10578,4L Access Controlled Greenfield Highway Section Mancherial Warangal from Pangidipalle village at Design Ch. 72.350 Km to Oorugonda village at Design Ch. 112.240 KmPackage-III,Telangana,National Highways Authority of India [NHAI],2023-03,2027-06,2027-06,1183.71,1170.64,83.68,0,2026-05,FlashReport_May2026.pdf
1759,618812,,10579,4L Access Controlled Greenfield Section Mancherial Warangal from Puttapaka village at Design Ch. 35.300 Km to Pangidipalle village at Design Ch. 72.350 KmPackage-II,Telangana,National Highways Authority of India [NHAI],2023-01,2027-06,2027-12,1129.33,1145.41,79.95,6.33,2026-05,FlashReport_May2026.pdf
1760,618813,,10580,4L Access Controlled Greenfield Section Mancherial Warangal from Narva village at Design Ch. 3.834 Km to Puttapaka village at Design Ch. 35.300 Km Package-I,Telangana,National Highways Authority of India [NHAI],2023-03,2026-12,2027-10,1127.9,1104.27,110.98,9.2,2026-05,FlashReport_May2026.pdf
1761,618815,,10582,4L Access Controlled Greenfield Highway section on NH-163G Warangal-Khammam from Venkatpur village in Warangal District at Design Ch. 150.240 Km to Thallasenkesa village in Mahabubabed District at Design Ch. 189.650 kmPackage-II,Telangana,National Highways Authority of India [NHAI],2023-03,2026-04,2027-03,1092.88,1083.11,304.91,70.76,2026-05,FlashReport_May2026.pdf
1762,618816,,10583,4L Access Controlled Greenfield Highway section on NH-163G Warangal-Khammam from Thallasenkesa village at Design Ch. 189.650 km to V.Vekatayapalem village in Khammam District at Design Ch. 220.480 KmPackage-III,Telangana,National Highways Authority of India [NHAI],2023-03,2027-07,2027-07,1105.25,1098.05,108.59,6.46,2026-05,FlashReport_May2026.pdf
1763,618817,,10584,4L Access Controlled Greenfield Highway section on NH-163G Khammam Vijayawada from V. Venkatayapalem village at Design Ch. 220.480 Km to BrahmanapalliK village at Design Ch. 250.400 Km Package-I.,Telangana,National Highways Authority of India [NHAI],2023-03,2027-03,2027-06,973.45,1021.96,228.13,43.1,2026-05,FlashReport_May2026.pdf
1764,618944,,10682,Hyderabad - Maneguda,Telangana,National Highways Authority of India [NHAI],2021-10,2026-11,2027-05,958.86,1218.49,212.78,20.4,2026-05,FlashReport_May2026.pdf
1765,618945,N24001522,10683,4L of Kodad Design Km 0.00/Existing Km 185.00 of NH-65 to Khammam Design Km 31.800/Existing Km 29.400 of NH-365A,Telangana,National Highways Authority of India [NHAI],2021-01,2024-05,2026-06,1149.17,1606.99,787.9,99.98,2026-05,FlashReport_May2026.pdf
1766,619009,,12154,Upgradation to Two Lane with Paved Shoulders from Km 0.000 to Km 41.920 Green Field Alignment of Gowrelly to Valigonda Section of NH-930P in the State of Telangana on EPC Mode under Annual Plan 2022-23,Telangana,MoRTH,2022-11,2028-04,2028-03,690.33,690.33,0,0,2026-05,FlashReport_May2026.pdf
1767,619128,N24001483,11797,Khammam-Devarapalle Pkg II [4L Access Controlled Greenfield from Somavaram village to Chintagudem village Design Chainage 33604 to 63117],Telangana,National Highways Authority of India [NHAI],2021-01,2024-09,2026-06,615.78,981.64,431.67,98.02,2026-05,FlashReport_May2026.pdf
1768,619165,,,Thanamcherla-Jamandlapally 2LPS,Telangana,National Highways Authority of India [NHAI],2013-11,2023-02,2026-07,177.18,18.65,8.31,100,2026-05,FlashReport_May2026.pdf
1769,619193,,,Rehabilitation and upgradation of NH-221 from km 121/0 to 165/0 Rudrampur to Bhadrachalam section to two lane with paved shoulder under NHDPIV in the state of Telangana through EPC mode,Telangana,MoRTH,2015-01,2017-02,2026-06,295.47,334.82,375.14,82.76,2026-05,FlashReport_May2026.pdf
1770,619253,,12153,Construction of 4 lane Bypass to Nalgonda Town lrorn Km 000 Existing Ch. 181590 to Km 14.00 Existing Ch. 28/685 ol Nakrekal to Nagarjunsagar Section of NH -565 in the State of Telangara on EPC under Annual Plan 2024 -25,Telangana,MoRTH,2024-10,2027-10,2027-10,516.17,516.17,0,47.2,2026-05,FlashReport_May2026.pdf
1771,618350,N24002205,10272,Improvement & widening of existing NH-08 to 4-lane with Paved Shoulder from Champak Nagar to Khayerpur section design Km 242500 to Km 261610 in the state of Tripura on EPC basis under NHO-NE,Tripura,NHIDCL,2023-12,2026-09,2027-03,920.66,920.66,0,43.8,2026-05,FlashReport_May2026.pdf
1772,618367,N24002228,10282,Improvement and Widening to 2-lane with paved shoulder of road from design Km 72.000 Pati Chhari to design Km 107.654 Harina Total length 35.654 Km on Teliamura to Harina section of NH 208 in the state of Tripura on EPC mode under JICA ODA Loan Phase VI Package-4,Tripura,NHIDCL,2024-01,2026-12,2027-06,726.9,726.9,213.5,8.95,2026-05,FlashReport_May2026.pdf
1773,618368,N24002162,10283,Improvement and Widening to 2-lane with paved shoulder of road from design Km 36.000 Rangamati to design Km 72.000 Pati Chhari Total length 36.000 Km on Teliamura to Harina section of NH 208 in the state of Tripura on EPC mode under JICA ODA Loan Phase VI Package-3,Tripura,NHIDCL,2024-01,2026-09,2027-05,670.9,670.9,0,14.1,2026-05,FlashReport_May2026.pdf
1774,618369,N24002161,10284,Improvement and Widening to 2-lane with paved shoulder of road from existing Km 438.170 Khowai Chowmuhani to existing Km 439.410 South Pulinpur of NH-08 and from design Km 0.000 South Pulinpur to design Km 36.00 near Rangamati of NH 208 on Khowai Teliamura- Harina section Total length 37.24 in the state of Tripura on EPC mode under JICA ODA Loan Phase VI Package-2,Tripura,NHIDCL,2024-01,2026-09,2027-03,657.21,657.21,0,60.05,2026-05,FlashReport_May2026.pdf
1775,618370,N24002160,,Improvement and Widening to 2-lane with paved shoulder of road from Km 101.300 to km 127.319 Total Length 26.019 Km i.e. the Khowai Teliamura-Amarpur-Harina- Sabroom section of NH 208 in the state of Tripura on EPC under JICA ODA Loan Phase VI Package-1,Tripura,NHIDCL,2024-01,2026-07,2026-12,431.78,431.78,0,58.12,2026-05,FlashReport_May2026.pdf
1776,618385,N24002159,,Rehabilitation and up-gradation of road from design km 25.250 to km 36.460 Total lengh 11.210 km of Kailashahar-Kurti Bridge section on NH-208A to 2-lane with paved shoulder on EPC basis under NHO Package-III- Balance Work,Tripura,NHIDCL,2020-02,2026-03,2026-03,174.43,174.43,0,41.9,2026-05,FlashReport_May2026.pdf
1777,618386,N24001263,,Rehabilitation & Upgradation of Road from Km 0.00 to Km 18.600 Total length-18.600 km of Kumarghat-Kailashahar section on NH-208 to 2-lane with Paved shoulder on EPC bais under NHO,Tripura,NHIDCL,2020-02,2022-01,2024-10,277.5,302.03,0,0,2026-05,FlashReport_May2026.pdf
1778,618411,N24001914,,Melaghar-Srimantapur section on NH-08 Spur from Km 23 to Km 34.500 11.5 Km and overlay from Km 20.30 to Km 22.00 1.7 Km Total Length 13.2 Km,Tripura,NHIDCL,2023-01,2024-11,2026-06,195.95,195.95,86.33,70.13,2026-05,FlashReport_May2026.pdf
1779,618417,N24002132,10305,"Construction of 4-Lane with paved shoulder Agartala bypass Western side, length 25.402 km connecting NH-8 near Amtali to NH-108B near Lembuchhera in the state of Tripura on EPC basis under NHO-NE",Tripura,NHIDCL,2023-03,2027-03,2027-03,2026.05,2026.05,318.48,9.2,2026-05,FlashReport_May2026.pdf
1780,617957,N24002120,,Construction of Jasra Bypass with four lane paved shoulder configurationfrom Km 379.670 on NH-76New NH-35 to Km 18.00 on NH-27New NH-30 on EPC in the State of Uttar Pradesh.,Uttar Pradesh,MoRTH,2023-02,2025-09,,274.06,274.06,0,91.85,2026-05,FlashReport_May2026.pdf
1781,617963,N24002211,,Rehabilitation and upgradation to four lane road from km 70.500 to km 78.600 of NH- 92 under EPC mode in the State of Uttar Pradesh,Uttar Pradesh,MoRTH,2022-01,2027-01,2027-07,296.02,351.78,0,33,2026-05,FlashReport_May2026.pdf
1782,617964,N24002199,,"Widening to Four Lane rigid pavement configuration from Km 90.00 to Km 100.800 on NH-96 Km 42.0 to Km 53.300 as per new NH-330,design length of 11.300 km under EPC mode in the state of Uttar Pradesh.",Uttar Pradesh,MoRTH,2022-12,2026-11,2026-11,309.63,309.63,37.26,26,2026-05,FlashReport_May2026.pdf
1783,618008,N24001730,,"Construction of four-lane elevated viaduct from km.4634 to km.6345 on NH-24A including Retaining wall, service lane, at grade road and improvement of junctions, on EPC mode",Uttar Pradesh,MoRTH,2021-03,2023-09,2024-12,185.09,269.81,175.09,100,2026-05,FlashReport_May2026.pdf
1784,618009,N24000331,,Balance work of Construction of Ring Road for Raebareli City on eastern side of NH- 24B Phase-1 on EPC mode.,Uttar Pradesh,MoRTH,2019-12,2022-04,2026-07,319.96,347.8,0,95,2026-05,FlashReport_May2026.pdf
1785,618054,N24002150,10171,Construction of Balrampur bypass with 2L flexible pavement configuration from km.223.000 of NH-330 to km.328.300 of NH-730 under EPC mode,Uttar Pradesh,MoRTH,2022-12,2026-02,2026-08,515.69,515.69,118.71,52,2026-05,FlashReport_May2026.pdf
1786,618055,N24002016,,Construction of Pratapgarh Bypass Extension connecting NH-31 to NH-330 on EPC mode in the State of Uttar Pradesh.,Uttar Pradesh,MoRTH,2022-10,2025-06,2026-09,225.17,225.17,0,73,2026-05,FlashReport_May2026.pdf
1787,618056,N24002121,,Improvement and Up-gradation to two Lane with Paved Shoulder Configuration from existing km. 420.00 Shohrathgarh to km. 454.00 Uska Bazar of NH-730 in the state of Uttar Pradesh EPC basis,Uttar Pradesh,MoRTH,2022-01,2025-09,2026-12,509.65,484.42,106.67,56,2026-05,FlashReport_May2026.pdf
1788,618057,N24001997,,Construction of Shohratgarh Bypass on NH-730 under EPC mode in the State of Uttar Pradesh,Uttar Pradesh,MoRTH,2022-10,2025-05,2026-12,189.31,189.31,0,50,2026-05,FlashReport_May2026.pdf
1789,618063,N24001587,,Widening & Strenghteningof section from Bharthana chowk to Kodarkoot km.0.00 to km.40.00 of NH-91-A on EPC mode,Uttar Pradesh,MoRTH,2020-03,2024-09,2026-09,262.37,343.77,115.39,92,2026-05,FlashReport_May2026.pdf
1790,618066,N24002214,,Construction of Amethi bypass Part-II at km.30.050 of NH-931 under EPC mode in the state of Uttar Pradesh,Uttar Pradesh,MoRTH,2022-12,2027-02,2027-02,283.86,283.86,31.97,44,2026-05,FlashReport_May2026.pdf
1791,618067,,10172,"Rehabilitation & Up-gradation from design Km. 0.000 to Km. 69.280 of NH-931 Pratapgarh - Amethi - Gauriganj -Musafirkhana to two lane with paved shoulder on Engineering, Procurement & Construction EpC mode in the State of Uttar Pradesh",Uttar Pradesh,MoRTH,2023-05,2027-11,2027-11,1086.3,1086.3,0,5,2026-05,FlashReport_May2026.pdf
1792,618075,N24002031,10174,Construction of two lane with paved shoulder from existing Km.0.000 to Km.55.610 design km. 0.000 to km. 54.048 of NH-124D,Uttar Pradesh,MoRTH,2021-12,2026-02,2026-09,840.93,773.58,185.58,71,2026-05,FlashReport_May2026.pdf
1793,618081,N24002115,,Construction of Mariahu Bypass with four lane paved shoulder configuration Km. 53.540 to Km.59.200 of NH-135A on EPC mode in the state of Uttar Pradesh,Uttar Pradesh,MoRTH,2023-03,2026-02,2026-09,438.24,362.39,0,52,2026-05,FlashReport_May2026.pdf
1794,618082,N24001479,,Widening & Upgradation to four lane configuration from Km.34.900 Bhadohi to km.73.134 Jaunpur of NH-135A on EPC mode,Uttar Pradesh,MoRTH,2021-03,2024-05,2026-09,395.62,392.03,0,94,2026-05,FlashReport_May2026.pdf
1795,618110,N24001469,,Improvement and upgradation to two lane with Paved Shoulder configuration from existing km 55.00 to km 90.00 Design length 34.76 of NH-227A near Chhapia Village to near Sikriganj in the State of UP on EPC Mode.,Uttar Pradesh,MoRTH,2021-11,2024-05,2025-07,307.11,307.11,125.88,0,2026-05,FlashReport_May2026.pdf
1796,618111,N24002015,,Improvement and upgradation to two lane with paved shoulder configuration from existing km 90.00 to 130.00 Design length 39.15 of NH-227A near Sikriganj to Barhalganj in the State of UP on EPC Mode.,Uttar Pradesh,MoRTH,2021-08,2025-06,2026-06,403.36,345.34,0,94,2026-05,FlashReport_May2026.pdf
1797,618112,N24002240,10186,"Improvement and up-gradation of NH-227B 84 Kosi Parikrama Marg Package I, from km 228.920 Jagarnathpur to Km 235.960/0.000 MakhaudaDham to Km 29.000 Sarpur in the State of Uttar Pradesh on EPC basis",Uttar Pradesh,MoRTH,2022-03,2026-11,2026-11,912.5,912.5,1.9,4,2026-05,FlashReport_May2026.pdf
1798,618113,N24002241,10187,"Improvement and up-gradation of NH-227B 84 Kosi Parikrama Marg Package III, from Km.47.800 Gosaiganj to Km.73.300 Bikapur in the State of Uttar Pradesh on EPC basis.",Uttar Pradesh,MoRTH,2022-03,2026-11,2026-11,587.97,587.97,47.45,39,2026-05,FlashReport_May2026.pdf
1799,618114,,12089,"Improvement and up-gradation of NH-227B 84 Kosi Parikrama Marg PackageV, from Design Km.140.960 Patranga to Km.160.200 Bahuvan Madar Majha on EPC mode in the State of Uttar Pradesh",Uttar Pradesh,MoRTH,2023-03,2028-08,2028-08,1192.33,1192.33,0,2,2026-05,FlashReport_May2026.pdf
1800,618116,,,lmprovement and Up-gradation from Km. 73.300 Bikapur to Km.140.960 Patranga of NH-227B 84 Kosi Parikrama Marg to 2LPS along with Parikrama Path,Uttar Pradesh,MoRTH,2022-11,2028-01,2028-01,1679.75,1679.75,97.67,34.5,2026-05,FlashReport_May2026.pdf
1801,618124,N24002116,,Rehabilitation and upgradation from km 51.600 to km 75.700 of NH-321G Nuhkhas to Etah section to two lane with paved shoulder configuration under EPC mode in the State of Uttar Pradesh,Uttar Pradesh,MoRTH,2022-01,2025-08,2026-09,343.54,343.54,83.27,65,2026-05,FlashReport_May2026.pdf
1802,618162,,,"Improvement and up-gradation to 2LPS of NH-227B 84-Kosi Parikrama Marg PackageVI, Design Km 160200 Bahuvan Madar Majha to Km 224040 Jagarnathpur under HAM",Uttar Pradesh,MoRTH,2023-05,2028-01,2028-01,2008.7,2008.7,0,12,2026-05,FlashReport_May2026.pdf
1803,618163,N24001418,10195,"Rehabilitation and Up-gradation from km. 0000 to km.40390 of NH-730S MaharajganjNichloulThuthibari to two lane with paved shoulders in the State of U.P. on Engineering, Procurement & Construction EPC Basis.",Uttar Pradesh,MoRTH,2023-03,2025-12,2026-12,809.25,603.19,0,59,2026-05,FlashReport_May2026.pdf
1804,618164,N24001419,10196,Construction of four lane highway with paved shoulder from Km.74.700 to Km.112.950 of NH-731A i/c Yamuna Bridge on HAM in the state of Uttar Pradesh.,Uttar Pradesh,MoRTH,2022-03,2026-06,2026-07,1141.67,1157.31,0,86,2026-05,FlashReport_May2026.pdf
1805,618165,N24001545,10197,Construction of 4-lane highway with paved shoulders from Km 49.155 to Km 74.700 of NH-731A on Hybrid Annuity Mode in the state of Uttar Pradesh,Uttar Pradesh,MoRTH,2022-01,2026-01,2026-06,1156.72,1156.72,0,100,2026-05,FlashReport_May2026.pdf
1806,618166,N24001647,10198,Construction of 4-lane green field highway from Km. 35.000 to Km. 49.155 of NH- 731A with paved shoulders on Hybrid Annuity Mode in the state of Uttar Pradesh,Uttar Pradesh,MoRTH,2022-01,2025-10,2026-06,697.66,697.66,0.04,100,2026-05,FlashReport_May2026.pdf
1807,618167,N24001590,,Rehabilitation & Upgradation of NH-731A from Km.0.00 to Km.35.00 to 2-lane with paved shoulder under EPC mode,Uttar Pradesh,MoRTH,2021-03,2023-08,2026-06,264.86,264.86,0,93,2026-05,FlashReport_May2026.pdf
1808,618168,N24001792,10199,Widening to four lane with paved shoulder from Design Km.49.200 to Km.89.285 of NH-731B on EPC mode in the state of Uttar Pradesh,Uttar Pradesh,MoRTH,2022-03,2026-01,2027-01,917.91,965.3,128,56,2026-05,FlashReport_May2026.pdf
1809,618169,N24001730,10200,Construction of Two Lane with paved shoulder highway from Design Ch.0.000 to Ch.49.2OO of NH-731B on EPC Mode,Uttar Pradesh,MoRTH,2022-03,2025-11,2026-07,640.18,602.76,242.32,96.79,2026-05,FlashReport_May2026.pdf
1810,618187,,10202,"Rehabilitation and upgradation of Salon - Jais - Jagdishpur Road section of NH-931A, from design Chainage km 0.000 to km 5.740 to four lane divided carriageway and from design Chainage km 5.740 to km 53.500 to two lane with paved Total length km 53.500 along with One time improvement in 04 no's of realigned/bypassed built-up areas in a total length of 9.732 km in the state of Uttar Pradesh on EPC mode",Uttar Pradesh,MoRTH,2023-05,2027-10,2027-10,947.15,947.15,0,6,2026-05,FlashReport_May2026.pdf
1811,618229,N24001462,,Rehabilitation and upgradation to 2-lane with paved sholuders configuration of Near Karri village-Etawah section Km30.000 to Km 57.346 Pakage-II of NH-92 in state of Uttar Pradesh undergreen national Highway Corridor ProjectGNHCP with the loan assistance of world Bank on EPC mode.,Uttar Pradesh,MoRTH,2020-04,2024-02,2025-02,211.09,206.56,0,100,2026-05,FlashReport_May2026.pdf
1812,618233,N24001421,10222,Construction of 6-lane bridge on Ganga on NH-96 and its approaches in Phaphamau Allahabad on EPC mode,Uttar Pradesh,MoRTH,2018-07,2024-02,2026-09,1948.25,1465.41,0,88.9,2026-05,FlashReport_May2026.pdf
1813,618240,N24001461,,Rehabilitation and upgradation to 2-lane with paved sholuders configuration of Bewar- naer Karri village section Km0.00 to Km30.00 Pakage-I of NH-92 in state of Uttar Pradesh undergreen national Highway Corridor Project GNHCP with the loan assistance of world Bank on EPC mode.,Uttar Pradesh,MoRTH,2020-04,2024-03,2026-07,236.47,236.47,0,100,2026-05,FlashReport_May2026.pdf
1814,618243,N24002245,10224,Construction of Basti Ring Road Phase-I with 4L configuration for Basti City in the state of Uttar Pradesh on HAM mode,Uttar Pradesh,MoRTH,2022-12,2027-06,2027-06,1138.72,1138.72,0,30,2026-05,FlashReport_May2026.pdf
1815,618244,N24002235,10225,Construction of Raebareli Ring Road Phase-2 with four Lane configuration for Raebareli City in the state of Uttar Pradesh on Hybrid Annuity Model HAM basis,Uttar Pradesh,MoRTH,2022-03,2027-05,2027-05,1273.72,1273.72,0,51,2026-05,FlashReport_May2026.pdf
1816,618247,,,Construction of 4 lane Mirzapur bypass including bridge over river Ganga from km 0.000 to km 15.000 of NH 135A in the State of Uttar Pradesh on HAM Mode.,Uttar Pradesh,MoRTH,2024-03,2029-01,2029-01,1708.62,1708.62,0,3,2026-05,FlashReport_May2026.pdf
1817,618248,,,Widening to 4 lane from km. 139.00 to km 179.20 of NH-135A Pkg-III Jaunpur Akbarpur section and Akbarpur bypass on Hybrid Annuity Mode in the state of Uttar Pradesh.,Uttar Pradesh,MoRTH,2023-05,2028-01,2028-01,1653.15,1653.15,0,14,2026-05,FlashReport_May2026.pdf
1818,618249,N24002234,10227,Widening to 4 lane from km. 108.50 to km 139.00 of NH-135A Pkg-II Jaunpur Akbarpur section on Hybrid Annuity Mode in the state of Uttar Pradesh,Uttar Pradesh,MoRTH,2023-03,2027-03,2027-03,1511.57,1511.57,0,34,2026-05,FlashReport_May2026.pdf
1819,618252,N24002201,10230,"Improvement and Up-gradation to two Lane with Paved Shoulder/Four Lane configuration from existing Km 130.000 to Km 191.000 design km 131.500 to Km 188.735, Design length 57.235 Km of NH-227A near Barhalganj to Mehrauna Ghat in the state of Uttar Pradesh on Hybrid Annuity Model HAM basis",Uttar Pradesh,MoRTH,2022-01,2027-05,2027-05,974.19,1344.61,0.85,56,2026-05,FlashReport_May2026.pdf
1820,618260,,10231,"Construction of Salempur bypass to 4LPS from km 64.000 of NH-727A Km 171.00 of Sonauli Balia Marg, old SH-01, near Mahadahan Chauraha to km 61.500 of NH-727B Km 178.500 of Sonauli Balia Marg, old SH-01, near near Ahirauli Village under Hybrid Annuity Mode HAM in the State of Uttar Pradesh",Uttar Pradesh,MoRTH,2022-03,2027-11,2027-11,1348.06,1348.06,0,30.04,2026-05,FlashReport_May2026.pdf
1821,618262,,10232,Construction of Deoria Bypass from existing Km. 27.140 to existing Km. 46.780 Design Km. 49.109 on NH727A Design length 21.969 Km. to four lane with paved shoulder configuration under Hybrid Annuity Mode HAM in the State of Uttar Pradesh,Uttar Pradesh,MoRTH,2023-03,2027-07,2027-07,1734.7,1734.7,0,10,2026-05,FlashReport_May2026.pdf
1822,618263,N24002213,10233,"Rehabilitation and Up-gradation to 2LPS from Km. 0.000 to Km. 7.800 and Km. 35.400 to Km. 52.345 Design length 24.745 Km., except Bihar portion of NH-727B Tamkuhiraj to Bihar Border and Bihar Border to Majhauli on EPC mode in the State of Uttar Pradesh",Uttar Pradesh,MoRTH,2023-03,2026-07,2026-07,701.02,701.02,0,81.18,2026-05,FlashReport_May2026.pdf
1823,618264,,10234,"Widening and Strengthening to two Lane with Paved Shoulder/Four Lane with paved shoulder configuration from km. 61.500 of NH-727B near Nawalpur km 178.500 of Sonauli Balia Marg, Old SH-01 i.e. end point of Salempur Bypass to km. 106.495 of NH-727B near Sikanderpur under EPC mode",Uttar Pradesh,MoRTH,2023-05,2028-05,2028-05,2061.86,2061.86,0,30,2026-05,FlashReport_May2026.pdf
1824,618265,N24001457,,Rehabilitation and upgradation to 2-lane with paved sholuders configuration of Miranpur Katra to radhaita section of NH-730CKm.114.000 to Km 137.250pakage-III in state of Uttar Pradesh undergreen national Highway Corridor ProjectGNHCP with the loan assistance of world Bank on EPC mode.,Uttar Pradesh,MoRTH,2020-04,2024-07,2026-07,172.5,169.56,0,91,2026-05,FlashReport_May2026.pdf
1825,618266,N24001471,,Rehabilitation and upgradation to 2-lane with paved sholuders configuration of Bewar- Allahaganj- section of NH-730C Km.0.000 to Km 52.770 pakage-I in state of Uttar Pradesh undergreen national Highway Corridor Project GNHCP with the loan assistance of world Bank on EPC mode.,Uttar Pradesh,MoRTH,2020-04,2024-11,2026-07,325.24,340.16,0,99,2026-05,FlashReport_May2026.pdf
1826,618267,,,Widening/Upgradation to four lane configuration of Shahjahanpur-Bisalpur section from km 0.00 to km 47.026 of NH-731K on Hybrid Annuity Mode in the state of Uttar Pradesh.,Uttar Pradesh,MoRTH,2023-03,2028-05,,1590.2,1590.2,0,0,2026-05,FlashReport_May2026.pdf
1827,618498,N24001731,10356,6L Greenfield Kanpur - Lucknow Expressway Pkg II from km. 28.500 to km. 73.744,Uttar Pradesh,National Highways Authority of India [NHAI],2021-12,2025-05,2026-04,2471.56,2489,1178.84,99.8,2026-05,FlashReport_May2026.pdf
1828,618499,N24001745,10357,6L Elevated Kanpur - Lucknow Exeressway Pkg-1 from Km. 10980 to Km. 28500,Uttar Pradesh,National Highways Authority of India [NHAI],2021-12,2025-07,2026-06,1972.94,1943.27,769.45,94.14,2026-05,FlashReport_May2026.pdf
1829,618500,N24001772,10358,Construction of 4L Connector from Delhi Meerut Expressway Km 50.000 of Pkg IV to Km 8.520 of NH-235 Pkg-5,Uttar Pradesh,National Highways Authority of India [NHAI],2021-09,2024-03,2026-06,1081.39,1116.19,441.91,76,2026-05,FlashReport_May2026.pdf
1830,618529,N24001826,10380,Varanasi Ring Road Pkg-II connecting Sandaha Village km 11.70 / NH-29 with Revasa Village km 818.80 / NH-2,Uttar Pradesh,National Highways Authority of India [NHAI],2017-12,2022-02,2026-10,1991.71,1832.66,1016.28,95.37,2026-05,FlashReport_May2026.pdf
1831,618536,,10385,Construction of Ring Road around Kanpur from Ch.68.650 to Ch.93.209 Jarkala to Pakari Package-IV in State of Uttar Pradesh.,Uttar Pradesh,National Highways Authority of India [NHAI],2023-02,2027-06,2027-06,1603.53,1192.16,226.57,34.76,2026-05,FlashReport_May2026.pdf
1832,618537,N24002104,10386,Construction of Ring Road around Kanpur from Km.000 to Km. 23.325 Chachendi Sachendi I to Maharajpur Package-I,Uttar Pradesh,National Highways Authority of India [NHAI],2023-01,2026-06,2027-02,1753.75,1311.7,416.64,57.81,2026-05,FlashReport_May2026.pdf
1833,618538,,10387,Construction of Ring Road around kanpur from Ch.51.200 to Ch. 68.650 Badarka to Harbanch-Uchti Pkg-III,Uttar Pradesh,National Highways Authority of India [NHAI],2023-09,2027-07,2027-07,1792.68,1126.75,231.19,28.12,2026-05,FlashReport_May2026.pdf
1834,618539,,10388,Construction of Ring Road Kanpur from Ch. 32.090 to Ch.51.200 Transganaga to Sathara Package-II B,Uttar Pradesh,National Highways Authority of India [NHAI],2024-08,2027-09,2027-09,1089.41,1106.92,40.76,14.5,2026-05,FlashReport_May2026.pdf
1835,618540,,10389,Construction of Ring Road around Kanpur from Ch.23.325 to Ch.32.090 Chaudhariya to Transganga Package-IIA,Uttar Pradesh,National Highways Authority of India [NHAI],2024-08,2027-10,2028-04,1089.41,977.45,234.6,45.52,2026-05,FlashReport_May2026.pdf
1836,618553,N24001852,10399,6L of Agra Bypass Northern connecting Km. 174.500 of NH-2 new NH-19 to Km. 141.000 of Yamuna Expressways,Uttar Pradesh,National Highways Authority of India [NHAI],2022-01,2025-02,2026-07,957.62,1034.42,758.67,100,2026-05,FlashReport_May2026.pdf
1837,618554,N24001853,10400,Construction of left out portion of Agra Inner Ring Road connecting village Deori to NH-44 village Bad from Km. 0.000 to Km. 7.772,Uttar Pradesh,National Highways Authority of India [NHAI],2022-07,2024-09,2026-08,879.26,787.58,623.64,93.8,2026-05,FlashReport_May2026.pdf
1838,618565,N24002097,,Strengthening of existing 4L Ayodhya Bypass Section from design Km. 121 600 to Km. 144020 of NH 28 New NH 27Pkg-3,Uttar Pradesh,NHAI,2023-03,2025-03,2025-08,526.45,281.13,259.66,81.85,2026-05,FlashReport_May2026.pdf
1839,618566,N24002096,10409,4L Green Field Northern East side Gorakhpur Bypass 26.616 Kms starting from NH- 29E Chainage 83.308 and end at NH-28 Chainage 285.100,Uttar Pradesh,National Highways Authority of India [NHAI],2023-02,2026-01,2027-01,1973.98,1244.44,1005.8,71.98,2026-05,FlashReport_May2026.pdf
1840,618567,,10410,4/6L of Northern Ayodhya Bypass starting Km. 112.540 and ending Km. 139.928 north of existing NH-27 part-1 and part-2 south of NH-27 from km 0.000 to km 5.000.,Uttar Pradesh,NHAI,2024-08,2028-01,2028-01,2289.34,1834.25,233.67,30.14,2026-05,FlashReport_May2026.pdf
1841,618568,,10411,4/6L Southern Ayodhya Bypass from Km 5.000 to Km 37.172 starting near Km. 112.540 and ending at Km. 153.281 of NH-27,Uttar Pradesh,NHAI,2024-08,2027-09,2027-09,2541.13,1983.05,297.45,38.23,2026-05,FlashReport_May2026.pdf
1842,618669,,10474,4 -Laning of MP/UP Border to Kabarai section of NH-34&35 from km 197.000 to km 242.991 Length 45.991 Km Sagar-Kabrai Package-5 under Bharat Mala Pariyojana EC in MP & UP on HAM,Uttar Pradesh,National Highways Authority of India [NHAI],2022-10,2027-02,2027-01,1632.93,1425.43,338.64,53.75,2026-05,FlashReport_May2026.pdf
1843,618690,,10491,"4 lanning of Aligarh Palwal section from km 0.00 to km 46.39 package -1 from khereshwar junction-kurana of NH33D , including khair & jattari bypass in the state of UP on HAM mode",Uttar Pradesh,National Highways Authority of India [NHAI],2024-03,2027-03,2027-03,1663.38,1685.69,544.81,16.75,2026-05,FlashReport_May2026.pdf
1844,618692,,10493,Aligarh-Kanpur Pkg I [Aligarh-Bhadwas],Uttar Pradesh,National Highways Authority of India [NHAI],2018-03,2022-06,2026-08,1226.64,2069.6,769.4,100,2026-05,FlashReport_May2026.pdf
1845,618710,N24001830,10505,DL/UP Border - EPE Crossing Pkg-02,Uttar Pradesh,National Highways Authority of India [NHAI],2020-09,2023-11,2026-06,2002.79,1889.78,1733.16,100,2026-05,FlashReport_May2026.pdf
1846,618722,N24002036,10517,6L access Controlled Greenfield Highway from Gogwan Jalalpur Shamli to Ranipur Barsi Saharanpur of Shamli -Ambala section Package-I Design Ch. Form km 00.600 to km 45.500,Uttar Pradesh,National Highways Authority of India [NHAI],2022-06,2025-05,2027-03,1843.59,1247.55,708.41,58.9,2026-05,FlashReport_May2026.pdf
1847,618761,N24001754,10543,4L Spur of Meerut-Garh-Mukteshwar section connecting NH-119 and NH-58 bypassing Meerut Town of NH 709 A,Uttar Pradesh,National Highways Authority of India [NHAI],2021-10,2025-02,2026-07,991.89,977.73,854.1,96.22,2026-05,FlashReport_May2026.pdf
1848,618768,,12084,Four laning of Agra-Aligarh Section from Km. 0.000 Junction of NH-34 Aligarh Km 144.60 to Km. 28.000 near Asroi village in Hathras of NH-509 Package-I,Uttar Pradesh,National Highways Authority of India [NHAI],2024-06,2028-03,2028-11,1309.08,1309.08,30.46,0.64,2026-05,FlashReport_May2026.pdf
1849,618770,N24001729,,4L Spur of Panipat - Shamli connecting NH-709AD Panipat Shamli Muzaffarnagar and NH-709A Karnal Meerut bypassing Shamli district UP,Uttar Pradesh,National Highways Authority of India [NHAI],2021-10,2024-10,2025-03,516.16,273.42,232.93,74.23,2026-05,FlashReport_May2026.pdf
1850,618782,,10557,4L of Bareilly-Pilibhit-Sitarganj from Km. 0.000 to Km. 32.500 of NH-30 Pkg-1,Uttar Pradesh,National Highways Authority of India [NHAI],2023-02,2026-03,2027-03,1394.14,1394.14,587.94,62,2026-05,FlashReport_May2026.pdf
1851,618798,N24002095,10569,4L of Sonauli - Gorakhpur,Uttar Pradesh,National Highways Authority of India [NHAI],2021-12,2025-03,2026-09,2555.5,2275.43,1307.22,89,2026-05,FlashReport_May2026.pdf
1852,618843,,,Construction of two lane with paved shoulders bypass to Mungrabadshapur town starting from near Kodahu at Km 47/225 of NH-319D and ending near Nauwadandi at Km 219/720 of NH-31 under NHO in the state of Uttar Pradesh on EPC mode,Uttar Pradesh,National Highways Authority of India [NHAI],2025-02,2027-03,2027-09,197.6,165.28,37.94,15.05,2026-05,FlashReport_May2026.pdf
1853,618848,,10607,Construction of Underpass beneath airport runway on NH-31 old NH-56 for proposed expansion of runway of Babatpur Airport Varanasi,Uttar Pradesh,National Highways Authority of India [NHAI],2025-02,2027-09,2027-09,649.44,649.44,0.09,6.7,2026-05,FlashReport_May2026.pdf
1854,618854,N24001306,10610,2L PS of Raebareli - Jagdishpur with 4L Jagdishpur Bypass Spur,Uttar Pradesh,National Highways Authority of India [NHAI],2021-02,2024-01,2025-06,706.41,752.52,515.53,97.2,2026-05,FlashReport_May2026.pdf
1855,618855,N24001727,10611,"Improvement and Up-Gradation of Existing Road to 2/4L PS from Km 40.000 to 88.750, start of Khutar bypass to start of Shahjahanpur bypass of NH 731Pkg-I",Uttar Pradesh,National Highways Authority of India [NHAI],2022-03,2025-02,2026-04,838.68,838.68,560.48,99.2,2026-05,FlashReport_May2026.pdf
1856,618856,N24002094,10612,"Improvement and Up-Gradation of Existing Road to 4L PS from Km 123.650 to 175.080, from Start of Shahabad Bypass to End of Hardoi bypass of NH 731 Pkg-2B",Uttar Pradesh,National Highways Authority of India [NHAI],2022-09,2025-11,2027-03,1101.79,1212.26,357.18,63.51,2026-05,FlashReport_May2026.pdf
1857,618858,,10614,"Improvement and Up-Gradation of Existing Road to 4L PS from Km 88.750 to 123.650, from Start of Shahjahanpur Bypass to start of Shahabad bypass of NH 731Pkg.-2A",Uttar Pradesh,National Highways Authority of India [NHAI],2022-09,2026-01,2027-03,955.34,955.34,283.62,66.35,2026-05,FlashReport_May2026.pdf
1858,618859,N24001732,10615,"Improvement and Up-Gradation of Existing Road to 4L PS from Km 229.070 to 260.800, End of Hardoi District to Lucknow Ring road of NH 731 Pkg-4",Uttar Pradesh,National Highways Authority of India [NHAI],2021-09,2024-10,2026-06,575.66,553.61,371.98,99.33,2026-05,FlashReport_May2026.pdf
1859,618864,N24001851,10619,4L from Mathura Bypass Start at Existing Km. 154.20 of NH-44 to Gaju Village at Km 32.982 of NH-530B Pkg-IB,Uttar Pradesh,National Highways Authority of India [NHAI],2022-01,2025-03,2026-07,1722.11,1820.77,1050.08,100,2026-05,FlashReport_May2026.pdf
1860,618865,N24001730,10620,4L from Gaju Village at Km. 32.982 to Devinagar Bypass End at Km. 208.000 of NH- 530B Pkg-1C.,Uttar Pradesh,National Highways Authority of India [NHAI],2021-12,2025-01,,1384.79,1496.44,823.04,99.99,2026-05,FlashReport_May2026.pdf
1861,618866,,10621,"Four Lane Highway from Chandan Nagar Existing Km. 59.025 of NH 530B/Design Km. 179.5000 to Bareilly BypassStartExisting Km. 59.025 of NH 530B/Design Km. 218.000 Section of NH 530B, in the State of Uttar Pradesh on HAM Mode under NH0",Uttar Pradesh,National Highways Authority of India [NHAI],2024-12,2027-11,2027-11,2077,1112.44,305.32,22,2026-05,FlashReport_May2026.pdf
1862,618867,,10622,4L Kasganj-Badaun Section from Km. 123.100 to Km. 179.500 Pkg-III of NH530B,Uttar Pradesh,National Highways Authority of India [NHAI],2023-03,2027-05,2027-12,2009.11,1936.61,194.38,32.95,2026-05,FlashReport_May2026.pdf
1863,618868,,10623,4L from Devinagar Bypass End Existing Km. 208.000 of NH 530B/Design Km. 66.000 to Kasganj Bypass End Existing Km.150.100 of NH 530B/ Design Km. 123.100 of NH 530B,Uttar Pradesh,National Highways Authority of India [NHAI],2023-03,2026-06,2026-12,2289.52,2223.71,486.69,68.4,2026-05,FlashReport_May2026.pdf
1864,618869,,,"Construction of 4/6 lane Highway of Southern Bareilly Bypass, starting at Ch. 237000 of NH 530 near Jhumka chauraha, Dhantiya village and ending at Ch. 267000 of NH 30 near Invertis University including Trumpet Interchange",Uttar Pradesh,National Highways Authority of India [NHAI],2024-12,2028-06,2028-06,1122.02,1869.59,169.77,13,2026-05,FlashReport_May2026.pdf
1865,618883,N24002086,10634,Construction of Four Lane Highway form Ghazipur- Ballia-UP/Bihar State Border Greenfield section of NH-31 Package I [from Hridaipur km 0.000 to Shahapur km 42.500] on EPC Mode in the state of Uttar Pradesh.,Uttar Pradesh,National Highways Authority of India [NHAI],2022-10,2025-07,2026-06,1706.47,1579.59,866.24,100,2026-05,FlashReport_May2026.pdf
1866,618884,N24002087,10635,Construction of Four Lane Highway from Ghazipur- Ballia-UP/Bihar State Border Greenfield section of NH-31 Package II [from Shahapur km 42.500 to Pindari km 78.150] on EPC Mode in the state of Uttar Pradesh.,Uttar Pradesh,National Highways Authority of India [NHAI],2022-10,2025-10,2026-07,1493.65,1311.44,727.02,96.29,2026-05,FlashReport_May2026.pdf
1867,618885,N24002089,10636,Construction of Four Lane Highway from Ghazipur- Ballia-UP/Bihar State Border Greenfield section of NH-31 Package IV [from Buxur Spur of length km 17.270 on EPC Mode in the state of Uttar Pradesh.,Uttar Pradesh,National Highways Authority of India [NHAI],2022-10,2025-06,2026-07,617.88,549.02,249.49,91.1,2026-05,FlashReport_May2026.pdf
1868,618893,,10642,Varanasi Gorakhpur Section Packege IV from km. 149.540 to km. 215.160 Mau- Gorakhpur,Uttar Pradesh,National Highways Authority of India [NHAI],2015-04,2019-10,2026-08,2966.63,3475.65,866.7,97.35,2026-05,FlashReport_May2026.pdf
1869,618911,N24002090,10658,4L Greenfield Western Side spur of Rampur-Rudrapur Section from Km 0.000 to Km 13.700 connecting NH-24 to NH-87 bypassing rampur town,Uttar Pradesh,National Highways Authority of India [NHAI],2021-12,2024-11,2027-02,646.27,637.83,168.56,63.79,2026-05,FlashReport_May2026.pdf
1870,618923,,10669,4L Behsuma at Km 39.250 Ex. Km 39240 To Bijnor at Km 78.810 Ex. Km 86590 Design Length 39.560 Km of NH-119 Pkg-II,Uttar Pradesh,National Highways Authority of India [NHAI],2023-03,2026-05,2026-12,2158.2,2553.12,705.65,66.81,2026-05,FlashReport_May2026.pdf
1871,618924,,,2L PS of Najibabad Kotdwar section from 112.575 to Km. 138.635 of NH 119,Uttar Pradesh,National Highways Authority of India [NHAI],2021-10,2025-09,2026-10,188.87,99.2,33.72,55.9,2026-05,FlashReport_May2026.pdf
1872,618925,N24001738,,Bijnor-Kotawali,Uttar Pradesh,National Highways Authority of India [NHAI],2021-02,2023-05,2026-06,300.58,334.48,265.09,99.01,2026-05,FlashReport_May2026.pdf
1873,618927,,10671,4L of Moradabad-Thakurdwara-Kashipur Section from Km. 0.000 to Km. 38.77 of NH- 734 Pkg-II,Uttar Pradesh,National Highways Authority of India [NHAI],2022-10,2026-03,2027-06,2006.82,1890.05,919.25,49.64,2026-05,FlashReport_May2026.pdf
1874,618929,,10673,4L of Moradabad western side spur connecting NH-734 & NH-24 from Km. 0.000 to Km. 33.200 Pkg-I,Uttar Pradesh,National Highways Authority of India [NHAI],2022-11,2025-09,2026-10,1841.92,1843.54,996,79.96,2026-05,FlashReport_May2026.pdf
1875,618959,N24002106,,4L Prayagraj Greenfield By-pass from design Km 50860 near Nibi Kala Uperhar to design Km 64763 on NH-19 near Khodaypur Kasgaon including Interchange loop at NH-19,Uttar Pradesh,National Highways Authority of India [NHAI],2023-08,2025-03,,1017.99,427.54,406.6,100,2026-05,FlashReport_May2026.pdf
1876,618960,N24002105,10694,4 Lane Inner Ring Road around Allahabad City Pkg-2 Prayagraj Southern Bypass 43.200 - 50.860,Uttar Pradesh,National Highways Authority of India [NHAI],2023-08,2026-06,2027-06,1377.51,1007.62,425.91,42.76,2026-05,FlashReport_May2026.pdf
1877,618961,,,4 Lane Inner Ring Road around Allahabad City Pkg-1 Prayagraj Southern Bypass 34.400 43.200,Uttar Pradesh,National Highways Authority of India [NHAI],2025-02,2027-12,2027-12,775.94,498.97,21.22,9.18,2026-05,FlashReport_May2026.pdf
1878,618968,N24001735,10698,6L access control Greenfield highway of Vill-Khyawari to Vill-Latifpur at Saharanpur Bypass from Km. 82.000 to Km. 119.790 Pkg-4,Uttar Pradesh,National Highways Authority of India [NHAI],2021-03,2024-09,2026-06,1428.19,1439.35,1221.16,97.5,2026-05,FlashReport_May2026.pdf
1879,618970,N24001734,10700,6L access control Greenfield highway of Vill-Lohadda to Vill-Karaunda Mahajan from Km. 27.000 to Km. 56.500 Pkg-2,Uttar Pradesh,National Highways Authority of India [NHAI],2021-03,2024-09,2026-06,1335.45,1335.38,1021.32,92.89,2026-05,FlashReport_May2026.pdf
1880,619162,N24001753,11817,4L of Najibabad Bypass from Km. 105.423 to Km. 118.373 excluding 2.45 Km. of NH- 74 Bypass of NH-119,Uttar Pradesh,National Highways Authority of India [NHAI],2022-01,2024-06,2026-05,578.02,566.9,438.88,100,2026-05,FlashReport_May2026.pdf
1881,619168,N24001733,11822,6L access controlled Greenfield highway of Junction of EPE Vill.-Mavikalan to Vill.- Lohadda from Km. 0.000 to Km. 27.000 Pkg-1,Uttar Pradesh,National Highways Authority of India [NHAI],2021-03,2024-09,2026-06,1602.48,1497.94,1215.08,99.11,2026-05,FlashReport_May2026.pdf
1882,619194,,,"Construction of Four Lane Gola Flyover at Km 99.850 of NH 730 Major Junction with State Highways -93 of Engineering, Procurement and Construction EPC mode in the State of Uttar Pradesh.",Uttar Pradesh,MoRTH,2025-03,2027-10,,168.05,168.05,0,1.5,2026-05,FlashReport_May2026.pdf
1883,619308,,12098,6L access-controlled highway from Ganeshpur tonear Mohand of Ganeshpur Dehradun section from Km.0 to Km.8.3 of NH-72A Package-1,Uttar Pradesh,NHAI,2020-11,2023-10,2026-07,836.24,835.74,808.76,98.92,2026-05,FlashReport_May2026.pdf
1884,617888,,,Landslide treatment work on NH 58 from Kodiyala Km. 266.130 to Devprayag Km. 296.925 10 location under EPC mode in the State of Uttarakhand on EPC Mode,Uttarakhand,MoRTH,2023-01,2025-02,2026-06,192.54,192.54,0,99,2026-05,FlashReport_May2026.pdf
1885,617889,,,Treatment of landslide zone from location no. 01 to 28 km 62.860 to 152.750 on NH- 12509 in the State of Uttarakhand under EPC mode in NHO Annual Plan 2022-23,Uttarakhand,MoRTH,2022-11,2024-06,2026-06,192.22,192.22,0,98.5,2026-05,FlashReport_May2026.pdf
1886,617890,,,Construction of Champawat Bypass with two lane with paved shoulder configuration starting from existing chainage 121.700 to existing chainage 129.450 Design Length 9.847 of NH-125 in District-Champawat in the state of Uttrakhand on EPC mode.,Uttarakhand,MoRTH,2025-02,2027-12,,220.89,220.89,0,8,2026-05,FlashReport_May2026.pdf
1887,617929,N24000781,,Construction of 2 lane with paved shoulder of Kund Bypass from Design Km 35.130 to Km 47.700 existing Km 33.130 to Km 41.260 of NH-109 in the State of Uttarakhand,Uttarakhand,MoRTH,2018-02,2020-05,2026-12,247.41,247.41,110.98,73.5,2026-05,FlashReport_May2026.pdf
1888,617967,,,Construction of Rudraprayag tunnel of length 900.30 MTR including approaches and one major bridge on river Alaknanda connecting NH-107/old-109 to NH-07old-58 on EPC mode in the state of Uttarakhand.,Uttarakhand,MoRTH,2021-02,2025-07,2026-05,251.88,251.88,0,99,2026-05,FlashReport_May2026.pdf
1889,617968,N24000779,,Construction & Widening Including Augustmuni Bypass Ch-16.545 to Ch - 19.890 to 2L/PS from Km 16.545-Km 33.130 & 45.980 -57.975 Augustmuni to Kund & Guptkashi to Sitapur on NH 109 in UK,Uttarakhand,MoRTH,2017-03,2020-02,2024-03,418.89,418.89,422.72,95,2026-05,FlashReport_May2026.pdf
1890,617970,N24000775,,Reconstruction of existing 2 L/IL to 2L with paved shoulder from existing km 52.200 to 92.880 of NH-,Uttarakhand,MoRTH,2016-10,2019-06,2023-10,282.08,282.08,166.13,100,2026-05,FlashReport_May2026.pdf
1891,617974,,,Rehabilitation and upgradation of 2 lane with paved shoulder from existing km. 195.175 to km. 220.000 Design Chainage km71.300 to Km. 95.947 Excluding existing chainage Km 200.300 to Km 202.400 Design chainage Km 76.400 to Km 78.400 on Dharasu to Yamunotri Road of NH- 134 Old NH-94,Uttarakhand,MoRTH,2025-05,2028-04,,344.73,344.73,0,23.38,2026-05,FlashReport_May2026.pdf
1892,617975,N24000820,,Rehabilitation and upgradation to 2 lane with paved shoulder configuration from km 122.00 Dharasu Bend to km 147.230 Silkyara Bend of NH-94 in the state of Uttarakhand,Uttarakhand,MoRTH,2017-03,2019-11,2024-07,237.79,237.79,79.56,100,2026-05,FlashReport_May2026.pdf
1893,618039,,,Widening to 2 Lane from Existing Chainage Km 74.700 Km 100.660 Design Chainage Km 53.365 to Km 78.785 on NH- 507 in the State of Uttarakhand.,Uttarakhand,MoRTH,2024-01,2028-04,,346.82,346.82,0,30.29,2026-05,FlashReport_May2026.pdf
1894,618040,,,Rehabilitation and Upgradation to Two lanes with Paved Shoulders configuration and Strengthening from Km 175.00 to Km 196.00 Gumkhal to Satpuli of NH-119 New NH- 534 in the State of Uttarakhand under NHO Annual Plan 2021-22 under EPC mode,Uttarakhand,MoRTH,2022-03,2027-01,,452.81,452.81,0,42,2026-05,FlashReport_May2026.pdf
1895,618041,,,Rehabilitation and upgrading to two lanes with paved shoulders and Strengthening of Kotdwar-Pauri-Srinagar road section from Km 232.00 to 274.470 on NH-119 New 534 Paidul to Srinagar in the State of Uttarakhand on EPC Mode under NHO Annual Plan 2021-22.,Uttarakhand,MoRTH,2022-02,2027-12,,299.31,299.31,0,2,2026-05,FlashReport_May2026.pdf
1896,618119,,,Rehabilitation and up-gradation to 2-lane configuration of Bageshwar to Kangarchina road from km 129.600 to Km 161.600 Existing Chainage 136.00 to Km 169.00 of NH- 309Ain the State of Uttarakhand Package-IV under NHO Annual Plan 2021-22,Uttarakhand,MoRTH,2022-03,2027-02,,472.23,472.23,0,60,2026-05,FlashReport_May2026.pdf
1897,618207,,10213,Widening to 2-lane with Hard Shoulder configuration of Mana Ch. 0.00 to Mana Pass Ch. 50.987 road on NH-07 under Bharatmala Pariyojna in the state of Uttarakhand under Annual Plan 2022-23 length 50.987,Uttarakhand,MoRTH,2022-10,2027-10,2028-10,573.96,573.96,0,20.78,2026-05,FlashReport_May2026.pdf
1898,618208,,,Construction and upgradation of existing road to 2-lane with paved shoulder from existing chainage Km 509.725 to Km 528.000 design chainage Km 490.550 to Km 507.850 of NH-58 new NH-07 Benakuli bend to Mana Village in EPC mode under Chardham Programme in the State of Uttarakhand.,Uttarakhand,MoRTH,2019-02,2021-10,,180.1,180.1,0,95,2026-05,FlashReport_May2026.pdf
1899,618209,,,Construction & up gradation of existing road to 2-Lane with paved shoulder from existing chainage km 468000 to km 489350 Design Chainage km 465150 to km 471500 of NH-07 Old NH-58 including Joshimath bypass on EPC mode in the state of Uttarakhand Length 6.35 km,Uttarakhand,MoRTH,2022-03,2025-09,2027-08,258.85,258.85,0,35.6,2026-05,FlashReport_May2026.pdf
1900,618210,,10214,Rehabilitation and upgradation of Askot-Lipulekh on EPC Basis for Phase-I Existing Km 72.00 to 107.620 Design Chainage Km 21330 to Km 56935 under Project Hirak of BRO in the state of Uttarakhand under Bharatmala Pariyojna Phase-I on EPC Mode Length-35.605 Km CA No EPC/MORT&H/HRK/01/2021-22,Uttarakhand,MoRTH,2020-09,2023-12,2026-06,603.92,603.92,0,81.17,2026-05,FlashReport_May2026.pdf
1901,618211,,10215,Improvement/construction of 2-lane with paved shoulder of Askote Llipulekh road from Tawaghat village to Budhi village design km. 56935 to km 95748 and from end of Tunnel portal to Kali Mandir design km 113828 to km. 133078 [total design length 58.063 km] under project Hirak of BRO in the state of Uttarakhand under Bharatmala Pariyojna on EPC Mode,Uttarakhand,MoRTH,2022-05,2026-11,2026-11,649.6,649.6,0,29.72,2026-05,FlashReport_May2026.pdf
1902,618212,,,"STABILIZATION OF LAND SLIDE AND SLOPE PROTECTION AT KM 11.00 TO KM 11.08, 29,730 KM TO 30,060 KM, 30,400 KM TO 31,060 KM, 34,750 KM TO 35,300 KM, 38,950 KM TO 39,030 KM & 39,460 KM TO 39,540 KM TWO LOC CLUBBED, KM 40,400 TO KM 40,650, KM 43,500 KM 43,680, 52,460 RISHIKESH - DHARASU ROAD NH-94 ON EPC MODE IN THE STATE OF UTTARAKHAND. NOSE OF LAND SLIDE - 12 NOS",Uttarakhand,MoRTH,2024-01,2027-04,,197.26,197.26,0,22,2026-05,FlashReport_May2026.pdf
1903,618213,,,Rehabilitation and Upgradation of road Rishikesh Dharasu Old NH-94 with 2-lane with paved shoulder from km 76.000 to km 110.000 Design Chainage from km 74.733 to km 107.347 32.614 km including construction of Kamand re-alignment from existing Chainage Km 105.200 to Km 108.600 design chainage Km 103.436 to Km 105.949 - total length 2513 mtrs and land slide treatment work between design chainage Km 73.800 to Km 74.00 200m on EPC mode under improvement to NH connectivity to Chardham in,Uttarakhand,MoRTH,2018-03,2021-01,2026-01,273.76,273.76,0,96.46,2026-05,FlashReport_May2026.pdf
1904,618214,,,Rehabilitation and upgradation to 2 lane / 2 lane with paved shoulder configuration for design chainage km 107.347 to km 129.208 & km 133.878 to km 138.570 existing chainage km 110.000 to km 133.020 & km 137.330 to km 142.028 and land slide treatment at existing km 138.500 Design chainage km 134.970 of NH -94 on EPC mode under improvement to NH connectivity to Chardham in the state of Uttarakhand.,Uttarakhand,MoRTH,2018-03,2021-07,2024-06,346.5,346.5,0,100,2026-05,FlashReport_May2026.pdf
1905,618218,,,Rehabilitation & upgradation of existing road to 2-lane with hard shoulder from Joshimath km 0.00 to Saraithota km 29.725 road on NH-107B under Bharatmala Pariyojna on EPC mode in the state of Uttarakhand,Uttarakhand,MoRTH,2022-10,2025-05,2027-03,338.38,338.38,0,78.2,2026-05,FlashReport_May2026.pdf
1906,618219,,,Upgradation to 2-lane with Hard shoulder configuration of Suraithota Ch. 29.725 km to Malari Ch. 60.550 km road on NH- 107B under in the state of Uttarakhand.,Uttarakhand,MoRTH,2022-10,2026-05,2026-12,292.76,292.76,0,72.5,2026-05,FlashReport_May2026.pdf
1907,618390,N24000855,10297,"Construction, Operation & Maintenance of 2-L Bi-directional Silkyara Bend- Barkot Tunnel with escape passage including approaches Tunnel-4.531 & Approach road- 0.328 on Dharasu-Yamunotri section b/w Chainage 25.400km and 51.00km falling along NH-134 Old NH-94 on EPC mode",Uttarakhand,NHIDCL,2018-03,2022-07,2027-03,1383.78,1383.78,710.42,72.85,2026-05,FlashReport_May2026.pdf
1908,618391,N24002164,,"Construction for Mitigation Measures of 5 Nos. Landslides, 05 No. Sinking Zones and 01 No. Bridge from Ch. 450.00 to Ch. 468.00 18 Km. Length on NH-07 Package-III",Uttarakhand,NHIDCL,2023-12,2025-12,2027-02,250.33,250.33,0,83.54,2026-05,FlashReport_May2026.pdf
1909,618392,N24002206,,"Construction for Mitigation Measures of 5 Nos. Landslides, 5 Nos. Sinking Zones in between Ch. 433.00 to 450.00 BANERPANI VILLAGE on NH-07 on EPC mode in the state of Uttarakhand Package-2",Uttarakhand,NHIDCL,2023-12,2026-06,2027-01,259.64,259.64,0,62.93,2026-05,FlashReport_May2026.pdf
1910,618393,N24002163,,"Construction for Mitigation Measures of 10 Nos. Landslides, 01 No. Sinking Zones and 1 No. of Minor Bridge in between at Ch. Km 368.00 to Km 433.00 on NH-07 on EPC Mode in Uttarakhand Package-1",Uttarakhand,NHIDCL,2023-12,2025-12,,216.68,216.68,107.69,96,2026-05,FlashReport_May2026.pdf
1911,618875,,,4L of Haridwar Nagina section Design Ch. LME from km 13.829 to km 17.110 & km 26.077 to km 27.508 and Design Ch. RME from km 13.839 to km 17.120 & km 26.078 to km 27.509 of EUP mitigation measures on NH74,Uttarakhand,National Highways Authority of India [NHAI],2021-11,2024-02,2026-12,183.92,142.11,113.06,70.42,2026-05,FlashReport_May2026.pdf
1912,619142,,,Construction of 4-lane connectivity to Banbasa ICP at India Nepal border from NH-09 old NH-125 Sitarganj-Tanakpur at Km 40.00 near Jagbuda bridge under Bharatmala Priyojana of NH-109D on EPC mode in the State of Uttarakhand,Uttarakhand,National Highways Authority of India [NHAI],2022-06,2024-09,2027-04,216.97,237.01,165.81,75.24,2026-05,FlashReport_May2026.pdf
1913,619155,N24001526,11813,Upgradation and 4L of Haridwar Bypass from Km 0.000 Km 188.100 of NH-58 to Km. 15.100 Km 5.100 of NH 74 PKg-1,Uttarakhand,National Highways Authority of India [NHAI],2021-11,2024-10,2026-11,1602.89,1423.89,590.01,79.25,2026-05,FlashReport_May2026.pdf
1914,619292,,12093,4L Medinipur to Ballupur from Km. 458.65 to Km. 487.65 of NH-07Pkg-2,Uttarakhand,NHAI,2022-03,2025-02,2026-07,1092.9,1072.5,736.07,93.9,2026-05,FlashReport_May2026.pdf
1915,619293,,,Construction of 4 Lane Access Controlled Bypass for Dehradun on NH307 from Design Chainage km 0050 Jhajra on NH-07 to Design Chainage km 12220 Asharori on EPC Mode in the State of Uttarakhand under NHO,Uttarakhand,NHAI,2023-12,2027-04,2027-04,715.97,337.11,159.18,54.86,2026-05,FlashReport_May2026.pdf
1916,619294,,,Road Safety Improvement of existing four lane section of Dehradun-Lal Tappar-Nepali Farm Section of NH-7 and Nepali Farm-Motichur NH-34 on EPC Mode in Uttarakhand under NHO.,Uttarakhand,NHAI,2025-05,2028-08,2028-08,720.67,388.19,2.6,1,2026-05,FlashReport_May2026.pdf
1917,619295,,12094,Four/Six laning of Bhaniyawala-Jollygrant-Rishikesh spur section of NH-07 from Km. 0.000 to Km 19.780,Uttarakhand,NHAI,2023-02,2027-11,2027-11,742.43,664.92,0.52,0,2026-05,FlashReport_May2026.pdf
1918,617893,,,Construction of additional major Bridge with 4- lane configuration of length 1.48 km on NH-60 NH-14 over River Kangshabati from Km. 117.770 to Km 119.250 and additional major Bridge with 4- lane configuration of length 0.900 km on NH-60 NH- 14 over River Shilabati from Km. 173.220 to Km 174.120 in the district of Paschim Medinipur of West Bengal under Annual Plan for FY 2023-24 on EPC mode. Job No 014-W8-2023-24/527 .,West Bengal,MoRTH,2023-11,2028-05,2028-05,304.83,304.83,0,0,2026-05,FlashReport_May2026.pdf
1919,617894,,,"Construction or 4 lane Raniganj Bypass of length 5.261 km on NH-60 new NH-14 from km 273.00 of NH to km 478.18 of NH-2 New NH 16 in paschim Bardhaman, West Bengal in EPC Mode- reg. Job No. 014-WB-2022-23/514",West Bengal,MoRTH,2023-03,2026-03,2027-03,410.83,410.83,169.08,66.82,2026-05,FlashReport_May2026.pdf
1920,617931,,,Construction of ROB and its approaches in lieu of LC No. 10/B/T at Km 307.050 of NH-60.,West Bengal,MoRTH,2016-03,2025-08,2027-03,155.87,138.57,0,16.35,2026-05,FlashReport_May2026.pdf
1921,617960,N24000874,,Construction of new road at the missing link portion of NH-81 along approved alignment between Harishchandrapur and Eastern approach of Kalindri Bridge from Km 46.550 to Km 59.697 in the district of Malda. Job No-081-WB-2015-16/400,West Bengal,MoRTH,2016-08,2018-11,2026-08,271.17,291.2,209.23,84.78,2026-05,FlashReport_May2026.pdf
1922,618227,N24001850,10220,Development to 4/6-lanning of NH-31 New NH-10 with both side service roads from km 569.258 to km 581.030 end of AH-02 project on NH- 31 near Shivmandir to Sevoke Army Cantonment in districts of Darjeeling and Jalpaiguri in the state of West Bengal on EPC Mode Job No. 010/WB/2021-22/490,West Bengal,MoRTH,2022-03,2025-09,2027-03,995.04,1059.2,494.68,71.61,2026-05,FlashReport_May2026.pdf
1923,618427,N24001261,,Construction & upgradation of existing road to 2-lane with paved shoulder including geometric improvement of Kafer- Lava More section from km 40.00 to km 61.100 of NH717-A on EPC under SARDP-NE A in state of West Bengal Pkg-VA,West Bengal,NHIDCL,2020-06,2023-04,2026-07,311.02,273.78,6.11,95.72,2026-05,FlashReport_May2026.pdf
1924,618429,N24001262,,Construction & upgradation of existing road to 2-lane with paved shoulder including geometric improvement of sect. from Pedong bypass to Reshi Border km 79.700 to km 96.254 of NH-717A under SARDP-NE-A on EPC as part of Alternate connectivity to Gangtok Lava More-Reshi Border Pkg-VB,West Bengal,NHIDCL,2020-06,2022-04,2026-06,345.38,395.59,395.8,95.72,2026-05,FlashReport_May2026.pdf
1925,618430,N24001251,,Construction of alternative highway to Gangtok in Sikkim via Bagrakot -Chuikhim- Nimbong -Kafer-Bakhim-Algarah-Rhenock in the State of West Bengal and from Rhenok-Rorathang-Pakyong along with spur from Aritar-Rolep-Menla in the State of Sikkim from Km 0.00 to Km 13.00 of Bagrakot -Kafer section of NH 717A on EPC Mode under Phase-A of SARDP-NE in the State of West Bengal PKG- IVA,West Bengal,NHIDCL,2018-03,2022-04,2026-06,402.94,402.94,0,98.54,2026-05,FlashReport_May2026.pdf
1926,618431,N24001252,,Construction of alternative highway to Gangtok in Sikkim via Bagrakot -Chuikhim- Nimbong -Kafer-Bakhim-Algarah-Rhenock in the State of West Bengal and from Rhenok-Rorathang-Pakyong along with spur from Aritar-Rolep-Menla in the State of Sikkim from Km 13.00 to Km 25.60 of Bagrakot -Kafer section of NH 717A on EPC Mode under Phase-A of SARDP-NE in the State of West Bengal PKG- IVB,West Bengal,NHIDCL,2018-03,2023-04,2026-07,295.97,295.97,0.39,96.99,2026-05,FlashReport_May2026.pdf
1927,618572,,,Binnaguri Bypass-Descoped portion of Ghoshpukur-Dhupguri Section of NH-31Dpkg-1,West Bengal,National Highways Authority of India [NHAI],2025-03,2027-11,2027-11,309.99,306.02,1.94,2.11,2026-05,FlashReport_May2026.pdf
1928,618574,,10412,Balance Works of 4L of NH-31D from Km. 113.200 to Km. 154.854 Package-II A Ghoshpukur-Salsalabari Section,West Bengal,National Highways Authority of India [NHAI],2023-11,2027-06,2027-06,1818.46,962.31,457.06,56.54,2026-05,FlashReport_May2026.pdf
1929,618808,,10575,6L Elevated Kona Expressway from Km. 0.145 to Km. 7.337 of NH-117,West Bengal,National Highways Authority of India [NHAI],2023-03,2026-12,2027-12,1212.56,1203.11,321.57,38.85,2026-05,FlashReport_May2026.pdf
1930,618823,,,4 laning of Barasat - Barajaguli Section of NH-12 from Km. 31.000 to Km. 48.679 in the district of North 24 - Parganas,West Bengal,National Highways Authority of India [NHAI],2024-02,2026-02,2027-10,352.01,346.39,87.2,39.55,2026-05,FlashReport_May2026.pdf
1931,618824,,,"Development to 4-laning of the de-scoped stretches from Km 115.342 to Km 191.700 of NH-34 in Nadia District 3.962 & Murshidabad District 5.538 pertaining to Krishnagar to Berhampore section of NH-34 New NH-12 , in the state of West Bengal under NHO.",West Bengal,National Highways Authority of India [NHAI],2024-03,2026-01,2027-06,201.1,197.74,56.99,52.6,2026-05,FlashReport_May2026.pdf
1932,618825,N24001750,10589,Bridge over Ganga River at d/s of Farraka Barrage including Approaches connecting Farakka-Raiganj,West Bengal,National Highways Authority of India [NHAI],2018-08,2021-12,2026-09,622.04,646.1,367.17,96.17,2026-05,FlashReport_May2026.pdf
1933,618910,N24001749,10657,4L of Purulia Bypass section from Km 84.030 to Km 94.345 of NH-32,West Bengal,National Highways Authority of India [NHAI],2021-01,2023-08,2026-09,557.55,562.57,468.78,94.12,2026-05,FlashReport_May2026.pdf
1934,619004,,10805,"Construction of Dubrajpur Bypass with 4-lane configuration of length 5.676 km on NH- 60 new NH-14 from design chainage 0.00 existing km 316.135 on NH-60 to design chainage 5.676 existing km 320.980 on NH-60 in the district of Birbhum, West Bengal under Annual Plan 2022-23 in EPC Mode- reg. Job. No. 014-WB-2022- 23/518 .",West Bengal,MoRTH,2023-03,2027-12,2027-12,560.79,560.79,0,4,2026-05,FlashReport_May2026.pdf
1935,619187,,,"Slope protection and landslide mitigation at 4 vulnerable locations km 1.950 to Km 2.100, km 11.100 to 11.450, km 22.435 to km 22.485 and km 22.610 to km 22.680 within Sevoke-Rangpo section of NH-10 old NH-31A in Darjeeling & Kalimpong district in the State of West Bengal on EPC mode",West Bengal,NHIDCL,2024-02,2027-06,2027-06,152.27,152.27,0,29.33,2026-05,FlashReport_May2026.pdf
1936,709859,N28000115,,SETTING UP OF PHYSICAL INFRASTRUCTURE FOR THE NATIONAL INSTITUTE OF COMMUNICATION FINANCE [NICF] AT GHITORNI,Delhi,National Communication Academy - Finance [Erstwhile NICF],2014-10,2020-02,2026-06,248.2,248.2,237.39,98,2026-05,FlashReport_May2026.pdf
1937,701598,,3130,Provision of 4G based Mobile Services in Uncovered Villages and National Highways of Meghalaya,Meghalaya,Department of Telecommunications,2019-09,2022-03,2026-06,971.96,180.46,167.23,99.84,2026-05,FlashReport_May2026.pdf
1938,617413,,9761,Mobile connectivity in Left Wing Extremism [LWE] affected areas-Phase 1 Upgradation,"Multi-States (Andhra Pradesh, Bihar, Chhattisgarh, Jharkhand, Madhya Pradesh, Maharashtra, Odisha, Telangana, Uttar Pradesh, West Bengal)",Department of Telecommunications [DoT],2022-04,2025-05,2026-03,1884.6,1884.6,376.8,98.28,2026-05,FlashReport_May2026.pdf
1939,701599,,3127,Mobile connectivity in Left Wing Extremism [LWE] affected areas-Phase2,"Multi-States (Andhra Pradesh, Bihar, Chhattisgarh, Jharkhand, Madhya Pradesh, Maharashtra, Odisha, Telangana, Uttar Pradesh, West Bengal)",Department of Telecommunications [DoT],2018-05,2023-03,2026-11,1577.57,604.6,480.91,88,2026-05,FlashReport_May2026.pdf
1940,701602,,3133,"Provision of 4G based mobile services in 7,287 uncovered villages of 44 Aspirational District across 5 states of Andhra Pradesh, Chhattisgarh, Jharkhand, Maharashtra & Odisha","Multi-States (Andhra Pradesh, Chhattisgarh, Jharkhand, Maharashtra, Odisha)",Department of Telecommunications [DoT],2021-11,2023-11,2027-01,3685,1448.61,1100.41,81.2,2026-05,FlashReport_May2026.pdf
1941,701597,,3129,Provision of 4G Mobile Services in Uncovered Villages of Arunachal Pradesh and 2 Districts of Assam,"Multi-States (Arunachal Pradesh, Assam)",Department of Telecommunications,2020-12,2023-04,2026-09,1255.49,276.62,237.98,99.6,2026-05,FlashReport_May2026.pdf
1942,704495,,3132,"502 Aspirational District Scheme in Four states - Bihar, Madhya Pradesh, Rajastha and Uttar Pradesh","Multi-States (Bihar, Madhya Pradesh, Rajasthan, Uttar Pradesh)",Department of Telecommunications [DoT],2019-12,2022-03,2026-06,421.65,228.94,92.37,99,2026-05,FlashReport_May2026.pdf
1943,400013,,4599,Saturation 4G mobile coverage of Uncovered Villages through USOF,PAN India,Department of Telecommunications [DoT],2022-07,2024-06,2027-03,26316,15392.8,9791.8,85,2026-05,FlashReport_May2026.pdf
1944,701593,,9929,4G Services by BSNL,PAN India,Department of Telecommunications [DoT],2020-11,2024-03,2026-03,28466,19592,8471.19,98.34,2026-05,FlashReport_May2026.pdf
1945,706775,,3123,BharatNet,PAN India,Department of Telecommunications [DoT],2017-07,2023-08,2027-03,61109,188000,46431.54,83.3,2026-05,FlashReport_May2026.pdf
1946,709856,N26000116,,MPLS-IP BASED ACCESS AND AGGREGATION NETWORK [MAAN] IN BSNL ALONG WITH TEST AND MEASURING EQUIPMENT,PAN India,BSNL,2023-05,2024-08,2026-06,645.13,645.13,377.59,92.1,2026-05,FlashReport_May2026.pdf
1947,709857,N26000117,,"Planning, Engineering, Supply, Installation, Testing, Commissioning, Integration & Annual Maintenance of 4G mobile network at 1 Lakh sites on PAN India basis including Mumbai & Delhi LSA on turnkey basis under Phase IX.2 Project.",PAN India,BSNL,2023-05,2025-06,2026-09,24544.55,24544.5,8472.04,98.34,2026-05,FlashReport_May2026.pdf
1948,616600,N30000027,,Interception and Diversion and STP works in Bhagalpur under Hybrid annuity based PPP mode-Namami Gange Programme,Bihar,National Mission for Clean Ganga,2017-10,2025-02,2026-12,413.29,413.29,126.67,97,2026-05,FlashReport_May2026.pdf
1949,616611,N30000051,3246,Sewage Treatment Plant 100MLD and Sewerage Network 288 km in Digha-Patna under Hybrid annuity based PPP mode-Namami Gange Programme,Bihar,National Mission for Clean Ganga,2017-08,2025-12,2026-09,824,824,396.71,57,2026-05,FlashReport_May2026.pdf
1950,616612,N30000050,3245,Sewage Treatment Plant 50MLD and Sewerage Network 150 km in Kankarbagh- Patna under Hybrid annuity based PPP mode-Namami Gange Programme,Bihar,National Mission for Clean Ganga,2017-08,2025-12,,578.89,578.89,171.79,54,2026-05,FlashReport_May2026.pdf
1951,616615,N30000026,,"Sewer Network, SPS and STP at Begusarai",Bihar,National Mission for Clean Ganga,2010-03,2025-04,2026-12,230.06,230.06,261.82,97,2026-05,FlashReport_May2026.pdf
1952,616616,N30000035,,"Sewer Networks, SPS and STP at Hajipur",Bihar,National Mission for Clean Ganga,2010-03,2025-06,2026-12,305.19,305.19,346.46,95,2026-05,FlashReport_May2026.pdf
1953,616594,,7013,Interception & Diversion with Rehabilitation of sewerage scheme at Agra under Hybrid annuity based PPP model-Namami Gange Programme,Uttar Pradesh,National Mission for Clean Ganga,2020-05,2025-04,2026-12,842.25,842.25,208.64,83,2026-05,FlashReport_May2026.pdf
1954,616605,,7015,Pollution Abatement Works for River Kali Meerut under Meerut Municipality Interception & Diversion with STP,Uttar Pradesh,National Mission for Clean Ganga,2020-05,2024-12,2027-03,690.71,690.71,34.79,56,2026-05,FlashReport_May2026.pdf
1955,616604,N30000042,,Pollution Abatement works for River Ganga at Hooghly Chinsurah- Municipal Town Interception & Diversion with STP,West Bengal,National Mission for Clean Ganga,2018-05,2025-03,2026-08,154.73,154.73,96.17,93,2026-05,FlashReport_May2026.pdf
1956,400100,,3351,Sardar Gouthu Latchanna Thotapalli Barrage Project,Andhra Pradesh,Water Resources-AP,2005-04,2019-12,2026-06,353.05,1023.24,872.65,95.88,2026-05,FlashReport_May2026.pdf
1957,400101,,3350,Gundlakamma project,Andhra Pradesh,Water Resources-AP,2005-04,2019-12,2027-03,397.41,697.39,624.78,98.3,2026-05,FlashReport_May2026.pdf
1958,701415,N30000002,4076,Polavaram Irrigation Project,Andhra Pradesh,Water Resources-AP,2009-01,2022-04,2026-03,10151.04,55548.9,27061.89,86.14,2026-05,FlashReport_May2026.pdf
1959,701370,,9763,Borolia Irrigation Project,Assam,"Department of Water Resources, River Development & GR",1996-04,2022-12,2026-03,256.16,256.16,44.7,55.44,2026-05,FlashReport_May2026.pdf
1960,400111,,3315,Kelo Irrigation Project,Chhattisgarh,Water Resources-CT,2008-04,2019-12,2026-06,459.97,727.04,618.85,72,2026-05,FlashReport_May2026.pdf
1961,701399,,,Kudali Irrigation Project,Chhattisgarh,"Department of Water Resources, River Development & GR",2009-04,2025-12,2026-03,382.29,382.29,249.06,86.31,2026-05,FlashReport_May2026.pdf
1962,701372,,3326,Sardar Sarovar Project,Gujarat,"Narmada and Water Resources, Water Supply and Kalpsar Department-GJ",1996-04,2019-12,2026-03,20718.17,33412.5,31943.15,93.7,2026-05,FlashReport_May2026.pdf
1963,701376,,3349,"Subernarekha Multipurpose Project, Jharkhand",Jharkhand,Department of Water Resources-JH,2011-04,2019-12,2026-03,3807.77,9579.58,6040.27,70,2026-05,FlashReport_May2026.pdf
1964,701377,,3341,Upper Tunga Irrigation Project,Karnataka,Water Resources-KA,2014-04,2019-12,2026-03,770.16,1606.07,1515.6,99.32,2026-05,FlashReport_May2026.pdf
1965,400115,,3308,Bargi Diversion Project Phase - IV [km. 154 to km 197],Madhya Pradesh,Water Resources-MP,2008-04,2019-12,2026-03,751.03,893.35,814.02,75,2026-05,FlashReport_May2026.pdf
1966,400116,,3307,Bargi Diversion Project Phase - III [km. 104 to km 154],Madhya Pradesh,Water Resources-MP,2007-04,2019-12,2026-12,1229.15,1399.7,2203.81,81.52,2026-05,FlashReport_May2026.pdf
1967,617422,,9764,Bodwad Parisar Sinchan Yojna,Maharashtra,Department of Water Resources-MH,2002-05,2027-07,,1923.81,1923.81,1949.56,49.5,2026-05,FlashReport_May2026.pdf
1968,701383,,3336,Waghur Project,Maharashtra,Department of water resources-MH - II,1996-04,2019-12,2026-03,1058.99,1758.51,1634.36,89.57,2026-05,FlashReport_May2026.pdf
1969,701386,,3311,Gosikhurd Project,Maharashtra,Department of water resources-MH - II,2008-04,2019-12,2028-06,7196.47,12770.1,14374,72.65,2026-05,FlashReport_May2026.pdf
1970,701391,,3306,Aruna Medium Irrigation Project,Maharashtra,Department of water resources-MH - II,2009-04,2019-12,2025-12,210.45,1472.14,1734.71,98.1,2026-05,FlashReport_May2026.pdf
1971,701396,,3317,Lower Pedhi Project,Maharashtra,Department of water resources-MH - II,2008-04,2019-12,2026-06,255.97,1480.7,1516.11,65,2026-05,FlashReport_May2026.pdf
1972,701398,,3320,Nardave Medium Irrigation Project,Maharashtra,Department of water resources-MH - II,2009-04,2019-12,2026-06,211.46,781.85,879.16,74,2026-05,FlashReport_May2026.pdf
1973,701400,,3352,Thoubal Multipurpose Project,Manipur,Water Resources Department-MN,1997-04,2019-12,2026-12,1449.44,1822.24,1848.17,99,2026-05,FlashReport_May2026.pdf
1974,701412,,3397,North Koel Reservoir Project,"Multi-States (Bihar, Jharkhand)","Department of Water Resources, River Development & GR",2017-08,2021-03,2026-03,1622.27,2430.76,172.97,44,2026-05,FlashReport_May2026.pdf
1975,701530,,10035,Ken-Betwa Linking Development Project,"Multi-States (Madhya Pradesh, Uttar Pradesh)","Department of Water Resources, River Development,",,2029-03,,21030,21030,8530.86,0,2026-05,FlashReport_May2026.pdf
1976,603945,,3346,Integrated Anandpur Barrage Project,Odisha,Water Resources-OR,1997-04,2019-12,2026-06,567.03,2990.05,2776.23,62.85,2026-05,FlashReport_May2026.pdf
1977,701402,,3345,"Subernarekha Project, Odisha",Odisha,"Department of Water Resources, River Development & GR",1995-12,2019-12,2026-03,3055.88,7023.19,8289.65,95.5,2026-05,FlashReport_May2026.pdf
1978,701404,,3347,Kanupur Irrigation Project,Odisha,Irrigation and CAD-TG,2003-04,2019-12,2026-06,989.43,2301.28,2804.16,79.5,2026-05,FlashReport_May2026.pdf
1979,701410,,3324,Relining of Rajasthan feeder and Sirhind Feeder canal,Punjab,Department of Water Resources-PB,2016-02,2021-06,2026-06,1441.26,2462.16,2337.42,95,2026-05,FlashReport_May2026.pdf
1980,701411,,3328,Shahpur Kandi Dam Project,Punjab,Department of Water Resources-PB,2010-02,2022-06,2026-06,2285.81,2715.7,2201.94,88,2026-05,FlashReport_May2026.pdf
1981,400102,,3344,Sri Ram Sagar Project Stage - II,Telangana,Irrigation and CAD-TG,1996-04,2019-12,2025-12,736.13,949.87,971.47,97,2026-05,FlashReport_May2026.pdf
1982,400103,,3339,Indiramma Flood Flow Canal Project,Telangana,Irrigation and CAD-TG,1996-04,2019-12,2026-12,1331.3,5940.09,4491.08,92,2026-05,FlashReport_May2026.pdf
1983,701405,,3340,J. Chokka Rao Devadula Lift Irrigation Scheme,Telangana,Irrigation and CAD-TG,2006-04,2019-12,2025-12,8200.71,14730,4784.54,87.7,2026-05,FlashReport_May2026.pdf
1984,701406,,3343,Rajiv Bhima Lift Irrigation Scheme,Telangana,Irrigation and CAD-TG,2007-04,2019-12,2026-03,1402,2509.66,1839.76,100,2026-05,FlashReport_May2026.pdf
1985,701395,,,Morna [Gureghar] Irrigation Project,Uttar Pradesh,"Department of Water Resources, River Development & GR",2007-04,2025-12,,219.9,219.9,115.2,31.5,2026-05,FlashReport_May2026.pdf
1986,701408,,3319,Madhya Ganga canal Phase-II,Uttar Pradesh,Irrigation & Water Resources-UP,2008-04,2019-12,2025-12,1060.67,4417.21,4575.74,82.39,2026-05,FlashReport_May2026.pdf
1987,613787,,6135,Jamrani Dam Multipurpose Project,Uttarakhand,Irrigation-UK,2023-10,2029-06,,2584.1,2584.1,1303.15,25.28,2026-05,FlashReport_May2026.pdf
