sl_no,project_code,legacy_ocms_code,pmgid,project_name,state,implementing_agency,start_date,original_completion_date,revised_completion_date,original_cost,revised_cost,cumulative_expenditure,physical_progress,reporting_period,source_filename
1,N04000073,,,"CONSTRUCTION OF NEW INTEGRATED TERMINAL BUILDING AT VSI AIRPORT, PORTBLAIR",,AAI,2013-10,2018-09,2023-06,417.23,707.73,698.80,100.00,2025-06,FR_JUNE_2025.pdf
2,N22000584,,,LUDHIANA KILA RAIPUR (19 KMS) WITH FREIGHT LINE AT GILL STATION ON LDH-JHL SECTION,,NR,2019-03,2025-03,2025-08,235.72,,59.78,55.00,2025-06,FR_JUNE_2025.pdf
3,N24002207,,,MAJOR BRIDGE OVER MIDDLE STRAIT CREEK,,NHIDCL,2024-12,2026-02,,371.80,207.99,0.00,5.23,2025-06,FR_JUNE_2025.pdf
4,N24002208,,,PACKAGE-3A,,NHIDCL,2018-02,2025-09,2024-03,207.54,154.01,16.21,39.27,2025-06,FR_JUNE_2025.pdf
5,N24002209,,,PACKAGE-3B,,NHIDCL,2018-02,2025-11,,183.47,,18.36,34.01,2025-06,FR_JUNE_2025.pdf
6,N24000745,,,"2 LANE WITH HARD SHOLDER , REHABILITATION AND UP GRADATION OF SECTION FROM KM 242.0 TO KM 298.0 OF N",,NHIDCL,2017-03,2019-12,2023-03,409.85,,214.23,95.23,2025-06,FR_JUNE_2025.pdf
7,N24000749,,,REHABILITATION AND UP GRADATION OF SECTION FROM KM 206.00 TO KM 242.00 (NIMBUTALA TO AUSTIN CREEK) O,,NHIDCL,2018-03,2020-09,2022-11,234.27,,126.50,83.00,2025-06,FR_JUNE_2025.pdf
8,N24000820,,,Rehabilitation and up gradation to 2 lane with paved shoulder configuration from existing km. 122.00,,MoRTH,2017-11,2019-11,,237.80,,222.13,98.23,2025-06,FR_JUNE_2025.pdf
9,N24000821,,,RECONSTRUCTION WITH GEOMETRIC IMPROVEMENT OF EXISTING 2 LANE/INTERMEDIATE LANE TO 2LANE WITH PAVED S,,MoRTH,2017-11,2019-11,,257.34,,214.90,100.00,2025-06,FR_JUNE_2025.pdf
10,N04000091,,,C/O OF NITB AND ASSOCIATED WORK AT VIJAYAWADA AIRPORT,,AAI,2020-04,2023-03,2025-08,611.80,,449.66,75.25,2025-06,FR_JUNE_2025.pdf
11,N04000103,,,RAJAHMUNDRY AIRPORT: CONSTRUCTION OF NEW DOMESTIC TERMINAL BUILDING AND MISCELLANEOUS WORKS INCLUD,,AAI,2022-12,2025-08,,347.15,347.15,76.86,46.00,2025-06,FR_JUNE_2025.pdf
12,N04000106,,,KADAPPA AIRPORT- CONSTRUCTION OF NEW DOMESTIC TERMINAL BUILDING AND MISCELLANEOUS WORKS INCLUDING MA,,AAI,2023-03,2026-01,2026-03,265.91,265.91,39.54,29.00,2025-06,FR_JUNE_2025.pdf
13,N42000005,,,CONSTRUCTION OF PERMANENT CAMPUS FOR INDIAN INSTITUTE OF TECHNOLOGY TIRUPATI AT MERLAPAKA VILLAGE YE,,CPWD EDUCATION,2019-02,2020-06,,655.34,,366.21,95.00,2025-06,FR_JUNE_2025.pdf
14,N42000007,,,"CONSTRUCTION OF PERMANENT CAMPUS FOR IISER AT JANGALAPALLI VILLAGE, YERPEDU MANDAL, CHITTOOR DISTRIC",,CPWD EDUCATION,2019-09,2022-09,,588.72,656.39,630.55,100.00,2025-06,FR_JUNE_2025.pdf
15,N16000247,,,KG-DWN-98-2 CLUSTER II DEVELOPMENT PROJECT,,ONGC,2016-03,2020-06,2025-03,34012.00,,33167.16,96.40,2025-06,FR_JUNE_2025.pdf
16,N16000432,,,HP CRUDE TO OLEFINS AND AROMATICS TECHNOLOGY DEMO UNIT AT VISAKH REFINERY,,HPCL,2021-09,2024-06,2026-03,160.00,220.00,75.86,59.40,2025-06,FR_JUNE_2025.pdf
17,N16000485,,,"CGD PROJECT AT KURNOOL, GUNTUR AND PRAKASAM DISTRICTS",,IOCL,2022-03,2030-03,,1420.00,,153.86,6.20,2025-06,FR_JUNE_2025.pdf
18,N16000499,,,MULTI-PRODUCT PIPELINE FROM KRISHNAPATNAM COASTAL INSTALLATION TO THE PROPOSED INSTALLATION AT HYDER,,BPCL,2019-09,2025-03,,1932.00,,1498.21,94.30,2025-06,FR_JUNE_2025.pdf
19,N16000535,,,HP TRIJET UNIT IN VR,,HPCL,2024-07,2027-07,,193.00,,0.43,23.00,2025-06,FR_JUNE_2025.pdf
20,N16000538,,,CONSTRUCTION OF AVIATION FUEL FARM FACILITIES AT BHOGAPURAM AIRPORT,,HPCL,2024-08,2026-03,,240.00,,22.34,42.80,2025-06,FR_JUNE_2025.pdf
21,N16000539,,,VISAKHA RAIPUR PIPELINE PROJECT,,HPCL,2024-09,2027-09,,2212.00,,8.32,6.03,2025-06,FR_JUNE_2025.pdf
22,N18000380,,,TRANSMISSION SCHEME FOR SOLAR ENERGY ZONE IN ANANTHPURAM (2500MW) AND KURNOOL (1000MW),,PGCIL,2023-09,2025-03,,1249.00,,761.69,67.50,2025-06,FR_JUNE_2025.pdf
23,N18000395,,,AUGMENTATION OF 1500MVA 3RD 765/400KV TRANSFORMATION CAPACITY AT KURNOOL NEW SUBSTATION,,PGCIL,2023-05,2025-09,,164.00,,60.00,33.00,2025-06,FR_JUNE_2025.pdf
24,N18000413,,,TRANSMISSION SYSTEM FOR INTEGRATION OF KURNOOL-IV REZ PHASE-I (FOR 4.5 GW),,PGCIL,2025-03,2027-03,,5000.00,,20.00,,2025-06,FR_JUNE_2025.pdf
25,N18000416,,,TRANSMISSION SYSTEM STRENGTHENING AT KURNOOL- III PS FOR INTEGRATION OF ADDITIONAL RE GENERATION PRO,,PGCIL,2025-03,2027-03,,2886.00,,20.20,,2025-06,FR_JUNE_2025.pdf
26,220100265,,,KOTLPALLI-NARASAPUR (NL) (SCR),,SCR,2001-12,2028-03,,2500.98,,1141.44,18.00,2025-06,FR_JUNE_2025.pdf
27,N22000286,,,NADIKUDE-SRI KALAHASTI,,SCR,2011-04,2027-05,,2312.00,,1977.09,,2025-06,FR_JUNE_2025.pdf
28,N22000368,,,GUNTUR-GUNTAKAL,,SCR,2016-04,2025-12,,3733.37,,3606.85,,2025-06,FR_JUNE_2025.pdf
29,N22000369,,,VIJAYAWADA-GUDUR,,RVNL,2015-04,2024-11,,6654.00,,5883.89,,2025-06,FR_JUNE_2025.pdf
30,N22000377,,,KOTTAVALSA - KORAPUT DOUBLING,,ECOR,2015-04,2022-03,,2499.71,,1965.11,70.00,2025-06,FR_JUNE_2025.pdf
31,N22000555,,,"PENUKONDA-DHARMAVARAM, EXCL. DHARMAVARAM (41.5 KM)",,SWR,2019-04,2026-03,,294.67,307.66,213.03,60.00,2025-06,FR_JUNE_2025.pdf
32,N22000556,,,MALUGUR-PALASAMUDRAM (17.98 KM) (PB#29/NR/2022-23),,SWR,2022-09,2025-12,,323.14,342.41,46.89,12.00,2025-06,FR_JUNE_2025.pdf
33,N22000585,,,DOUBLING BETWEEN GOOTY- PENDAKALLU (29.225),,SCR,2023-03,2027-03,,351.83,,0.00,,2025-06,FR_JUNE_2025.pdf
34,N22000586,,,VIJAYAWADA KAZIPET BYEPASS LINE,,SCR,2016-04,2025-12,,647.37,,261.07,,2025-06,FR_JUNE_2025.pdf
35,N22000587,,,RENIGUNTA WADI GOOTY - BYPASS,,SCR,2016-04,2025-12,,302.00,,226.67,50.00,2025-06,FR_JUNE_2025.pdf
36,N24001476,,,CONSTRUCTION OF 4 LANE ACCESS CONTROLLED NEW GREENFIELD HIGHWAY SECTION OF NH 365BG FROM RECHARLA VI,,NHAI,2021-09,2022-09,2024-09,517.05,,543.03,94.50,2025-06,FR_JUNE_2025.pdf
37,N24001477,,,CONSTRUCTION OF 4 LANE ACCESS CONTROLLED NEW GREENFIELD HIGHWAY SECTION OF NH-365BG (KHAMMAM-DEVARAP,,NHAI,2021-09,2022-09,2024-09,622.00,,541.73,75.96,2025-06,FR_JUNE_2025.pdf
38,N24001817,,,6L OF CHILKARARUPET BYPASS FROM KM. 357.400 TO KM. 371.920 OF NH-16,,NHAI,2019-02,2023-03,2024-10,757.45,,711.37,99.61,2025-06,FR_JUNE_2025.pdf
39,N24001818,,,6L OF PONDAVAKKAM TO KANNIGAIPAIR FROM KM 96.040 TO KM 116.100 OF NH 716B (PKG-IV),,NHAI,2021-02,2025-01,,818.73,,564.03,25.32,2025-06,FR_JUNE_2025.pdf
40,N24001819,,,6L OF VEERA KAVERI RAJA PURAM TO PONDAVAKKAM FROM KM 61.380 TO KM 96.040 OF NH 716B (PKG-III),,NHAI,2021-03,2025-01,,1102.63,,1171.71,97.26,2025-06,FR_JUNE_2025.pdf
41,N24001820,,,6L OF VARADHARAJULA TO KUMARAJAPET FROM KM 0.000 TO KM 43.800 OF NH-716B (PKG-I),,NHAI,2021-02,2024-12,,1484.83,,1544.65,93.29,2025-06,FR_JUNE_2025.pdf
42,N24001821,,,BANGALORE CHENNAI EXPRESSWAY (PHASE-II PKG-III) FROM KM.127.000 TO KM 156.000 (BANGARUPALEM TO GUDIP,,NHAI,2020-11,2024-10,,1137.74,,1256.44,97.43,2025-06,FR_JUNE_2025.pdf
43,N24001822,,,BANGALORE CHENNAI EXPRESSWAY (PHASE-II PKG-I) FROM KM.71.000 TO KM 96.000 (BETHAMANGALA IN THE STATE,,NHAI,2020-12,2024-10,,1075.27,,1132.36,85.89,2025-06,FR_JUNE_2025.pdf
44,N24001823,,,4L OF MADANAPALLE TO PILERU SECTION FROM KM 0.000 TO KM 55.900 OF NH-71(PACKAGE-I) - N/05060/01002/A,,NHAI,2022-01,2025-01,2023-01,1852.12,,777.18,93.00,2025-06,FR_JUNE_2025.pdf
45,N24001824,,,RENIGUNTA - POYYA - NAIDUPETA KM 124.60 TO KM 183.4 OF NH 71 - N/04027/06001/AP,,NHAI,2020-03,2024-01,2024-12,1863.09,,1227.61,98.76,2025-06,FR_JUNE_2025.pdf
46,N24001836,,,6L KANTAKAPALLE ? SABBAVARAM SECTION OF NH-130CD ROAD FROM KM 445.100 TO KM 464.662 (PKG-4),,NHAI,2021-02,2024-10,,824.29,,521.51,76.13,2025-06,FR_JUNE_2025.pdf
47,N24001837,,,6L JAKKUVA ? KORLAM SECTION OF NH-130CD ROAD FROM KM 396.800 TO KM 421.100 (PKG 2),,NHAI,2021-02,2024-03,2024-07,663.60,,464.74,98.84,2025-06,FR_JUNE_2025.pdf
48,N24001838,,,6L ALURU - JAKKUVA SECTION OF NH- 130CD ROAD FROM KM 365.033 TO KM 396.800 (PKG. 1),,NHAI,2021-02,2024-03,,922.50,,534.51,84.38,2025-06,FR_JUNE_2025.pdf
49,N24001841,,,6L ACCESS CONTROLLED GREENFIELD HIGHWAY FROM KODUR 0.000 KMS TO VANAVOLU 24.300 KMS OF NH 544G PACKA,,NHAI,2022-12,2025-09,,912.94,,238.84,59.65,2025-06,FR_JUNE_2025.pdf
50,N24001842,,,6L ACCESS CONTROLLED GREENFIELD HIGHWAY FROM VANAVOLU 24.300 KM. TO VANKARAKUNTA 45.700 KM. OF NH 5,,NHAI,2022-12,2025-11,,750.81,,145.15,50.78,2025-06,FR_JUNE_2025.pdf
51,N24001843,,,6L ACCESS CONTROLLED GREENFIELD HIGHWAY FROM VANKARAKUNTA 45.700 KM. TO ODULAPALLE 72.000 KM. OF NH,,NHAI,2022-12,2025-11,,992.89,,197.36,47.00,2025-06,FR_JUNE_2025.pdf
52,N24001844,,,6L ACCESS CONTROLLED GREENFIELD HIGHWAY FROM ODULAPALLE 72.000 KM. TO NALLACHERUVUPALLI 96.300 KM.,,NHAI,2022-12,2025-10,,1058.90,,251.41,47.64,2025-06,FR_JUNE_2025.pdf
53,N24001845,,,6L ACCESS CONTROLLED GREENFIELD HIGHWAY FROM NALLACHERUVU PALLI 96.300 KM. TO YERRAGUDIPADU 129.000,,NHAI,2023-02,2025-10,,1253.24,,197.29,23.20,2025-06,FR_JUNE_2025.pdf
54,N24001846,,,6L ACCESS CONTROLLED GREENFIELD HIGHWAY FROM YERRAGUDIPADU 129.000 KM. TO AUDIREDDIPALLE 160.000 KM.,,NHAI,2023-02,2025-10,,1200.42,,98.82,8.90,2025-06,FR_JUNE_2025.pdf
55,N24001847,,,6L ACCESS CONTROLLED GREENFIELD HIGHWAY FROM AUDIREDDIPALLE 160.000 KM. TO MALLAPALLE 176.000 KM. PA,,NHAI,2023-01,2025-11,,956.14,,215.17,43.11,2025-06,FR_JUNE_2025.pdf
56,N24001848,,,6L ACCESS CONTROLLED GREENFIELD HIGHWAY FROM MALLAPALLE 176.000 KM. TO KAVULAKUNTLA 196.000 KM. PACK,,NHAI,2023-02,2025-10,,909.02,,161.56,23.44,2025-06,FR_JUNE_2025.pdf
57,N24001849,,,4L PS MYDUKUR BADVEL FROM KM 585.820 TO KM 630.960 SECTION OF NH 67,,NHAI,2022-05,2025-07,,1063.72,,467.94,82.10,2025-06,FR_JUNE_2025.pdf
58,N24001856,,,CONSTRUCTION OF 4-LANE HIGHWAY FROM SAMARLAKOTA TO ACHAMPETA JUNCTION (FROM KM. 0.000 TO KM. 12.250,,NHAI,2023-05,2025-08,,648.75,,253.96,64.67,2025-06,FR_JUNE_2025.pdf
59,N24001932,,,2L+PS FROM KM. 0+000 TO KM. 32+000 (MUDIGUBBA TO PUTTAPARTHI) OF NH- 342,,MoRTH,2022-03,2024-09,,401.72,,190.74,80.00,2025-06,FR_JUNE_2025.pdf
60,N24001934,,,NH440 RAYACHOTY TOVEMPALLI 2LPS,,MoRTH,2021-12,2024-05,,439.82,,174.96,,2025-06,FR_JUNE_2025.pdf
61,N24001935,,,4 LANE WITH PAVED SHOULDER FROM KM 0.000 TO KM 51.119 OF TADIPATRI TO MUDDANUR OF NH67,,MoRTH,2022-03,2025-08,,724.17,,464.48,,2025-06,FR_JUNE_2025.pdf
62,N24001939,,,NH165 FROM KM 0.000 TO KM 64.020 PAMARRU TO AKIVEEDU SECTION TO TWO LANE WITH PAVED SHOULDERS,,MoRTH,2020-03,2023-09,,529.24,,353.88,62.70,2025-06,FR_JUNE_2025.pdf
63,N24001942,,,2LPS FROM KM36.400 TO KM. 107.224 OF NH167BG FROM DUTTALUR TO KAVALI SECTION,,MoRTH,2021-03,2024-07,,423.67,,222.39,83.59,2025-06,FR_JUNE_2025.pdf
64,N24001951,,,NH167AD FROM MACHERLA TO DACHEPALLI FROM KM.0.000 TO 43.659 TO 2LPS,,MoRTH,2022-01,2025-01,,403.22,,296.69,98.82,2025-06,FR_JUNE_2025.pdf
65,N24001952,,,NH 167 B KADAPA NELLORE BORDER TO CSPURAM I.E. FROM KM 58.635 TO KM 99.409,,MoRTH,2022-03,2025-08,,285.50,,204.29,95.00,2025-06,FR_JUNE_2025.pdf
66,N24001953,,,NH-30-BHADRACHALAM TO KONTA SECTION 2LPS,,MoRTH,2021-12,2024-09,,388.71,,242.09,89.60,2025-06,FR_JUNE_2025.pdf
67,N24001954,,,WIDENING TO 2LPS OF RAMPACHODAVARAM - KOYYURU SECTION OF NH516E FROM KM.43.700 TO KM 113.820,,MoRTH,2022-03,2025-01,,568.12,,350.64,91.05,2025-06,FR_JUNE_2025.pdf
68,N24001955,,,GUDIWADA TOWN 2 LANE ROB AND ROAD IMPROVEMENT OF NH165 IN REPLACEMENT OF LC NO 3ESPL3 AT KM 231.700,,MoRTH,2022-03,2025-05,,317.22,,190.90,80.00,2025-06,FR_JUNE_2025.pdf
69,N24001956,,,2LPS FROM GONDIGUDA TO ARAKU BHALLAGUDA KM 27.480 TO KM 51.772 SECTION OF NH 516E,,MoRTH,2020-08,2023-09,,296.66,,246.11,87.49,2025-06,FR_JUNE_2025.pdf
70,N24001957,,,2LPS OF KOYYURU TO CHAPRATHIPALEM SECTION OF NH 516E,,MoRTH,2020-08,2024-07,,349.29,,216.90,,2025-06,FR_JUNE_2025.pdf
71,N24001958,,,2LPS OF CHAPRATHIPALEM TO LAMBASINGI SECTION OF NH 516E,,MoRTH,2020-08,2024-10,,311.22,,151.24,72.00,2025-06,FR_JUNE_2025.pdf
72,N24001959,,,4 LANE FROM KM 56.400 TO KM 120.300 FROM B.KOTHAPALLI JUNCTION TO GORANTLA OF NH 716G,,MoRTH,2022-03,2025-09,,839.98,,418.51,,2025-06,FR_JUNE_2025.pdf
73,N24001979,,,4L GREENFIELD ROAD CONNECTING NORTH AND SOUTH INDUSTRIAL CLUSTER OF KHANDALERU CREEK NEAR KRISHNAPAT,,NHAI,2022-08,2025-09,,609.43,,25.24,56.70,2025-06,FR_JUNE_2025.pdf
74,N24001980,,,4 LANING OF NH 544D FROM EXISTING KM 346.300 OF NH 44 (DESIGN CHAINAGE KM 0.000) TO KM 39.380 (DESIG,,NHAI,2022-10,2025-07,,907.76,,388.70,84.29,2025-06,FR_JUNE_2025.pdf
75,N24001981,,,CONSTRUCTION OF SIX LANING OF NAIDUPETA JUNCTION - TURPUKANUPUR SECTION FROM KM.57+046 TO KM.91+927,,NHAI,2022-07,2025-10,,1398.84,,58.68,19.10,2025-06,FR_JUNE_2025.pdf
76,N24001982,,,4L PS FROM KURNOOL (EXISTING KM. 5.400 OF NH-40/DESIGN KM.0.000) TO MANDLEM (EXISTING KM.38.000/DESI,,NHAI,2023-03,2025-10,,827.39,,333.88,99.65,2025-06,FR_JUNE_2025.pdf
77,N24001983,,,4 LANING FROM EXISTING KM 39.380 (DESIGN CH. 37.000) TO KM 74.450 (DESIGN CH. 69.000) OF MUCHUKOTA ?,,NHAI,2022-10,2025-08,,972.63,,310.77,54.96,2025-06,FR_JUNE_2025.pdf
78,N24001984,,,4L PS FROM MANDLEM (EXISTING KM. 38.000/DESIGN KM.30.600) TO ATMAKUR (EXISTING KM.73.000/DESIGN KM 6,,NHAI,2023-03,2025-10,,887.28,,297.95,89.20,2025-06,FR_JUNE_2025.pdf
79,N24001985,,,BANGALORE CHENNAI EXPRESSWAY (PHASE-II PKG-II) FROM KM.96.000 TO KM 127.000 (BAIREDDYPALLE TO BANGAR,,NHAI,2021-03,2025-06,,1942.94,2171.00,1736.95,64.50,2025-06,FR_JUNE_2025.pdf
80,N24001986,,,4L OF PILERU TO KALUR SECTION FROM KM 55.900 TO KM 92.800 AND KM 94.500 TO KM 95.717,,NHAI,2023-10,2025-04,,1047.32,,301.20,93.00,2025-06,FR_JUNE_2025.pdf
81,N24001987,,,"CONSTRUCTION OF 1 NOS ROB, 2 NOS VUPS, SERVICE ROADS, PROVISION OF LIGHTING AND CONSTRUCTION OF OTHE",,NHAI,2023-06,2024-12,,152.05,,139.12,76.83,2025-06,FR_JUNE_2025.pdf
82,N24001988,,,6L OF CHITTOOR TO THATCHUR FROM KUMARAJAPET TO VEERA KAVERI RAJA PURAM FROM KM 43.800 TO KM 61.380 O,,NHAI,2021-02,2025-10,,591.99,703.00,506.67,70.95,2025-06,FR_JUNE_2025.pdf
83,N24002033,,,CONSTRUCTION OF 4 LANE ACCESS CONTROLLED HIGHWAY FROM CHILLAKURU CROSS ROAD TO TURPUKANUPUR KM 0+000,,NHAI,2022-07,2025-12,,909.47,,97.03,32.30,2025-06,FR_JUNE_2025.pdf
84,N24002103,,,COMPLETION OF BALANCE WORKS PENDING IN BIT AND PIECES (INCOMPLETE STRETCH AT 7 LOCATIONS) AND LISTED,,NHAI,2022-09,2025-01,,166.52,,60.34,98.00,2025-06,FR_JUNE_2025.pdf
85,N24002122,,,6L ACCESS CONTROLLED GREENFIELD HIGHWAY FROM NARAYANMPET (CH. 203+500) TO CHANDRASEKHARPURAM (CH. 22,,NHAI,2024-02,2026-02,,813.66,,91.93,24.20,2025-06,FR_JUNE_2025.pdf
86,N24002123,,,6L ACCESS CONTROLLED GREENFIELD HIGHWAY FROM CHANDRASEKHARAPURAM (CH. 228+000) TO POLAVARAM (CH. 260,,NHAI,2024-02,2026-02,,1292.65,,135.27,18.96,2025-06,FR_JUNE_2025.pdf
87,N24002124,,,6L ACCESS CONTROLLED GREENFIELD HIGHWAY FROM POLAVARAM (CH. 260+000) TO MARRIPUDI (CH. 285+500) OF [,,NHAI,2024-02,2026-02,,747.29,,142.65,32.02,2025-06,FR_JUNE_2025.pdf
88,N24002125,,,6L ACCESS CONTROLLED GREENFIELD HIGHWAY FROM MARRIPUDI (CH. 285+500) TO SOMAVARAPPADU (CH. 314+600),,NHAI,2024-02,2026-02,,976.40,,229.68,43.60,2025-06,FR_JUNE_2025.pdf
89,N24002126,,,6L ACCESS CONTROLLED GREENFIELD HIGHWAY FROM SOMAVARAPPADU (CH.314.600) TO MUPPAVARAM (CH.343+240) O,,NHAI,2024-02,2026-02,,1103.89,,133.89,15.98,2025-06,FR_JUNE_2025.pdf
90,N24002139,,,4-LANE WITH PAVED SHOULDERS FROM KM 32/0 TO KM 79/650 (DESIGN CHAINAGE KM 32+000 TO KM 78+760) PUTTA,,MoRTH,2023-03,2025-12,,1318.57,,424.42,,2025-06,FR_JUNE_2025.pdf
91,N24002140,,,SOMAYAJULAPALLI ? DHONE SECTION OF NH ? 340B FROM KM.0/0 TO 56/200 [DESIGN CH. KM 0/00 TO KM 53/33],,MoRTH,2023-04,2025-12,,629.73,,369.43,,2025-06,FR_JUNE_2025.pdf
92,N24002142,,,2-LANE WITH PAVED SHOULDER CONFIGURATION OF LAMBASINGI TO PADERU SECTION (KM 205+000 TO KM 253+974),,MoRTH,2023-08,2025-11,,361.24,,63.54,,2025-06,FR_JUNE_2025.pdf
93,N24002143,,,BYPASS ROAD TO ADONI TOWN CONNECTING NH-167 (HAGARI - JADCHARLA ROAD) FROM KM.62/700 TO 71/400 IN KU,,MoRTH,2023-08,2026-02,,361.24,,109.65,56.00,2025-06,FR_JUNE_2025.pdf
94,N24002144,,,VODAREVU-CHILAKALURIPET SECTION (DESIGN CHAINAGE 0+00 TO 47+000) OF NH-167A (PACKAGE-I),,MoRTH,2023-08,2026-02,,1064.24,,584.25,,2025-06,FR_JUNE_2025.pdf
95,N24002145,,,TADIPATRI BYPASS (KM 0+000 TO KM 6+285) OF 4-LANE ON NH-67 IN ANANTAPURAMU,,MoRTH,2023-11,2026-03,,159.66,,60.51,63.50,2025-06,FR_JUNE_2025.pdf
96,N24002146,,,KURNOOL/KADAPA BORDER- JAMMALAMADUGU SECTION OF NH- 167K I.E. DESIGN CH. KM 248+010 TO KM 269+900,,MoRTH,2023-11,2025-11,,292.63,,81.57,,2025-06,FR_JUNE_2025.pdf
97,N24002147,,,DORNALA TO KUNTA JUNCTION FROM DESIGN CHAINAGE KM 244+000 TO 267+990 SECTION OF NH-765 (PACKAGE-2),,MoRTH,2022-12,2024-01,,244.83,,111.65,,2025-06,FR_JUNE_2025.pdf
98,N24002148,,,PADERU BYPASS (KM 0+000 TO KM 13+000) OF 2- LANE WITH PAVED SHOULDER ON NH-516E,,MoRTH,2023-03,2024-03,,244.43,,23.40,,2025-06,FR_JUNE_2025.pdf
99,N24002149,,,DAVUALAPALLY TO MALLAPALEM SECTION {DESIGN CH. KM 133+922 TO KM 154+216 (EXISTING CH. KM 133+922 TO,,MoRTH,2024-01,2024-02,,393.61,,135.13,,2025-06,FR_JUNE_2025.pdf
100,N24002215,,,DEVELOPMENT OF SIX LANE ACCESS CONTROLLED GREEN FIELD HIGHWAY FROM KAVULAKUNTLA (KM.196+000) TO NARA,,NHAI,2023-02,2027-02,,1092.18,,0.14,,2025-06,FR_JUNE_2025.pdf
101,N24002217,,,ACCESS CONTROLLED HIGHWAY OF 4 LANE WITH PAVED SHOULDERS FROM TN/AP BORDER (DESIGN CHAINAGE KM 61+51,,NHAI,2024-12,2026-12,,1346.82,,37.35,8.20,2025-06,FR_JUNE_2025.pdf
102,N24000811,,,CONSTRUCTION OF SIX LANING OF DEDICATED PORT ROAD TO KRISHNAPATNAM PORT (PACKAGE-I) KM 0+000 TO KM 1,,NHAI,2018-03,2020-12,2022-12,314.43,,85.61,71.49,2025-06,FR_JUNE_2025.pdf
103,N24000931,,,REHABILITATION AND UPGRADATION OF EXISTING NH-167 FROM KM 14.900 TO KM 70.00 (DESIGN CH.14.900 TO 69,,MoRTH,2016-11,2017-05,,290.15,,205.03,90.00,2025-06,FR_JUNE_2025.pdf
104,N24000937,,,REHABILITATION AND UPGRADATION OF NEW NH-544DD FROM DESIGN CHAINAGE KM 56.00 TO 102.20 OF KALYANDURG,,MoRTH,2018-03,2018-08,,289.67,290.00,256.60,98.50,2025-06,FR_JUNE_2025.pdf
105,N24000964,,,CONSTRUCTION OF TIMMAPURAM TO GURJANAPALLE SECTION FROM KM 26.150 TO 41.161 OF NH- 214(NH216)(KAKINAD,,MoRTH,2016-08,2017-01,,350.61,,390.28,98.20,2025-06,FR_JUNE_2025.pdf
106,N24000969,,,CONSTRUCTION OF 2L+PS FROM PASARLAPUDI-DHINDI (105/700 TO 127.500 OF NH-214) OF NH-216,,MoRTH,2017-01,2017-09,,263.45,,265.51,85.00,2025-06,FR_JUNE_2025.pdf
107,N24001301,,,6-LANING OF VIJAYAWADA BYPASS FROM GOLLAPUDI (DESIGN CH. 30+000) TO CHINNAKAKANI (DESIGN CH. 47+881),,NHAI,2019-11,2024-01,,1601.10,,1445.67,92.34,2025-06,FR_JUNE_2025.pdf
108,N24001386,,,REHABILITATION AND UPGRADATION TO 2-LANE WITH PAVED SHOULDERS CONFIGURATION OF PADERU- GONDIGUDA SECT,,MoRTH,2020-08,2021-03,,222.61,,183.91,95.00,2025-06,FR_JUNE_2025.pdf
109,N30000002,,,POLAVARAM IRRIGATION PROJECT,,PPA,2009-02,2020-03,2027-03,10151.04,,23775.68,76.00,2025-06,FR_JUNE_2025.pdf
110,N04000092,,,CONSTRUCTION OF NEW GREEN FIELD AIRPORT AT HOLLONGI ITANAGAR ARUNACHAL PRADESH,,AAI,2019-02,2022-08,2025-07,645.63,732.00,694.26,99.89,2025-06,FR_JUNE_2025.pdf
111,180100221,,,SUBANSIRI LOWER H.E.P (8X250 MW) (NHPC),,NHPC,2003-09,2010-09,,6285.33,,24484.77,96.60,2025-06,FR_JUNE_2025.pdf
112,N18000362,,,DIBANG MULTIPURPOSE PROJECT 2880 MW ARUNACHAL PRADESH,,NHPC,2023-02,2032-02,,31876.39,,3380.24,15.81,2025-06,FR_JUNE_2025.pdf
113,N24002222,,,HUNLI TO HAYULIANG PKG-1,,NHIDCL,2024-02,2028-02,,1262.43,,12.12,2.76,2025-06,FR_JUNE_2025.pdf
114,N24002223,,,HUNLI TO ITHUN BRIDGE SECTION,,NHIDCL,2024-02,2027-01,,275.50,,7.61,7.88,2025-06,FR_JUNE_2025.pdf
115,N24002224,,,PANGO TO JORGING ROAD PKG-1,,NHIDCL,2024-01,2027-07,,898.19,,16.01,4.25,2025-06,FR_JUNE_2025.pdf
116,N24000683,,,TWO LANING OF JORAM KOLORIANG ROAD (NH 713) ON EPC BASIS FROM DESIGN KM. 138+000 TO KM. 154+036 [EX,,NHIDCL,2017-02,2023-11,2024-03,180.57,244.10,160.46,96.62,2025-06,FR_JUNE_2025.pdf
117,N24000946,,,CONSTRUCTION OF 2-LANE ROAD WITH PAVED SHOULDERS FROM KM16.00 OF ROING-HUNLI SECTION TO KM 21.500 OF,,NHIDCL,2017-03,2022-03,2025-06,1718.59,1718.59,742.36,73.84,2025-06,FR_JUNE_2025.pdf
118,N24000979,,,TWO-LANING OF HAYULIANG? HAWAI BYPASS ROAD ON EPC BASIS FROM DESIGN KM. 51.825 TO KM. 63.131 EXISTI,,NHIDCL,2017-01,2023-05,2023-05,256.66,,0.00,63.59,2025-06,FR_JUNE_2025.pdf
119,N24001244,,,CONSTRUCTION OF 2-LANING WITH HARD SHOULDERS OF ARROWA- KHUPA-HAYULIANG SECTION OF NH- 113 FROM CH.68.,,NHIDCL,2020-08,2022-04,2025-04,301.06,,205.71,100.00,2025-06,FR_JUNE_2025.pdf
120,N24001297,,,CONSTRUCTION OF 2 LANE ROAD OF POTIN TO PANGIN SECTION OF NH 13 FROM KM 163.59 TO KM 206.66 (PACKAGE,,MoRTH,2019-03,2027-03,,450.65,,398.18,95.84,2025-06,FR_JUNE_2025.pdf
121,N24001375,,,4 LANING OF ITANAGAR TO BANDARDEWA SECTION OF NH-415 FROM KM 40+430 TO KM 51+735 (PACKAGE B) ON EPC,,MoRTH,2020-06,2027-03,,496.47,,194.62,44.56,2025-06,FR_JUNE_2025.pdf
122,N24001390,,,JORAM ? KOLORIANG ROAD FROM EXISTING KM 50.050 TO KM 70.00 (PKG- 3),,NHIDCL,2020-08,2022-04,2024-08,228.71,,98.86,99.52,2025-06,FR_JUNE_2025.pdf
123,N24001393,,,JORAM ? KOLORIANG ROAD FROM EXISTING KM122.600 TO KM138.00 (PKG-7),,NHIDCL,2020-08,2022-04,2024-02,184.88,,99.32,97.42,2025-06,FR_JUNE_2025.pdf
124,N04000083,,,CONSTRUCTION OF NEW INTEGRATED TERMINAL BUILDING AT LGBI AIRPORT GUWAHATI,,AAI,2016-12,2021-03,2025-09,1142.00,,1948.45,89.66,2025-06,FR_JUNE_2025.pdf
125,N06000290,,,TIKAK EXTENSION OCP - 0.2 MTY,,CIL,2022-07,2030-11,,159.77,,81.45,,2025-06,FR_JUNE_2025.pdf
126,N06000291,,,TIRAP OCP,,CIL,2022-11,2027-11,,289.46,,105.59,,2025-06,FR_JUNE_2025.pdf
127,N21000027,,,"ALL INDIA INSTITUTE OF MEDICAL SCIENCE AT GUWAHATI, ASSAM",,HITES,2017-05,2021-05,2023-04,875.00,873.92,796.74,99.62,2025-06,FR_JUNE_2025.pdf
128,N16000331,,,DEVELOPMENT OF SURFACE FACILITIES FOR PRODUCTION AND EVACUATION OF CRUDE OIL AND NATURAL GAS FROM NA,,OIL,2018-01,2020-02,2025-06,543.91,726.93,491.56,93.98,2025-06,FR_JUNE_2025.pdf
129,N16000379,,,NUMALIGARH REFINERY EXPANSION PROJECT 6 MMTPA REFINARY,,NRL,2019-01,2024-10,,12366.00,,16357.82,74.92,2025-06,FR_JUNE_2025.pdf
130,N16000394,,,NUMALIGARH REFINERY EXPANSION PROJECT COIT AND PIPELINES,,NRL,2019-01,2024-10,,10228.00,,9579.31,85.10,2025-06,FR_JUNE_2025.pdf
131,N16000414,,,EXPANSION OF GUWAHATI REFINERY FROM 1 TO 1.2 MMTPA ALONG WITH INSTALLATION OF CATALYTIC REFORMING UN,,IOCL,2021-05,2023-10,2026-05,412.00,595.20,396.15,83.40,2025-06,FR_JUNE_2025.pdf
132,N16000441,,,"REVAMPING OF FACILITIES AT EXISTING GUWAHATI TERMINAL, ASSAM",,IOCL,2022-03,2026-07,2026-09,277.00,,181.63,67.67,2025-06,FR_JUNE_2025.pdf
133,N16000449,,,UPGRADATION OF FACILITIES OF NUMALIGARH-SILIGURI PRODUCT PIPELINE (NSPL) FOR TRANSPORTATION OF ADDIT,,OIL,2021-06,2024-12,2025-07,860.00,,535.46,97.50,2025-06,FR_JUNE_2025.pdf
134,N16000450,,,"PROJECT TO CONSTRUCT A FIELD GAS GATHERING STATION AT BAGHJAN AREA FOR COLLECTION,PROCESSING",,OIL,2020-12,2024-07,2025-06,430.76,,320.71,83.94,2025-06,FR_JUNE_2025.pdf
135,N16000457,,,CAPACITY EXPANSION OF DIGBOI REFINERY FROM 0.65 TO 1.0 MMTPA,,IOCL,2022-06,2025-10,,768.00,,101.15,34.60,2025-06,FR_JUNE_2025.pdf
136,N16000484,,,"CONSTRUCTION OF LPG FACILITIES AT KAMARDANGA, ASSAM",,HPCL,2023-03,2027-07,2027-07,156.36,156.36,44.33,35.40,2025-06,FR_JUNE_2025.pdf
137,N16000494,,,"SETTING UP OF NEW RAIL FED POL FACILITY AT KAMARDANGA, ASSAM",,HPCL,2023-03,2027-07,2027-07,384.04,,97.54,44.00,2025-06,FR_JUNE_2025.pdf
138,N16000510,,,POWER RECOVERY TURBINE IN PFCCU,,NRL,2023-03,2025-07,,293.50,,97.22,92.00,2025-06,FR_JUNE_2025.pdf
139,N16000511,,,DCU REVAMP PROJECT,,NRL,2021-08,2025-03,,370.00,,255.51,55.00,2025-06,FR_JUNE_2025.pdf
140,N16000528,,,PIPELINE NETWORK PROJECT RUDRASAGAR,,ONGC,2023-01,2026-04,,344.99,,208.56,46.30,2025-06,FR_JUNE_2025.pdf
141,N16000532,,,BORHOLLA GGS LIFE EXTENSION PROJECT,,ONGC,2023-09,2026-05,,198.70,,99.52,27.30,2025-06,FR_JUNE_2025.pdf
142,N22000388,,,BONGAIGAON-GOALPARA-GUWAHATI (176 KM),,NFR,2015-04,2026-03,,4059.65,,3668.09,92.31,2025-06,FR_JUNE_2025.pdf
143,N24001434,,,JOGIGHOPA BRIDGE,,NHIDCL,2021-08,2024-11,,746.76,,344.27,67.85,2025-06,FR_JUNE_2025.pdf
144,N24001450,,,DABOKA KATHKATI PACKAGE-6,,NHIDCL,2021-09,2024-07,,625.64,,556.44,100.00,2025-06,FR_JUNE_2025.pdf
145,N24001537,,,DABOKA KATHKATI PACKAGE-7,,NHIDCL,2021-11,2024-07,,204.10,,143.66,96.80,2025-06,FR_JUNE_2025.pdf
146,N24001544,,,FOUR LANING OF SRIRAMPUR-DHUBRI PKG-2,,NHIDCL,2022-03,2025-01,,909.02,,532.44,100.00,2025-06,FR_JUNE_2025.pdf
147,N24001545,,,"6L STANDALONE FLYOVERS AT RAHA, DEMOW, BORGHAT, KATHIATALI JUNCTIONS AND ROB AT JAGIROAD ON STRETCHE",,NHAI,2022-08,2022-12,2024-09,175.00,,209.02,100.00,2025-06,FR_JUNE_2025.pdf
148,N24001547,,,BALANCE WORK OF 4L OF NARIMBANGLO?JATINGA JUNCTION- HARANGAJO ROAD SECTION FROM KM 0.000 TO KM 49.23,,NHAI,2022-03,2026-01,,1909.98,,683.00,78.92,2025-06,FR_JUNE_2025.pdf
149,N24001548,,,"6L STANDALONE FLYOVERS AT BONGAIGAON, CHAPAGURI, PATHSALA, SIMLAGURI CHOWK AND BAIHATA BYPASS JUNCTI",,NHAI,2022-03,2024-06,,457.72,,366.34,100.00,2025-06,FR_JUNE_2025.pdf
150,N24001831,,,SRIRAMPUR - DHUBRI PKG-1,,NHIDCL,2022-03,2025-02,,613.89,,110.76,35.77,2025-06,FR_JUNE_2025.pdf
151,N24001832,,,DIBRUGARH-LAHOAL-CHABUA BYPASS PACKAGE-3,,NHIDCL,2023-01,2025-05,,458.59,,205.87,66.12,2025-06,FR_JUNE_2025.pdf
152,N24001840,,,CONSTRUCTION OF MANGALDOI BYPASS (NH-15) STARTING AT CH 26+400 AND TERMINATING AT CH 41+505 UNDER RA,,MoRTH,2022-03,2025-04,,535.03,,102.23,34.54,2025-06,FR_JUNE_2025.pdf
153,N24001969,,,WIDENING AND UPGRADATION TO TWO LANES WITH PAVED SHOULDERS ROAD FROM TAMENGLONG TO MAHUR (NH-137) I,,NHIDCL,2023-03,2025-08,,904.04,,409.15,68.26,2025-06,FR_JUNE_2025.pdf
154,N24001970,,,WIDENING AND UPGRADATION TO TWO LANES WITH PAVED SHOULDERS ROAD FROM TAMENGLONG TO MAHUR (NH-137) IN,,NHIDCL,2023-03,2025-08,,860.37,,417.17,68.60,2025-06,FR_JUNE_2025.pdf
155,N24001971,,,WIDENING AND UPGRADATION TO TWO LANES WITH PAVED SHOULDERS ROAD FROM TAMENGLONG TO MAHUR (NH-137) IN,,NHIDCL,2023-03,2025-08,,890.33,,467.83,65.56,2025-06,FR_JUNE_2025.pdf
156,N24001972,,,WIDENING/IMPROVEMENT TO 4-LANE WITH PAVED SHOULDER FROM KM 0+800 (KANDULIJAN GAON) TO KM 27+701 (SI,,NHIDCL,2023-03,2026-04,,609.16,,323.24,98.48,2025-06,FR_JUNE_2025.pdf
157,N24001973,,,WIDENING/IMPROVEMENT TO 4-LANE WITH PAVED SHOULDER FROM KM 27+701 (SIMEN CHAPORI) TO KM 55+000 (NAG,,NHIDCL,2023-03,2026-02,,562.05,,303.89,99.06,2025-06,FR_JUNE_2025.pdf
158,N24002021,,,BILASIPURA-GUWAHATI ROAD PKG-8,,NHIDCL,2023-03,2026-12,,1457.59,,551.88,47.50,2025-06,FR_JUNE_2025.pdf
159,N24002022,,,BILASIPURA-GUWAHATI ROAD PKG-9,,NHIDCL,2023-03,2026-06,,1000.27,,308.11,29.01,2025-06,FR_JUNE_2025.pdf
160,N24002023,,,BILASIPURA-GUWAHATI ROAD PKG-10,,NHIDCL,2023-03,2026-06,,1264.90,,425.17,27.99,2025-06,FR_JUNE_2025.pdf
161,N24002024,,,DABOKA BYPASS OF DABOKA - PAROKHAOWA PKG -1,,NHIDCL,2023-01,2025-11,,516.88,,242.92,75.51,2025-06,FR_JUNE_2025.pdf
162,N24002025,,,2 LANE WITH PAVED SHOULDER FROM KM 16+900 (BOGAPANI) TO KM 27+150 (GOLAI GAON) ON EXISTING DIBRUGARH,,NHIDCL,2023-01,2025-12,,356.65,,134.02,18.15,2025-06,FR_JUNE_2025.pdf
163,N24002030,,,DEVELOPMENT OF EXTERNAL TRUNK CONNECTIVITY AND INTERNAL INFRASTRUCTURE WORKS AT MULTI MODEL LOGISTIC,,NHIDCL,2020-02,2022-03,,592.06,,308.87,100.00,2025-06,FR_JUNE_2025.pdf
164,N24002127,,,SILCHAR VAIRENGTE SAIRANG ROAD PKG-1,,NHIDCL,2023-02,2026-07,,1256.90,,539.19,40.36,2025-06,FR_JUNE_2025.pdf
165,N24002128,,,SILCHAR VAIRENGTE SAIRANG ROAD PKG-2,,NHIDCL,2023-03,2026-08,,1716.21,,989.94,64.56,2025-06,FR_JUNE_2025.pdf
166,N24002129,,,FOUR LANNING OF BADARPUR BYPASS FROM DESIGN CHAINAGE KM 27+300 AT CROSSING WITH NH-6,,NHIDCL,2023-02,2026-08,,574.26,,297.70,54.97,2025-06,FR_JUNE_2025.pdf
167,N24002130,,,TAMENGLONG- MAHUR ROAD PKG-7,,NHIDCL,2023-12,2026-03,,846.82,,407.11,68.95,2025-06,FR_JUNE_2025.pdf
168,N24002154,,,CONSTRUCTION OF 4-LANE PANCHGRAM BYPASS FROM DESIGN CHAINAGE KM 15+500 ON NH-37 (OLD NH-53) AT KALIN,,NHIDCL,2023-03,2027-02,,728.97,,290.90,43.16,2025-06,FR_JUNE_2025.pdf
169,N24002155,,,WIDENING/IMPROVEMENT TO 4-LANE WITH PAVED SHOULDER FROM KM 55+000 (NAGABANG GAMSUK) TO KM 82+514 (OY,,NHIDCL,2023-03,2027-03,,665.47,,213.67,50.88,2025-06,FR_JUNE_2025.pdf
170,N24002225,,,BILASIPURA- GUWAHATI ROAD PKG-1,,NHIDCL,2024-02,2027-08,,1081.15,,33.93,2.76,2025-06,FR_JUNE_2025.pdf
171,N24002226,,,SILCHAR-JIRIBAM PKG-1,,NHIDCL,2024-01,2028-01,,957.95,,0.00,21.98,2025-06,FR_JUNE_2025.pdf
172,N24002229,,,BILASIPURA- GUWAHATI ROAD PKG-2,,NHIDCL,2023-11,2027-06,,1338.61,,0.50,,2025-06,FR_JUNE_2025.pdf
173,N24002230,,,BADARPUR ? CHURAIBARI PKG-6,,NHIDCL,2024-03,2027-03,,870.00,,0.00,5.86,2025-06,FR_JUNE_2025.pdf
174,N24002231,,,KARIMGANI - SUTARKANDI SECTION ON SILCHAR-CHURAIBARI PKG-7,,NHIDCL,2024-02,2027-02,,791.79,,0.00,1.02,2025-06,FR_JUNE_2025.pdf
175,N24002237,,,CONSTRUCTION OF 4 LANE GAURIPUR BYPASS ON NH-17 IN THE STATE OF ASSAM,,MoRTH,2024-03,2026-10,,421.15,,0.00,,2025-06,FR_JUNE_2025.pdf
176,N24002238,,,CONSTRUCTION OF 2 LANE BARPETA BYPASS FROM KM 77+900(BARADI) TO KM 86+150( DEURIKUCHI) (LENGTH=8.25K,,MoRTH,2023-03,2026-08,,173.65,,0.00,,2025-06,FR_JUNE_2025.pdf
177,N24002243,,,SILCHAR- CHURAIBARI PKG-5,,NHIDCL,2024-02,2027-10,,1258.13,,0.00,,2025-06,FR_JUNE_2025.pdf
178,N24000319,,,4 LANING OF JORHAT TO JHANJI SECTION FROM KM. 453.00 TO KM. 491.08 (DESIGN KM 403.200 TO KM 454.240),,NHIDCL,2015-06,2023-08,,437.39,,586.89,97.43,2025-06,FR_JUNE_2025.pdf
179,N24000320,,,FOUR LANING OF JHANJHI JN TO DEMOW SECTION FROM KM. 491.050 TO KM. 535.250(DESIGN KM 490.800 TO KM 5,,NHIDCL,2015-06,2024-03,,463.49,,517.62,78.19,2025-06,FR_JUNE_2025.pdf
180,N24000431,,,4 LANING FROM JAMUGURI TO BISWANATH CHARIALI FROM KM 182 TO KM 208 OF NH-52,,NHIDCL,1991-01,2019-06,2019-06,520.01,,306.13,98.42,2025-06,FR_JUNE_2025.pdf
181,N24000438,,,4 LANING FROM RANGAGARA TO KALIABHOR TINALI FROM KM 297.00 TO KM 315.315 OF NH-37 ON EPC BASIS.,,NHIDCL,2015-12,2018-12,2021-07,289.99,,233.23,88.03,2025-06,FR_JUNE_2025.pdf
182,N24000582,,,4 LANING OF NH-37 SECTION BETWEEN DEMOW TO END OF MORAN BYPASS (FROM KM. 534.800 TO KM. 561.700) O,,NHIDCL,2016-01,2016-01,,294.17,,396.49,98.40,2025-06,FR_JUNE_2025.pdf
183,N24000583,,,4 LANING OF NH 37 SECTION BETWEEN END OF MORAN BYPASS TO BOGIBEEL JUNCTION NEAR LAPETKETA (KM. 561,,NHIDCL,2016-01,2021-12,,252.00,,242.97,95.42,2025-06,FR_JUNE_2025.pdf
184,N24001246,,,4-LANING OF HAPACHARA - TULUNGIA SECTION,,NHIDCL,2020-03,2022-12,,220.20,,217.31,97.76,2025-06,FR_JUNE_2025.pdf
185,N24001269,,,2-LANING OF CHURACHANDPUR TUIVAI SECTION OF NH-102B (PKG- IB),,NHIDCL,2020-03,2022-03,2025-06,216.49,241.52,114.38,87.02,2025-06,FR_JUNE_2025.pdf
186,N24001326,,,4-L DHUBRI PHULBARI BRIDGE WITH APPROACH ROAD,,NHIDCL,2020-11,2028-09,,4997.04,,2464.49,62.82,2025-06,FR_JUNE_2025.pdf
187,N24001331,,,2-LANING FROM YAINGANGPOKPI TO FINCH CORNER (PKG-I),,NHIDCL,2020-03,2022-06,2025-05,261.13,,70.08,57.50,2025-06,FR_JUNE_2025.pdf
188,N24001332,,,2-LANING FROM YAINGANGPOKPI TO FINCH CORNER (PKG-II),,NHIDCL,2020-03,2022-06,2025-04,217.50,,89.21,68.03,2025-06,FR_JUNE_2025.pdf
189,N24001366,,,DABOKA KATHKATI PACKAGE-5,,NHIDCL,2021-03,2023-01,,288.85,,247.78,100.00,2025-06,FR_JUNE_2025.pdf
190,N24001368,,,TULUNGIA-JOGIGHOPA-PAIKAN ROAD PKG-7,,NHIDCL,2021-03,2024-01,,286.72,,159.30,82.90,2025-06,FR_JUNE_2025.pdf
191,N24001408,,,CONSTRUCTION OF 2-LANE MAJOR BRIDGE INCLUDING APPROACHESOVER BRAHMAPUTRA BETWEEN MAJULI ON NORTH BAN,,MoRTH,2021-02,2025-07,,925.47,1019.17,192.50,30.65,2025-06,FR_JUNE_2025.pdf
192,N04000082,,,"CONSTRUCTION OF NEW DORNESTIC TERMINAL BUILDING AND OTHER STRUCTURES, PHASE I AND II",,AAI,2018-05,2022-10,2025-11,1216.90,,1029.05,93.14,2025-06,FR_JUNE_2025.pdf
193,N04000112,,,"DARBHANGA:DEVELOPMENT OF NEW CIVIL ENCLAVE AT DARBHANGA, BIHAR. SH- CONSTRUCTION OF NEW TERMINAL BUI",,AAI,2024-07,2026-07,,911.66,,113.58,20.75,2025-06,FR_JUNE_2025.pdf
194,N28000100,,,CONSTRUCTION OF ACADEMIC AND RESIDENTIAL COMPLEX UNDER PHASE-II FOR THE CAMPUS OF IIT PATNA,,CPWD EDUCATION,2016-02,2017-06,,496.18,496.00,390.15,100.00,2025-06,FR_JUNE_2025.pdf
195,N42000009,,,PERMANENT CAMPUS FOR IIM BODH GAYA,,CPWD EDUCATION,2018-09,2020-09,,375.00,,342.18,100.00,2025-06,FR_JUNE_2025.pdf
196,N16000386,,,BARAUNI REFINERY CAPACITY EXPANSION FROM 6.0 TO 9.0 MMTPA,,IOCL,2020-01,2023-04,2026-08,14810.00,18113.00,11055.42,89.00,2025-06,FR_JUNE_2025.pdf
197,N16000423,,,"CGD PROJECT AT KHAGARIA, SAHARSA AND MADHEPURA",,IOCL,2019-06,2029-12,2030-03,163.00,,96.08,40.10,2025-06,FR_JUNE_2025.pdf
198,N16000453,,,INSTALLATION OF BITUMEN MANUFACTURING UNIT ALONG WITH ALLIED FACILITIES AT BARAUNI,,IOCL,2022-01,2025-04,,389.00,,38.25,35.40,2025-06,FR_JUNE_2025.pdf
199,N16000523,,,CITY GAS DISTRIBUTION PROJECTS AT GOPALGANJ SIWAN WEST CHAMPARAN EAST CHAMPARAN AND DEORIA DISTRICTS,,BPCL,2022-12,2030-06,,3919.00,,382.99,13.60,2025-06,FR_JUNE_2025.pdf
200,N16000524,,,"CITY GAS DISTRIBUTION PROJECTS AT DARBHANGA, MADHUBANI, SUPAUL, SITAMARHI AND SHEOHAR DISTRICTS",,BPCL,2022-12,2030-03,,3638.00,,390.34,20.80,2025-06,FR_JUNE_2025.pdf
201,180100242,,,BARH STPP(3X660MW) NTPC,,NTPC,2005-02,2011-10,2023-07,8692.97,21312.11,22561.37,95.00,2025-06,FR_JUNE_2025.pdf
202,N18000194,,,BUXAR THERMAL POWER PLANT (1320 MW),,SJVN,2019-03,2024-01,,10439.09,,11845.16,91.56,2025-06,FR_JUNE_2025.pdf
203,N18000421,,,EASTERN REGION EXPANSION SCHEME: 43 [ERES: 43],,PGCIL,2025-05,2026-05,,343.00,,0.00,,2025-06,FR_JUNE_2025.pdf
204,N18000422,,,EASTERN REGION EXPANSION SCHEME: 44 [ERES: 44],,PGCIL,2025-05,2026-05,,409.00,,0.00,,2025-06,FR_JUNE_2025.pdf
205,220100257,,,KHAGARIA-KUSHESHWAR ASTHAN (NL) (ECR),,ECR,1997-04,2024-12,,614.45,614.45,483.57,52.00,2025-06,FR_JUNE_2025.pdf
206,220100303,,,"HAJIPUR-SUGAULI VIA VAISHALI (NL), ECR",,ECR,2003-04,2014-12,,2066.78,2087.36,2454.59,73.00,2025-06,FR_JUNE_2025.pdf
207,N22000087,,,"NEW B.G. LINE FROM ARARIA TO GALGALIA (THAKURGUNG), NEFR",,NFR,2006-09,2024-12,,2650.00,2132.03,4074.75,92.00,2025-06,FR_JUNE_2025.pdf
208,N22000171,,,SAKRI-HASANPUR ROAD (NL),,ECR,1999-04,,2027-03,325.00,735.20,604.94,78.00,2025-06,FR_JUNE_2025.pdf
209,N22000177,,,ARARIA-SUPAUL (NL),,ECR,2008-04,2024-03,,1605.17,1605.17,1749.92,65.00,2025-06,FR_JUNE_2025.pdf
210,N22000181,,,JAYNAGAR-BIJALPURA INCLUDING EXTENSION BIJALPURA- BARDIBAS(NEPAL) GC,,ECR,2009-04,2022-03,,819.00,548.00,566.62,75.00,2025-06,FR_JUNE_2025.pdf
211,N22000329,,,SAMASTIPUR-DARBANGHA,,ECR,2015-05,2025-03,,519.33,519.33,651.94,80.00,2025-06,FR_JUNE_2025.pdf
212,N22000349,,,KIUL - GAYA DOUBLING PROJECT,,ECR,2015-12,2024-09,,2462.11,1200.20,1896.91,99.00,2025-06,FR_JUNE_2025.pdf
213,N22000350,,,RAMPUR DUMRA - TAL - RAJENDRAPUL DOUBLING INCLUDING GANGA BRIDGE,,ECR,2015-12,2024-12,,2373.64,1491.47,1776.70,77.00,2025-06,FR_JUNE_2025.pdf
214,N22000472,,,SAGAULI VALMIKINAGAR DOUBLING 109.7 KM,,ECR,2016-04,2024-12,,1215.54,1215.54,1595.74,91.00,2025-06,FR_JUNE_2025.pdf
215,N22000473,,,MUZAFFARPUR SAGAULI DOUBLING 100.60 KM,,ECR,2016-04,2024-06,,1586.22,1185.73,1487.54,96.00,2025-06,FR_JUNE_2025.pdf
216,N22000476,,,"FATUHA-ISLAMPUR INCL. MM FOR EXTENSION OF NEW LINE FORM BIHARSHARIF-BARBIGHA, DANIYAWAN- BIHARSHARIF,",,ECR,1991-04,2023-03,,1473.30,803.09,2794.05,90.00,2025-06,FR_JUNE_2025.pdf
217,N22000524,,,BARAUNI- BACHWARA 3RD AND 4TH LINE,,ECR,2022-07,2027-07,,486.00,,135.31,33.00,2025-06,FR_JUNE_2025.pdf
218,N22000526,,,JHAJHA - BATIA (UMBRELLA WORK PB#23/2018-19/NR),,ECR,2019-02,2028-06,,496.47,,22.55,,2025-06,FR_JUNE_2025.pdf
219,N22000528,,,SONENAGAR BYE PASS LINE FROM CHIRALAPOTHU TO BAGHA BISHUNPUR,,ECR,2022-10,2027-10,,234.00,223.69,22.57,,2025-06,FR_JUNE_2025.pdf
220,N22000570,,,KATIHAR-KUMEDPUR AND KATIHAR- MUKURIA (64.5 KM) (UMBRELLA WORK PB#57/2019-20/NR),,NFR,2022-08,2027-08,,745.00,,356.14,35.00,2025-06,FR_JUNE_2025.pdf
221,N24001697,,,4L GREENFIELD ALIGNMENT FROM KALYANAPUR TO TAL DASHRAHA OF NH-119D (PKG-III),,NHAI,2023-02,2025-02,,1358.00,,228.72,22.00,2025-06,FR_JUNE_2025.pdf
222,N24001698,,,FOUR LANING OF MUNGER TO MIRZACHAUKI (NH-80) SECTION FROM NEAR RASULPUR TO MIRZACHAUKI (DESIGN CH,,NHAI,2022-08,2024-08,2025-12,1198.02,,43.77,,2025-06,FR_JUNE_2025.pdf
223,N24001699,,,CONSTRUCTION OF 4 LANE ELEVATED SECTION AND AT- GRADE IMPROVEMENTS AT BEGUSARAI TOWN SECTION OF NH-3,,NHAI,2022-03,2024-12,2025-12,312.58,,205.99,85.88,2025-06,FR_JUNE_2025.pdf
224,N24001700,,,SIX LANNING OF AURANGABAD TO BIHAR/JHARKHAND BORDER SECTION OF NH-19 (OLD NH-2) FROM KM. 209.827 TO,,NHAI,2021-12,2024-03,2024-12,552.55,553.00,378.25,86.60,2025-06,FR_JUNE_2025.pdf
225,N24001701,,,FOUR LANING OF MUNGER TO MIRZACHAUKI (NH-80) SECTION FROM START OF EXISTING BHAGALPUR BYPASS TO RASU,,NHAI,2022-04,2024-04,2025-09,1769.50,,69.23,,2025-06,FR_JUNE_2025.pdf
226,N24001702,,,CONSTRUCTION OF 4 LANE ELEVATED HIGHWAY AND AT-GRADE IMPROVEMENTS AT GOPALGANJ TOWN FROM DESIGN CH:,,NHAI,2021-12,2024-09,,184.90,185.00,166.56,99.78,2025-06,FR_JUNE_2025.pdf
227,N24001703,,,6 L OF AURANGABAD TO BIHAR- JHARKHAND BORDER (CHORDAHA) SECTION FROM KM. 180.000 TO KM. 209.827 OF N,,NHAI,2022-02,2025-05,,786.81,787.00,0.00,8.30,2025-06,FR_JUNE_2025.pdf
228,N24001704,,,FOUR LANING OF MUNGER TO MIRZACHAUKI (NH-80) SECTION FROM KHARIA VILLAGE JUNCTION TO START OF EXISTI,,NHAI,2021-03,2024-03,2025-09,1020.84,,163.19,,2025-06,FR_JUNE_2025.pdf
229,N24001705,,,FOUR LANING OF MUNGER TO MIRZACHAUKI (NH-80) SECTION FROM MUNGER TO KHARIA VILLAGE JUNCTION DESIGN C,,NHAI,2022-03,2024-03,2025-12,1485.66,,35.16,,2025-06,FR_JUNE_2025.pdf
230,N24001709,,,BAKHTIYARPUR RAJAULI PKG-II FROM KM 54.405 TO KM 101.630 NH20,,NHAI,2020-09,2023-04,2024-12,897.45,,1037.63,97.85,2025-06,FR_JUNE_2025.pdf
231,N24001712,,,FOUR LANING OF PARARIA TO MOHANIA SECTION OF NH 319 (OLD NH 30) FROM KM. 54+530 (DESIGN CHAINAGE) TO,,NHAI,2020-08,2023-07,2025-05,690.00,,770.73,98.90,2025-06,FR_JUNE_2025.pdf
232,N24001715,,,BALANCE WORK OF TWO LANING WITH PAVED SHOULDER OF PIPRAKOTHI?MOTIHARI- RAXAUL SECTION OF NH-28A FRO,,NHAI,2018-12,2020-10,,333.60,466.59,460.38,100.00,2025-06,FR_JUNE_2025.pdf
233,N24001870,,,IMPROVEMENT TO TWO LANE WITH PAVED SHOULDERS OF NH 122B FROM KM 29.730 TO KM 72.348 IN STATE OF BIH,,MoRTH,2022-02,2024-11,,624.43,,292.16,88.00,2025-06,FR_JUNE_2025.pdf
234,N24001875,,,WIDENING AND STRENTHENING FROM KM 70.15 TO KM 121.025 OF NH-80,,MoRTH,2021-03,2025-01,,477.54,,360.27,94.50,2025-06,FR_JUNE_2025.pdf
235,N24001876,,,WIDENING and STRENTHENING FROM KM132.895 TO KM 190.15 NH-80,,MoRTH,2021-03,2024-03,,566.15,,258.29,58.60,2025-06,FR_JUNE_2025.pdf
236,N24001877,,,CONSTRUCTION OF NEW 4-LANE BRIDGE (PARALLEL TO EXISTING VIKRAMASHILA SETU)FROM KM 8+920 TO KM 13+375,,MoRTH,2020-07,2027-05,,1110.23,,478.96,42.90,2025-06,FR_JUNE_2025.pdf
237,N24001878,,,IMPROVEMENT TO TWO LANE WITH PAVED SHOULDERS OF NH-319A FROM KM 0 TO KM 45 IN STATE OF BIHAR UNDER,,MoRTH,2022-02,2024-12,,427.29,,210.22,80.00,2025-06,FR_JUNE_2025.pdf
238,N24001879,,,CONSTRUCTION OF PROPOSED 4_LANE REVELGUNJ BYPASS NH-19 IN THE STATE OF BIHAR ON EPC MODE CONNECTING,,MoRTH,2022-03,2025-07,,295.24,,93.14,63.05,2025-06,FR_JUNE_2025.pdf
239,N24002062,,,CONSTRUCTION OF 6- LANE BRIDGE AND ITS APPROACHES ACROSS RIVER GANGA AS PART OF PATNA RING ROAD (NH-,,NHAI,2023-03,2027-09,,3012.27,,303.67,10.83,2025-06,FR_JUNE_2025.pdf
240,N24002063,,,BALANCE WORK - WB-10 (GANDAK BRIDGE) KM 402.00 TO KM 440.00 (DEVANPUR - KOTWA),,NHAI,2021-12,2024-01,,210.05,,104.35,69.00,2025-06,FR_JUNE_2025.pdf
241,N24002064,,,PERMANENT RECTIFICATION OF 3 NOS. OF BLACK SPOTS IN PROJECT HIGHWAY NH-27 OF U.P BORDER - DEWAPUR -,,NHAI,2022-12,2025-12,,381.80,,119.56,52.00,2025-06,FR_JUNE_2025.pdf
242,N24002065,,,4L GREENFIELD ALIGNMENT OF AMAS TO SHIVRAMPUR FROM 0.000 KM. TO 55.002 KM. OF NH 119 D (PKG-I),,NHAI,2022-02,2025-03,,1390.92,,17.54,22.56,2025-06,FR_JUNE_2025.pdf
243,N24002066,,,4L GREENFIELD ALIGNMENT OF SHIVRAMPUR TO RAMNAGAR FROM KM. 55.002 TO KM. 109.300 OF NH 119 D (PKG-I,,NHAI,2022-02,2025-07,,1494.31,,38.28,4.59,2025-06,FR_JUNE_2025.pdf
244,N24002133,,,IMPROVEMENT OF 2 LANE WITH PAVED SHOULDER OF STRETCH FROM BIKRAMGANJ DAWATH MELAYABAGH NAWANAGR -DUM,,MoRTH,2021-03,2025-03,,178.63,,124.52,96.00,2025-06,FR_JUNE_2025.pdf
245,N24002193,,,CONSTRUCTION OF 4 LANE ROB AND ITS APPROACHES AT THE LEVEL OF CROSSING (L C NO. 29-B) OF KM 29 (EKAN,,MoRTH,2023-03,2026-07,,201.08,,25.42,28.00,2025-06,FR_JUNE_2025.pdf
246,N24002194,,,CONSTRUCTION OF 6-LANE ELEVATED / EXTRA DOSE CABLE BRIDGE ON RIVER GANGA PARALLEL TO AND WESTERN SID,,MoRTH,2024-01,2027-11,,3064.45,,142.38,5.19,2025-06,FR_JUNE_2025.pdf
247,N24002195,,,ESTIMATE FOR IMPROVEMENT TO TWO LANE WITH PAVED SHOULDER FROM RAMNAGAR TO ROSEDA FROM (KM 3.500 TO 4,,MoRTH,2022-01,2026-04,,495.16,,134.57,11.50,2025-06,FR_JUNE_2025.pdf
248,N24002196,,,CONSTRUCTION OF BHABHUA BYPASS FROM CH. 10+800(DESIGN CH. 10+800) TO CH. 19+860 (DESIGN CH. 18+150),,MoRTH,2022-02,2026-03,,179.86,,26.15,,2025-06,FR_JUNE_2025.pdf
249,N24002197,,,IMPROVEMENT TO TWO LANE WITH PAVED SHOULDER FROM JUNCTION OF NH-22 NEAR HAJIPUR TO JUNCTION OF NH-12,,MoRTH,2024-02,2026-02,,226.15,,14.44,20.00,2025-06,FR_JUNE_2025.pdf
250,N24002198,,,IMPROVEMENT TO TWO LANE WITH PAVED SHOULDERS OF BH/WBBORDER-AMDABAD-MANIHARI SECTION FROM DESIGN KM,,MoRTH,2022-01,2026-03,,353.27,,29.82,2.50,2025-06,FR_JUNE_2025.pdf
251,N24002220,,,PERMANENT RECTIFICATION OF 4 NOS. OF BLACKSPOTS ON NH 27 OF KOTWA MEHSI MUZAFFARPUR SECTION FROM,,NHAI,2022-12,2026-11,,410.75,,50.64,26.20,2025-06,FR_JUNE_2025.pdf
252,N24002221,,,4L OF GREENFIELD ALIGNMENT FROM KM. 47.000 TO KM. 89.210 OF BALBHADARPUR TO BELA NAWDA SECTION OF NH,,NHAI,2022-02,2026-03,,2185.75,,595.71,12.84,2025-06,FR_JUNE_2025.pdf
253,N24000165,,,PATNA-MUZZAFFARPUR,,NHAI,2010-08,2013-02,,671.30,,1830.13,98.87,2025-06,FR_JUNE_2025.pdf
254,N24000187,,,4-LANNING OF CHAPRA-HAJIPUR,,NHAI,2011-01,2013-07,2026-01,575.00,,573.48,89.81,2025-06,FR_JUNE_2025.pdf
255,N24000382,,,REHABILITATION AND UPGRADING TO 2 LANES/2 LANE WITH PAVED SHOULDERS CONFIGURATION OF BIRPUR - BIHPUR,,MoRTH,2014-01,2019-10,2025-08,675.00,,764.76,97.50,2025-06,FR_JUNE_2025.pdf
256,N24000480,,,FOUR OF SIMARIA - KHAGARIA SECTION OF NH-31,,NHAI,2015-12,2019-04,2025-03,1041.10,567.00,553.73,97.68,2025-06,FR_JUNE_2025.pdf
257,N24000507,,,FOUR LANING OF BAKHTIYARPUR - MOKAMA SECTION OF NH-31,,NHAI,2015-12,2019-12,,1167.45,,775.79,99.43,2025-06,FR_JUNE_2025.pdf
258,N24000531,,,REHABILITATION AND UPGRADING TO 2 LANES/2 LANE WITH PAVED SHOULDERS (KM 40 TO KM 219.945) OF NH-104,,MoRTH,2016-02,2018-11,,319.68,,453.00,98.80,2025-06,FR_JUNE_2025.pdf
259,N24000576,,,CONSTRUCTION OF REHABILITATION AND UPGRADING TO 2 LANES/2 LANE(FOR LOT-I-KM 40.00 TO KM 65.400 AND K,,MoRTH,2016-02,2016-05,,178.85,,232.61,98.35,2025-06,FR_JUNE_2025.pdf
260,N24000578,,,"PROCUREMENT, AND CONSTRUCTION OF REHABILITATION AND UPGRADING TO 2 LANES/2 LANE(FOR LOT-III-KM 156.5",,MoRTH,2016-02,2016-05,,553.30,,712.38,98.00,2025-06,FR_JUNE_2025.pdf
261,N24000579,,,FOUR LANING OF GAYA-HISUA- RAJGIRI-NALANDA-BIHARSHARIF SECTION (KM0.00 TO 92.935) ON NH-82 IN BIHAR,,MoRTH,2014-01,2016-10,,1408.85,,1739.19,97.00,2025-06,FR_JUNE_2025.pdf
262,N24000665,,,TWO-LANNING WITH PAVED SHOULDER OF MAHSHKUNT-SAHARSA- PURNEA SECTION FROM EXISTING KM.89.020 (DESIGN,,NHAI,2017-03,2020-03,2025-12,672.89,893.92,714.74,86.71,2025-06,FR_JUNE_2025.pdf
263,N24000696,,,SIX LANNING OF AUNTA- SIMARIA(GANGA BRIDGE WITH APPROACH ROADS) SECTION OF NH- 31,,NHAI,2017-08,2022-02,2024-10,950.64,1161.00,1156.29,99.56,2025-06,FR_JUNE_2025.pdf
264,N24000714,,,CONSTRUCTION OF NEW LINK (NH- 133B) FROM KM 0/00 (KM 200/87 OF SAHIBANJ BYPASS) IN JHARKHAND TO KM 15,,NHAI,2017-12,2024-10,2026-12,2598.00,,1427.02,77.90,2025-06,FR_JUNE_2025.pdf
265,N24000723,,,REHABILITATION AND UPGRADATION OF TWO LANING OF MAHESHKHUNT - SAHARSA - PURNEA SECTION PKG - I,,NHAI,2018-01,2021-12,2025-08,573.70,644.50,509.99,82.51,2025-06,FR_JUNE_2025.pdf
266,N24000813,,,DEVELOPMENT OF NEWLY DECLARED NH-527C FROM MAJHAULI TO CHAROUT SECTION TO 2 LANE WITH PAVED SHOULDER,,NHAI,2018-03,2021-11,2024-12,496.20,470.18,399.41,98.50,2025-06,FR_JUNE_2025.pdf
267,N24000943,,,CONSTRUCTION OF A NEW 4 LANE MAJOR BRIDGE ACROSS RIVER KOSI AT PHULAUT INCLUDING RHABILITATION AND,,MoRTH,2018-09,2024-06,,1478.40,,972.42,75.15,2025-06,FR_JUNE_2025.pdf
268,N24001201,,,CONSTRUCTION OF A NEW 4 LANE BRIDGE PARALLEL TO EXISTING MG SETU WITH ITS APPROACHES FROM KM 0.00,,MoRTH,2019-02,2024-09,,2926.42,,1354.63,59.29,2025-06,FR_JUNE_2025.pdf
269,N24001303,,,BALANCE WORK OF 4- LANING OF PATNA-GAYA-DOBHI SECTION (KM. 0.00 TO KM. 127.217) OF NH-83 IN THE STAT,,NHAI,2013-10,2020-12,2024-12,649.90,,711.53,98.30,2025-06,FR_JUNE_2025.pdf
270,N24001304,,,BALANCE WORK OF 4- LANING OF PATNA-GAYA-DOBHI SECTION (KM. 39.00 TO KM. 83.00) OF NH-83 IN THE STATE,,NHAI,2013-10,2020-11,2024-12,446.97,598.48,638.80,96.30,2025-06,FR_JUNE_2025.pdf
271,N24001305,,,BALANCE WORK OF 4- L ANING OF PATNA-GAYA-DOBHI SECTION (KM.83.00 TO KM. 127.217) OF NH-83 IN THE STA,,NHAI,2013-10,2020-11,2024-12,464.09,605.53,698.25,97.30,2025-06,FR_JUNE_2025.pdf
272,N24001371,,,CONSTRUCTION OF 2 LANE BRIDGE ACROSS RIVER KOSI WITH APPROACH ROAD FROM BHEJA TO BAKAUR SECTION OF N,,NHAI,2019-10,2023-08,2026-04,1101.99,,890.20,78.48,2025-06,FR_JUNE_2025.pdf
273,N28000148,,,PATNA METRO RAIL CORPORATION LIMITED,,PATNA METRO RAI,2019-02,2024-06,,13365.77,,3318.85,45.31,2025-06,FR_JUNE_2025.pdf
274,N30000026,,,SEWER NETWORK SPS AND STP BEGUSARAI,,BUIDCO,2018-03,2021-07,2019-12,230.06,,261.47,97.00,2025-06,FR_JUNE_2025.pdf
275,N30000027,,,I AND D AND STP WORKS FOR BHAGALPUR,,BUIDCO,2017-10,2020-09,2020-11,254.13,413.29,126.67,90.00,2025-06,FR_JUNE_2025.pdf
276,N30000035,,,SEWER NETWORKS SPS AND STP HAJIPUR,,BUIDCO,2018-03,2021-08,2018-03,305.19,,346.46,95.00,2025-06,FR_JUNE_2025.pdf
277,N30000036,,,"SEWER NETWORKS, SPS AND STP, MUNGER",,BUIDCO,2018-03,2021-10,2018-03,294.02,350.79,428.70,100.00,2025-06,FR_JUNE_2025.pdf
278,N30000039,,,SAIDPUR SEWER NETWORK PATNA,,BUIDCO,2015-04,2021-01,,268.63,,491.13,100.00,2025-06,FR_JUNE_2025.pdf
279,N30000044,,,SEWERAGE SYSTEM WITH SEWER NETWORK PATNA KARMALICHAK,,BUIDCO,2017-03,2021-05,2017-03,277.42,253.98,355.31,100.00,2025-06,FR_JUNE_2025.pdf
280,N30000050,,,SEWERAGE SYSTEM AND STP FOR KANKARBAG ZONE PATNA,,BUIDCO,2017-08,2022-06,,578.89,453.83,165.88,53.00,2025-06,FR_JUNE_2025.pdf
281,N30000051,,,"SEWERAGE SYSTEM AND STP FOR DIGHA ZONE, PATNA",,BUIDCO,2017-08,2022-06,,824.00,734.09,385.33,55.00,2025-06,FR_JUNE_2025.pdf
282,060100093,,,GEVRA EXPANSION OCP (SECL) (35-70) MTY,,SECL,2010-06,2023-03,2026-03,11816.40,,6617.04,77.20,2025-06,FR_JUNE_2025.pdf
283,N06000045,,,PELMA OCP(15.00MTY),,SECL,2022-10,2023-03,,1624.59,,15.53,17.00,2025-06,FR_JUNE_2025.pdf
284,N06000104,,,CHHAL OC SEAM -III (6.00 MTY),,SECL,2013-12,2022-03,2025-06,610.63,,576.48,85.00,2025-06,FR_JUNE_2025.pdf
285,N06000123,,,AMERA OC RCE,,SECL,2015-02,2018-03,2026-03,335.97,,87.47,42.00,2025-06,FR_JUNE_2025.pdf
286,N06000135,,,AMGAON OPENCAST PROJECT RCE,,SECL,2015-07,2020-03,2026-03,316.10,,188.33,71.00,2025-06,FR_JUNE_2025.pdf
287,N06000164,,,MAHAMAYA OPENCAST PROJECT,,SECL,2018-05,2026-03,,410.26,,180.94,38.00,2025-06,FR_JUNE_2025.pdf
288,N06000166,,,JHIRIA WEST OPENCAST PROJECT,,SECL,2024-01,2029-03,,366.94,,33.67,41.00,2025-06,FR_JUNE_2025.pdf
289,N06000197,,,BAROUD OC EXPANSION (3-10 MTY),,SECL,2020-08,2029-03,,2309.80,,916.35,47.00,2025-06,FR_JUNE_2025.pdf
290,N06000198,,,JAMPALI OCP RCE,,SECL,2020-05,2024-03,2025-03,278.64,,210.90,82.00,2025-06,FR_JUNE_2025.pdf
291,N06000199,,,PORDA CHIMTAPANI OCP (10 MTY),,SECL,2020-12,2029-03,,2310.12,,83.30,10.00,2025-06,FR_JUNE_2025.pdf
292,N06000200,,,DIPKA OC EXPANSION 40 MTY,,SECL,2020-12,2029-03,,5241.40,,2821.87,37.30,2025-06,FR_JUNE_2025.pdf
293,N06000232,,,JAGANNATHPUR OC RCE (3.0 MTY),,SECL,2016-07,2020-03,2026-03,459.49,,264.00,92.00,2025-06,FR_JUNE_2025.pdf
294,N06000274,,,KATKONA RO UG PROJECT (1.74 MTY),,SECL,2023-01,2029-03,,329.22,,60.38,2.00,2025-06,FR_JUNE_2025.pdf
295,N28000141,,,"C/O PERMANENT CAMPUS OF IIT BHILAI AT KUTHELABHATA, DURG CHHATTISGARH, STAGE I PHASE I.",,CPWD EDUCATION,2020-03,2022-07,2024-02,808.62,879.22,640.70,100.00,2025-06,FR_JUNE_2025.pdf
296,N18000350,,,WESTERN REGION EXPANSION SCHEME XXV,,PGCIL,2023-02,2023-11,,385.84,,370.41,95.00,2025-06,FR_JUNE_2025.pdf
297,N18000381,,,"LARA SUPER THERMAL POWER PROJECT, STAGE-II (2X800 MW)",,NTPC,2023-08,2028-06,,15530.00,,2124.99,6.50,2025-06,FR_JUNE_2025.pdf
298,N22000318,,,KIRANDUL - JAGDALPUR DOUBLING,,ECOR,2012-12,2020-03,,1588.70,,1534.73,94.90,2025-06,FR_JUNE_2025.pdf
299,N22000484,,,JHARSUGUDA-BILASPUR 4TH LINE,,SECR,2015-04,2024-10,2023-12,2140.34,2135.34,2306.80,88.00,2025-06,FR_JUNE_2025.pdf
300,N22000489,,,KHARSIA DHARAMJAIGARH WITH SPUR LINE EAST CORRIDOR-PHASE I,,IRCON,2013-04,2018-09,,3055.00,,3117.24,93.00,2025-06,FR_JUNE_2025.pdf
301,N22000572,,,Gauge conversion of Raipur(Kendri)- Dhamtari and Abhanpur-Rajim branch (67.20 km),,SECR,2011-07,2024-10,,1171.30,,617.69,82.00,2025-06,FR_JUNE_2025.pdf
302,N22000573,,,NIPANIA-BHATAPRA (14.4 KM) 4TH LINE (PB#72/NR/2022-23),,SECR,2022-09,2026-12,,170.49,,0.13,2.00,2025-06,FR_JUNE_2025.pdf
303,N22000574,,,4TH LINE - BHATAPARA-HATHBAND (8.8 KM) (PB#72/NR/2022-23),,SECR,2022-12,2026-12,,177.03,,14.52,2.00,2025-06,FR_JUNE_2025.pdf
304,N22000575,,,4TH LINE - BHILAI-BHILAI NAGAR (8.8 KM) (PB#72/NR/2022-23),,SECR,2022-09,2026-09,,169.06,,1.72,2.00,2025-06,FR_JUNE_2025.pdf
305,N22000576,,,4TH LINE - DADHAPARA-BELHA (9.2 KM) (PB#72/NR/2022-23),,SECR,2022-09,2026-09,,169.06,,17.96,30.00,2025-06,FR_JUNE_2025.pdf
306,N22000577,,,4TH LINE - RAJNANDGAON- DONGARHGARH (31.2 KM) (PB#72/NR/2022-23),,SECR,2022-09,2026-09,,328.34,,38.80,20.00,2025-06,FR_JUNE_2025.pdf
307,N22000579,,,3RD AND 4TH LINE - SARAGBUNDIA AND MADWARANI,,SECR,2022-09,2026-09,,167.64,,0.00,,2025-06,FR_JUNE_2025.pdf
308,N22000580,,,DOUBLING OF BORIDAND - AMBIKAPUR ( SURAJPUR),,SECR,2022-06,2030-06,,1376.20,1242.94,217.79,12.00,2025-06,FR_JUNE_2025.pdf
309,N22000602,,,DALLIRAJHARA - ROWGHAT (95 KM) {PART OF DALLIRAJHARA-JAGDALPUR (235 KM)},,RVNL,2008-03,2025-06,,1627.56,,1349.09,,2025-06,FR_JUNE_2025.pdf
310,N22000616,,,CHIRIMIRI-NAGPUR HALT,,SECR,2018-10,2030-06,,241.00,,0.00,,2025-06,FR_JUNE_2025.pdf
311,N24001588,,,DEVELOPMENT OF SIX LANE SARGI- BASANWAHI OF NH 130 CD FROM KM.42+800 TO 99+500 UNDER RAIPUR VISAKHAPA,,NHAI,2021-12,2025-01,,1470.73,,700.39,83.00,2025-06,FR_JUNE_2025.pdf
312,N24001593,,,DEVELOPMENT OF SIX LANE JHANKI SARGI OF NH 130 CD FROM KM.0+000 TO 42+800 UNDER RAIPUR VISAKHAPATTNA,,NHAI,2021-11,2024-09,,1368.19,,928.78,96.50,2025-06,FR_JUNE_2025.pdf
313,N24001611,,,4 LANE OF BILASPUR TO URGA PROJECT (KM 0.00 TO KM 70.2) OF NH- 130A,,NHAI,2020-04,2024-03,,1855.59,2523.86,730.18,94.27,2025-06,FR_JUNE_2025.pdf
314,N24001917,,,UP GRADATION OF NH 930 SHERPAR TO KOHKA FROM KM 67.880 TO KM 114.860 TO TWO LANE WITH PAVED SHOULDER,,MoRTH,2020-03,2024-05,,278.97,,206.61,87.00,2025-06,FR_JUNE_2025.pdf
315,N24001919,,,UP GRADATION OF NH 130C ABHANPUR TO PAUND FROM NK KM 0.000 TO KM. 40.380 TO TWO LANE WITH PAVED SHOU,,MoRTH,2020-12,2023-09,2025-02,193.16,,103.83,81.00,2025-06,FR_JUNE_2025.pdf
316,N24001920,,,UPGRADATION OF NH 130A MUNGELI TO PONDI FROM NH KM. 51.600 TO KM. 77.870 KM. 80.970 TO 96.970 TO 2,,MoRTH,2021-03,2024-09,,218.57,,136.26,89.00,2025-06,FR_JUNE_2025.pdf
317,N24002017,,,DEVELOPMENT OF SIX LANE BASANWAHI-MARANGPURI OF NH 130 CD FROM KM.99+500 TO 124+661 UNDER RAIPUR VIS,,NHAI,2022-03,2025-10,,1307.16,,252.68,36.23,2025-06,FR_JUNE_2025.pdf
318,N24002045,,,CONSTRUCTION OF 6 LANE DURG RAIPUR ARANG BYPASS PKG 1 SECTION OF NH 53 FROM CH 0.000 TO CH 44.50,,NHAI,2022-06,2025-07,,1828.00,,575.00,47.51,2025-06,FR_JUNE_2025.pdf
319,N24002046,,,CONSTRUCTION OF 6 LANE DURG RAIPUR ARANG BYPASS PKG 2 SECTION OF NH 53 FROM CH 44+500 TO CH.92+230 I,,NHAI,2022-06,2025-05,,1958.94,1959.00,725.20,40.88,2025-06,FR_JUNE_2025.pdf
320,N24001217,,,REHABILITATION AND UPGRADATION OF NH 43 KANKER TO BEDMA SECTION KM. 130 TO 180,,MoRTH,2016-01,2016-08,,497.14,572.66,385.27,60.00,2025-06,FR_JUNE_2025.pdf
321,N24001221,,,REHABILITATION AND UPGRADATION OF NH 78 FROM KM 373.505 TO 469.300 AMBIKAPUR TO PATHALGAON SECTION,,MoRTH,2016-01,2016-10,,624.98,,620.67,100.00,2025-06,FR_JUNE_2025.pdf
322,N24001222,,,REHABILITATION AND UPGRADATION OF NH 78 FROM KM 469.000 TO 531.000 PATTHALGAON TO KUNKURI,,MoRTH,2016-03,2016-07,,452.94,,322.59,70.00,2025-06,FR_JUNE_2025.pdf
323,N24001227,,,CONSTRUCTION OF 4 NOS GRADE SEPARATOR BETWEEN KM. 281.000 TO KM 307.600 KM. 286.400 KUMHARI KM. 299.,,MoRTH,2018-03,2019-01,,349.03,,316.52,98.00,2025-06,FR_JUNE_2025.pdf
324,N24001228,,,UPGRADATION AND WIDENING OF BILASPUR TO MUNGELI SECTION NH- 130A,,MoRTH,2017-11,2019-05,,188.80,,136.81,97.00,2025-06,FR_JUNE_2025.pdf
325,N12000124,,,NMDC SLURRY PIPE LINE PROJECT - PHASE-1,,NMDC,2015-11,2023-06,2024-07,2907.00,5427.06,2955.56,80.70,2025-06,FR_JUNE_2025.pdf
326,N12000127,,,SCREENING PLANT-III AT KIRANDUL,,NMDC,2021-03,2024-08,,2092.97,2718.84,1503.52,71.31,2025-06,FR_JUNE_2025.pdf
327,N12000130,,,CONSTRUCTION OF RESIDENTIAL TOWERS AT BIOM KIRANDUL COMPLEX,,NMDC,2021-07,2024-11,,282.44,349.75,238.99,81.86,2025-06,FR_JUNE_2025.pdf
328,N12000131,,,"REPLACEMENT OF CONVERTER VESSELS, TRUNNION RINGS, SUPPORT SYSTEM AND INSTALLATION OF SECONDARY EMISS",,SAIL,2023-10,2026-06,,471.83,,109.38,31.06,2025-06,FR_JUNE_2025.pdf
329,N12000134,,,REBUILDING OF COKE OVEN BATTERY NO.7 AND 8 OF BHILAI STEEL PLANT,,SAIL,2023-11,2025-10,,884.10,,411.94,72.24,2025-06,FR_JUNE_2025.pdf
330,N12000137,,,REPLACEMENT OF HOT LEVELLER-1 OF PLATE MILL AT BHILAI STEEL PLANT,,SAIL,2024-07,2026-07,,198.62,,0.00,6.76,2025-06,FR_JUNE_2025.pdf
331,N28000149,,,CONSTRUCTION729 QUARTERS (TYPE II-180 TYPE III-364 TYPE IV-112 TYPE V- 68 TYPE-VI-5 SHOPS COMMUNI,,CPWD,2019-05,2020-09,2024-10,299.97,299.97,272.05,93.00,2025-06,FR_JUNE_2025.pdf
332,N04000076,,,"CONSTRUCTION OF COMBINED OPERATIONAL OFFICES FOR DGCA, BCAS, AAIB, AERA AND AAI AT SAFDARJUNG AIRPOR",,AAI,2016-11,2020-04,2024-04,303.80,374.98,344.93,100.00,2025-06,FR_JUNE_2025.pdf
333,N40000002,,,INDIA INTERNATIONAL CONVENTION AND EXPO CENTRE,,IICC FOR DPIIT,2017-11,2019-12,,4773.00,,4969.89,100.00,2025-06,FR_JUNE_2025.pdf
334,N07000001,,,"C/O RESIDENTIAL COMPLEX BUILDING FOR CENTRAL BOARD OF INDIRECT TAXES AND CUSTOMS AT SECTOR-9, DWARKA",,NPCC,2018-07,2022-04,,228.50,,176.28,85.00,2025-06,FR_JUNE_2025.pdf
335,N28000071,,,ESTABLISHMENT OF CENTRAL ARMED POLICE FORCE INSTITUTE OF MEDICAL SCIENCES(CAPFIMS) AT NEW DELHI,,CPWD FOR MHA,2013-10,2019-10,,1219.21,2091.53,1947.12,100.00,2025-06,FR_JUNE_2025.pdf
336,N45000002,,,CONSTRUCTION OF HEADQUARTER BUILDING OF CRPF AT LODHI ROAD NEW DELHI,,CPWD FOR MHA,2019-06,2022-07,,277.35,,111.00,66.00,2025-06,FR_JUNE_2025.pdf
337,N22000281,,,ANAND VIHAR-TILAK BRIDGE 3RD AND 4TH LINE,,NR,2012-04,2023-03,,586.36,,178.54,45.00,2025-06,FR_JUNE_2025.pdf
338,N24001771,,,SIX LANE ACCESS CONTROLLED OF DELHI SAHARANPUR HIGHWAY FROM AKSHARDHAM NH 9 JUNCTION TO DELHI UP BOR,,NHAI,2020-06,2024-12,,1479.22,,1491.26,99.00,2025-06,FR_JUNE_2025.pdf
339,N24001773,,,6L ACCESS CONTROLLED HIGHWAY FROM DND MAHARANI BAGH JN. WITH JAITPUR PUSHTA ROAD OF NH 148NA FROM,,NHAI,2020-05,2024-07,,1467.44,,1214.36,91.58,2025-06,FR_JUNE_2025.pdf
340,N24001777,,,DEVELOPMENT OF 6L UER-II (PACKAGE-I) (NH-1 NEAR BAKOLI TILL KARALA KANJHAWALA ROAD) FROM KM. (-)0.70,,NHAI,2020-07,2023-10,,2171.80,,958.13,99.99,2025-06,FR_JUNE_2025.pdf
341,N24001779,,,DWARKA EXPRESSWAY FROM KM - 0.600 TO KM 5.300 - PKG-I (SHIVMURTI CHOWK-RUB NEAR DWARKA SECTOR 21),,NHAI,2018-03,2022-09,,2507.00,,1155.70,95.05,2025-06,FR_JUNE_2025.pdf
342,N24001781,,,8L OF DWARKA EXPRESSWAY PKG-II (RUB NEAR DWARKA SECTOR 21- DL/HR BORDER) FROM 5.300 KM.TO 9.500 KM. O,,NHAI,2018-01,2021-10,,2067.67,,1496.49,99.40,2025-06,FR_JUNE_2025.pdf
343,N24001825,,,DEVELOPMENT OF 6L UER II [PACKAGE - II] (KARALA KANJHAWALA ROAD TILL NANGLOI - NAJAFGARH ROAD) FROM,,NHAI,2020-07,2023-10,,1894.96,,741.88,98.25,2025-06,FR_JUNE_2025.pdf
344,N28000115,,,SETTING UP PHYSICAL INFRASTRUCTURE FOR THE NATIONAL INSTITUTE OF COMMUNICATION FINANCE(NICF) AT GHIT,,CPWD FOR TELECO,2014-10,2018-03,,248.20,,236.97,98.00,2025-06,FR_JUNE_2025.pdf
345,N28000056,,,DELHI MRTS PHASE-III,,DMRC,2011-09,2016-03,2021-08,38585.00,43095.35,40685.45,100.00,2025-06,FR_JUNE_2025.pdf
346,N28000105,,,REDEVELOPMENT OF GPRA COLONY AT NAUROJI NAGAR,,NBCC,2016-07,,,2694.00,,2247.61,98.00,2025-06,FR_JUNE_2025.pdf
347,N28000128,,,REDEVELOPMENT OF GENERAL POOL RESIDENTIAL COLONY AT SRINIWASPURI NEW DELHI PHASE-I,,CPWD,2016-10,2021-07,,1180.00,,36.69,2.00,2025-06,FR_JUNE_2025.pdf
348,N28000129,,,REDEVELOPMENT OF GPRA AT KASTURBA NAGAR PHASE I,,CPWD,2016-10,2022-03,,1128.00,,740.35,68.00,2025-06,FR_JUNE_2025.pdf
349,N28000135,,,DELHI METRO PHASE IV THREE PRIORITY CORRIDORS,,DMRC,2019-07,2025-03,,24948.65,,16369.75,67.19,2025-06,FR_JUNE_2025.pdf
350,N28000153,,,"CONSTRUCTION OF 184 MULTI STORIED FLATS FOR HON'BLE MPS AT BKS MARG, NEW DELHI",,CPWD,2022-01,2024-11,2025-08,646.52,,506.00,94.00,2025-06,FR_JUNE_2025.pdf
351,N28000156,,,REDEVELOPMENT OF GPRA AT NETAJI NAGAR NEW DELHI PACKAGE 2,,NBCC,2016-10,2024-03,2025-08,1536.72,,507.85,91.50,2025-06,FR_JUNE_2025.pdf
352,N30000014,,,CONSTRUCTION OF 564 MLD 124 MGD WASTE WATER TREATMENT PLANT WITH EFFLUENT STANDARDS OF BOD ? 10MG/L,,DJB,2017-03,2022-12,,665.78,,782.51,100.00,2025-06,FR_JUNE_2025.pdf
353,N04000095,,,EXTENSION OF EXISTING INTEGRATED TERMINAL BUILDING AND ALLIED WORKS AT GOA AIRPORT.,GOA,AAI,2017-11,2021-09,2025-08,255.69,255.69,125.92,86.75,2025-06,FR_JUNE_2025.pdf
354,N42000002,,,"CONSTRUCTION OF PERMANENT CAMPUS FOR NATIONAL INSTITUTE OF TECHNOLOGY GOA AT CUNCOLIM, GOA.",,CPWD EDUCATION,2019-05,2021-08,,303.90,,360.00,99.30,2025-06,FR_JUNE_2025.pdf
355,N24002181,,,CONSTRUCTION OF SIX LANE ELEVATED CORRIDOR FROM KM. 508.000 TO KM. 513.150 INCLUDING APPROACHES ON N,,MoRTH,2023-04,2026-04,,641.46,,0.00,,2025-06,FR_JUNE_2025.pdf
356,N04000088,,,"C/O NEW GREENFIELD AIRPORT AT HISSAR, RAJKOT, GUJARAT",,AAI,2018-01,2022-08,2024-12,1405.00,,1304.63,100.00,2025-06,FR_JUNE_2025.pdf
357,N04000093,,,"EXTENSION OF TERMINAL BUILDING, PTT, APRON AND CAR PARK AT SURAT AIRPORT.",,AAI,2018-08,2021-02,2025-03,353.25,,348.78,100.00,2025-06,FR_JUNE_2025.pdf
358,N04000099,,,"DEVELOPMENT OF NEW GREENFIELD AIRPORT AT DHOLERA, AHMEDABAD (GUJARAT). PHASE-1.",,AAI,2022-06,2025-12,,1305.00,1143.95,648.65,61.00,2025-06,FR_JUNE_2025.pdf
359,N06000292,,,50 MW WIND POWER PROJECT PART OF 150 MW SECI HYBRID,,NLC,2022-07,2025-06,2026-01,383.84,,303.50,41.00,2025-06,FR_JUNE_2025.pdf
360,N16000279,,,REDEVELOPMENT OF SANTHAL FIELD,,ONGC,2017-02,2026-03,,1162.56,,1156.90,94.10,2025-06,FR_JUNE_2025.pdf
361,N16000382,,,ACRYLICS OR OXO-ALCOHOL PROJECT AT GUJARAT REFINERY,,IOCL,2019-11,2023-05,2024-03,5251.00,5894.00,4689.83,99.70,2025-06,FR_JUNE_2025.pdf
362,N16000409,,,PETROCHEMICAL AND LUBE INTEGRATION PROJECT AT GUJARAT REFINERY,,IOCL,2020-09,2024-08,2025-12,18936.00,,11161.74,82.50,2025-06,FR_JUNE_2025.pdf
363,N16000411,,,AUGUMENTATION OF SALAYA MATHURA CRUDE OIL PIPELINE SYSTEM,,IOCL,2020-10,2023-08,2025-06,1614.00,,1139.60,100.00,2025-06,FR_JUNE_2025.pdf
364,N16000428,,,REDEVELOPMENT OF LINCH FIELD,,ONGC,2021-04,2025-03,,631.03,860.04,435.64,76.60,2025-06,FR_JUNE_2025.pdf
365,N16000431,,,REDEVELOPMENT OF SOBHASAN COMPLEX,,ONGC,2021-08,2026-02,,885.63,1286.67,584.23,71.40,2025-06,FR_JUNE_2025.pdf
366,N16000444,,,COMMERCIAL POLYMER FLOODING PROJECT IN BECHRAJI FIELD,,ONGC,2022-01,2024-11,,621.40,,137.69,21.40,2025-06,FR_JUNE_2025.pdf
367,N16000454,,,INSTALLATION OF NEW BITUMEN UNIT ALONG WITH ALLIED FACILITIES AT GUJARAT,,IOCL,2022-01,2024-09,,328.00,,101.12,51.30,2025-06,FR_JUNE_2025.pdf
368,N16000477,,,"RESTORATION OF GAS TERMINAL, PHASE-I (PART-A), HAZIRA PLANT",,ONGC,2022-05,2025-02,,249.43,,209.42,93.70,2025-06,FR_JUNE_2025.pdf
369,N16000481,,,KALOL REDEVELOPMENT PROJECT,,ONGC,2022-08,2027-03,,1487.41,,952.00,60.00,2025-06,FR_JUNE_2025.pdf
370,N16000483,,,OLD PIPE LINE REPLACEMENT (OPRP) GROUP-A,,ONGC,2021-07,2025-07,,173.03,,143.32,86.50,2025-06,FR_JUNE_2025.pdf
371,N16000514,,,"REVAMPING OF SV STATIONS, GAS TERMINAL AND KRIBHCO TERMINAL",,ONGC,2022-11,2026-08,,837.34,,187.10,46.70,2025-06,FR_JUNE_2025.pdf
372,N18000295,,,GUJARAT 200 MW (GUVNL TENDER),,NTPC,2021-01,2022-07,2026-03,842.27,1049.61,779.79,66.00,2025-06,FR_JUNE_2025.pdf
373,N18000297,,,Bagodara Solar Power Project,,SJVN,2021-05,2022-10,,339.35,,317.59,51.86,2025-06,FR_JUNE_2025.pdf
374,N18000319,,,DAYAPAR WIND ENERGY PROJECT 150MW,,NTPC,2021-11,2023-05,2025-08,937.80,,803.82,100.00,2025-06,FR_JUNE_2025.pdf
375,N18000345,,,DAYAPAR WIND ENERGY PROJECT 200MW,,NTPC,2022-07,2025-03,2026-01,1316.02,,324.36,28.00,2025-06,FR_JUNE_2025.pdf
376,N18000346,,,KHAWDA 1255MW SOLAR PROJECT (KHAWDA SOLAR PARK),,NTPC,2022-09,2024-09,2026-02,7179.54,7235.79,5220.20,89.00,2025-06,FR_JUNE_2025.pdf
377,N18000349,,,BHUJ SOLAR 300MW (TRANCHE-IV WIND SOLAR HYBRID),,NTPC,2022-11,2024-03,2026-03,1442.60,,793.56,2.51,2025-06,FR_JUNE_2025.pdf
378,N18000357,,,ESTABLISHMENT OF KHAVDA POOLING STATION 3 (KPS3) IN KHAVDA RE PARK,,PGCIL,2023-03,2024-12,,922.30,,830.14,90.50,2025-06,FR_JUNE_2025.pdf
379,N18000358,,,TRANSMISSION NETWORK EXPANSION IN GUJARAT ASSOCIATED WITH INTEGRATION OF RE PROJECTS FROM KHAVDA POT,,PGCIL,2023-03,2025-03,,815.12,,758.09,100.00,2025-06,FR_JUNE_2025.pdf
380,N18000359,,,"KHAVDA-2, GUJARAT- ESTABLISHMENT OF KHAVDA POOLING STATION-2 (KPS2) IN KHAVDA RE PARK",,PGCIL,2023-03,2024-12,,966.79,,870.10,93.60,2025-06,FR_JUNE_2025.pdf
381,N18000360,,,"KHAVDA PHASE-II-PART B, GUJARAT- TRANSMISSION SCHEME FOR EVACUATION OF 4.5 GW RE INJECTION AT KHAVDA",,PGCIL,2023-03,2025-03,,1167.55,,957.39,90.00,2025-06,FR_JUNE_2025.pdf
382,N18000361,,,"KHAVDA PHASE-II-PART C, GUJARAT- TRANSMISSION SCHEME FOR EVACUATION OF 4.5 GW RE INJECTION AT KHAVDA",,PGCIL,2023-03,2025-03,,2820.99,,2418.00,82.60,2025-06,FR_JUNE_2025.pdf
383,N18000365,,,KHAVDA 1200MW (4X300MW) IN KHAVDA RE PARK,,NTPC,2023-06,2024-12,2026-01,6283.81,,1828.84,42.00,2025-06,FR_JUNE_2025.pdf
384,N18000366,,,DAYAPAR WIND- III (HYBRID TRANCHE- V),,NTPC,2023-05,2025-01,2026-03,1095.01,,382.54,18.00,2025-06,FR_JUNE_2025.pdf
385,N18000383,,,TS FOR EVACUATION OF POWER FROM POTENTIAL RE ZONE IN KHAVDA AREA OF GUJARAT UNDER PH-IV PART E3,,PGCIL,2023-07,2025-07,,334.00,,63.46,21.00,2025-06,FR_JUNE_2025.pdf
386,N18000384,,,TS FOR EVACUATION OF ADDITIONAL 7GW RE POWER FROM KHAVDA RE PARK UNDER PHASE-III PART B [VATAMAN TRA,,PGCIL,2023-12,2025-12,,3752.00,,1463.23,20.00,2025-06,FR_JUNE_2025.pdf
387,N18000390,,,TS FOR EVACUATION OF POWER FROM 7GW REZ IN KHAVDA AREA UNDER PHASE-IV PART E2,,PGCIL,2024-05,2026-05,,679.00,,67.90,16.80,2025-06,FR_JUNE_2025.pdf
388,N18000398,,,AUGMENTATION OF TRANSFORMATION CAPACITY AT JAM KHAMBHALIYA PS [GIS] [SPV NAME POWERGRID JAM KHAMBHAL,,PGCIL,2024-10,2026-07,,329.00,,9.87,1.00,2025-06,FR_JUNE_2025.pdf
389,N18000400,,,TRANSMISSION SYSTEM FOR EVACUATION OF POWER FROM POTENTIAL RENEWABLE ENERGY ZONE IN KHAVDA AREA OF G,,PGCIL,2024-10,2026-10,,4766.00,,333.62,5.10,2025-06,FR_JUNE_2025.pdf
390,N18000402,,,PROVISION OF DYNAMIC REACTIVE COMPENSATION AT KHAVDA POOLING STATION 1 [KPS1] AND KHAVDA POOLING STA,,PGCIL,2024-11,2026-11,,501.00,,5.01,1.00,2025-06,FR_JUNE_2025.pdf
391,N18000405,,,TRANSMISSION SYSTEM FOR EVACUATION OF POWER FROM POTENTIAL RENEWABLE ENERGY ZONE IN KHAVDA AREA OF G,,PGCIL,2024-11,2029-05,,24819.00,,1240.30,1.00,2025-06,FR_JUNE_2025.pdf
392,N18000406,,,600 MW SOLAR POWER PROJECT UNDER CPSU SCHEME,,NHPC,2022-04,2026-03,2023-03,4100.45,,11.05,5.00,2025-06,FR_JUNE_2025.pdf
393,N18000411,,,AUGMENTATION OF TRANSFORMATION CAPACITY AT KPS2 AND KPS2,,PGCIL,2025-03,2027-03,,466.00,,6.52,,2025-06,FR_JUNE_2025.pdf
394,N18000412,,,AUGMENTATION OF BANASKANTHA (RAGHANESDA) PS (GIS),,PGCIL,2025-03,2027-03,,172.00,,1.72,,2025-06,FR_JUNE_2025.pdf
395,N22000142,,,MIYAGAM-KARJAN-DABHOI-SAMLAYA (GC),,WR,2011-04,2021-03,2026-10,844.10,844.10,605.51,41.00,2025-06,FR_JUNE_2025.pdf
396,N22000504,,,ANAND GODHRA DOUBLING PROJECT 79 KMS,,WR,2017-04,2024-12,2025-06,692.26,692.26,688.88,100.00,2025-06,FR_JUNE_2025.pdf
397,N22000532,,,4TH LINE BETWEEN BAREJADI NANDEJ (GERATPUR)- SANAND (38.20 KM) (AHMEDABAD BYPASS).,,WR,2023-02,2027-03,2027-03,961.67,961.67,103.15,16.00,2025-06,FR_JUNE_2025.pdf
398,N22000533,,,QUADRUPLING BETWEEN GANDHIDHAM - ADIPUR WITH Y CONNECTION AT ADIPUR FOR PROVIDING DIRECT ENTRY TOWAR,,WR,2023-02,2025-12,2025-12,152.44,152.44,19.54,63.00,2025-06,FR_JUNE_2025.pdf
399,N22000535,,,RAJKOT-KANALUS (111.20 KM),,WR,2021-10,2026-10,2026-06,1080.58,1080.58,315.70,72.00,2025-06,FR_JUNE_2025.pdf
400,N22000537,,,HIMMATNAGAR-KHEDBRAHMA (54.83 KM),,WR,2022-06,2025-08,2025-07,354.99,482.42,322.59,96.00,2025-06,FR_JUNE_2025.pdf
401,N22000538,,,PETLAD-BHADRAN (22.5 KM),,WR,2022-05,2030-05,2025-12,202.50,307.12,81.76,8.00,2025-06,FR_JUNE_2025.pdf
402,N22000539,,,NADIAD-PETLAD (37.26 KM),,WR,2022-05,2030-06,,335.34,461.91,74.35,7.00,2025-06,FR_JUNE_2025.pdf
403,N22000540,,,SAMLAYA-TIMBA ROAD (53.53 KM),,WR,2023-02,2030-03,2026-07,670.00,670.17,101.79,12.00,2025-06,FR_JUNE_2025.pdf
404,N22000541,,,SAMNI-JAMBUSAR (24.08 KM),,WR,2022-05,2030-03,2025-12,216.72,349.93,86.46,25.00,2025-06,FR_JUNE_2025.pdf
405,N22000547,,,VIJAPUR-AMBLIYASAN (41.53 KM),,WR,2022-05,2025-08,2025-10,309.81,415.38,263.13,85.00,2025-06,FR_JUNE_2025.pdf
406,N22000548,,,ADRAJ MOTI-VIAJAPUR (39.75 KM),,WR,2022-05,2025-08,2025-09,296.54,,178.95,80.00,2025-06,FR_JUNE_2025.pdf
407,N22000550,,,NEW BG LINE BETWEEN NALIYA- JAKHAU PORT,,WR,2023-02,2028-01,2026-12,410.46,410.46,5.89,2.00,2025-06,FR_JUNE_2025.pdf
408,N22000551,,,NEW BG LINE INTERSECTION (5 NOS) BETWEEN GERATPUR-SANAND AND BOTAD-AHMEDABAD (16.51 KM) (PB29/NR/20,,WR,2022-10,2027-10,2027-10,437.21,,43.26,9.00,2025-06,FR_JUNE_2025.pdf
409,N22000592,,,TARANGA HILL ABU ROAD VIA AMBAJI NEW LINE,,NWR,2022-07,2030-07,,2798.16,,1103.16,12.50,2025-06,FR_JUNE_2025.pdf
410,N22000600,,,JUNAGARH -VISAVADAR (42.28) KM,,RVNL,2022-06,2028-09,,493.00,,0.00,,2025-06,FR_JUNE_2025.pdf
411,N22000622,,,MODASA- SHAMLAJI NEW LINE ( MM OF AHMEDABAD-HIMMATNAGAR- UDAIPUR (299.2 KM)),,WR,2012-09,2027-03,2026-03,261.68,261.68,202.70,58.00,2025-06,FR_JUNE_2025.pdf
412,N24001427,,,CONSTRUCTION OF ROB WITH APPROACHES IN LIEU OF L C NO 165 OF AHMEDABAD PALANPUR BETWEEN RAILWAY STAT,,MoRTH,2020-06,2023-04,2024-09,166.21,,97.12,93.00,2025-06,FR_JUNE_2025.pdf
413,N24001443,,,CONSTRUCTION OF FOUR LANE EXPRESSWAY FROM START OF SARDAR PATEL RING ROAD TO SINDHREJ VILLAGE (CH. 0,,NHAI,2020-05,2024-03,2025-07,690.30,929.95,841.74,94.22,2025-06,FR_JUNE_2025.pdf
414,N24001444,,,CONSTRUCTION OF FOUR LANE EXPRESSWAY FROM START OF SINDHREJ VILLAGE (CH. 22.00 TO CH. 48.52) SECTION,,NHAI,2020-05,2024-01,2025-07,882.00,1229.37,1042.67,91.54,2025-06,FR_JUNE_2025.pdf
415,N24001445,,,CONSTRUCTION OF FOUR LANE EXPRESSWAY FROM START OF VEJALLKA VILLAGE TO START OF DSIR ZONE OF AHMEDAB,,NHAI,2020-05,2023-07,2025-06,691.52,903.85,893.47,99.45,2025-06,FR_JUNE_2025.pdf
416,N24001446,,,CONSTRUCTION OF FOUR LANE EXPRESSWAY FROM START OF DSIR ZONE OF AHMEDABAD DISTRICT TO ADHELAI VILLAG,,NHAI,2020-05,2023-12,2025-06,894.00,1261.58,1166.51,97.28,2025-06,FR_JUNE_2025.pdf
417,N24001515,,,DELHI VADODARA GREENFIELD ALIGNMENT SECTION OF NH 148N PACKAGE 26,,NHAI,2020-09,2024-02,,1542.02,,989.98,68.50,2025-06,FR_JUNE_2025.pdf
418,N24001516,,,DELHI VADODARA GREENFIELD ALIGNMENT SECTION OF NH 148N PACKAGE 27,,NHAI,2020-09,2024-02,2025-08,1185.69,,980.41,93.52,2025-06,FR_JUNE_2025.pdf
419,N24001518,,,DELHI VADODARA GREENFIELD ALIGNMENT SECTION OF NH 148N PACKAGE 30,,NHAI,2019-11,2023-09,,1669.56,,1094.58,98.12,2025-06,FR_JUNE_2025.pdf
420,N24001519,,,DELHI VADODARA GREENFIELD ALIGNMENT SECTION OF NH 148N PACKAGE 28,,NHAI,2020-09,2023-11,,1198.55,,911.23,95.78,2025-06,FR_JUNE_2025.pdf
421,N24001520,,,DELHI VADODARA GREENFIELD ALIGNMENT SECTION OF NH 148N PACKAGE 31,,NHAI,2019-11,2024-05,,1604.06,,1245.52,95.73,2025-06,FR_JUNE_2025.pdf
422,N24001785,,,UP-GRADATION TO 4-LANE WITH PAVED SHOULDER OF BHIMASAR JUNCTION OF NH-41 TO ANJAR BHUJ UPTO AIRPORT,,NHAI,2022-03,2025-06,,1373.06,1085.00,662.04,90.67,2025-06,FR_JUNE_2025.pdf
423,N24001786,,,CONSTRUCTION OF EIGHT LANE ACCESS CONTROLLED EXPRESSWAY FROM KM 103.400 TO KM 128.000 OF VADODARA MU,,NHAI,2021-03,2024-03,,1259.00,2652.24,278.29,34.08,2025-06,FR_JUNE_2025.pdf
424,N24001789,,,CONSTRUCTION OF EIGHT LANE EXPRESSWAY FROM KM 190.000 TO KM 217.500 GANDEVA TO ENA SECTION OF VADODA,,NHAI,2020-07,2023-08,,1710.30,2665.08,908.08,90.56,2025-06,FR_JUNE_2025.pdf
425,N24001790,,,SANCHORE - SANTALPUR FROM KM 67.000- KM 99.000 OF NH-754K (AJ- RGBS-PACKAGE-3),,NHAI,2020-02,2023-08,2024-12,752.30,,452.13,98.14,2025-06,FR_JUNE_2025.pdf
426,N24001792,,,4L OF BAL WORKS OF TALAJA - MAHUVA FROM 54.990 KM. TO 100.450 KM. OF OLD NH-8E (PACKAGE-II),,NHAI,2021-03,2022-09,,536.03,,480.77,100.00,2025-06,FR_JUNE_2025.pdf
427,N24001793,,,4L OF BAL WORKS OF MAHUVA TO KAGVADAR FROM 100.450 KM. TO 140.470 KM. OF NH-8E (PKG- III),,NHAI,2021-03,2022-09,,485.75,,393.88,99.57,2025-06,FR_JUNE_2025.pdf
428,N24001794,,,SANCHORE - SANTALPUR FROM KM 99.000- KM 130.073 OF NH-754K (AJ- RGBS-PACKAGE-4),,NHAI,2020-02,2023-03,2024-12,778.15,,547.22,99.70,2025-06,FR_JUNE_2025.pdf
429,N24001827,,,4L KODINAR - VERAVAL (PACKAGE VI) FROM KM. 222.400 TO KM. 230.00 (KODINAR BYPASS) OF NH-8E (NH 51 NE,,NHAI,2022-03,2023-03,,162.73,,131.79,100.00,2025-06,FR_JUNE_2025.pdf
430,N24002014,,,UPGRADATION AND STRENGTHENING TO 2 LANE PS FROM KM 95/500 TO KM 129/775 OF NH 168 G IDAR BHILODA SA,,MoRTH,2022-09,2023-12,2025-12,237.28,,0.34,,2025-06,FR_JUNE_2025.pdf
431,N24002034,,,UPGRADATION TO 4L PS DIVIDED CARRIAGEWAY FROM PATAN (NEAR RAJPUR) TO GOJARIYA FROM KM 52.000 TO KM 1,,NHAI,2021-12,2025-03,,1181.34,1181.00,555.81,79.50,2025-06,FR_JUNE_2025.pdf
432,N24002035,,,WIDENING TO 6L OF EXISTING 4L JETPUR - GONDAL - RAJKOT SECTION FROM KM. 117.600 TO KM. 185.00 ON NH-,,NHAI,2023-09,2025-09,,2070.44,,545.53,37.86,2025-06,FR_JUNE_2025.pdf
433,N24002117,,,UPGRADATION OF DHORAJI JAMKANDORNA KALAVAD SECTION OF NH 927D FROM DESIGN CHAINAGE KM 00 TO KM 58.11,,MoRTH,2022-10,2024-02,2026-02,246.60,291.00,27.57,15.00,2025-06,FR_JUNE_2025.pdf
434,N24002118,,,UPGRADATION TO TWO LANE WITH PAVED SHULDER CONFIGUARATION FROM KM 00 TO 47 OF NH 351 MAHUVA TO BADHA,,MoRTH,2022-12,2024-02,2025-08,173.06,,0.15,,2025-06,FR_JUNE_2025.pdf
435,N24002182,,,WORK OF DEVELOPMENT AND CONSTRUCTION OF ELEVATED CORRIDORFROM KM 38/660 TO KM 42/690 (ISCON JUNCTION,,MoRTH,2023-03,2026-03,,530.20,,0.00,,2025-06,FR_JUNE_2025.pdf
436,N24002183,,,"WIDENING 2 LANE TO 4-LANE FROM KM 92/320 TO KM 115/320 (VAV CHOKDI- SATLASANA TO TO VRUNDAVAN CHOKDI,",,MoRTH,2022-03,2026-03,,151.13,,0.00,,2025-06,FR_JUNE_2025.pdf
437,N24000569,,,FOUR LANING OF KAGAVADAR - UNA SECTION OF NH-8E FROM KM 139.915 TO KM 180.478 (PACKAGE-IV) IN THE ST,,NHAI,2016-05,2019-09,2024-05,723.64,,562.31,97.00,2025-06,FR_JUNE_2025.pdf
438,N24000592,,,4-LANNING OF KODINAR TO VERAVAL SECTION OF NH-8E FROM KM 221.610 TO KM 263.000,,NHAI,2016-07,2020-07,,829.97,,486.93,96.98,2025-06,FR_JUNE_2025.pdf
439,N24000649,,,SIX LANNING FROM KM. 401.200 TO 494.410 OF NH-8 ON HYBRID ANNUITY MODE UNDER NHDP-V(PKG VI)REG.,,NHAI,2017-01,2020-12,2025-10,1251.11,1527.75,685.73,91.08,2025-06,FR_JUNE_2025.pdf
440,N24000834,,,CONSTRUCTION OF EIGHT LANE VADODARA KIM EXPRESSWAY FROM KM 254.430 TO KM 279.000 (KIM TO ANKLESHWAR,,NHAI,2018-03,2021-10,2025-05,1161.39,1738.03,684.22,83.00,2025-06,FR_JUNE_2025.pdf
441,N24000925,,,CONSTRUCTION OF MISSING LINKS (SINGLE LANE) IN LAKHPAT GADULI HAJIPIR ODMA KHAVDA DHOLAVIRA MAUVANA,,MoRTH,2018-10,2020-11,2024-09,400.76,394.44,287.04,87.00,2025-06,FR_JUNE_2025.pdf
442,N28000122,,,AHMEDABAD METRO RAIL PROJECT PHASE 1,,AMR,2014-11,2018-12,,10773.00,,12486.28,99.90,2025-06,FR_JUNE_2025.pdf
443,N28000137,,,AHMEDABAD METRO RAIL PROJECT PHASE II,,AMR,2019-03,2024-03,,5384.17,,4135.88,87.68,2025-06,FR_JUNE_2025.pdf
444,N28000138,,,SURAT METRO RAIL PROJECT,,AMR,2019-03,2024-03,,12020.32,,7043.17,67.49,2025-06,FR_JUNE_2025.pdf
445,N21000032,,,"ALL INDIA INSTITUTE OF MEDICAL SCIENCES AT MANETHI, HARYANA.",,HITES,2019-03,2023-03,2026-03,1294.34,1294.34,307.21,26.14,2025-06,FR_JUNE_2025.pdf
446,N28000147,,,"C/o separate family accommodation (Phase-I) on EPC basis for SSB at Faridabad (Haryana)""",,CPWD FOR MHA,2020-01,2023-10,2025-03,166.98,170.23,150.98,97.50,2025-06,FR_JUNE_2025.pdf
447,N16000375,,,R and D CAMPUS II AT FARIDABAD,,IOCL,2019-06,2022-12,2025-07,2281.94,3219.94,1744.23,63.10,2025-06,FR_JUNE_2025.pdf
448,N16000412,,,CAPACITY EXPANSION OF PANIPAT REFINERY FROM 15 TO 25 MMTPA,,IOCL,2021-02,2024-09,2025-12,34627.00,38231.00,21454.90,87.60,2025-06,FR_JUNE_2025.pdf
449,N16000458,,,POLY BUTADIENE RUBBER PLANT AT PANIPAT,,IOCL,2022-03,2025-03,2026-06,1459.00,2948.62,930.86,68.30,2025-06,FR_JUNE_2025.pdf
450,N18000420,,,IMPLEMENTATION OF LILO OF BOTH CIRCUITS OF 400KV VIDHYACHAL PS TO SASAN D/C LINE AT HINDALCO SWITCHY,,PGCIL,2025-02,2026-12,,370.00,,0.00,,2025-06,FR_JUNE_2025.pdf
451,N22000604,,,DOUBLING BETWEEN BHIWANI-DOBH BAHALI,,NWR,2023-02,2028-02,2026-03,471.06,,121.18,55.00,2025-06,FR_JUNE_2025.pdf
452,N22000606,,,DOUBLING BETWEEN REWARI- KATHUWAS (27.73 KM),,NWR,2023-02,2027-06,2026-05,352.41,,179.38,53.00,2025-06,FR_JUNE_2025.pdf
453,N24001535,,,4-LANING OF GOHANA-SONIPAT (PKG- 2) SECTION FROM KM 40.601 TO KM 78.837 (LENGTH = 38.236KM) OF NH-352,,NHAI,2020-07,2022-07,2024-05,899.00,1882.46,1123.98,97.86,2025-06,FR_JUNE_2025.pdf
454,N24001633,,,CONSTRUCTION OF FOUR LANE GREENFIELD PROJECT OF DELHI- AMRITSAR-KATRA EXPRESSWAY (PHASE-I PKG-III) F,,NHAI,2020-12,2023-12,2024-03,1430.88,1813.91,1190.27,99.90,2025-06,FR_JUNE_2025.pdf
455,N24001634,,,CONSTRUCTION OF FOUR LANE GREENFIELD PROJECT OF DELHI- AMRITSAR-KATRA EXPRESSWAY (PHASE-I PKG-IV) FRO,,NHAI,2021-01,2023-12,2024-03,1306.95,1564.14,949.76,99.97,2025-06,FR_JUNE_2025.pdf
456,N24001635,,,4 LANING OF JAGADHRI TAJEWALA ROAD SECTION OF NH 907 (OLD NH 73A) UNDER NH(O) (PKG 1) IN THE STATE O,,NHAI,2022-03,2025-02,,1269.50,,176.00,53.00,2025-06,FR_JUNE_2025.pdf
457,N24001673,,,4- LANING OF ROHTAK-JIND SECTION FROM KM. 307+000 TO KM. 347+800 OF NH-71 AND CONNECTING LINK FROM K,,NHAI,2020-03,2023-03,2024-11,510.97,,529.00,97.30,2025-06,FR_JUNE_2025.pdf
458,N24001774,,,CONSTRUCTION OF GURGAON - PATAUDI - REWARI SECTION OF NH- 352W (DESIGN LENGTH 46.11 KM) AS FEEDER ROU,,NHAI,2020-12,2023-11,,1524.03,,1105.10,67.61,2025-06,FR_JUNE_2025.pdf
459,N24001775,,,CONSTRUCTION OF PROPOSED REWARI BYPASS (DESIGN LENGTH 14.4 KM) NH-11 AS A FEEDER ROUTE IN THE STATE,,NHAI,2020-02,2023-01,2024-12,808.31,,930.44,100.00,2025-06,FR_JUNE_2025.pdf
460,N24002037,,,UPGRADATION OF EXISTING 4 LANE ISMAILABAD-AMBALA SECTION (KM. 0+000 TO KM 42+500) (PART OF AMBALA-KO,,NHAI,2023-01,2025-12,,609.32,609.00,204.06,52.50,2025-06,FR_JUNE_2025.pdf
461,N24002038,,,CONSTRUCTION OF 6-LANE GREENFIELD KARNAL RING ROAD STARTING FROM NH-44 NEAR VILLAGE SHAMGARH (DESIGN,,NHAI,2022-11,2025-08,,1691.45,1998.00,649.71,58.76,2025-06,FR_JUNE_2025.pdf
462,N24002039,,,CONSTRUCTION OF 6-LANE GREENFIELD AMBALA RING ROAD STARTING FROM JUNCTION WITH SHAMLI-AMBALA SECTION,,NHAI,2023-02,2025-10,,1088.64,1178.00,425.85,53.55,2025-06,FR_JUNE_2025.pdf
463,N24002040,,,DEVELOPMENT OF SIX-LANE ACCESS CONTROLLED HIGHWAY FROM RANIPUR BARSI (SAHARANPUR DISTRICT) TO ADHOYA,,NHAI,2022-04,2025-05,,1554.21,,522.92,54.00,2025-06,FR_JUNE_2025.pdf
464,N24002041,,,DEVELOPMENT OF SIX-LANE ACCESS CONTROLLED HIGHWAY FROM ADHOYA MUSALMANA (AMBALA DISTRICT) TO SADOPUR,,NHAI,2022-04,2025-05,,1491.71,,706.26,49.70,2025-06,FR_JUNE_2025.pdf
465,N24002042,,,CONSTRUCTION OF 4-LANING OF BHIWANI HANSI ROAD SECTION OF NH 148B (DESIGN LENGTH 42.934 KM) UNDER BH,,NHAI,2022-11,2025-12,,1322.13,,393.46,93.01,2025-06,FR_JUNE_2025.pdf
466,N24002043,,,CONSTRUCTION OF 4-LANE GREENFIELD JALBEHRA - SHAHBAD SECTION OF NH ? 152G FROM KM 0+000 TO KM 22+850,,NHAI,2022-03,2025-06,,927.22,1173.66,504.21,83.50,2025-06,FR_JUNE_2025.pdf
467,N24002044,,,4L AMBALA - KALAAMB FROM KM. - 0.800 TO KM. 33.015 OF OLD NH-72,,NHAI,2023-06,2025-06,,629.16,,154.00,98.90,2025-06,FR_JUNE_2025.pdf
468,N24002048,,,CONSTRUCTION OF GREENFIELD CONNECTIVITY TO JEWAR INTERNATIONAL AIRPORT FROM DND FARIDABAD BALLABHGAR,,NHAI,2022-07,2025-06,,2414.67,2898.00,1232.13,49.10,2025-06,FR_JUNE_2025.pdf
469,N42000008,,,ESTABLISHMENT OF PERMANENT CAMPUS PHASE 1 OF IIM SIRMAUR,,CPWD EDUCATION,2018-09,2022-06,2024-12,392.51,,316.16,91.50,2025-06,FR_JUNE_2025.pdf
470,N42000011,,,CONSTRUCTION OF PERMANENT CAMPUSES OF CENTRAL UNIVERSITY OF HIMACHAL PRADESH AT DEHRA AND DHARAMSHAL,,CPWD,2021-03,2024-11,2025-07,512.37,300.45,169.63,74.00,2025-06,FR_JUNE_2025.pdf
471,N18000279,,,LUHRI HYDROELECTRIC PROJECT (STAGE1),,SJVN,2020-11,2026-01,,1810.56,,1732.67,51.32,2025-06,FR_JUNE_2025.pdf
472,N18000291,,,DHAULASIDH HYDROELECTRIC PROJECT (66 MW),,SJVN,2020-10,2025-11,,687.97,,891.77,67.61,2025-06,FR_JUNE_2025.pdf
473,N18000344,,,SUNNI DAM HYDRO ELECTRIC PROJECT,,SJVN,2023-01,2028-04,,2614.51,,948.35,29.41,2025-06,FR_JUNE_2025.pdf
474,N22000273,,,BHANUPALI-BILASPUR BERI NL,,RVNL,2008-04,2026-12,,13370.29,,5369.57,,2025-06,FR_JUNE_2025.pdf
475,N24001422,,,REHABILITATION AND UPGRADATION TO 2-LANE CONFIGURATION OF ASHYARI-SHRI KYARI SECTION (KM 50.000 TO K,,MoRTH,2021-02,2021-09,,345.89,,178.19,95.08,2025-06,FR_JUNE_2025.pdf
476,N24001447,,,REHABILITATION AND UPGRADATION TO 2-LANE CONFIGURATION OF HAMIRPUR-KARNOHAL SECTION (KM 141.000 TO K,,MoRTH,2020-08,2024-12,,371.93,,154.04,81.00,2025-06,FR_JUNE_2025.pdf
477,N24001470,,,REHABILITATION AND UPGRADATION TO 2-LANE CONFIGURATION OF KALWAHAN-MANDI SECTION (KM 208.950 TO KM 2,,MoRTH,2020-08,2025-04,,314.32,,49.26,51.00,2025-06,FR_JUNE_2025.pdf
478,N24001808,,,REHABILITATION AND UPGRADING FROM 2 L TO 4 L FROM BHANGBAR(NEAR RANITAL) TO KANGRA BYPASS SECTION OF,,NHAI,2021-03,2024-12,2024-12,1322.95,1442.47,888.73,96.61,2025-06,FR_JUNE_2025.pdf
479,N24001809,,,CONVERSION OF PARTIALLY EXCAVATED ESCAPE TUNNEL TO UNIDIRECTIONAL TWO LANE TUNNEL (INCLUDING CONSTRU,,NHAI,2022-05,2024-03,2024-12,469.95,,302.91,98.57,2025-06,FR_JUNE_2025.pdf
480,N24001810,,,4L SUNDER NAGAR BYPASS FROM KM173.900 TO KM 179.600 OF NH-21 IN THE STATE OF HP,,NHAI,2022-02,2024-06,,190.60,,103.48,100.00,2025-06,FR_JUNE_2025.pdf
481,N24001811,,,4L OF MO - SIHUNI FROM KM. 42.00 TO KM. 51.00 OF OLD NH-20 (NEW NH-154) (PACKAGE-IB),,NHAI,2021-04,2024-06,,583.93,770.00,173.60,100.00,2025-06,FR_JUNE_2025.pdf
482,N24001812,,,4L OF HP/PUNJAB BO4L OF HP/PUNJAB BORDER - MO FROM KM. 11.00 TO KM. 42.00 OF OLD NH-20 (NEW NH-154),,NHAI,2021-03,2024-05,,1002.11,1361.79,190.30,46.68,2025-06,FR_JUNE_2025.pdf
483,N24001813,,,4L OF END OF PINJORE BYPASS - BADDI - NALAGARH SECTION (KM. 4.200 TO KM. 35.370) OF NH21A,,NHAI,2021-07,2024-09,,1692.05,,942.14,21.60,2025-06,FR_JUNE_2025.pdf
484,N24001915,,,IMPROVEMENT/CONSTRUCTION OF EXISTING CLASS-5 ROAD TO NH INTERMEDIATE LANE SPECIFICATION WITH HARD SH,,BRO,2021-03,2026-06,,230.54,,20.16,28.00,2025-06,FR_JUNE_2025.pdf
485,N24001916,,,IMPROVEMENT/CONSTRUCTION OF EXISTING CLASS 5 ROAD TO NH INTERMEDIATE LANE SPECIFICATION WITH HARD SH,,BRO,2021-03,2026-05,,314.67,,76.05,47.00,2025-06,FR_JUNE_2025.pdf
486,N24002049,,,PKG NAME: 4L OF KATHLIGHAT TO SHAKRAL VILLAGE FROM KM 128.835 TO KM 146.300 OF NH- 5 (SHIMLA BYPASS,,NHAI,2022-03,2026-04,,1703.48,2278.00,651.98,14.50,2025-06,FR_JUNE_2025.pdf
487,N24002050,,,REHABILITATION AND UPGRADATION TO 4L CONFIGURATION and STRENGTHENING OF SIHUNI TO RAJOL FROM KM 51.0,,NHAI,2022-02,2025-09,,696.65,698.46,391.62,67.73,2025-06,FR_JUNE_2025.pdf
488,N24002051,,,CONSTRUCTION OF NEW 2 LANE WITH PAVED SHOULDER OF HAMIRPUR BYPASS (PACKAGE IVA) OF NH-88 (NEW NH-103,,NHAI,2022-07,2025-10,,739.39,,347.45,81.53,2025-06,FR_JUNE_2025.pdf
489,N24002052,,,REHABILITATION AND UP-GRADATION OF EXISTING ROAD TO 2L PS FROM END OF HAMIRPUR BYPASS (NEAR CHILBAHA,,NHAI,2022-02,2025-04,,1146.19,,940.81,71.23,2025-06,FR_JUNE_2025.pdf
490,N24002192,,,REHABILITATION AND UP-GRADATION TO 4L CONFIGURATION AND STRENGTHENING OF THANPURI TO PAROR SECTION F,,NHAI,2022-06,2025-12,,815.69,815.69,400.63,33.56,2025-06,FR_JUNE_2025.pdf
491,N24000613,,,FOUR LANNING OF NERCHOWK- PANDOH BYPASS SECTION OF NH- 21(PACKAGE-I KM 190.000 TO KM 221.305) UNDER NH,,NHAI,2016-09,2020-07,,1273.71,,1450.53,97.43,2025-06,FR_JUNE_2025.pdf
492,N24000852,,,"FOUR LANING OF SOLAN-KAITHLIGHAT SECTION OF NH-22 (NOW NH-5) FROM KM 106.139 TO KM 129.050, ON EPC M",,NHAI,2018-03,2021-05,2024-12,478.74,,1349.59,83.00,2025-06,FR_JUNE_2025.pdf
493,N24001381,,,REHABILITATION AND UPGRADATION TO 2-LANE/2-LANE WITH PAVED SHOULDERS/4-LANE CONFIGURATION OF PAONTA,,MoRTH,2020-08,2021-04,,272.98,,140.69,100.00,2025-06,FR_JUNE_2025.pdf
494,N24001382,,,REHABILITATION AND UPGRADATION TO 2-LANE CONFIGURATION OF HEWNA-ASHYARI SECTION (KM 25.000 TO KM 50.,,MoRTH,2020-08,2021-03,,242.80,,100.95,94.76,2025-06,FR_JUNE_2025.pdf
495,N24001383,,,REHABILITATION AND UPGRADATION TO INTERMEDIATE LANE CONFIGURATION OF SHRI KYARI- GUMMA SECTION (KM 75,,MoRTH,2020-08,2021-04,,349.20,,239.34,100.00,2025-06,FR_JUNE_2025.pdf
496,N04000107,,,JAMMU - CONSTRUCTION OF NEW CIVIL ENCLAVE,,AAI,2022-07,2026-06,,861.37,,154.30,30.25,2025-06,FR_JUNE_2025.pdf
497,N28000130,,,CONSTRUCTION OF PERMANENT CAMPUS OF IIM JAMMU (PHASE 1),,CPWD EDUCATION,2019-03,2022-07,2025-01,424.93,,448.15,96.00,2025-06,FR_JUNE_2025.pdf
498,N28000131,,,CONSTRUCTION OF PERMANENT CAMPUS IIT JAMMU (PHASE 1C),,CPWD EDUCATION,2018-01,2023-04,2025-04,676.00,1144.68,54.75,100.00,2025-06,FR_JUNE_2025.pdf
499,N28000150,,,C/O AIIMS AT AWANTIPORA (KASHMIR) JAMMU AND KASHMIR,,CPWD FOR HEALTH,2019-03,2025-09,,1828.00,,1302.38,64.50,2025-06,FR_JUNE_2025.pdf
500,N21000029,,,"CONSTRUCTION OF AIIMS AT JAMMU VIJAYPUR, SAMBA JAMMU AND KASHMIR",,CPWD FOR HEALTH,2019-03,2023-09,2025-05,1404.00,1642.00,1461.68,100.00,2025-06,FR_JUNE_2025.pdf
501,N16000500,,,SETTING UP A COMMON USER PETROLEUM TERMINAL AT JAMMU FOR RE-SITEMENT OF EXISTING DEPOTS OF PSU OMCS,,BPCL,2021-04,2025-03,,676.89,,503.55,76.00,2025-06,FR_JUNE_2025.pdf
502,N16000527,,,CGD PROJECT AT JAMMU DISTRICTS,,IOCL,2022-03,2032-03,2034-09,538.00,,4.09,0.60,2025-06,FR_JUNE_2025.pdf
503,N18000172,,,PAKAL DUL HYDRO ELECTRIC PROJECT (1000 MW),,CVPPPL,2014-10,2020-04,2025-07,8112.12,,6692.58,70.00,2025-06,FR_JUNE_2025.pdf
504,N18000278,,,KIRU HYDRO ELECTRIC PROJECT,,CVPPPL,2019-03,2024-08,,4287.59,,2713.25,63.87,2025-06,FR_JUNE_2025.pdf
505,N18000324,,,RATLE HE PROJECT,,NHPC,2021-02,2026-02,,5281.94,,1011.56,23.57,2025-06,FR_JUNE_2025.pdf
506,N18000363,,,KWAR HE PROJECT,,CVPPPL,2022-05,2026-11,,4526.12,,1159.97,22.15,2025-06,FR_JUNE_2025.pdf
507,N18000417,,,TRANSMISSION SCHEME FOR EVACUATION OF POWER FROM RATLE HEP (850 MW) AND KIRU (624 MW): PART B,,PGCIL,2025-03,2027-03,,219.00,,0.00,,2025-06,FR_JUNE_2025.pdf
508,N24001472,,,BALANCE WORKS OF FOUR LANING FROM RAMBAN KM 151.00 TO BANIHAL KM 187.00 OF NH-1A (NOW NH-44) WITH VA,,NHAI,2021-09,2023-12,2024-06,811.19,,848.72,99.00,2025-06,FR_JUNE_2025.pdf
509,N24001511,,,CONSTRUCTION OF FOUR LANE RINGROAD BYPASS SRINAGAR CITY,,NHAI,2021-03,2024-02,2025-10,2919.96,,2334.99,70.00,2025-06,FR_JUNE_2025.pdf
510,N24001543,,,FOUR LANING OF JAMMU-AKHNOOR PKG-1,,NHIDCL,2022-07,2025-01,,245.34,,57.20,40.95,2025-06,FR_JUNE_2025.pdf
511,N24001550,,,DELHI-AMRITSAR-KATRA EXPRESSWAY (PHASE-II PKG-XVI) EXISTING JAKH (VIJAYPUR)-KUNJWANI SECTION OF NH-4,,NHAI,2021-09,2024-09,2025-12,1821.72,1917.32,1005.37,83.71,2025-06,FR_JUNE_2025.pdf
512,N24001551,,,DELHI-AMRITSAR-KATRA EXPRESSWAY (PHASE-II PKG-XIV) FROM JUNCTION WITH PATHANKOT- GURDASPUR ROAD (NH-5,,NHAI,2021-10,2024-09,2025-12,3044.02,3044.02,1589.44,70.21,2025-06,FR_JUNE_2025.pdf
513,N24001552,,,DELHI-AMRITSAR-KATRA EXPRESSWAY (PHASE-II PKG-XV) [JUNCTION WITH HIRANAGAR ROAD NEAR VILLAGE GURHA B,,NHAI,2021-10,2024-09,2026-02,2714.95,2714.95,1663.19,85.78,2025-06,FR_JUNE_2025.pdf
514,N24001619,,,CORRIDOR EFFICIENCY IMPROVEMENT INCLUDING REMOVAL OF BLACK SPOTS IN LAKHANPUR - SAMBA SECTION OF NH-,,NHAI,2022-08,2024-06,2025-06,200.05,200.05,153.30,63.20,2025-06,FR_JUNE_2025.pdf
515,N24001620,,,CONSTRUCTION OF TUNNELS/VIADUCTS AT IDENTIFIED SLIDING/SLIP ZONES AT KM 130.550 TO KM.130.750; KM.,,NHAI,2021-09,2023-10,2025-12,442.14,,352.62,19.88,2025-06,FR_JUNE_2025.pdf
516,N24001621,,,"4L OF KM.165.092 TO KM.171.855 (NORTH BOUND) AND FROM KM.166.895 TO KM.173.638 (SOUTH BOUND), EXCL.",,NHAI,2021-07,2024-08,2025-07,614.48,,187.59,7.00,2025-06,FR_JUNE_2025.pdf
517,N24001622,,,4L TWIN TUBE TUNNEL INCLUDING APPROACHES FROM DIGDOL TO KHUNI NALLAH (NORTH BOUND CONNECTING WITH EX,,NHAI,2021-07,2024-06,2025-07,1401.87,,751.11,,2025-06,FR_JUNE_2025.pdf
518,N24001623,,,BANIHAL BYPASS (DELINKED FROM SRINAGAR - BANIHAL) FROM KM. 187.00 TO KM. 189.350,,NHAI,2020-01,2024-01,2025-02,336.01,,223.02,34.00,2025-06,FR_JUNE_2025.pdf
519,N24001624,,,CONSTRUCTION OF EMERGENCY LANDING FACILITY FROM KM. 246.60 TO KM. 249.70 ON SRINAGAR - BANIHAL SECTI,,NHAI,2019-07,2020-10,2023-04,157.05,,139.54,100.00,2025-06,FR_JUNE_2025.pdf
520,N24001627,,,4L OF TWIN TUBE TUNNEL CONFIGURATION INCLUDING APPROACHES FROM MAROG TO DIGDOL (FROM KM.154.210 TO K,,NHAI,2021-07,2025-02,2026-05,1912.17,,148.88,,2025-06,FR_JUNE_2025.pdf
521,N24001833,,,JAMMU - AKHNOOR SECTION OF NH 144A PKG-3B,,NHIDCL,2022-07,2025-03,,198.28,,85.49,71.09,2025-06,FR_JUNE_2025.pdf
522,N24001897,,,REHABILITATION AND UPGRADATION TO 2 LANE WITH PAVED SHOULDER FROM EXISTING CHAINAGE KM 102 TO KM 13,,BRO,2021-03,2024-07,2025-03,642.24,,345.14,95.00,2025-06,FR_JUNE_2025.pdf
523,N24001898,,,REHABILITATION AND UPGRADATION TO 2 LANE WITH PAVED SHOULDER FROM EXISTING CHAINAGE KM 30.000 TO K,,BRO,2020-07,2024-11,,272.49,,133.66,87.24,2025-06,FR_JUNE_2025.pdf
524,N24001899,,,REHABILITATION AND UPGRADATION TO 2 LANE WITH PAVED SHOULDER FROM EXISTING CHAINAGE KM 134.95 TO KM,,BRO,2021-02,2024-07,,395.25,,140.42,64.00,2025-06,FR_JUNE_2025.pdf
525,N24001900,,,REHABILITATION AND UPGRADATION TO 2 LANE WITH PAVED SHOULDER FROM EXISTING CHAINAGE KM 49.150 TO KM,,BRO,2020-03,2024-08,,796.97,,323.85,79.00,2025-06,FR_JUNE_2025.pdf
526,N24001901,,,REHABILITATION AND UPGRADATION TO 2 LANE WITH PAVED SHOULDER FROM EXISTING CHAINAGE KM 64.535 TO K,,BRO,2020-03,2023-09,,152.93,,90.30,78.27,2025-06,FR_JUNE_2025.pdf
527,N24001926,,,CONSTRUCTION OF TWIN TUBE TUNNELS ON JAMMU KASHMIR RING ROAD (NH-244A) BETWEEN DESIGN CH. 50+600 TO,,NHAI,2023-03,2025-06,,939.86,,475.07,69.93,2025-06,FR_JUNE_2025.pdf
528,N24001998,,,"CONSTRUCTION OF 4 LANE WITH PAVED SHOULDER FROM (DESIGN CH. 14+200 TO 24+400), (DESIGN CH. 35+300 TO",,BRO,2022-06,2025-08,,832.46,,227.50,46.00,2025-06,FR_JUNE_2025.pdf
529,N24002059,,,2L NH-1 FROM KM 8.660 TO KM 33.775 (SUMBAL TO WAYUL) TO 4L DUAL CARRIAGEWAY NH STANDARD AS PART OF S,,NHAI,2022-09,2026-06,2026-06,1183.60,,197.13,16.63,2025-06,FR_JUNE_2025.pdf
530,N24002060,,,DELHI AMRITSAR KATRA EXPRESSWAY (PHASE-II PKG XVIII) DEVELOPMENT AND UPGRADATION OF FOUR LANE ACCESS,,NHAI,2023-03,2025-11,,1107.00,,338.91,38.81,2025-06,FR_JUNE_2025.pdf
531,N24002061,,,4/6L ACCESS CONTROL EXPRESSWAY FROM DESIGN CHAINAGE KM 515.000 TO 528.300 (KUNJWANI TO SIDHRA SECTIO,,NHAI,2022-08,2025-06,,2474.47,,923.64,40.17,2025-06,FR_JUNE_2025.pdf
532,N24002119,,,REHABILITATION AND UPGRADATION TO 2 LANE WITH PAVED SHOULDER FROM DESIGN CHAINAGE KM 162.800 TO KM,,BRO,2022-10,2026-01,,562.45,,99.06,25.00,2025-06,FR_JUNE_2025.pdf
533,N24002179,,,CONSTRUCTION OF 4 LANE WITH PAVED SHOULDER (PATTAN BYPASS) GREENFIELD BYPASS FROM EXISTING CH. KM 24,,BRO,2023-03,2026-07,,980.21,,300.02,8.00,2025-06,FR_JUNE_2025.pdf
534,N24002180,,,REHABILITATION AND UPGRADATION TO 2 LANE WITH PAVED SHOULDER FROM EXISTING CHAINAGE KM 166.100 TO KM,,BRO,2021-09,2026-07,,734.64,,19.60,8.00,2025-06,FR_JUNE_2025.pdf
535,N24002185,,,CONSTRUCTION OF 2 LANE WITH PAVED SHOULDERS (BARAMULLA BYPASS) GREENFIELD BYPASS FROM EXISTING CH. K,,BRO,2023-03,2026-09,,992.43,,338.33,,2025-06,FR_JUNE_2025.pdf
536,N24002210,,,WIDENING AND STRENGTHENING OF RAFIABAD-KUPWARA-CHOWKIBAL- TANGDHAR-CHAMKOT (NH-701) ROAD FROM DESIGN,,BRO,2024-03,2027-05,,1404.94,,0.00,,2025-06,FR_JUNE_2025.pdf
537,N24000488,,,FOUR LANING OF UDHAMBUR - RAMBAN SECTION OF NH-1A,,NHAI,2015-12,2018-12,2024-11,2136.97,2644.00,2386.51,99.50,2025-06,FR_JUNE_2025.pdf
538,N24000717,,,CONSTRUCTION OF STAND ALONE RING ROAD/ BYPASS AROUND JAMMU CITY IN THE STATE OF J AND K ON EPC MODE,,NHAI,2017-12,2021-07,2025-07,1471.75,1471.75,1731.65,98.94,2025-06,FR_JUNE_2025.pdf
539,N24000868,,,UP-GRADATION TO 4-LANE WITH PAVED SHOULDER OF JAMMU- AKHNOOR ROAD SECTION OF NH-144A FROM GANESH VIHA,,NHIDCL,2018-03,2021-07,2023-08,253.44,,191.14,83.23,2025-06,FR_JUNE_2025.pdf
540,N24001256,,,CONSTRUCTION OF (I) CONNECTING ROAD FROM Z-MORH TUNNEL TO ZOJILA TUNNEL AND (II) 14.150 KM LONG BI-D,,NHIDCL,2020-08,2026-09,,6808.69,,3013.84,49.92,2025-06,FR_JUNE_2025.pdf
541,N24001264,,,UP-GRADATION TO 2-LANE WITH PAVED SHOULDER FROM KM 12.850 TO KM20.300 OF 7.450KM LENGTH ON GOHA-KHEL,,NHIDCL,2020-07,2022-04,2024-10,228.39,,69.32,88.09,2025-06,FR_JUNE_2025.pdf
542,N24001266,,,UP-GRADATION TO 2-LANE WITH PAVED SHOULDER FROM KM 20.300 TO KM 29.030 OF 8.730 KM LENGTH ON GOHA-K,,NHIDCL,2020-07,2022-04,2023-11,210.79,,72.72,93.63,2025-06,FR_JUNE_2025.pdf
543,N24001323,,,KHELLANI-KHANABAL PKG-1,,NHIDCL,2021-03,2022-09,2024-10,486.45,,126.73,96.84,2025-06,FR_JUNE_2025.pdf
544,N24001341,,,KHELLANI-KHANABAL PKG-3,,NHIDCL,2021-03,2022-12,2024-10,398.51,,80.64,98.36,2025-06,FR_JUNE_2025.pdf
545,N24001394,,,KHELLANI-KHANABAL PKG-2,,NHIDCL,2021-07,2023-02,2025-06,512.43,,71.65,51.75,2025-06,FR_JUNE_2025.pdf
546,N24001395,,,KHELLANI-KHANABAL PKG-4,,NHIDCL,2021-07,2023-08,2025-12,859.67,,196.00,44.02,2025-06,FR_JUNE_2025.pdf
547,N24001396,,,KHELLANI-KHANABAL PKG-5,,NHIDCL,2021-07,2023-02,2025-03,497.09,,178.73,90.01,2025-06,FR_JUNE_2025.pdf
548,N24001397,,,GOHA-KHELLANI PKG-3,,NHIDCL,2021-02,2023-03,2025-02,431.28,433.08,372.31,100.00,2025-06,FR_JUNE_2025.pdf
549,N06000087,,,RAJRAPPA RCE OCP ( 3.0 MTY),,CCL,2009-12,2016-03,,510.85,,488.57,75.00,2025-06,FR_JUNE_2025.pdf
550,N06000096,,,MURAIDIH UG TURN-KEY PROJECT,,BCCL,2011-02,2014-04,,339.88,,190.48,70.00,2025-06,FR_JUNE_2025.pdf
551,N06000098,,,MOONIDIH XV SEAM UG,,BCCL,2011-08,2019-03,,1230.27,,620.97,81.00,2025-06,FR_JUNE_2025.pdf
552,N06000169,,,CHITRA EAST (RCE) OCP,,ECL,2018-08,2026-03,2026-03,513.98,,228.35,51.00,2025-06,FR_JUNE_2025.pdf
553,N06000186,,,TETARIAKHAR EXPANSION OCP,,CCL,2019-11,2023-03,,243.52,,44.64,26.00,2025-06,FR_JUNE_2025.pdf
554,N06000193,,,PACHWARA SOUTH COAL BLOCK,,NLC,2013-07,2028-09,,2242.92,2242.90,1151.23,54.00,2025-06,FR_JUNE_2025.pdf
555,N06000194,,,PATHERDIH 2.5 NLW COAL WASHERY,,BCCL,2015-10,2018-04,,334.27,,135.86,47.00,2025-06,FR_JUNE_2025.pdf
556,N06000216,,,REVISED PROJECT REPORT MAGADH EXPANSION OCP,,CCL,2020-08,2028-03,,7254.37,,1527.57,38.00,2025-06,FR_JUNE_2025.pdf
557,N06000217,,,EXPANSION PROJECT AMRAPALI OCP,,CCL,2020-08,2028-03,,5136.15,,1092.17,43.00,2025-06,FR_JUNE_2025.pdf
558,N06000218,,,UCE OF EPR OF NORTH URIMARI OCP,,CCL,2021-07,2029-03,,778.80,,694.11,75.00,2025-06,FR_JUNE_2025.pdf
559,N06000237,,,KOTRE BASANTPUR PACHMO OCP,,CCL,2020-08,2032-03,,625.40,625.40,441.24,41.00,2025-06,FR_JUNE_2025.pdf
560,N06000238,,,CHANDRAGUPT OCP,,CCL,2020-08,2032-03,,973.50,,440.56,12.40,2025-06,FR_JUNE_2025.pdf
561,N06000239,,,SIRKA OCP,,CCL,2020-05,2028-03,,222.82,,139.31,51.00,2025-06,FR_JUNE_2025.pdf
562,N06000240,,,JHARKHAND LAIYO OCP,,CCL,2020-08,2031-03,,764.57,,145.80,28.00,2025-06,FR_JUNE_2025.pdf
563,N06000241,,,EPR TAPIN SOUTH OCP,,CCL,2020-11,2028-03,,230.41,,21.12,18.30,2025-06,FR_JUNE_2025.pdf
564,N06000242,,,EPR PUNDI OCP,,CCL,2020-11,2027-03,,713.35,,236.57,21.00,2025-06,FR_JUNE_2025.pdf
565,N06000243,,,EPR ROHINI KARKATA OCP,,CCL,2021-01,2028-03,,1020.42,,83.44,18.00,2025-06,FR_JUNE_2025.pdf
566,N06000245,,,EXPANSION OF KONAR OCP,,CCL,2022-01,2032-03,,799.34,,416.73,32.00,2025-06,FR_JUNE_2025.pdf
567,N06000246,,,EXPANSION OF KARO OCP,,CCL,2022-01,2029-03,,908.47,,217.68,21.00,2025-06,FR_JUNE_2025.pdf
568,N06000247,,,EXPANSION OF ASHOK OCP,,CCL,2021-05,2028-03,,2898.28,,176.50,20.00,2025-06,FR_JUNE_2025.pdf
569,N06000273,,,AMALGAMATED NTST KUJAMA OCP 8.5 MTY,,BCCL,2023-01,2030-03,,4011.85,,398.49,25.10,2025-06,FR_JUNE_2025.pdf
570,N06000275,,,HURA C OC,,ECL,2022-08,2029-03,,859.41,,448.72,62.00,2025-06,FR_JUNE_2025.pdf
571,N06000280,,,CHUPERBHITA- SIMLONG OCP,,ECL,2023-12,2037-03,2037-03,979.08,,0.00,0.01,2025-06,FR_JUNE_2025.pdf
572,N06000287,,,BLOCK-E OCP (15 MTY),,BCCL,2024-03,2029-03,,5850.83,,5.96,2.00,2025-06,FR_JUNE_2025.pdf
573,N06000295,,,JARANGDIH OCP,,CCL,2020-02,2029-03,,414.37,,85.60,,2025-06,FR_JUNE_2025.pdf
574,N28000067,,,2000 BOYS HOSTEL(1000 DOUBLE BEDDED ROOM) AT ISM DHANBAD,,CPWD EDUCATION,2012-09,2016-03,,171.86,,174.48,99.00,2025-06,FR_JUNE_2025.pdf
575,N16000445,,,DEVELOPMENT OF JHARIA CBM BLOCK (PHASE-1),,ONGC,2019-11,2024-01,2025-03,431.00,,204.31,58.00,2025-06,FR_JUNE_2025.pdf
576,N16000480,,,LAYING OF NATURAL GAS PIPELINE FROM HAZARIBAGH TO RANCHI,,IOCL,2023-03,2026-02,,202.07,,52.94,42.95,2025-06,FR_JUNE_2025.pdf
577,N16000497,,,CGD PROJECT IN BIHAR JHARKHAND,,HPCL,2022-06,2030-06,,1377.00,,282.88,24.15,2025-06,FR_JUNE_2025.pdf
578,N18000177,,,NORTH KARANPURA STPP (3X660 MW),,NTPC,2014-02,2019-06,2022-10,16242.90,,17323.08,98.00,2025-06,FR_JUNE_2025.pdf
579,N18000275,,,PATRATU STPP-I (3X800MW),,NTPC,2017-11,2023-03,,17112.00,,17219.35,81.00,2025-06,FR_JUNE_2025.pdf
580,N18000367,,,BADAM COAL MINING PROJECT,,NTPC,2019-02,2024-10,2027-04,501.79,784.39,368.94,59.79,2025-06,FR_JUNE_2025.pdf
581,N18000370,,,KERANDARI COAL MINING PROJECT,,NTPC,2015-09,2019-11,2025-03,1553.00,2896.64,2095.17,64.00,2025-06,FR_JUNE_2025.pdf
582,220100305,,,"KODERMA-TILAIYA (NL), ECR",,ECR,2002-04,2023-03,,1625.87,1625.87,2039.52,80.00,2025-06,FR_JUNE_2025.pdf
583,N22000396,,,BONDAMUNDA RANCHI DOUBLING,,SER,2016-03,2024-06,,3029.04,3029.04,2436.91,84.50,2025-06,FR_JUNE_2025.pdf
584,N22000508,,,LODHMA TO PISKA LINK LINE BY PASSING HATIA/RANCHI WITH Y CONNECTION (17.2 KM),,SER,2018-04,2026-06,,501.52,,275.97,4.00,2025-06,FR_JUNE_2025.pdf
585,N22000529,,,DOUBLING OF PRADHANKHUNTA JN - PATHERDIH BAZAR-BHOJUDIH,,ECR,2022-11,2027-11,,202.00,349.22,76.94,2.00,2025-06,FR_JUNE_2025.pdf
586,N22000595,,,KHARAGPUR-ADITYAPUR - 3RD LINE (132 KM),,RVNL,2015-12,2025-03,,3249.98,,2899.45,,2025-06,FR_JUNE_2025.pdf
587,N22000599,,,3RD LINE BETWEEN DHANBAD SONNAGAR,,RVNL,2016-11,2026-03,,8975.00,,4705.38,,2025-06,FR_JUNE_2025.pdf
588,N22000610,,,GARHWA ROAD - RAIL OVER RAIL,,ECR,2017-03,2024-06,,262.71,,227.86,70.00,2025-06,FR_JUNE_2025.pdf
589,N22000611,,,GOMOH - FLYOVER FOR DOWN TRAINS,,ECR,2018-01,2023-03,,686.03,,419.46,45.00,2025-06,FR_JUNE_2025.pdf
590,N24001589,,,HARIHARGANJ TO PARWA MODE SECTION FROM KM 23.284 TO KM 57.049 OF NH-98,,NHAI,2020-09,2024-03,2024-12,755.26,,635.78,88.10,2025-06,FR_JUNE_2025.pdf
591,N24001590,,,4L FROM KM 196.87 (SANKHA) TO KM 219.6 (KHAJURI) ON NH-75 [REHLA / GARHWA BYPASS],,NHAI,2020-09,2023-10,2024-12,748.99,,831.75,100.00,2025-06,FR_JUNE_2025.pdf
592,N24001594,,,ELEVATED CORRIDOR IN RANCHI CITY FROM KM 0.00 TO KM 3.260 OF NH-75 INCLUDING DOWN RAMP ON NH-23 FROM,,NHAI,2022-02,2025-01,2025-03,534.73,,282.33,99.57,2025-06,FR_JUNE_2025.pdf
593,N24001595,,,4L OF PALMA TO GUMLA SECTION OF NH23 FROM KM. 26.00 TO KM. 89.170 ON HAM MODE IN THE STATE OF JHARKH,,NHAI,2020-08,2024-03,2025-09,1034.00,1879.55,41.50,97.30,2025-06,FR_JUNE_2025.pdf
594,N24001596,,,4L OF MIRZA CHAUKI TO FARKKA SECTION OF NH80 FROM KM 215.00 TO KM 260.00 ON HAM MODE IN THE STATE OF,,NHAI,2021-11,2023-07,2025-06,1302.72,1504.80,957.00,75.74,2025-06,FR_JUNE_2025.pdf
595,N24001854,,,FOUR LANING WITH PAVED SHOULDER OF SECTION FROM KM 53.600 (GOLA ON NH-320) TO KM 81.446 (ORMANJHI ON,,NHAI,2023-06,2025-06,,1214.93,1324.95,808.69,75.50,2025-06,FR_JUNE_2025.pdf
596,N24001922,,,WIDENING TO 2-LANE WITH PAVED SHOULDER FROM KM 0.00 TO 44.00 (KURU-GHAGHRA SECTION) OF NH- 143A INCLU,,MoRTH,2020-02,2023-08,,153.01,,83.63,96.23,2025-06,FR_JUNE_2025.pdf
597,N24001923,,,WIDENING AND STRENGTHENING OF EXISTING PAVEEMNT TO TWO LANE WITH PAVED SHOULDERS FROM KM 116.00 TO K,,MoRTH,2022-01,2024-07,,315.21,,117.26,80.00,2025-06,FR_JUNE_2025.pdf
598,N24001924,,,WIDENING AND STRENGTHENING TO TWO LANE WITH PAVED SHOULDER/TWO LANE+ PAVED SHOULDER WITH SERVICE ROA,,MoRTH,2022-03,2025-08,,514.22,,15.19,6.10,2025-06,FR_JUNE_2025.pdf
599,N24001925,,,WIDENING AND STRENGTHENING/RECONSTRUCTION TO TWO LANE WITH PAVED SHOULDER/ TWO LANE WITH PAVED SHOUL,,MoRTH,2022-03,2025-08,,423.18,,0.11,,2025-06,FR_JUNE_2025.pdf
600,N24002053,,,FOUR LANING OF KHAJURI TO WYNDHAMGANJ FROM KM 219.600 TO KM 260.483 ON NH-75 PKG SEC-V ON HAM,,NHAI,2022-04,2025-09,,1232.00,1343.00,606.60,81.76,2025-06,FR_JUNE_2025.pdf
601,N24002054,,,FOUR LANING OF BHOGU TO SANKHA FROM KM 147.450 TO KM 196.870 ON NH-75 PKG SEC-III,,NHAI,2022-10,2025-11,,1390.77,1391.00,319.69,75.01,2025-06,FR_JUNE_2025.pdf
602,N24002055,,,FOUR LANING OF BASUKINATH- DEOGHAR SECTION OF NH-114A FROM KM 85.081 TO KM 130.240 UNDER NHDP PHASE-I,,NHAI,2023-03,2025-12,,1444.94,,0.00,,2025-06,FR_JUNE_2025.pdf
603,N24002056,,,BHARATMALA PARIYOJANA OF BOKARO JAINA MORE - GOLA SECTION OF NH-320 FROM KM. 21.110 TO KM. 53.600 IN,,NHAI,2020-06,2025-06,,964.64,,458.58,61.20,2025-06,FR_JUNE_2025.pdf
604,N24002057,,,FOUR LANING OF MEHGAMA HANSDIHA SECTION OF NH-33 FROM EXISTING KM 41.900 TO 93.000 IN THE STATE OF J,,NHAI,2022-12,2025-05,,1443.77,,0.00,,2025-06,FR_JUNE_2025.pdf
605,N24000726,,,SIX LANING OF BIHAR - JHARKHAND BORDER (CHORDAHA) TO GORHAR SECTION,,NHAI,2018-01,2021-11,2026-05,1155.16,,657.82,73.00,2025-06,FR_JUNE_2025.pdf
606,N24001216,,,WIDENING TO 2 LANE WITH PAVED SHOULDERS AND GEOMETRIC IMPROVEMENT OF NH-114A FROM KM 141 TO KM 184 I,,MoRTH,2016-12,2021-09,,196.00,,164.21,90.10,2025-06,FR_JUNE_2025.pdf
607,N12000095,,,NEW SINTER PLANT AT BOKARO STEEL PLANT,,SAIL,2015-03,2017-10,2026-11,1034.01,1752.30,882.41,51.75,2025-06,FR_JUNE_2025.pdf
608,N12000129,,,REVAMPING OF OLD SUB SYSTEM OF BLAST FURNACE 3 AT BOKARO STEEL PLANT,,SAIL,2023-09,2025-07,2025-11,513.82,,195.71,67.00,2025-06,FR_JUNE_2025.pdf
609,N12000133,,,REBUILDING OF COKE OVEN BATTERY NO.6 OF BOKARO STEEL PLANT,,SAIL,2023-11,2026-11,,627.31,,84.56,35.00,2025-06,FR_JUNE_2025.pdf
610,N12000135,,,REPLACEMENT OF REMAINING 04 NOS. OF BATTERY CYCLONES WITH 04 NOS. OF ESPS IN SINTER PLANT-1 AT BSL,,SAIL,2024-03,2026-06,,260.37,,44.22,18.00,2025-06,FR_JUNE_2025.pdf
611,N12000142,,,REPLACEMENT OF EXISTING GRINDERS IN CRM-I & II AT BOKARO STEEL PLANT,,SAIL,2025-01,2027-01,,211.94,,0.00,,2025-06,FR_JUNE_2025.pdf
612,N12000143,,,SECONDARY EMISSION CONTROL IN CONVERTERS OF SMS-II AT BOKARO STEEL PLANT,,SAIL,2025-01,2026-10,,207.13,,0.00,5.00,2025-06,FR_JUNE_2025.pdf
613,N04000105,,,BELAGAVI AIRPORT- EXPANSION OF TERMINAL BUILDING AND ASSOCIATED WORKS,,AAI,2023-06,2026-02,,322.45,,104.38,43.00,2025-06,FR_JUNE_2025.pdf
614,N04000108,,,HUBBALI AIRPORT - CONSTRUCTION OF NEW DOMESTIC TERMINAL BUILDING AND MISCELLANEOUS WORKS,,AAI,2023-06,2026-02,,320.47,,53.87,32.50,2025-06,FR_JUNE_2025.pdf
615,N42000006,,,"CONSTRUCTION OF PERMANENT CAMPUS FOR INDIAN INSTITUTE OF TECHNOLOGY, DHARWAD (PHASE 1A)",,CPWD EDUCATION,2019-07,2022-03,,851.00,851.00,918.06,,2025-06,FR_JUNE_2025.pdf
616,N42000010,,,ADDITIONAL INFRASTRUCTURE AT IISC BANGALORE SH RCC MONOLITHIC FOR MEN WOMEN HOSTEL,,CPWD,2021-08,2024-02,2024-11,316.25,,281.32,91.00,2025-06,FR_JUNE_2025.pdf
617,N16000369,,,CONSTRUCTION OF 80000MT LPG CAVERN AT MANGALORE,,HPCL,2018-12,2022-12,2025-08,854.00,854.00,717.44,99.70,2025-06,FR_JUNE_2025.pdf
618,N16000437,,,"REVAMPING, AUGMENTATION OF FACILITIES AT EXISTING PORT TERMINAL AT MANGALORE",,IOCL,2022-01,2025-07,2025-12,463.00,500.62,244.46,71.10,2025-06,FR_JUNE_2025.pdf
619,N16000509,,,POWER SYSTEM UPGRADATION PROJECT,,MANGALORE REFIN,2023-10,2026-02,,385.00,,129.72,59.70,2025-06,FR_JUNE_2025.pdf
620,N16000536,,,DEMO PLANT FOR PRODUCTION OF BIO-ATF,,MANGALORE REFIN,2024-03,2027-03,,364.00,,22.78,10.10,2025-06,FR_JUNE_2025.pdf
621,N18000385,,,TS FOR INTRGRATION OF RE ZONE (PHASE II) IN KOPPAL II (PHASE A and B) AND GADAG II (PHASE A) IN KARN,,PGCIL,2023-12,2025-12,,2889.00,,1011.29,36.70,2025-06,FR_JUNE_2025.pdf
622,N18000388,,,"TS FOR SOLAR ENERGY ZONE IN BIDAR (2500MW), KARNATAKA [BIDAR TRANSMISSION LTD]",,PGCIL,2024-02,2026-02,,2148.00,,923.47,52.20,2025-06,FR_JUNE_2025.pdf
623,N18000409,,,SYSTEM STRENGTHENING AT KOPPAL- II AND GADAG-II FOR INTEGRATION OF RE GENERATION PROJECTS,,PGCIL,2025-01,2027-01,,1354.00,,16.25,,2025-06,FR_JUNE_2025.pdf
624,N18000410,,,AUGMENTATION OF TRANSFORMATION CAPACITY AT BIDAR PS,,PGCIL,2025-02,2027-02,,288.00,,4.03,,2025-06,FR_JUNE_2025.pdf
625,N18000419,,,TRANSMISSION SCHEME FOR INTEGRATION OF DAVANAGERE / CHITRADURGA AND BELLARY REZ IN KARNATAKA,,PGCIL,2025-03,2027-03,,3453.00,,20.70,,2025-06,FR_JUNE_2025.pdf
626,N22000256,,,TUMKUR-CHITRADURGA-DAVENGERE NL,,SWR,2011-04,2019-03,,1876.00,,503.99,12.00,2025-06,FR_JUNE_2025.pdf
627,N22000258,,,BAGALKOT-KUDACHI NL,,SWR,2010-04,2027-03,,1378.00,1378.00,646.95,34.00,2025-06,FR_JUNE_2025.pdf
628,N22000297,,,HOSPET-HUBLI-LONDA- VASCODAGAMA DL,,RVNL,2010-04,2027-03,,5060.36,,3505.49,,2025-06,FR_JUNE_2025.pdf
629,N22000299,,,GADAG-WADI NL,,SWR,2013-04,2027-03,,2841.84,,1352.94,29.00,2025-06,FR_JUNE_2025.pdf
630,N22000308,,,MARIKUPPAM - KUPPAM,,SWR,2012-04,2016-03,,279.54,296.72,121.12,14.00,2025-06,FR_JUNE_2025.pdf
631,N22000486,,,KADUR CHIKMAGALUR SAKLESHPUR NEW LINE (93 KM),,SWR,1996-03,2025-06,,825.31,825.31,692.24,83.00,2025-06,FR_JUNE_2025.pdf
632,N22000542,,,BAIYYAPPANAHALLI-HOSUR (48 KM),,NCRTC,2019-04,2026-03,,375.67,,0.00,,2025-06,FR_JUNE_2025.pdf
633,N22000543,,,YESHVANTHPUR-CHANNASANDRA (21.7 KM),,NCRTC,2019-04,2026-03,,169.65,,71.75,,2025-06,FR_JUNE_2025.pdf
634,N22000557,,,BELGAUM-DHARWAD VIA KITTUR (73.10 KM) (UMBRELLA WORK PB#22/2019-20/NR),,SWR,2020-09,2027-12,,1590.80,927.42,0.75,,2025-06,FR_JUNE_2025.pdf
635,N22000558,,,HASSAN (ALUR) - BELUR (32 KM) (UMBRELLA WORK PB#23/2018-19/NR),,SWR,2019-06,2028-04,,748.86,748.85,0.88,1.00,2025-06,FR_JUNE_2025.pdf
636,N22000559,,,SHIMOGA-SHIKARIPURA-RANEBENNUR (UMBRELLA WORK PB#23/2018-19/NR),,SWR,2019-09,2027-12,,1453.73,994.47,87.33,7.00,2025-06,FR_JUNE_2025.pdf
637,N22000621,,,BANGALORE-WHITEFIELD-BANGALORE CITY-KRISHNARAJAPURAM QUADRUPLING,,SWR,2018-03,2025-06,,492.87,492.87,254.35,75.00,2025-06,FR_JUNE_2025.pdf
638,N24001425,,,4L OF ADDAHOLE TO BANTWAL CROSS SECTION INCLUDING FLYOVER AT KALLADKA TOWN,,NHAI,2021-03,2021-11,2025-11,1100.88,1687.31,1156.26,80.30,2025-06,FR_JUNE_2025.pdf
639,N24001426,,,4L OF ADDAHOLE TO BANTWAL CROSS SECTION,,NHAI,2021-03,2021-10,2025-07,317.90,572.01,370.84,98.00,2025-06,FR_JUNE_2025.pdf
640,N24001598,,,6L FROM SANKESHWAR BYPASS TO MH KNT BORDER FROM KM. 555.017 TO KM. 592.853 OF NH-48 (PKG II),,NHAI,2022-01,2025-04,2026-05,1388.70,1388.70,509.84,71.60,2025-06,FR_JUNE_2025.pdf
641,N24001599,,,BELAKERI PORT TO KUMTA - SIRSI ROAD FROM KM 0.00 - KM 4.265 OF BELEKERI PORT ROAD LINK RD. AND KM 4.,,NHAI,2018-03,2022-12,2022-12,440.16,,355.97,75.27,2025-06,FR_JUNE_2025.pdf
642,N24001674,,,BANGALORE/TN BORDER TO HOSKOTE,,NHAI,2023-02,2025-02,2025-09,1240.60,1181.68,952.87,83.25,2025-06,FR_JUNE_2025.pdf
643,N24001676,,,6L OF MH/KN BORDER (NIMBAL VILLAGE) TO KN/TS BORDER (SINGNODI VILLAGE) FROM KM. 26.000 TO KM. 97.000,,NHAI,2022-12,2025-06,2026-03,2718.46,,438.90,54.52,2025-06,FR_JUNE_2025.pdf
644,N24001677,,,BALANCE WORK OF 2L PS FROM KM 30.800 TO 70.800 AND 2L WITH RIGID CARRIAGEWAY FROM 70.800 TO KM 84.12,,NHAI,2022-11,2024-05,2025-04,226.76,226.76,86.76,71.95,2025-06,FR_JUNE_2025.pdf
645,N24001679,,,6L FROM BELGAUM TO SANKESHWAR BYPASS FROM KM 515.000 TO KM 555.017 OF NH 48,,NHAI,2022-10,2025-04,2025-12,1479.30,1479.30,676.61,83.98,2025-06,FR_JUNE_2025.pdf
646,N24001680,,,4L OF SANNUR TO BIKARNAKATTE SECTION FROM KARKALA TO MANGALORE,,NHAI,2021-03,2024-10,2026-06,1409.68,1808.12,1039.17,59.00,2025-06,FR_JUNE_2025.pdf
647,N24001681,,,TUMKUR - NELAMANGALA(6L),,NHAI,2022-08,2025-08,2026-03,2032.15,2032.15,185.64,52.88,2025-06,FR_JUNE_2025.pdf
648,N24001682,,,UPGRADATION 2/4 LANE NH CONNECTIVITY UNDER SAGARMALA SCHEME SH 2 HAVERI YEKAMBI SH 69 YEKAMBI KUMTA,,NHAI,2021-11,2024-03,2024-03,294.62,309.90,57.86,15.14,2025-06,FR_JUNE_2025.pdf
649,N24001684,,,4L OF CHANNARAYAPATNA BYPASS AND HASSAN BYPASS WITH STRUCTURES IN DEVIHALLI -HASSAN SECTION,,NHAI,2020-09,2023-01,2020-09,688.00,602.09,514.23,80.07,2025-06,FR_JUNE_2025.pdf
650,N24001687,,,FOUR LANING OF BETTADAHALLI TO SRIRAMPURA SECTION FROM KM. 166+100 (DESIGN KM. 170+415) TO KM. 217+0,,NHAI,2021-10,2023-10,2025-12,1331.77,2082.98,483.94,77.06,2025-06,FR_JUNE_2025.pdf
651,N24001936,,,BALANCE WORK OF CONTSRUCTION OF TWO/FOUR LANE WITH PAVED SHOULDER FROM KM. 54.370 TO KM. 101.400 (BI,,MoRTH,2021-03,2023-03,2024-07,344.79,,10.00,90.00,2025-06,FR_JUNE_2025.pdf
652,N24001937,,,BALANCE WORK OF REHABILITATION AND UPGRADING TO 2LANE/2LANE WITH PAVED SHOULDER CONFIGURATION AND ST,,MoRTH,2023-02,2024-02,2025-02,398.48,,5.00,50.00,2025-06,FR_JUNE_2025.pdf
653,N24001938,,,"CONSTRUCTION OF ELEVATED CORRIDOR FROM KM. 135.650 TO 136.300 ON 63, FROM KM. 249 TO KM. 250.050 ON",,MoRTH,2021-06,2024-06,2025-06,298.00,,10.70,52.00,2025-06,FR_JUNE_2025.pdf
654,N24001940,,,WIDENING TO 2 LANE WITH PAVED SHOULDERS FROM DESIGN KM 103.200 (EXISTING KM 103.200) TO DESIGN KM 11,,MoRTH,2023-01,2026-01,2025-09,166.58,,3.54,,2025-06,FR_JUNE_2025.pdf
655,N24001941,,,WIDENING TO 4 LANE FROM KM. 133.00 TO 158.04 (DESIGN CHAINAGE KM. 130.88 TO 155.145) (SHIRUR CROSS T,,MoRTH,2023-01,2025-01,2025-01,350.69,,10.00,56.00,2025-06,FR_JUNE_2025.pdf
656,N24001943,,,WIDENING TO TWO LANE WITH PAVED SHOULDERS FROM KM. 33.13 TO KM. 40.23 AND KM. 52.00 TO KM. 71.00 (EX,,MoRTH,2022-09,2024-03,2025-01,172.98,,6.48,65.00,2025-06,FR_JUNE_2025.pdf
657,N24001944,,,WIDENING TO INTERMEDIATE/TWO LANE TO 2 LANE WITH PAVED SHOULDER FROM EXISTING CHANAGES KM 112.750 TO,,MoRTH,2023-01,2024-06,2024-07,255.88,,60.99,78.24,2025-06,FR_JUNE_2025.pdf
658,N24001945,,,WIDENING TO 2 LANE WITH PAVED SHOULDERS FROM KM 116.800 TO 149.070(DESIGN CHANGES) ON HOSADURGA HOL,,MoRTH,2022-08,2024-02,2024-12,170.34,,4.25,72.00,2025-06,FR_JUNE_2025.pdf
659,N24001946,,,"WIDENING TO 2 LANES WITH PAVED SHOULDERS FROM KM 24.400 TO 27.270, 40.500 TO 41.900, 84.300 TO 88.20",,MoRTH,2022-11,2024-11,2024-11,218.93,,10.00,95.25,2025-06,FR_JUNE_2025.pdf
660,N24001947,,,WIDENING TO EXISTING 2 LANE WITH PAVED SHOULDER TO 4 LANE WITH PAVED SHOULDER FROM DESIGN KM 153.00,,MoRTH,2023-02,2025-02,2025-02,177.94,,6.66,47.00,2025-06,FR_JUNE_2025.pdf
661,N24001948,,,WIDENING TO 4 LANE FROM KM 51.60 TO 76.20 (HEBRI TO PARKALA) AND FROM KM 85.20 TO 88.90 (KARAVALI JU,,MoRTH,2022-10,2024-10,2024-12,355.72,,11.32,60.00,2025-06,FR_JUNE_2025.pdf
662,N24001989,,,FOUR LANING OF LEFT OVER WORKS OF HOSPET BELLARY KARNATAKA/ AP BORDER FROM KM.280.080 TO KM. 375.450,,NHAI,2023-03,2025-05,,830.28,,692.62,77.10,2025-06,FR_JUNE_2025.pdf
663,N24001993,,,DEVELOPMENT OF 6 LANE ACCESS CONTROLLED GREENFIELD HIGHWAY FROM KM. 97.000 TO KM. 162.500 MARADGI S,,NHAI,2022-12,2025-10,,1589.00,,732.47,63.15,2025-06,FR_JUNE_2025.pdf
664,N24001994,,,4/6L OF BANGALORE - PUNE SECTION OF BYPASS CONNECTING DHARWAD - HUBLI FROM KM. 403.80 TO KM. 433.20,,NHAI,2022-05,2023-03,2025-09,1135.39,,396.27,70.68,2025-06,FR_JUNE_2025.pdf
665,N24002011,,,BALANCE WORK OF CONSTRUCTION OF TWO/FOUR LANE WITH PAVED SHOULDER FROM KM 422.000 TO 523.600 ( CHITR,,MoRTH,2021-12,2024-06,2024-12,516.96,,19.93,75.00,2025-06,FR_JUNE_2025.pdf
666,N24002012,,,WIDENING TO TWO LANE WITH PAVED SHOULDERS FROM KM 40.00 TO KM 75.00 (EXISTING CHAINAGES) OF MANGALOR,,MoRTH,2023-03,2025-03,2025-03,718.52,,24.81,23.00,2025-06,FR_JUNE_2025.pdf
667,N24002013,,,CONSTRUCTION OF TWO LANE WITH PAVED SHOULDER FROM KM.0 TO KM. 80 ON NH 548B (VIJAYAPURA- SANKESWAR SE,,MoRTH,2021-03,2022-02,2024-10,766.64,,13.55,75.00,2025-06,FR_JUNE_2025.pdf
668,N24002186,,,WIDENING TO 2 LANE WITH PAVED SHOULDERS FROM DESIGN KM 103.200 (EXISTING KM 103.200) TO DESIGN KM 11,,MoRTH,2024-03,2025-09,,166.58,,3.62,,2025-06,FR_JUNE_2025.pdf
669,N24002187,,,CONSTRUCTION OF 2 LANE WITH PAVED SHOULDER FROM KM 55.6 TO KM 90.7 (EXISTING CHAINAGES) OF NH- 766C (,,MoRTH,2024-02,2026-02,,313.56,,53.65,,2025-06,FR_JUNE_2025.pdf
670,N24002188,,,WIDENING TO 2L+PS FROM KM 71.00 TO 104.00 (EXISTING CHAINAGES) (SARJAPUR TO PATTADKALLU) ON BHANAPUR,,MoRTH,2024-03,2026-03,,445.62,,33.24,,2025-06,FR_JUNE_2025.pdf
671,N24002189,,,WIDENING TO TWO LANE WITH PAVED SHOULDERS FROM KM 0.00 (DESIGN CHAINAGE 0.00) TO KM 23.338 (DESIGN C,,MoRTH,2024-09,2026-03,,196.05,,2.34,,2025-06,FR_JUNE_2025.pdf
672,N24000334,,,STRENGTHENING AND WIDENING TO TWO LANE WITH PAVED SHOULDERS FROM KM.106.00 TO 153.00 OF NH-218 BIJAP,,MoRTH,2015-03,2015-11,2024-08,165.67,,126.47,98.99,2025-06,FR_JUNE_2025.pdf
673,N24000462,,,4-LANING OF GOA/KARNATAKA BORDER-KUNDAPUR SECTION,,NHAI,2012-07,2016-08,2020-01,1655.01,1990.99,1824.10,97.80,2025-06,FR_JUNE_2025.pdf
674,N24001156,,,WIDENING TO TWO LANE WITH PAVED SHOULDER FROM KM 544.200 TO KM 594.000 OF NH-150A HOSMANE CROSS ? PA,,MoRTH,2017-01,2017-09,2023-05,166.67,,192.08,100.00,2025-06,FR_JUNE_2025.pdf
675,N24001157,,,IMPROVEMENTS AND RECONSTRUCTION TO TWO LANE WITH PAVED SHOULDERS FROM KM 243.20 TO KM 290.20 OF NH,,MoRTH,2016-08,2017-02,2024-07,175.50,,178.73,90.01,2025-06,FR_JUNE_2025.pdf
676,N24001158,,,RECONSTRUCTION TO TWO LANE WITH PAVED SHOULDERS FROM DS. CH. 442+180 (EX. KM 448.00) TO DS. CH.485+2,,MoRTH,2018-03,2019-06,2023-12,159.97,,113.15,100.00,2025-06,FR_JUNE_2025.pdf
677,N24001159,,,WIDENING TO TWO LANE WITH PAVED SHOULDERS FROM KM 20.150 TO KM 40.00 OF BC ROAD KOTTIGEHARA SECTION,,MoRTH,2018-01,2018-07,,159.70,,142.88,100.00,2025-06,FR_JUNE_2025.pdf
678,N24001160,,,WIDENING TO TWO LANE WITH PAVED SHOULDER FROM KM 194.900 TO KM 243.200 OF NH-234 BANAVARA- HULIYAR,,MoRTH,2017-09,2018-10,2022-04,191.60,,112.01,100.00,2025-06,FR_JUNE_2025.pdf
679,N24001161,,,WIDENING TO TWO LANE WITH PAVED SHOULDERS FROM 24.600 TO 70.063 OF MUDIGERE TO KADUR SECTION OF NH-,,MoRTH,2017-12,2019-01,2022-04,297.30,,277.27,100.00,2025-06,FR_JUNE_2025.pdf
680,N24001162,,,IMPROVEMENT AND RECONSTRUCTION TO TWO LANE WITH PAVED SHOULDERS FROM KM 489.845 (NEW KM.58.125) AN,,MoRTH,2018-03,2018-10,2022-11,325.86,,356.76,100.00,2025-06,FR_JUNE_2025.pdf
681,N24001164,,,WIDENING TO 2 LANE WITH PAVED SHOULDERS FROM KM 0 TO 54 OF NH- 50 UNDER EPC MODE IN THE STATE OF KARN,,MoRTH,2016-10,2017-03,2022-07,396.96,,329.58,100.00,2025-06,FR_JUNE_2025.pdf
682,N24001165,,,WIDENING TO 2 LANE WITH PAVED SHOULDERS FROM KM 34.00 TO 70.900 OF NH-150 UNDER EPC MODE IN THE STAT,,MoRTH,2016-11,2017-03,2021-10,314.90,,233.95,100.00,2025-06,FR_JUNE_2025.pdf
683,N24001166,,,WIDENING TWO LANE WITH PAVED SHOULDERS FROM FROM KM.56.00 TO 106.00 OF NH-218 (218-KNT-2014-15- 775),,MoRTH,2015-03,2016-01,,159.12,,127.72,98.00,2025-06,FR_JUNE_2025.pdf
684,N24001168,,,ESTIMATE FOR WIDENING TWO LANE TO FOUR LANE FROM FROM KM.129.00 TO 144.00 OF NH-63 ANKOLA-GOOTY SECT,,MoRTH,2018-05,2018-05,2023-12,171.60,,129.72,100.00,2025-06,FR_JUNE_2025.pdf
685,N24001172,,,WIDENING TO TWO LANE WITH PAVED SHOULDER FROM KM 4.40 TO KM 56.00 OF NH-218 BIJAPURA-HUBLI SECTION U,,MoRTH,2017-01,2017-08,,291.49,,238.77,100.00,2025-06,FR_JUNE_2025.pdf
686,N24001173,,,CONSTRUCTION OF MAJOR BRIDGE AT KM 180.865 ACROSS RIVER KRISHNA ON NH-167 HAGARI ? JADERCELA SECTION,,MoRTH,2017-02,2019-05,,157.32,188.00,43.16,60.00,2025-06,FR_JUNE_2025.pdf
687,N24001387,,,WIDENING TO 2-LANE WIH PAVED SHOULDER FROM KM. 544.20 TO 594.00 (HOSAMANE CROSS TO PANDAVAPURA) SECT,,MoRTH,2017-01,2017-09,2023-05,264.34,,201.07,100.00,2025-06,FR_JUNE_2025.pdf
688,N24001388,,,CONSTRUCTION OF MAJOR BRIDGE ACROSS SHARAVATHI BACKWATERS AND APPROCHES BETWEEN AMBARGODU AND KALASA,,MoRTH,2019-03,2019-12,2024-11,423.15,,268.97,82.00,2025-06,FR_JUNE_2025.pdf
689,N12000136,,,"SCREENING PLANT-II, DONIMALAI",,NMDC,2023-09,2026-08,,1043.63,,201.25,21.50,2025-06,FR_JUNE_2025.pdf
690,N28000058,,,BANGALORE METRO RAIL PROJECT PHASE-2,,BMRCL,2014-02,2021-02,,26405.14,,20936.29,,2025-06,FR_JUNE_2025.pdf
691,N28000151,,,BANGALORE METRO RAIL PROJECT LIMITED. PHASE. 2A AND 2B,,BMRCL,2021-06,2026-06,,14788.10,,2424.04,,2025-06,FR_JUNE_2025.pdf
692,N04000111,,,CALICUT AIRPORT - DEVELOPMENT OF ADDITIONAL RESA ON EITHER END ON RUNWAY 10-28 AT CALICUT AIRPORT,,AAI,2023-06,2025-09,,484.57,323.98,74.67,18.30,2025-06,FR_JUNE_2025.pdf
693,N28000140,,,"C/O PERMANENT CAMPUS OF IIT PALAKKAD PHASE IA AT PUDESSERY VILLAGE,KANJIKODE WEST, DISTRICT PALAKKA",,CPWD EDUCATION,2019-07,2021-03,,753.63,,411.86,67.00,2025-06,FR_JUNE_2025.pdf
694,N16000508,,,REPLACEMENT AND EXTENSION OF JETTY PIPELINES AT KOCHI REFINERY,,BPCL,2023-03,2026-03,,621.87,,180.09,82.50,2025-06,FR_JUNE_2025.pdf
695,N16000530,,,SETTING UP POLYPROPYLENE UNIT AT KOCHI REFINERY,,BPCL,2023-12,2027-10,,4460.00,,240.70,11.10,2025-06,FR_JUNE_2025.pdf
696,N22000399,,,TRIVANDRUM-KANYAKUMARI DOUBLING,,SR,2015-02,2024-03,,1431.90,,3184.42,42.10,2025-06,FR_JUNE_2025.pdf
697,N22000619,,,ERNAKULAM-KUMBALAM - PATCH DOUBLING (7.71 KM),,SR,2010-12,2028-03,,600.82,,282.77,8.00,2025-06,FR_JUNE_2025.pdf
698,N22000620,,,KUMBALAM-THURAVUR - PATCH DOUBLING (15.59 KM),,SR,2011-12,2027-03,,812.85,,287.48,7.00,2025-06,FR_JUNE_2025.pdf
699,N24001648,,,CONSTRUCTION OF 6 LANE ELEVATED CORRIDOR ALONG WITH DEVELOPMENT OF EXISTING 4 LANE ROAD AT GROUND LE,,NHAI,2022-08,2026-01,,2429.52,,1185.00,62.02,2025-06,FR_JUNE_2025.pdf
700,N24001649,,,SIX LANING OF PARAVOOR(DESIGN KM. 417+000) TO KOTTUKULANGARA(DESIGN KM. 454+500) SECTION OF NEW NH-6,,NHAI,2021-12,2025-02,2025-02,3273.61,,789.16,61.81,2025-06,FR_JUNE_2025.pdf
701,N24001650,,,SIX LANING OF KADAMBATTUKONAM TO KAZHAKKOOTTAM SECTION OF NH- 66(OLD NH-47) FROM KM. 517+250 TO KM.54,,NHAI,2021-12,2025-01,2026-04,3635.64,,324.02,39.20,2025-06,FR_JUNE_2025.pdf
702,N24001651,,,SIX LANING OF THURAVOOR (DESIGN KM. 378+612) TO PARAVOOR (DESIGN KM.417+000) SECTION OF NEW NH-66 (O,,NHAI,2021-09,2024-09,2026-03,2878.97,,570.80,44.65,2025-06,FR_JUNE_2025.pdf
703,N24001652,,,6L MINOR BRIDGE (PALOLI PALAM) AT KM. 203.160 and MAJOR BRIDGE (MORAD) AT KM. 204.895 AND ALLIED WOR,,NHAI,2020-03,2022-06,2024-02,210.37,216.94,198.10,100.00,2025-06,FR_JUNE_2025.pdf
704,N24001653,,,SIX LANING FROM KODUNGALLUR TO EDAPALLY SECTION OF NH ?66 (OLD NH-17) FROM DESIGN CHAINAGE 397+750 (,,NHAI,2021-11,2025-04,,3565.82,,2082.00,62.43,2025-06,FR_JUNE_2025.pdf
705,N24001654,,,SIX LANING OF START OF KOLLAM BYPASS (KM.486+000) KADAMBATTUKONAM (KM.517+250) SECTION OF NEW NH-66,,NHAI,2021-06,2025-03,2026-02,2641.37,,607.07,76.90,2025-06,FR_JUNE_2025.pdf
706,N24001655,,,SIX LANING FROM KAPPIRIKKAD TO THALIKULAM SECTION OF NH ? 66 (OLD NH-17) FROM DESIGN CH. 335+850 (EX,,NHAI,2021-06,2025-02,,3606.00,3946.56,3120.31,73.35,2025-06,FR_JUNE_2025.pdf
707,N24001656,,,SIX LANING FROM THALIKULAM TO KODUNGALLUR SECTION OF NH ? 66 (OLD NH-17) FROM DESIGN CH.369+015 (EX.,,NHAI,2021-06,2025-03,,2595.00,,3071.01,66.73,2025-06,FR_JUNE_2025.pdf
708,N24001657,,,SIX LANING OF KOTTUKULANGARA (DESIGN KM. 454+500) TO START OF KOLLAM BYPASS (DESIGN KM. 486+000) SEC,,NHAI,2021-06,2024-10,2025-12,2842.14,,477.69,71.30,2025-06,FR_JUNE_2025.pdf
709,N24001658,,,SIX LANING OF RAMANATTUKARA JUNCTION TO START OF VALANCHERY BYPASS SECTION OF NH-66 (OLD NH- 17) FROM,,NHAI,2021-01,2024-07,2025-03,4265.42,,3474.31,99.10,2025-06,FR_JUNE_2025.pdf
710,N24001659,,,SIX LANING FROM START OF VALANCHERY BYPASS TO KAPPIRIKKAD-SECTION OF NH-66(OLD NH-17) FROM DESIGN CH,,NHAI,2021-02,2024-07,2025-03,3375.31,3824.07,2351.62,98.40,2025-06,FR_JUNE_2025.pdf
711,N24001660,,,SIX LANING OF THALIPARAMBHA- MUZHAPILANGAD SECTION FROM KM 137.900 TO KM. 170.600 OF NH-17 (NEW NH,,NHAI,2020-08,2024-02,2025-08,2714.60,3557.65,1904.06,72.77,2025-06,FR_JUNE_2025.pdf
712,N24001661,,,6L OF AZHIYUR-VENGALAM FROM KM. 189.200 TO KM. 230.400 OF NH-66,,NHAI,2020-10,2024-04,2025-05,3219.47,3898.46,2295.34,58.14,2025-06,FR_JUNE_2025.pdf
713,N24001662,,,SIX LANING OF KT/KL BORDER (THALAPPDY) TO CHENGALA SECTION OF NH17 (NEW NH-66) FROM CH. 17.200 TO CH,,NHAI,2020-05,2024-05,2021-11,1981.07,2651.79,1543.14,97.38,2025-06,FR_JUNE_2025.pdf
714,N24001663,,,SIX LANING OF NEELESHWARAM TO THALIPARAMBHA SECTION FROM CH. 94+540 (EXISTING KM 96+450) TO CH. 134+,,NHAI,2020-06,2024-04,2021-10,3041.65,3867.66,2406.52,82.75,2025-06,FR_JUNE_2025.pdf
715,N24001664,,,SIX LANING OF CHENGALA TO NEELESHWARAM SECTION OF NH-17 (NEW NH-66) FROM CH. 56+200 (EXISTING KM 57+,,NHAI,2020-06,2024-04,2021-10,1746.45,2538.06,1262.19,79.25,2025-06,FR_JUNE_2025.pdf
716,N24002074,,,WIDENING/DEVELOPMENT OF EXISTING NH-85 FROM KM 0.000 TO KM 124.636 SECTION TO 2L/@L+PS SECTION IN TH,,NHAI,2022-08,2025-06,,1231.74,,486.00,49.70,2025-06,FR_JUNE_2025.pdf
717,N24000784,,,6-LANING OF KOZHIKODE BYPASS (CALICUT BYPASS) (I.E. VENGALAM JN. TO RAMANATTUKARA JN.) SECTION OF NH,,NHAI,2018-02,2023-02,2024-12,1424.77,2065.95,902.09,95.50,2025-06,FR_JUNE_2025.pdf
718,N24001369,,,WIDENING TO 2 LANES WITH PAVED SHOULDERS FROM KM.87/000 TO 133/720 (NATTUKAL TO THANAU JN. IN PALAKK,,MoRTH,2017-02,2017-08,2022-03,294.28,296.53,286.80,98.00,2025-06,FR_JUNE_2025.pdf
719,N24001370,,,WIDENING TO 2-LANE WITH PAVED SHOULDERS FROM KM 119/017 TO KM 161/300 ON NH 85 (OLD NH 49),,MoRTH,2017-02,2017-09,2023-01,380.76,372.87,347.04,100.00,2025-06,FR_JUNE_2025.pdf
720,N28000158,,,KOCHI METRO RAIL PROJECT PHASE II FROM JLN STADIUM TO INFOPARK VIA KAKKANAD,,KMRCL,2018-07,2026-11,,1957.05,,250.63,7.40,2025-06,FR_JUNE_2025.pdf
721,N04000078,,,CONSTRUCTION OF TERMINAL BUILDING AND ASSOCIATED WORKS AT LEH AIRPORT,LADAKH,AAI,2018-07,2021-09,2025-10,480.33,640.00,416.49,65.92,2025-06,FR_JUNE_2025.pdf
722,N24001999,,,CONSTRUCTION OF REALIGNMENT BETWEEN PANDRASS- PASHKYUN (TOTAL LENGTH 27.10 KM) ON ROAD ZOZILA-KARGIL,,BRO,2021-11,2025-06,,426.14,,16.27,37.00,2025-06,FR_JUNE_2025.pdf
723,N24001343,,,KARGIL-ZANSKR PACKAGE-1,,NHIDCL,2021-03,2023-01,2024-12,384.23,,162.54,60.40,2025-06,FR_JUNE_2025.pdf
724,N24001344,,,KARGIL-ZANSKR PACKAGE-2,,NHIDCL,2021-03,2023-01,2025-02,404.89,,244.21,67.27,2025-06,FR_JUNE_2025.pdf
725,N24001345,,,KARGIL-ZANSKR PACKAGE-3,,NHIDCL,2020-08,2023-01,2025-08,381.01,,230.28,76.11,2025-06,FR_JUNE_2025.pdf
726,N24001348,,,KARGIL-ZANSKR PACKAGE-8,,NHIDCL,2021-03,2023-01,2025-08,398.37,,279.84,84.05,2025-06,FR_JUNE_2025.pdf
727,N04000087,,,UPGRADATION OF JABALPUR AIRPORT,,AAI,2016-06,2021-06,2024-07,412.24,,403.17,100.00,2025-06,FR_JUNE_2025.pdf
728,N04000098,,,DEVELOPMENT OF GWALIOR AIRPORT PHASE 01,,AAI,2021-10,2023-08,2024-08,446.12,455.00,451.55,100.00,2025-06,FR_JUNE_2025.pdf
729,N06000125,,,KANCHAN OC EXPANSION,,SECL,2014-12,2021-03,2026-03,371.04,,137.63,47.00,2025-06,FR_JUNE_2025.pdf
730,N06000148,,,AMADAND OPENCAST EXPANSION PROJECT,,SECL,2016-03,2021-03,2027-03,869.44,,272.09,75.00,2025-06,FR_JUNE_2025.pdf
731,N06000183,,,GANDHIGRAM UG MINE,,WCL,2019-08,2026-03,,414.16,,11.75,28.00,2025-06,FR_JUNE_2025.pdf
732,N06000184,,,BLOCK-B EXPANSION OPENCAST PROJECT,,NCL,2019-07,2023-03,,998.71,,453.75,46.24,2025-06,FR_JUNE_2025.pdf
733,N06000196,,,NIGAHI EXPANSION OCP (15 TO 25 MTPA),,NCL,2020-11,2025-03,,1729.68,,772.95,44.93,2025-06,FR_JUNE_2025.pdf
734,N06000233,,,RAMPUR BATURA OC (4.0 MTY),,SECL,2019-07,2026-03,,1248.93,,490.58,44.00,2025-06,FR_JUNE_2025.pdf
735,N06000250,,,TAWA III UG MINE,,WCL,2021-12,2027-03,,314.09,,0.56,9.00,2025-06,FR_JUNE_2025.pdf
736,N06000257,,,AMALGAMATED DHANKASA JAMUNIA UG (1.84 MTY),,WCL,2022-09,2027-03,,399.20,,64.13,42.00,2025-06,FR_JUNE_2025.pdf
737,N06000260,,,VISHNUPURI UG TO OC,,WCL,2022-11,2029-03,,220.62,,0.00,7.00,2025-06,FR_JUNE_2025.pdf
738,N06000265,,,URDHAN OC,,WCL,2023-01,2031-03,,206.88,,22.12,9.00,2025-06,FR_JUNE_2025.pdf
739,N06000266,,,SHARDA UG,,WCL,2023-09,2028-03,,166.25,,1.69,11.00,2025-06,FR_JUNE_2025.pdf
740,N16000518,,,ETHYLENE CRACKER PROJECT AT BINA REFINERY INCLUDING DOWNSTREAM PETROCHEMICAL PLANTS AND EXPANSION OF,,BPCL,2023-05,2028-05,,43367.00,,1687.00,13.00,2025-06,FR_JUNE_2025.pdf
741,N18000348,,,SHAJAPUR 325MW SOLAR PV PROJECT,,NTPC,2022-06,2024-03,2025-06,1530.49,,1219.41,100.00,2025-06,FR_JUNE_2025.pdf
742,N18000392,,,TS FOR EVACUATION POWER RAJASTHAN REZ PH-IV (PART-2:5.5GW) (JAISALMER/BARMER COMPLEX): PART- C,,PGCIL,2024-08,2026-08,,2708.00,,622.84,25.70,2025-06,FR_JUNE_2025.pdf
743,N18000399,,,TRANSMISSION SYSTEM FOR EVACUATION OF POWER FROM RAJASTHAN REZ PH-IV [PART-2 5.5GW] [JAISALMER/BARME,,PGCIL,2024-10,2026-10,,3674.00,,345.36,12.70,2025-06,FR_JUNE_2025.pdf
744,220100314,,,"RAMGANJMUNDI-BHOPAL (NL),WCR",,WCR,2001-04,2025-12,2025-12,3032.00,3032.46,3513.09,69.00,2025-06,FR_JUNE_2025.pdf
745,N22000120,,,RATLAM-MHOW-KHANDWA-AKOLA (GC),,WR,2008-04,2027-02,2027-02,5677.88,5677.80,4314.25,80.00,2025-06,FR_JUNE_2025.pdf
746,N22000351,,,KATNI - SINGRAULI DOUBLING PROJECT,,WCR,2015-12,2026-12,2027-12,2445.29,2445.30,3122.03,92.00,2025-06,FR_JUNE_2025.pdf
747,N22000416,,,KATNI GRADE SEPARATOR/BYE PASS,,WCR,2016-08,2024-09,2025-06,1247.64,1247.64,1453.81,89.00,2025-06,FR_JUNE_2025.pdf
748,N22000485,,,ANUPPUR-KATNI,,SECR,2015-04,2021-12,2023-12,1860.94,1680.00,1955.51,100.00,2025-06,FR_JUNE_2025.pdf
749,N22000503,,,NIMACH BADI SADRI NEW LINE PROJECT,,WR,2017-04,2022-03,2026-12,495.18,,306.32,46.00,2025-06,FR_JUNE_2025.pdf
750,N22000536,,,NIMACH-RATLAM (133 KM),,WR,2021-10,2027-10,2025-12,1095.88,1095.88,1197.14,72.00,2025-06,FR_JUNE_2025.pdf
751,N22000554,,,SATNA - REWA (50 KM),,WCR,2015-11,2026-03,,500.00,40.00,1.41,80.00,2025-06,FR_JUNE_2025.pdf
752,N22000601,,,INDORE BUDNI (INDORE JABALPUR),,RVNL,2018-09,2030-09,,7474.01,,1004.86,,2025-06,FR_JUNE_2025.pdf
753,N24001614,,,4LBERKHEDI TO GODPEHRA NH-44,,NHAI,2022-02,2024-11,,524.84,,2455.45,60.00,2025-06,FR_JUNE_2025.pdf
754,N24001615,,,4L OF SAGAR - MOHARI FROM KM.8 TO KM.50 (PKG-I),,NHAI,2021-03,2024-04,2025-06,790.78,,2141.21,77.02,2025-06,FR_JUNE_2025.pdf
755,N24001618,,,KATNI BYPASS FROM KM. 359.50 TO KM. 378.50,,NHAI,2019-09,2022-09,,194.40,235.00,208.32,98.84,2025-06,FR_JUNE_2025.pdf
756,N24001759,,,4L OF CHANDESARA TO KHEDAKHAJURIYA FROM KM. 0.000 TO (-) 750 AND KM 0.000 TO KM 41.400 OF NH-752D,,NHAI,2020-01,2024-06,2025-12,909.84,,503.76,99.00,2025-06,FR_JUNE_2025.pdf
757,N24001762,,,INDORE - HARDA (PKG-III) [NANASA TO PIDGAON SECTION FROM KM 95.000 TO KM 142.445],,NHAI,2021-10,2024-01,2025-12,1146.22,,663.10,91.40,2025-06,FR_JUNE_2025.pdf
758,N24001766,,,INDORE - HARDA (PKG-I) [INDORE TO RAGHAV GARH FROM KM. 0.25 TO KM. 26.903],,NHAI,2022-01,2024-10,,1011.29,,318.76,70.68,2025-06,FR_JUNE_2025.pdf
759,N24001767,,,4L OF INDORE - BOREGAON (PKG-III) [BALWARA TO DHANGAON] FROM KM. 42.260 TO KM. 82.660 OF NH347BG AND,,NHAI,2021-01,2024-04,,1001.69,,520.29,83.00,2025-06,FR_JUNE_2025.pdf
760,N24001770,,,4L OF OBEDULLGANJ - BUDNI SECTION FROM KM. 8.400 TO KM. 20.700 IN RATANPANI WILDLIFE AREA OF NH - 69,,NHAI,2022-02,2024-03,2025-03,417.51,,312.94,100.00,2025-06,FR_JUNE_2025.pdf
761,N24001921,,,2- LANE WITH PAVED SHOULDERS OF HINOTIYA TO MEHULWA FROM DESIGN KM 27+000 9OF EXISTING SH-19 KM 26+5,,NHAI,2021-08,2025-09,,581.65,592.03,135.75,45.78,2025-06,FR_JUNE_2025.pdf
762,N24001962,,,"CONSTRUCTION OF MIHONA BYPASS, LAHAR BYPASS, DABOH BYPASS and BHANDER BYPASS (TOTAL LENGTH 20.60 KM)",,MoRTH,2022-03,2024-12,,179.19,,47.91,96.00,2025-06,FR_JUNE_2025.pdf
763,N24001963,,,UPGRADATION OF NASRULLAGANI- REHTI-BUDHNI SCCTION TO 2-LANE WITH PAVED SHOULDER FROM KM 0+150 TO KM,,MoRTH,2021-12,2024-10,,305.12,,71.47,34.46,2025-06,FR_JUNE_2025.pdf
764,N24001964,,,UPGRADATION and WIDENING OF JHARKHEDA- BERASIA - DHOLKHEDI FROM DESIGN KM 0+000 TO KM 87+900 (DESIGN,,MoRTH,2022-03,2025-05,,365.21,,112.27,64.00,2025-06,FR_JUNE_2025.pdf
765,N24001965,,,"REHABILITATION AND UPGRADATION OF KURWAI?MUNGAOLI?CHANDERI ROAD SECTION OF NH-346, FROM DESIGN CHAIN",,MoRTH,2022-03,2025-02,,386.49,,77.42,48.77,2025-06,FR_JUNE_2025.pdf
766,N24001967,,,4L GREENFIELD RUDHI TO DESHGAON (PKG V OF BETUL- KHANDWA/DESHGAON) - N/04015/06003/MP,,NHAI,2018-11,2025-10,,521.21,,110.63,49.57,2025-06,FR_JUNE_2025.pdf
767,N24002018,,,REHABILITATION AND UPGRADATION TO 2-LANE WITH PAVED SHOULDER CONFIGURATION OF JIRAPUR- SUSNER-MP-RJ B,,MoRTH,2022-01,2025-03,,239.72,232.22,73.40,100.00,2025-06,FR_JUNE_2025.pdf
768,N24002019,,,UPGRADATION OF DINDORI- SAGARTOLA-KABICHABUTRA (MP-CG BORDER) SECTION OF NH -45 FROM KM 0+00(DESIGN),,MoRTH,2022-01,2025-09,,329.14,319.09,52.70,50.12,2025-06,FR_JUNE_2025.pdf
769,N24002020,,,"CONSTRUCTION OF KAITHI-PADARIA KALA BYPASS, PATNA-TAMOLI BYPASS, JASO BYPASS , NAGOD BYPASS (TOTAL L",,MoRTH,2022-03,2025-10,,158.36,158.00,22.68,30.00,2025-06,FR_JUNE_2025.pdf
770,N24002067,,,BALANCE WORK OF 4L OF NAURADEHI SANCTUARY DE-SCOPED STRETCH OF HIRAN RIVER TO SINDOOR RIVER FROM KM.,,NHAI,2021-01,2023-07,,178.18,,161.64,94.65,2025-06,FR_JUNE_2025.pdf
771,N24002068,,,CONSTRUCTION OF 4-LANE FROM BARELA TO MANEGAON SECTION OF NH-30 FROM DESIGN CH. 2.900 TO DESIGN CH.,,NHAI,2022-12,2025-03,,652.33,,334.34,73.16,2025-06,FR_JUNE_2025.pdf
772,N24002069,,,CONSTRUCTION OF ADDITIONAL 3 LANE WITH PAVED SHOULDER (DESIGN LENGTH 8.87 KM) AS REALIGNMENT OF BAKA,,NHAI,2022-07,2024-12,,209.29,,140.22,100.00,2025-06,FR_JUNE_2025.pdf
773,N24002070,,,INDORE - EDLABAD (PKG-II) [TEJAJINAGAR TO BALWARA],,NHAI,2022-01,2025-01,,1162.80,,537.71,80.50,2025-06,FR_JUNE_2025.pdf
774,N24002077,,,CONSTRUCTION OF (I) 4-LANE HIGHWAY FROM VIDISHA TO HINOTIYA FROM KM. 0.000 TO KM. 27.000 (LENGTH=27,,NHAI,2022-09,2025-12,,1000.63,,210.15,53.86,2025-06,FR_JUNE_2025.pdf
775,N24002166,,,FOUR LANING OF RAGHOGARH (DESIGN CH.29.300/EXISTING CH. 29.555) TO NANASA (DESIGN CH.92.971/EXISTING,,NHAI,2024-03,2026-03,2026-03,799.20,,306.28,35.10,2025-06,FR_JUNE_2025.pdf
776,N24002200,,,BALANCE WORKS OF 4 LANE DIVIDED CARRIAGEWAY OF MISSING LINK SECTION OF NH-39 (REWA BYPASS) FROM JUNC,,NHAI,2024-04,2026-04,,355.36,,66.14,34.40,2025-06,FR_JUNE_2025.pdf
777,N24000513,,,UMARIYA TO SHAHDOL SECTION OF NH-78 IN MADYA PRADESH KM 68/4 TO 142/200,,MoRTH,2015-03,2017-08,2023-12,511.83,,478.84,93.06,2025-06,FR_JUNE_2025.pdf
778,N28000124,,,BHOPAL METRO RAIL,,MPMRCL,2018-11,2023-02,2028-06,6941.40,,3043.74,42.16,2025-06,FR_JUNE_2025.pdf
779,N28000125,,,INDORE METRO RAIL,,MPMRCL,2018-11,2023-02,2028-12,7500.80,,3798.28,53.54,2025-06,FR_JUNE_2025.pdf
780,N04000079,,,"CONSTRUCTION OF NEW INTEGRATED TERMINAL BUILDING, RECONSTRUCTION OF OLD TERMINAL BUILDING, MODIFICAT",,AAI,2017-03,2021-04,2023-12,475.39,,533.14,100.00,2025-06,FR_JUNE_2025.pdf
781,N04000096,,,"EXTENSION OF RUNWAY WITH BLAST PAD, RESA, TAXIWAY, APRON, GSE AREA, ISOLATION BAY, NEW DOMESTIC TERM",,AAI,2017-06,2020-12,2024-04,255.68,270.00,267.86,100.00,2025-06,FR_JUNE_2025.pdf
782,N06000132,,,AMALGAMATED YEKONA-I YEKONA-II,,WCL,2015-08,2025-03,,727.28,,530.02,86.00,2025-06,FR_JUNE_2025.pdf
783,N06000179,,,UKNI DEEP OC,,WCL,2019-01,2021-03,2025-03,237.06,,163.86,91.00,2025-06,FR_JUNE_2025.pdf
784,N06000205,,,GHONSA EXPANSION DEEP OC,,WCL,2021-03,2028-03,,184.71,,9.25,6.00,2025-06,FR_JUNE_2025.pdf
785,N06000206,,,SASTI EXPANSION OC,,WCL,2020-08,2026-03,,319.04,,68.64,24.00,2025-06,FR_JUNE_2025.pdf
786,N06000209,,,DHUPTALA OC(SASTI UG TO OC),,WCL,2021-10,2028-03,,711.00,,159.15,33.00,2025-06,FR_JUNE_2025.pdf
787,N06000219,,,ADASA UG TO OC (1.50 MTY),,WCL,2018-11,2024-03,2025-03,316.00,,208.20,78.00,2025-06,FR_JUNE_2025.pdf
788,N06000222,,,DINESH (MAKARDHOKDA-III) OC (8.0 MTY),,WCL,2020-02,2027-03,,822.88,,578.89,48.00,2025-06,FR_JUNE_2025.pdf
789,N06000226,,,AMALGAMATED INDER-KAMPTEE DEEP OC (3.20 MTY),,WCL,2018-09,2024-03,2025-03,235.90,,116.46,87.00,2025-06,FR_JUNE_2025.pdf
790,N06000251,,,SAONER UG MINE I EXPANSION,,WCL,2022-01,2028-03,,228.64,,118.34,27.00,2025-06,FR_JUNE_2025.pdf
791,N06000252,,,SINGHORI DEEP OC,,WCL,2022-05,2029-03,,335.75,,22.01,16.00,2025-06,FR_JUNE_2025.pdf
792,N06000253,,,MAKARDHOKDA I EXPANSION OC,,WCL,2022-06,2026-03,,361.87,,33.90,12.00,2025-06,FR_JUNE_2025.pdf
793,N06000254,,,BHATADI EXPANSION OC,,WCL,2022-05,2028-03,,580.60,,61.33,17.00,2025-06,FR_JUNE_2025.pdf
794,N06000255,,,NEW MAJARI UG TO OC (3.0 MTY),,WCL,2022-09,2027-03,,402.27,,47.99,27.00,2025-06,FR_JUNE_2025.pdf
795,N06000256,,,BHANEGAON OC (1.15MTY),,WCL,2022-09,2028-03,,405.20,,10.21,7.00,2025-06,FR_JUNE_2025.pdf
796,N06000264,,,GOKUL EXPANSION OC,,WCL,2021-04,2026-03,,309.58,,3.65,7.00,2025-06,FR_JUNE_2025.pdf
797,N06000267,,,KOLGAON EXPANSION (DEEP) OC,,WCL,2023-09,2027-03,,198.71,,0.55,5.00,2025-06,FR_JUNE_2025.pdf
798,N06000271,,,AMALGAMATED GAURI PAUNI EXPANSION OC,,WCL,2024-03,2030-03,,1225.21,,52.83,17.00,2025-06,FR_JUNE_2025.pdf
799,N06000278,,,GAURI CENTRAL OCM,,WCL,2024-06,2030-03,,973.07,,0.00,,2025-06,FR_JUNE_2025.pdf
800,N06000282,,,BALLARPUR NORTHWEST OC MINE,,WCL,2022-12,2029-03,,360.18,,0.00,,2025-06,FR_JUNE_2025.pdf
801,N06000283,,,NORTHERN EXTENSION OF MUNGOLI NIRGUDA DEEP OC,,WCL,2024-06,2029-03,,1024.91,,0.00,,2025-06,FR_JUNE_2025.pdf
802,N06000284,,,AMALGAMATED GONDEGAON - GHATROHAN EXPANSION OCM,,WCL,2024-09,2029-03,,668.54,,0.00,,2025-06,FR_JUNE_2025.pdf
803,N06000293,,,WAGHODA UG,,WCL,2025-01,2030-03,,379.30,,0.00,,2025-06,FR_JUNE_2025.pdf
804,N06000294,,,KOLARPIMPRI EXPANSION OCM (2.50 MTY),,WCL,2025-02,2030-03,,630.37,,0.00,,2025-06,FR_JUNE_2025.pdf
805,N28000117,,,"CONSTRUCTION OF IITB RESEARCH PARK AT IIT BOMBAY, POWAI, MUMBAI",,CPWD EDUCATION,2018-01,2020-07,2023-11,223.37,275.00,141.16,100.00,2025-06,FR_JUNE_2025.pdf
806,N21000033,,,500 BEDDED HOSPITAL INCLUDING 50 SUPERSPECIALITY BEDS FOR ESIC AT PUNE,,CPWD,2022-07,2025-09,,429.25,,99.08,,2025-06,FR_JUNE_2025.pdf
807,N16000213,,,LIFE EXTENSION OF WALL PLATFORMS OF MUMBAI HIGH AND HEERA FIELDS,,ONGC,2015-12,2018-04,2023-12,3190.69,3375.90,3051.26,89.50,2025-06,FR_JUNE_2025.pdf
808,N16000430,,,SETTING UP 500KTPA PROPANE DEHYDROGENATION INTEGRATED WITH POLYPROPYLENE UNIT ALONG WITH OFFSITE AND,,GAIL,2019-05,2025-04,2025-10,8797.00,11256.00,6694.98,84.50,2025-06,FR_JUNE_2025.pdf
809,N16000442,,,DEBOTTLENECKING AND AUGMENTATION OF CRYOGENIC FACILITIES AT URAN LPG IMPORT TERMINAL,,BPCL,2021-04,2024-06,,1164.69,,893.78,84.10,2025-06,FR_JUNE_2025.pdf
810,N16000446,,,EXPANSION OF CRYOGENICS GROUP BY SETTING UP NEW MANUFACTURING FACILITY,,IOCL,2021-09,2023-10,2025-06,378.00,,142.31,90.60,2025-06,FR_JUNE_2025.pdf
811,N16000452,,,CONSTRUCTION OF LUBE OIL BLENDING AND FILLING PLANT AT RASAYANI,,BPCL,2022-05,2024-03,,423.39,,268.34,76.00,2025-06,FR_JUNE_2025.pdf
812,N16000456,,,ATF PIPELINE FROM JAWAHARLAL NEHRU PORT TRUST (JNPT) TO NAVI MUMBAI INTERNATIONAL AIRPORT (NMIA),,IOCL,2022-09,2025-08,,165.00,,79.17,69.80,2025-06,FR_JUNE_2025.pdf
813,N16000470,,,DAMAN UPSIDE DEVELOPMENT PROJECT (DUDP) IN TAPTI DAMAN BLOCK,,ONGC,2022-06,2025-10,,4144.41,6406.90,3203.26,80.50,2025-06,FR_JUNE_2025.pdf
814,N16000487,,,"CGD PROJECT AT BEED, JALGAON AND JALNA DISTRICTS",,IOCL,2022-03,2030-03,,865.00,,66.06,2.80,2025-06,FR_JUNE_2025.pdf
815,N16000503,,,ANDHERI RESIDENTIAL TOWERS MUMBAI,,IOCL,2017-06,2025-05,2026-06,281.35,389.67,218.84,50.80,2025-06,FR_JUNE_2025.pdf
816,N16000504,,,CONSTRUCTION OF ADDITIONAL TANKAGES AND ALLIED FACILITIES AT JNPT TERMINAL,,IOCL,2022-04,2024-10,2026-08,341.43,436.14,244.76,49.50,2025-06,FR_JUNE_2025.pdf
817,N16000507,,,INSTALLATION OF INDEPENDENT DE- AROMATIZED SOLVENTS PRODUCTION FACILITIES AT MUMBAI REFINERY,,BPCL,2023-03,2025-07,,405.00,,189.80,81.50,2025-06,FR_JUNE_2025.pdf
818,N16000515,,,PART REPLACEMENT PIPELINE PROJECT (PRPP),,ONGC,2022-11,2024-05,2024-12,1219.48,,1145.10,87.00,2025-06,FR_JUNE_2025.pdf
819,N16000519,,,POL AND LOBS INSTALLATIONS WITH RECEIPT PIPELINES AT RASAYANI,,BPCL,2023-05,2026-05,,2585.00,,525.74,56.50,2025-06,FR_JUNE_2025.pdf
820,N16000526,,,MHN TCPP PGC BGC PROJECT (MTPBP),,ONGC,2024-02,2026-05,,2329.45,,672.00,45.90,2025-06,FR_JUNE_2025.pdf
821,N16000533,,,PRP-VIII GROUP B (NH AND BS ASSET),,ONGC,2024-06,2026-05,,2379.84,,1646.11,57.80,2025-06,FR_JUNE_2025.pdf
822,N16000534,,,HP TDAE UNIT IN MUMBAI REFINERY,,HPCL,2024-06,2026-04,,240.00,,27.90,33.60,2025-06,FR_JUNE_2025.pdf
823,N16000537,,,INTEGRATED DEVELOPMENT OF 4 CONTRACT AREAS UNDER DSF2,,ONGC,2023-05,2027-04,,6183.79,,0.00,12.60,2025-06,FR_JUNE_2025.pdf
824,N16000540,,,LUBE MODERNIZATION AND BOTTOM UPGRADATION PROJECT,,HPCL,2024-12,2028-03,,4679.00,,177.41,4.20,2025-06,FR_JUNE_2025.pdf
825,N18000335,,,BIKANER SOLAR POWER PROJECT,,SJVN,2022-04,2024-05,,5491.89,532.00,4374.00,80.35,2025-06,FR_JUNE_2025.pdf
826,N18000377,,,TS FOR EVACUATION OF 7GW RE INJECTION AT KHAVDA PS UNDER PHASE-IV PART E4,,PGCIL,2023-11,2025-07,,224.00,,15.68,7.00,2025-06,FR_JUNE_2025.pdf
827,220100181,,,AHMEDNAGAR-PARLI VAIJNATH(NL) CR,,CR,1997-02,2026-03,,2539.00,,4909.30,97.00,2025-06,FR_JUNE_2025.pdf
828,N22000092,,,MUMBAI URBAN TRANSPORT PROJECT PHASE-II,,MRTP,2008-04,2014-03,,8087.11,,7349.29,,2025-06,FR_JUNE_2025.pdf
829,N22000231,,,WARDHA-NANDED MAHARASHTRA,,CR,2008-04,2027-03,,3445.48,,3156.47,47.00,2025-06,FR_JUNE_2025.pdf
830,N22000233,,,KALYAN-KASARA 3RD LINE,,CR,2011-04,2025-12,,792.89,,882.04,50.00,2025-06,FR_JUNE_2025.pdf
831,N22000250,,,WARDHA-SEWAGRAM NGP 3RD LINE,,CR,2012-04,2025-12,,540.02,,737.54,80.00,2025-06,FR_JUNE_2025.pdf
832,N22000356,,,WARDHA-BALHARSHAH - 3RD LINE (132 KM),,CR,2015-02,2025-12,,1384.72,,1590.45,67.00,2025-06,FR_JUNE_2025.pdf
833,N22000358,,,ITARSI-NAGPUR (BAL.) - 3RD LINE (267 KM),,CR,2015-02,2027-03,,2449.91,,1761.99,50.00,2025-06,FR_JUNE_2025.pdf
834,N22000359,,,PUNE-MIRAJ-LONDA (467 KM),,CR,2015-02,2025-02,,3627.47,3627.00,4742.07,84.00,2025-06,FR_JUNE_2025.pdf
835,N22000360,,,DAUND - MANMAD (236 KM),,CR,2016-02,2025-12,,2081.27,,2768.50,88.00,2025-06,FR_JUNE_2025.pdf
836,N22000361,,,MANMAD - JALGAON - 3RD LINE (160 KM),,CR,2016-02,2024-12,,1035.16,,1692.15,97.00,2025-06,FR_JUNE_2025.pdf
837,N22000362,,,WARDHA - NAGPUR - 4TH LINE (76 KM),,CR,2016-02,2025-12,,638.00,,968.65,80.00,2025-06,FR_JUNE_2025.pdf
838,N22000420,,,RAJNANDGAON - NAGPUR - 3RD LINE (SECR),,SECR,2016-09,2024-12,,3544.92,,3081.12,95.00,2025-06,FR_JUNE_2025.pdf
839,N22000434,,,MUMBAI CENTRAL VIRAR VADODARA AHMEDABAAD TRAIN PROTECTION SYSTEM 500 RKM,,WR,2010-03,2024-10,,311.00,,0.00,,2025-06,FR_JUNE_2025.pdf
840,N22000480,,,WADSA-GADHCHIROLI NEW LINE (52.36 KM),,SECR,2018-06,2027-03,,1886.05,,807.87,25.00,2025-06,FR_JUNE_2025.pdf
841,N22000511,,,PACHORA-JAMNER WITH EXTENSION UPTO MALKAPUR NG TO BG,,CR,2022-08,2027-08,,955.00,,117.54,,2025-06,FR_JUNE_2025.pdf
842,N22000513,,,SOLAPUR-TULJAPUR-OSMANABAD (UMBRELLA WORK),,CR,2019-01,2028-03,,904.92,,1150.11,10.00,2025-06,FR_JUNE_2025.pdf
843,N22000514,,,DHULE (BORVIHIR)-NARDANA (UMBRELLA WORK),,CR,2019-01,2026-12,,492.76,,234.48,5.00,2025-06,FR_JUNE_2025.pdf
844,N22000515,,,KALYAN-MURBAD VIA ULHASNAGAR (UMBRELLA WORK),,CR,2023-02,2027-03,,836.12,,9.29,,2025-06,FR_JUNE_2025.pdf
845,N22000615,,,BARAMATI - LONAND,,CR,1999-02,2027-03,,736.44,,712.06,50.00,2025-06,FR_JUNE_2025.pdf
846,N22000627,,,MUMBAI URBAN TRANSPORT PROJECT IIIA,,MRVC,2019-04,2027-12,,33690.00,,2156.62,,2025-06,FR_JUNE_2025.pdf
847,N22000629,,,NAGPUR- NAGBHIR RAILWAY LINE GAUGE CONVERSION PROJECT,,MRIDC,2019-10,2024-06,,1400.00,,1791.72,87.00,2025-06,FR_JUNE_2025.pdf
848,N24001448,,,UPGRADATION OF ADHALGAON- JAMKHED SECTION OF NH-548 D FROM KM 132/600 TO KM 195/375 TO TWO LANE WITH,,MoRTH,2021-11,2022-02,,223.35,,209.36,87.88,2025-06,FR_JUNE_2025.pdf
849,N24001468,,,REPANPALLI TO SIRONCHA,,MoRTH,2022-03,2022-06,,282.07,,34.65,,2025-06,FR_JUNE_2025.pdf
850,N24001486,,,TUNNEL AT KHAMBATAKI GHAT SECTION AND ITS APPROACHES FROM EXISTING KM. 771.730 TO EXISTING KM. 782.0,,NHAI,2019-02,2022-02,2024-12,493.00,,409.36,77.64,2025-06,FR_JUNE_2025.pdf
851,N24001488,,,DHARAMPURI-LONAND FROM KM. 117.00 TO 166.40 (PKG-IV) ON MOHOL- ALANDI SECTION,,NHAI,2021-09,2023-09,2024-12,618.45,,672.67,96.90,2025-06,FR_JUNE_2025.pdf
852,N24001493,,,6L OF KAGAL-SATARA SECTION FROM KM 658.000 TO KM 725.000 OF NH-48 (PKG-II),,NHAI,2022-12,2024-12,,1749.86,,1858.98,69.14,2025-06,FR_JUNE_2025.pdf
853,N24001495,,,4L OF RATNAGIRI - KOLHAPUR SECTION OF NH-166 FROM KM 0.000 TO KM 19.769 AND KM 31.000 TO KM 67.140 (,,NHAI,2022-11,2024-11,,930.00,,675.62,77.15,2025-06,FR_JUNE_2025.pdf
854,N24001502,,,4L OF BARAMATI TO INDAPUR (PKG-II) FROM KM. 41.400 TO KM. 84.550 OF NH- 965G (SAINT TUKARAM MARG),,NHAI,2021-09,2023-09,2025-07,624.45,580.15,420.42,0.50,2025-06,FR_JUNE_2025.pdf
855,N24001503,,,4L OF INDAPUR TO TONDLE (PKG-III) FROM KM.84.550 TO KM. 131.00 OF NH- 965G (SAINT TUKARAM MARG),,NHAI,2021-09,2023-09,2025-01,667.66,666.21,610.63,3.00,2025-06,FR_JUNE_2025.pdf
856,N24001504,,,VADODARA MUMBAI EXPRESSWAY (PHASE II - PKG XI) [KM. 77.000 TO KM. 103.400] (GANJAD - TALSARI),,NHAI,2022-05,2024-05,2025-06,1260.00,,665.73,99.00,2025-06,FR_JUNE_2025.pdf
857,N24001505,,,VADODARA MUMBAI EXPRESSWAY (PHASE II - PKG XII) [KM. 50.700 TO KM. 77.000] (MASVAN - GANJAD),,NHAI,2022-03,2024-03,2025-06,1549.02,,699.00,87.24,2025-06,FR_JUNE_2025.pdf
858,N24001506,,,VADODARA MUMBAI EXPRESSWAY (PHASE II - PKG XIII) [KM. 26.582 TO KM. 50.700] (SHIRSAD - MASVAN),,NHAI,2022-02,2024-02,2025-06,2747.00,,1130.30,84.22,2025-06,FR_JUNE_2025.pdf
859,N24001507,,,VADODARA MUMBAI EXPRESSWAY (PHASE II - PKG XIV) [KM. 3.000 TO KM. 20.200 OF SPUR] (SHIRSAD - AKLOLI),,NHAI,2022-11,2024-05,2025-06,1124.00,,483.84,75.15,2025-06,FR_JUNE_2025.pdf
860,N24001508,,,VADODARA MUMBAI EXPRESSWAY (PHASE II - PKG XVI) [KM. 43.000 TO KM. 69.800 OF SPUR] (AMNE - BHOJ),,NHAI,2022-11,2024-10,2025-06,1450.00,,718.65,86.02,2025-06,FR_JUNE_2025.pdf
861,N24001521,,,VADODARA MUMBAI EXPRESSWAY (PHASE II - PKG XV) [KM. 20.200 TO KM. 43.000 OF SPUR] (AKLOLI - AMNE),,NHAI,2022-11,2024-10,2025-07,990.00,,406.91,77.38,2025-06,FR_JUNE_2025.pdf
862,N24001546,,,6L OF KAGAL-SATARA SECTION FROM KM 592.240 TO KM 658.000 OF NH-48 (PKG-I),,NHAI,2023-01,2025-01,,1025.20,,457.33,44.61,2025-06,FR_JUNE_2025.pdf
863,N24001607,,,BALANCE WORKS OF 4L PANVEL- INDAPUR SECTION OF NH-66 (OLD NH- 17) FROM KM 42.300 (KASU) TO KM 84.600 (,,NHAI,2022-10,2024-05,2025-12,332.00,,283.14,74.75,2025-06,FR_JUNE_2025.pdf
864,N24001608,,,VADODARA MUMBAI EXPRESSWAY (PHASE II - PKG XVII) [KM. 69.800 TO KM. 79.783 OF SPUR] (BHOJ - MORBE),,NHAI,2021-09,2025-07,,2208.68,,565.20,76.26,2025-06,FR_JUNE_2025.pdf
865,N24001609,,,BALANCE WORK OF 4 LANING OF PANVEL TO INDAPUR SECTION OF NH- 66(OLD NH- 17) FROM KM 0.000 (PANVEL) TO,,NHAI,2023-01,2023-12,2025-06,151.26,,153.77,89.80,2025-06,FR_JUNE_2025.pdf
866,N24001610,,,4L OF EXISTING 2/4L STRETCH FROM LONAND TO DIVE GHAT (KM 166.400 TO KM 220.900 ) OF MOHOL ? ALANDI S,,NHAI,2022-01,2024-05,2025-03,1833.73,,554.81,96.94,2025-06,FR_JUNE_2025.pdf
867,N24001795,,,FOUR LANING OF AURANGABAD- PAITHAN SECTION OF NH-752E ON EPC MODE IN THE STATE OF MAHARASHTRA .,,NHAI,2022-10,2024-07,2025-06,490.40,,275.78,96.00,2025-06,FR_JUNE_2025.pdf
868,N24001796,,,4L OF RAJURA-KORPANA-ADILABAD ROAD UPTO M.S. BORDER FROM KM 32.910 TO KM 89.090 OF NH-353B,,NHAI,2022-03,2024-10,2025-04,1013.33,1013.33,355.07,62.01,2025-06,FR_JUNE_2025.pdf
869,N24001797,,,6L OF WAINGANGA BRIDGE - BHANDARA (INCLUDING BHANDARA BYPASS) SECTION FROM KM 485.000 TO KM 499.800,,NHAI,2021-10,2024-01,,815.77,,732.70,100.00,2025-06,FR_JUNE_2025.pdf
870,N24001798,,,4L MITIGATION MEASURE STRUCTURES ON CH/MH BORDER TO WAINGANGA BRIDGE SECTION OF NH- 53,,NHAI,2021-02,2023-11,,540.21,,457.12,100.00,2025-06,FR_JUNE_2025.pdf
871,N24001799,,,4L OF NAGPUR-KATOL SECTION FROM KM. 13.00 TO KM. 62.900 OF NH-353J,,NHAI,2021-02,2023-10,,1166.96,,1098.21,81.17,2025-06,FR_JUNE_2025.pdf
872,N24001804,,,BAL. WORKS OF FAGNE (KM. 510.000) TO MAHARASHTRA/GUJARAT BORDER (KM. 650.794),,NHAI,2019-12,2022-09,2024-06,1654.07,,887.38,97.66,2025-06,FR_JUNE_2025.pdf
873,N24001834,,,4L OF RATNAGIRI - KOLHAPUR SECTION FROM KM 67.140 TO KM 112.340 OF NH-166 (PKG ? II),,NHAI,2023-05,2025-05,,839.00,,478.38,58.80,2025-06,FR_JUNE_2025.pdf
874,N24001835,,,4L OF RATNAGIRI - KOLHAPUR SECTION FROM KM 112.340 TO KM 145.300 OF NH-166 (PKG?III),,NHAI,2023-05,2025-05,,986.00,,580.10,56.40,2025-06,FR_JUNE_2025.pdf
875,N24001880,,,REHABILITATION AND UP-GRADATION TO 4 LANE ROAD WITH PAVED SHOULDER CONFIGURATION OF SECTION FROM UND,,MoRTH,2022-03,2025-07,,778.18,,135.78,,2025-06,FR_JUNE_2025.pdf
876,N24001882,,,CONSTRUCTION OF NEW FOUR LANE BYPASS TO PARBHANI CITY (PARWA TO ASOLA) KM 463/265 TO KM 481/180 (DES,,MoRTH,2022-03,2024-10,,496.64,,0.00,8.00,2025-06,FR_JUNE_2025.pdf
877,N24001883,,,CONSTRUCTION OF 4 LANE FLYOVER AT NAGPUR RTO CHOWK TO NAGPUR UNIVERSITY CAMPUS FROM CH 2/250 TO 5/10,,MoRTH,2021-03,2024-03,,478.83,,233.48,65.00,2025-06,FR_JUNE_2025.pdf
878,N24001884,,,REHABILITATION AND UPGRADATION OF SATANA TO MANGRUL (CHANDWAD) SECTION OF NH752 G DESIGN CH: KM 64.0,,MoRTH,2023-03,2025-05,,428.80,,54.11,30.69,2025-06,FR_JUNE_2025.pdf
879,N24001885,,,REHABILITATION AND UP-GRADATION OF JINTUR- SHIRAD SHAHAPUR SECTION KM 258.300 TO KM 306.300 [DESIGN,,MoRTH,2023-02,2024-12,,414.81,,0.00,,2025-06,FR_JUNE_2025.pdf
880,N24001886,,,DEVELOPMENT/WIDENING OF TALEGAON ? CHAKAN ? SHIKRAPUR ? NHAVARA SECTION OF NH 548DG (NHAVARA TO CHOU,,MoRTH,2022-10,2024-08,,304.68,,97.09,59.00,2025-06,FR_JUNE_2025.pdf
881,N24001890,,,REHABILITATION AND UPGRADATION OF PARLI TO SIRSALA SECTION OF NH- 361F (KM 136+700 TO 115+000) (LENGT,,MoRTH,2023-02,2024-12,,261.82,,70.59,46.00,2025-06,FR_JUNE_2025.pdf
882,N24001891,,,BALANCE WORK OF REHABILITATION AND UP-GRADATION TO NH-166F FROM MAHAD JUNCTION (AT KM 123/400 ON NH-,,MoRTH,2021-07,2023-11,,256.54,,80.10,60.00,2025-06,FR_JUNE_2025.pdf
883,N24001892,,,REHABILITATION AND UPGRADATION OF SHIRAPUR JUNCTION TO SHIVAJI CHOWK (DESIGN CHAINAGE KM. 130+00 TO,,MoRTH,2023-02,2024-12,,245.61,,43.39,33.00,2025-06,FR_JUNE_2025.pdf
884,N24001896,,,UPGRADATIOBN AND REHABILITATION OF SECTION OF NH 361 F FROM PARLI (00/000) TO GANGAKHED (30/400) TO,,MoRTH,2021-11,2023-09,,224.44,,75.34,45.63,2025-06,FR_JUNE_2025.pdf
885,N24001902,,,REHABILITATION AND UP-GRADATION OF SABALKHED TO ASHTI SECTION FROM KM 37+900 TO KM 55+100 AND CHINCH,,MoRTH,2022-12,2024-09,,213.32,,20.00,34.00,2025-06,FR_JUNE_2025.pdf
886,N24001903,,,REHABILITATION AND UP-GRADATION OF MUDKHED TO NANDED SECTION FROM KM. 372+000 TO KM 388+400 OF NH 16,,MoRTH,2022-08,2025-04,,206.54,,21.36,10.00,2025-06,FR_JUNE_2025.pdf
887,N24001904,,,KOPARGAON TO SAVALI VIHIR SECTION,,MoRTH,2022-09,2024-07,,195.38,,29.59,19.76,2025-06,FR_JUNE_2025.pdf
888,N24001906,,,UP-GRADATION TO 4 LANING OF DAULTABAD T-POINT TO MALIWADA [FROM DESIGN KM.0.000 TO KM 4.000] AND UPG,,MoRTH,2022-08,2024-03,,185.59,,63.56,48.00,2025-06,FR_JUNE_2025.pdf
889,N24001907,,,"CONSTRUCTION OF SIX LANE FLYOVER AT KATRAJ JUNCTION AT KM, 3/880 OF NH 548-DD (VADGAON - KATRAJ - KO",,MoRTH,2021-06,2024-02,,169.15,,36.94,35.96,2025-06,FR_JUNE_2025.pdf
890,N24001908,,,UPGRADATION OF EXHISTING 2 LANE FLEXIBLE PAVEMENT TO 2 LANE PAVED SHOULDERS RIGID PAVEMENT FROM DESI,,MoRTH,2021-12,2024-05,,167.97,,35.28,36.76,2025-06,FR_JUNE_2025.pdf
891,N24001910,,,REHABILITATION AND UPGRADATION OF JAMKHED TO SAUTADA SECTION OF NH548 D (FROM KM 195.375 TO KM 208.7,,MoRTH,2022-09,2024-07,,157.62,,13.86,17.03,2025-06,FR_JUNE_2025.pdf
892,N24001911,,,PANGAON TO DHARMAPURI AND PARALI TO INJEGAON 2L+PS,,MoRTH,2018-03,2024-07,,152.03,,81.35,97.57,2025-06,FR_JUNE_2025.pdf
893,N24002071,,,4L OF INDORA CHOWK TO PACHPAOLI AND AGRASEN CHOWK - ASHOKA CHOWK,,NHAI,2023-03,2026-06,,998.27,,348.48,48.34,2025-06,FR_JUNE_2025.pdf
894,N24002072,,,IMPROVEMENT OF EXISTING ALIGNMENT OF PANDHARPUR TOWN PART BYPASSED SECTION FROM WAKHARI TO LORD VITT,,NHAI,2022-07,2025-10,,150.21,150.21,33.70,6.00,2025-06,FR_JUNE_2025.pdf
895,N24002169,,,REHABILITATION/UPGRADATION OF EXISTING HIGHWAY TO 2L+PS/4 LANE OF DHAWALI TO RAJOLI FROM DESIGN KM.1,,MoRTH,2022-03,2025-09,,316.44,,0.00,,2025-06,FR_JUNE_2025.pdf
896,N24002170,,,REHABILITATION/ UPGRADATION OF EXISTING HIGHWAY TO FOUR LANE STANDARDS IN KURKHEDA TOWN FROM (KM.413,,MoRTH,2022-03,2025-05,,163.86,,0.00,,2025-06,FR_JUNE_2025.pdf
897,N24002171,,,REHABILITATION AND UP-GRADATION FOR TALERE A?? GAGANBAWDAA?? KOLHAPUR ROAD (NH-166G) STRETCHES START,,MoRTH,2023-02,2025-04,,249.13,,0.00,,2025-06,FR_JUNE_2025.pdf
898,N24002172,,,"UP-GRADATION TO 4 LANE CONFIGURATION FOR THE WORK OF PETH NAKA TO SANGLI ROAD, NH- 166H, FROM KM 0+00",,MoRTH,2023-02,2025-12,,856.82,,0.00,,2025-06,FR_JUNE_2025.pdf
899,N24002173,,,REHABILITATION AND UP-GRADATION TO 2 LANE WITH PAVED SHOULDER CONFIGURATION OF MAHUD SANGOLA ROAD NH,,MoRTH,2023-02,2025-04,,253.78,,0.00,,2025-06,FR_JUNE_2025.pdf
900,N24002174,,,UP-GRADATION TO FOUR LANE/ TWO LANE WITH PAVED SHOULDERS CONFIGURATION OF KALYAN - MURBAD - MALSHEJ,,MoRTH,2023-02,2026-08,,984.07,,0.00,,2025-06,FR_JUNE_2025.pdf
901,N24002175,,,CONSTRUCTION OF FOUR-LANE CONCRETE ROAD FROM POLICE HEADQUARTER GONDIA CITY TO RAWANWADI VILLAGE (BI,,MoRTH,2023-02,2025-08,,328.11,,0.00,,2025-06,FR_JUNE_2025.pdf
902,N24002176,,,REHABILITATION/UP GRADATION OF KARANJA ? KHERDA - MURTIZAPUR SECTION TO 4LANE+PAVED SHOULDER STANDA,,MoRTH,2023-03,2026-02,,594.44,,0.00,,2025-06,FR_JUNE_2025.pdf
903,N24002177,,,REHABILITATION / UPGRADATION TO 4 LANE WITH PAVED SHOULDER OF EXISTING SECTION IN SILLOD TOWN WITH D,,MoRTH,2023-03,2025-07,,153.79,,0.00,,2025-06,FR_JUNE_2025.pdf
904,N24002178,,,"REHABILITATION, UPGRADATION AND WIDENING OF EXISTING HIGHWAY TO RIGID PAVEMENT 2 LANE WITH PAVED SHO",,MoRTH,2023-02,2026-07,,723.13,,0.00,,2025-06,FR_JUNE_2025.pdf
905,N24000442,,,"CONSTRUCTION OF FLYOVER AT KM.544.650 INCLUDING ROB ,SERVICE ROADS ,FOOTPATH FOR RCC DRAINS ON URBAN",,NHAI,2015-12,2019-03,2023-11,649.50,,623.82,94.10,2025-06,FR_JUNE_2025.pdf
906,N24000560,,,NAGPUR RING ROAD PACKAGE-2,,NHAI,2016-03,2019-07,2024-03,591.66,,632.92,100.00,2025-06,FR_JUNE_2025.pdf
907,N24000584,,,4-LANNING OF NH17 AND NEW NO. NH66 FROM KM 161/600 TO 205/400 UNDER HYBRID ANNUITY MODE,,MoRTH,2016-03,,2023-12,1142.62,1907.03,1056.08,95.17,2025-06,FR_JUNE_2025.pdf
908,N24000585,,,4-LANNING OF NH17 AND NEW NO. NH66 FROM KM 241/300 TO 281/300 UNDER HYBRID ANNUITY MODE,,MoRTH,2016-03,,,1101.58,,608.53,,2025-06,FR_JUNE_2025.pdf
909,N24000656,,,4-LANNING OF BODHRE-DHULE SECTION(KM 390.000 TO 452.800),,NHAI,2017-03,2020-03,2022-07,744.64,,467.65,97.69,2025-06,FR_JUNE_2025.pdf
910,N24000851,,,CONSTRUCTION OF 8 LANING OF EXISTING 4 LANE VADAPE TO THANE FROM KM 539.202 TO KM 563.000 SECTION OF,,NHAI,2018-03,2021-07,,1162.92,1182.87,412.38,64.00,2025-06,FR_JUNE_2025.pdf
911,N24001002,,,SARSAM TO KOTHARI,,MoRTH,2016-02,2019-07,,545.64,,232.64,93.68,2025-06,FR_JUNE_2025.pdf
912,N24001013,,,DIGRAS DARWAH KARANJA,,MoRTH,2017-01,2019-06,,391.06,391.00,287.60,92.76,2025-06,FR_JUNE_2025.pdf
913,N24001017,,,DAHEGAON TO KUHI,,MoRTH,2017-01,2019-06,,228.89,229.00,154.82,99.00,2025-06,FR_JUNE_2025.pdf
914,N24001022,,,WADI TO ASOLA,,MoRTH,2017-01,2019-09,,363.82,364.00,154.65,93.15,2025-06,FR_JUNE_2025.pdf
915,N24001050,,,VITA TO NAGAJ,,MoRTH,2018-03,2019-12,,304.58,305.00,154.68,68.39,2025-06,FR_JUNE_2025.pdf
916,N24001057,,,KARAD PATAN CHIPLUN GUHAGAR,,MoRTH,2017-02,2019-06,,407.19,407.00,323.02,,2025-06,FR_JUNE_2025.pdf
917,N24001058,,,KARWANDI TO RAJURI,,MoRTH,2018-03,2019-12,,276.95,277.00,160.94,92.06,2025-06,FR_JUNE_2025.pdf
918,N24001060,,,PALPHATA TO PHULAMBARI,,MoRTH,2018-03,2019-12,,227.19,227.00,141.92,95.00,2025-06,FR_JUNE_2025.pdf
919,N24001069,,,NANDED TO JALKOT,,MoRTH,2017-12,2019-09,,456.93,457.00,278.22,95.00,2025-06,FR_JUNE_2025.pdf
920,N24001082,,,PUNE RAIGARH DISTRICT BORDER TO MANGAON,,MoRTH,2018-03,2019-12,,223.46,,123.46,100.00,2025-06,FR_JUNE_2025.pdf
921,N24001092,,,SATARA TO MHASWAD,,MoRTH,2017-01,2019-07,,653.46,,369.62,,2025-06,FR_JUNE_2025.pdf
922,N24001099,,,MHASWAD TO TEMBHURNI,,MoRTH,2017-01,2019-07,,488.60,,279.42,76.50,2025-06,FR_JUNE_2025.pdf
923,N24001106,,,PEN TO KHOPOLI,,MoRTH,2018-03,2018-03,,301.39,302.00,170.12,82.07,2025-06,FR_JUNE_2025.pdf
924,N24001107,,,PANCHARAL TO MANDANGHAR,,MoRTH,2018-07,2020-05,,381.08,302.00,45.66,,2025-06,FR_JUNE_2025.pdf
925,N24001112,,,NASRATPUR TO BARASGAON,,MoRTH,2016-07,2019-09,,406.54,407.00,274.30,,2025-06,FR_JUNE_2025.pdf
926,N24001114,,,INDAPUR TO VADPALE,,MoRTH,2017-01,2019-12,,1202.52,1656.94,1450.82,61.42,2025-06,FR_JUNE_2025.pdf
927,N24001122,,,PAITHAN TO SHIRUR,,MoRTH,2017-03,2019-06,,341.80,,226.19,79.00,2025-06,FR_JUNE_2025.pdf
928,N24001123,,,SHIRUR TO KHARDA,,MoRTH,2017-02,2019-06,,381.77,,199.48,83.93,2025-06,FR_JUNE_2025.pdf
929,N24001124,,,AURANGABAD TO SILLOD,,MoRTH,2017-02,2019-06,,456.32,541.93,355.54,94.07,2025-06,FR_JUNE_2025.pdf
930,N24001125,,,SILLOD TO FARDAPUR,,MoRTH,2017-02,2019-06,,337.46,432.98,335.30,91.56,2025-06,FR_JUNE_2025.pdf
931,N24001132,,,BHOGAN KHURD TO KASHEDI,,MoRTH,2017-09,2021-06,,743.21,743.00,911.64,88.69,2025-06,FR_JUNE_2025.pdf
932,N24001134,,,KANTE TO WAKED,,MoRTH,2016-03,2019-11,,1230.02,1230.00,791.80,,2025-06,FR_JUNE_2025.pdf
933,N28000086,,,MUMBAI METRO LINE 3 (COLABA- BANDRA-SEEPZ),,MMRCL,2013-07,2020-03,2025-07,23136.00,,28615.78,94.77,2025-06,FR_JUNE_2025.pdf
934,N28000155,,,NAGPUR METRO RAIL PROJECT PHASE II,,NMRCL,2022-12,2027-12,,6708.00,,895.38,23.82,2025-06,FR_JUNE_2025.pdf
935,N28000157,,,PCMC NIGDI PROJECT EXTENSION OF CORRIDOR 1 OF PUNE METRO PHASE 1,,MMRC,2023-10,2027-01,,910.18,,103.13,19.08,2025-06,FR_JUNE_2025.pdf
936,N28000160,,,PUNE METRO PHASE-1 EXTENSION FROM SWARGATE TO KATRAJ,,MMRC,2024-09,2029-03,,2954.53,,17.35,2.91,2025-06,FR_JUNE_2025.pdf
937,N04000100,,,"CONSTRUCTION OF NEW INTEGRATED TERMINAL BUILDING, CONTROL TOWER CUM TECHNICAL BLOCK, APRON, LINK TAX",,AAI,2021-11,2024-07,2025-12,499.00,,154.47,40.82,2025-06,FR_JUNE_2025.pdf
938,220100288,,,JIRIBAM TO IMPHAL (TUPUI)(NL)(NEFR),,NFR,2003-04,2026-12,2028-03,14322.79,12274.06,15485.02,69.20,2025-06,FR_JUNE_2025.pdf
939,N24001436,,,TAMENGLONG - MAHUR PKG-5,,NHIDCL,2021-08,2023-05,2025-01,477.86,,246.09,84.87,2025-06,FR_JUNE_2025.pdf
940,N24001437,,,TAMENGLONG - MAHUR PKG-6,,NHIDCL,2021-09,2023-05,2024-11,311.18,,190.96,83.78,2025-06,FR_JUNE_2025.pdf
941,N24001439,,,MARAM - PEREN PKG-3,,NHIDCL,2021-08,2023-05,2024-10,467.41,,264.83,100.00,2025-06,FR_JUNE_2025.pdf
942,N24001453,,,IMPHAL - KHONGSANG PKG-4,,NHIDCL,2021-08,2023-12,2025-07,579.63,,180.72,72.50,2025-06,FR_JUNE_2025.pdf
943,N24001473,,,CONSTRUCTION OF 2-LANING WITH HARD SHOULDER ROAD OF UKHRUL - TOLOI - TADUBI SECTION OF NH-102A FROM,,NHIDCL,2021-09,2024-02,2025-03,310.76,,129.15,96.77,2025-06,FR_JUNE_2025.pdf
944,N24001538,,,IMPHAL - KHONGSANG PKG-5,,NHIDCL,2021-12,2024-05,2026-01,410.68,,152.34,70.11,2025-06,FR_JUNE_2025.pdf
945,N24001539,,,IMPHAL - KHONGSANG PKG-6,,NHIDCL,2021-12,2025-02,2025-09,504.76,,190.26,78.25,2025-06,FR_JUNE_2025.pdf
946,N24001540,,,AKASH BRIDGE - JESSAMI SECTION PKG-2,,NHIDCL,2022-03,2025-02,2025-02,152.11,,73.48,100.00,2025-06,FR_JUNE_2025.pdf
947,N24001974,,,CONSTRUCTION OF 2-LANING WITH HARD SHOULDER ROAD OF UKHRUL - TOLOI - TADUBI SECTION OF NH-102A FROM,,NHIDCL,2021-09,2025-01,2025-08,315.56,,137.81,88.74,2025-06,FR_JUNE_2025.pdf
948,N24002028,,,LMPHAL TO JIRIBAM PKG-7,,NHIDCL,2023-01,2025-12,2025-12,760.16,,157.48,62.92,2025-06,FR_JUNE_2025.pdf
949,N24002131,,,UKHRUL TOLOI TADUBI PKG-2,,NHIDCL,2023-03,2026-02,2026-03,578.98,,153.92,71.25,2025-06,FR_JUNE_2025.pdf
950,N24002202,,,MARREM KHULLEN TO JESSAMI SECTION IMPHAL- UKHRUL - JESSAMI PKG-6 (DESIGN CHAINAGE KM 95.700 TO KM 14,,NHIDCL,2023-03,2026-12,,554.66,,17.79,15.00,2025-06,FR_JUNE_2025.pdf
951,N24002203,,,IMPHAL-KOHIMA ROAD PKG-4B,,NHIDCL,2020-09,2026-06,,268.98,,13.14,18.04,2025-06,FR_JUNE_2025.pdf
952,N24002227,,,JESSAMI TO LAYNEN BRIDGE UKHRUL - JESSAMI PKG-7,,NHIDCL,2023-03,2026-06,,164.89,,3.83,9.78,2025-06,FR_JUNE_2025.pdf
953,N24002232,,,IMPHAL-KOHIMA ROAD PKG-5A,,NHIDCL,2020-09,2026-08,,228.97,,0.00,10.13,2025-06,FR_JUNE_2025.pdf
954,N24002242,,,CHOITHAR TO MARREM KHULLEN SECTION IMPHAL- UKHRUL - JESSAMI PKG-5,,NHIDCL,2023-03,2027-03,,564.05,,0.00,,2025-06,FR_JUNE_2025.pdf
955,N24002244,,,IMPHAL - KHONGSANG - JIRIBAM PKG- 2,,NHIDCL,2021-03,2026-03,,195.14,,4.42,11.53,2025-06,FR_JUNE_2025.pdf
956,N24001270,,,2-LANING OF CHURACHANDPUR TUIVAI SECTION OF NH-102B (PKG- 2A),,NHIDCL,2020-03,2022-06,2025-06,292.24,,130.66,90.69,2025-06,FR_JUNE_2025.pdf
957,N24001271,,,2-LANING OF CHURACHANDPUR TUIVAI SECTION OF NH-102B (PKG- 2B),,NHIDCL,2020-06,2022-08,2025-06,365.53,,156.31,77.69,2025-06,FR_JUNE_2025.pdf
958,N24001274,,,IMPROVEMENT/UPGRADATION OF EXISTING 2-LANE TO 4-LANE DIVIDED HIGHWAY FROM TAPHOU KUKI TO DAILI SECTI,,NHIDCL,2020-08,2022-04,2025-06,379.39,,218.03,70.94,2025-06,FR_JUNE_2025.pdf
959,N24001349,,,MARIAM - PEREN PKG-1A,,NHIDCL,2021-02,2022-12,2025-03,226.32,,105.78,74.48,2025-06,FR_JUNE_2025.pdf
960,N24001350,,,MARIAM - PEREN (PKG 1B),,NHIDCL,2021-02,2022-12,2025-01,188.36,,126.71,99.02,2025-06,FR_JUNE_2025.pdf
961,N24001354,,,TAMENGLONG - MAHUR PKG-3,,NHIDCL,2021-03,2022-12,2024-09,234.08,,139.45,92.82,2025-06,FR_JUNE_2025.pdf
962,N24001400,,,SENAPATI- IMPHAL PKG-5B,,NHIDCL,2021-03,2023-01,2025-05,211.70,,83.79,71.06,2025-06,FR_JUNE_2025.pdf
963,N24001401,,,IMPHAL - KHONGSANG PKG-3,,NHIDCL,2021-07,2023-03,2025-03,467.00,,193.81,79.81,2025-06,FR_JUNE_2025.pdf
964,N24001402,,,TAMENGLONG - MAHUR PKG-1,,NHIDCL,2021-07,2023-03,2025-01,185.80,,117.78,100.00,2025-06,FR_JUNE_2025.pdf
965,N24001403,,,TAMENGLONG - MAHUR PKG-2,,NHIDCL,2021-07,2023-03,2025-01,483.87,,278.89,92.94,2025-06,FR_JUNE_2025.pdf
966,N24001404,,,TAMENGLONG - MAHUR PKG-4,,NHIDCL,2021-07,2023-03,2025-02,198.77,,127.86,100.00,2025-06,FR_JUNE_2025.pdf
967,N24001405,,,CHURACHANPUR TUIVAI PKG-3,,NHIDCL,2021-07,2023-10,2025-03,673.27,,382.37,80.28,2025-06,FR_JUNE_2025.pdf
968,N42000001,,,CONSTRUCTION AND DEVELOPMENT OF NATINAL INSTITUTE OF TECHNOLOGY MEGHALAYA PERMANENT CAMPUS AT SOHRA,,RITES OF HIGHER,2013-09,2014-09,2025-07,484.32,429.70,270.55,84.00,2025-06,FR_JUNE_2025.pdf
969,N24001441,,,REHABILITATION AND UPGRADATION OF NONGSTOIN TO WAHKAJI SECTION OF PROJECT ROAD KM 0.000 TO KM 43.06,,MoRTH,2020-08,2022-02,,302.88,,228.68,96.00,2025-06,FR_JUNE_2025.pdf
970,N24001474,,,REHABITITATION AND UP GRADATION OF NONGSTOIN-RAMBRAI-KYRSHAI ROAD UP TO MEGHALAYA-ASSAM BORDER FROM,,NHIDCL,2021-09,2024-05,2026-05,359.86,,233.26,60.81,2025-06,FR_JUNE_2025.pdf
971,N24001541,,,RANIKOR- MAHESHKHOLA- BAGHMARA PKG-2,,NHIDCL,2021-11,2024-06,2024-12,283.50,,257.26,100.00,2025-06,FR_JUNE_2025.pdf
972,N24002156,,,CONSTRUCTION OF 2-LANE WITH PAVED SHOULDER OF SHILLONG WESTERN BYPASS STARTING FROM NH-06 NEAR LADUM,,NHIDCL,2023-03,2026-09,,620.30,,222.26,30.00,2025-06,FR_JUNE_2025.pdf
973,N24002157,,,SHILLONG WESTERN BYPASS PACKAGE-2,,NHIDCL,2023-03,2026-09,,686.00,,293.36,25.52,2025-06,FR_JUNE_2025.pdf
974,N24002158,,,CONSTRUCTION OF 2-LANE WITH PAVED SHOULDERS OF SHILLONG WESTERN BYPASS STARTING FROM NH-06 NEAR LADU,,NHIDCL,2023-03,2026-09,,562.48,,297.91,25.27,2025-06,FR_JUNE_2025.pdf
975,N24002233,,,DAINADUBI-DARUGIRI PKG-1B,,NHIDCL,2023-03,2027-03,,705.83,,0.32,2.13,2025-06,FR_JUNE_2025.pdf
976,N24002239,,,IMPROVEMENT AND WIDENING TWO LANNIG WITH PAVED SHOULDER OF NATIONAL HIGHWAY 127B FROM KM 31.500 (GOE,,MoRTH,2023-12,2027-05,,504.00,,0.00,,2025-06,FR_JUNE_2025.pdf
977,N24000771,,,WIDENING TO 2-LANE WITH GEOMETRIC IMPROVEMENTS OF TURA DALU ROAD UNDER JICA FUNDING FROM KM 85.000 T,,NHIDCL,2017-04,2021-09,2025-06,553.51,610.09,438.16,88.07,2025-06,FR_JUNE_2025.pdf
978,N24001313,,,IMPROVEMENT/WIDENING TO 2-L WITH PAVED SHOULDER FROM (DESIGN KM 0.00 TO KM 10.670) / 4-LANING FROM (,,NHIDCL,2020-11,2023-12,2025-10,351.12,,299.22,63.00,2025-06,FR_JUNE_2025.pdf
979,N24001314,,,IMPROVEMENT/WIDENING TO 2-LANE WITH PAVED SHOULDER FROM (DESIGN KM 10.670 TO KM 37.550) BETWEEN SHIL,,NHIDCL,2020-11,2023-12,,525.68,,434.50,32.00,2025-06,FR_JUNE_2025.pdf
980,N24001334,,,IMPROVEMENT/WIDENING TO 2-LANE WITH PAVED SHOULDER FROM (DESIGN KM 45.760 TO KM 63.530) BETWEEN SHIL,,NHIDCL,2020-11,2023-12,,445.51,,214.34,30.30,2025-06,FR_JUNE_2025.pdf
981,N24001335,,,IMPROVEMENT/WIDENING TO 2-LANE WITH PAVED SHOULDER / 4-LANING FROM (DESIGN KM 63.530 TO KM 71.520) B,,NHIDCL,2020-11,2023-12,,284.21,,107.86,24.00,2025-06,FR_JUNE_2025.pdf
982,N22000100,,,"BHAIRABI SAIRONG, NL, NEFR",,NFR,2008-04,2025-03,,6527.45,5021.45,8066.76,97.00,2025-06,FR_JUNE_2025.pdf
983,N24001975,,,UP-GRADATION TO 2-LANE WITH PAVED SHOULDERS OF NGOPA - PAWLRANG SECTION OF NH 102B OF AIZAWL - IMPHA,,NHIDCL,2021-09,2025-02,,523.78,,379.40,95.31,2025-06,FR_JUNE_2025.pdf
984,N24002027,,,KEIFANG - TUVAI PKG-3,,NHIDCL,2021-12,2025-02,,500.88,,279.44,75.40,2025-06,FR_JUNE_2025.pdf
985,N24002204,,,ZORINPUI- HMAWNGBU-LONGMASU (NH-502A),,NHIDCL,2023-02,2026-12,,781.85,,33.77,3.00,2025-06,FR_JUNE_2025.pdf
986,N24000857,,,WIDENING AND UP-GRADATION TO 2- LANE WITH PAVED SHOULDER CONFIGURATION AND GEOMETRIC IMPROVEMENTS FRO,,NHIDCL,2017-04,2023-04,,519.09,,670.91,97.51,2025-06,FR_JUNE_2025.pdf
987,N24000858,,,WIDENING AND UP-GRADATION TO 2- LANE WITH PAVED SHOULDER CONFIGURATION AND GEOMETRIC IMPROVEMENTS FRO,,NHIDCL,2017-04,2023-07,,640.07,,1195.84,98.90,2025-06,FR_JUNE_2025.pdf
988,N24000861,,,WIDENING AND UP-GRADATION TO 2- LANE WITH PAVED SHOULDER CONFIGURATION AND GEOMETRIC IMPROVEMENTS FRO,,NHIDCL,2017-04,2023-04,,473.18,,541.04,95.00,2025-06,FR_JUNE_2025.pdf
989,N24000862,,,WIDENING AND UP-GRADATION TO 2- LANE WITH PAVED SHOULDER CONFIGURATION AND GEOMETRIC IMPROVEMENTS FRO,,NHIDCL,2017-04,2023-04,,537.82,,779.37,99.88,2025-06,FR_JUNE_2025.pdf
990,N24000863,,,WIDENING AND UP-GRADATION TO 2- LANE WITH PAVED SHOULDER CONFIGURATION AND GEOMETRIC IMPROVEMENTS FRO,,NHIDCL,2017-04,2023-06,,518.53,,849.68,97.90,2025-06,FR_JUNE_2025.pdf
991,N24000864,,,WIDENING AND UP-GRADATION TO 2- LANE WITH PAVED SHOULDER CONFIGURATION AND GEOMETRIC IMPROVEMENTS FRO,,NHIDCL,2017-04,2024-04,,404.29,,666.58,100.00,2025-06,FR_JUNE_2025.pdf
992,N24000865,,,WIDENING AND UP-GRADATION TO 2- LANE WITH PAVED SHOULDER CONFIGURATION AND GEOMETRIC IMPROVEMENTS FRO,,NHIDCL,2017-04,2023-09,,428.11,,613.69,99.82,2025-06,FR_JUNE_2025.pdf
993,N24001278,,,CONSTRUCTION OF TWO LANE WITH PAVED SHOULDER OF SELLING-DULTE SECTION OF NH-06 (PKG-I),,NHIDCL,2020-03,2022-07,,206.88,,265.38,100.00,2025-06,FR_JUNE_2025.pdf
994,N24001281,,,CONSTRUCTION OF TWO LANE WITH PAVED SHOULDER OF SELLING-DULTE SECTION OF NH-06 (PKG-III),,NHIDCL,2020-03,2022-07,,292.24,,294.78,94.40,2025-06,FR_JUNE_2025.pdf
995,N24001356,,,DULTE- KWALKULH - CHAMPAI PKG.2,,NHIDCL,2021-03,2022-12,2024-04,233.25,,172.09,100.00,2025-06,FR_JUNE_2025.pdf
996,N24001358,,,TLABUNG - LUNGLEI PKG-A,,NHIDCL,2021-03,2022-12,,698.44,,502.24,63.70,2025-06,FR_JUNE_2025.pdf
997,N24001359,,,TLABUNG - LUNGLEI PKG-B,,NHIDCL,2021-03,2023-01,,740.58,,373.89,61.00,2025-06,FR_JUNE_2025.pdf
998,N06000154,,,NILJAI EXPANSION (DEEP) OC (3.5 MTY),,WCL,2016-08,2022-03,2025-03,319.76,319.76,183.67,98.00,2025-06,FR_JUNE_2025.pdf
999,N06000192,,,BINA KAKRI AMALGAMATION OCP 14 MTPA,,NCL,2020-08,2024-03,,836.42,,778.71,89.08,2025-06,FR_JUNE_2025.pdf
1000,N40000001,,,NATIONAL INDUSTRIAL CORRIDOR PROJECT,,DMIC FOR DPIIT,2011-09,2027-03,2032-03,20084.00,26684.00,11262.06,50.99,2025-06,FR_JUNE_2025.pdf
1001,N16000285,,,KOCHI-KOOTTANAD-BANGALORE- MANGALORE PIPELINE PHASE-II,,GAIL,2009-06,2012-12,2025-12,2915.00,5909.00,4381.20,94.20,2025-06,FR_JUNE_2025.pdf
1002,N16000388,,,SRIKAKULAM ANGUL PIPELINE PROJECT,,GAIL,2019-09,2022-07,2025-12,2658.34,,2179.10,94.60,2025-06,FR_JUNE_2025.pdf
1003,N16000391,,,DHAMRA HALDIA PIPELINE PROJECT,,GAIL,2020-03,2022-11,2025-12,1030.65,,841.90,86.80,2025-06,FR_JUNE_2025.pdf
1004,N16000398,,,MUMBAI NAGPUR JHARSUGUDA PIPELINE PROJECT,,GAIL,2020-06,2023-05,2025-09,7844.25,,6412.20,95.10,2025-06,FR_JUNE_2025.pdf
1005,N16000439,,,NORTH EAST GAS GRID,,IGGL,2020-11,2024-03,2025-07,9265.00,9265.00,6270.19,84.51,2025-06,FR_JUNE_2025.pdf
1006,N16000531,,,GURDASPUR JAMMU PIPELINE,,GAIL,2023-07,2026-07,2026-07,521.92,521.92,153.20,35.50,2025-06,FR_JUNE_2025.pdf
1007,N18000249,,,COMPREHENSIVE SCHEME FOR THE STRENGHTENING OF THE TRANSMISSION AND DISTRIBUTION SYSTEM IN A P,,PGCIL,2014-12,2018-12,2025-03,4754.42,9129.32,7602.44,81.70,2025-06,FR_JUNE_2025.pdf
1008,N18000250,,,NORTH EASTERN REGION POWER SYSTEM IMPROVEMENT PROJECT (NERPSIP) FOR SIX (6) STATES,,PGCIL,2014-12,2018-12,2025-03,5111.33,6700.00,5230.02,96.00,2025-06,FR_JUNE_2025.pdf
1009,N18000328,,,TS FOR EVACUATION OF POWER FROM PAKALDUL HEP IN CHENAB VALLEY HEPS - LTA SYSTEM,,PGCIL,2022-02,2025-04,,318.12,,254.50,98.00,2025-06,FR_JUNE_2025.pdf
1010,N18000330,,,TRANSMISSION SYSTEM STRENGTHENING FOR SRINAGAR-LEH TRANSMISSION SYSTEM,,PGCIL,2022-03,2024-12,,288.71,,199.53,48.00,2025-06,FR_JUNE_2025.pdf
1011,N18000331,,,TRANSMISSION SYSTEM STRENGTHENING SCHEME FOR EVACUATION OF POWER FROM SOLAR ENERGY ZONES IN RAJASTHA,,PGCIL,2022-02,2023-09,,359.47,,327.28,90.00,2025-06,FR_JUNE_2025.pdf
1012,N18000332,,,TRANSMISSION SYSTEM STRENGTHENING SCHEME FOR EVACUATION OF POWER FROM SOLAR ENERGY ZONES IN RAJASTHA,,PGCIL,2022-05,2023-11,,1666.00,2218.00,2029.28,94.10,2025-06,FR_JUNE_2025.pdf
1013,N18000337,,,TRANSMISSION NETWORK EXPANSION IN GUJARAT TO INCREASE ATC FROM ISTS: PART B,,PGCIL,2022-07,2023-06,,4546.26,,4091.67,93.00,2025-06,FR_JUNE_2025.pdf
1014,N18000343,,,SYSTEM STRENGTHENING SCHEME FOR EASTERN AND NORTH EASTERN REGION,,PGCIL,2022-10,2025-10,,307.87,,298.87,100.00,2025-06,FR_JUNE_2025.pdf
1015,N18000352,,,TRANSMISSION SYSTEM FOR KURNOOL WIND ENERGY ZONE SOLAR ENERGY ZONE (AP) PART-A PART B,,PGCIL,2023-03,2024-11,,3546.94,,2837.55,94.00,2025-06,FR_JUNE_2025.pdf
1016,N18000353,,,ER WR TRANSMISSION LIMITED,,PGCIL,2023-03,2025-03,,281.16,,281.15,100.00,2025-06,FR_JUNE_2025.pdf
1017,220100188,,,"NANGALDAM-TALWARA(NL),NR",,NR,1981-03,2025-12,2027-01,2018.00,603.00,1629.74,75.00,2025-06,FR_JUNE_2025.pdf
1018,220100232,,,"LALITPUR-SATNA-REWA-SINGRULI NL, (NCR)",,WCR,1998-09,2027-03,,8913.94,63.57,2500.34,43.00,2025-06,FR_JUNE_2025.pdf
1019,N22000134,,,CHHAPRA-BALLIA UP,,NER,2013-03,2025-02,,941.05,954.00,1004.59,95.50,2025-06,FR_JUNE_2025.pdf
1020,N22000138,,,CHOTTAUDEPUR-DHAR(NL),,WR,2007-04,2026-12,2027-12,1793.65,1793.63,1641.84,59.00,2025-06,FR_JUNE_2025.pdf
1021,N22000139,,,"DAHOD-INDORE VIA SARDARPUR, JHABUA AND DHAR (NL)",,WR,2007-04,2027-02,2027-02,1942.00,1873.10,3119.79,59.00,2025-06,FR_JUNE_2025.pdf
1022,N22000148,,,GWALIOR-SEOPURKALA WITH EXTENSION TO KOTA (GC),,NCR,2011-04,2025-03,,2912.96,,1024.32,,2025-06,FR_JUNE_2025.pdf
1023,N22000158,,,DHOLPUR-SIRMUTTRA WITH EXTENSION TO GANGAPURCITY AND MOHARI-TANTPUR AND TANPUR- BANSI PAHARPUR,,NCR,2010-04,2019-02,,746.83,,391.89,39.00,2025-06,FR_JUNE_2025.pdf
1024,N22000206,,,NEW BG LINE FROM BALURGHAT TO HILLY NFR,,NFR,2010-04,2027-03,,1208.67,,425.12,8.00,2025-06,FR_JUNE_2025.pdf
1025,N22000207,,,NEW BG LINE FROM JAGBANI TO BIRATNAGAR,,NFR,2010-04,2022-03,2026-12,401.65,485.96,361.33,86.00,2025-06,FR_JUNE_2025.pdf
1026,N22000208,,,MURKONGSELEK-PASIGHAT NL,,NFR,2011-04,2025-03,,435.06,,803.88,54.00,2025-06,FR_JUNE_2025.pdf
1027,N22000219,,,PIRPAINTI-JASIDIH,,ER,2013-04,2028-03,2028-03,2555.03,,1140.05,45.00,2025-06,FR_JUNE_2025.pdf
1028,N22000261,,,KAZIPET-VIJAYAWADA 3RD LINE WITH ELECTRIFICATION,,SCR,2012-04,2025-02,,1953.00,,1936.28,,2025-06,FR_JUNE_2025.pdf
1029,N22000274,,,DEOBAND (MUZAFFARNAGAR)- ROORKEE NL,,NR,2007-04,2024-03,,1053.23,,592.53,99.00,2025-06,FR_JUNE_2025.pdf
1030,N22000279,,,RAYADURGA-TUMKUR NL,,SWR,2007-04,2015-09,,2495.59,2495.86,1675.34,65.00,2025-06,FR_JUNE_2025.pdf
1031,N22000333,,,HOTGI-KUDGI-GADAG,,SWR,2015-03,2024-12,,1877.81,1877.81,2574.88,89.00,2025-06,FR_JUNE_2025.pdf
1032,N22000367,,,KAZIPET-BALHRSHA,,SCR,2015-04,2025-01,,2594.59,,2862.60,,2025-06,FR_JUNE_2025.pdf
1033,N22000463,,,MUMBAI AHMEDABAD HIGH SPEED RAIL PROJECT,,NHSRCL,2015-12,2027-08,,108000.00,,78839.00,52.89,2025-06,FR_JUNE_2025.pdf
1034,N22000464,,,WESTERN DEDICATED FREIGHT CORRIDOR,,DFCC,2007-11,2022-03,,51101.00,,47476.00,83.00,2025-06,FR_JUNE_2025.pdf
1035,N22000467,,,CHANDIGARH-BADDI,,NR,2007-04,2025-06,2026-12,1540.13,1540.14,956.13,30.00,2025-06,FR_JUNE_2025.pdf
1036,N22000506,,,NARAYANGARH TO BHADRAK 3RD LINE (155 KM),,SER,2019-03,2024-12,,2400.00,,2112.20,61.00,2025-06,FR_JUNE_2025.pdf
1037,N24001628,,,4/6L OF SPUR TO HARIDWAR (GREENFIELD) FROM KM. 0.000 TO KM. 49.000,,NHAI,2021-11,2025-02,2025-08,2155.95,,1360.04,71.01,2025-06,FR_JUNE_2025.pdf
1038,N24001629,,,6L WITH ACCESS CONTROL PROVISION SAHARANPUR BYPASS TO GANESHPUR SECTION FROM 13.89 KM TO 41.820 KM O,,NHAI,2022-04,2024-11,2025-07,796.65,,452.41,91.71,2025-06,FR_JUNE_2025.pdf
1039,N24000182,,,VARANASI-AURANGABAD KM.786 TO KM.978.40,,NHAI,2011-09,2014-03,,2848.00,,3901.66,90.42,2025-06,FR_JUNE_2025.pdf
1040,N25000072,,,JAL MARG VIKAS PROJECT,,IWAI,2018-01,2023-03,2025-12,5369.18,5061.15,3472.54,69.48,2025-06,FR_JUNE_2025.pdf
1041,N26000114,,,PHASE-I OF CONSOLIDATION OF EXISTING CDR DATA CENTERS AND NIB-P3 DATA CENTERS WITH STATE OF THE ART,,BSNL,2020-03,2021-06,2021-11,461.42,461.42,166.02,81.00,2025-06,FR_JUNE_2025.pdf
1042,N26000115,,,SUPER EDGE ROUTERS FOR BSNL INTERNET PROTOCOL - MULTI PROTOCOL LEBEL SWITCHING (IPMPLS) NETWORK and,,BSNL,2023-03,2024-03,2024-07,239.60,,179.63,100.00,2025-06,FR_JUNE_2025.pdf
1043,N26000116,,,MPLS-IP BASED ACCESS AND AGGREGATION NETWORK (MAAN) IN BSNL ALONG WITH TEST AND MEASURING EQUIPMENT,,BSNL,2023-05,2024-08,2024-11,645.13,,348.03,89.15,2025-06,FR_JUNE_2025.pdf
1044,N26000117,,,PLANNIN ENGINEERING SUPPLY INSTALLATION TESTING COMMISSIONING INTEGARTION and ANNUAL MAINTENANCE OF,,BSNL,2023-06,2025-06,,24556.35,24544.55,8211.15,95.54,2025-06,FR_JUNE_2025.pdf
1045,N26000118,,,OPTICAL TRANSPORT NETWORK (OTN) PH-4 IN BSNL,,BSNL,2024-02,2025-08,,810.99,,635.37,100.00,2025-06,FR_JUNE_2025.pdf
1046,N28000134,,,DELHI GHAZIABAD MEERUT RRTS CORRIDOR,,NCRTC,2019-03,2025-06,,30274.00,,25812.28,86.80,2025-06,FR_JUNE_2025.pdf
1047,N16000529,,,"AUGMENTATION OF DIMAPUR DEPOT, DIMAPUR",,IOCL,2023-08,2027-11,,227.62,,6.62,19.00,2025-06,FR_JUNE_2025.pdf
1048,N22000124,,,NEW LINE FROM DIMAPUR TO ZUBZA(KOHIMA) NATIONAL PROJECT (NEFR),,NFR,2006-04,2026-03,,6663.20,6663.20,4942.71,74.00,2025-06,FR_JUNE_2025.pdf
1049,N24001438,,,MERANGKONG-TAMLU-MON (MTM) PKG-5,,NHIDCL,2021-07,2023-12,,161.73,,65.19,73.34,2025-06,FR_JUNE_2025.pdf
1050,N24001465,,,WIDENING OF EXISTING SINGLE LANE / INTERMEDIATE LANE ROAD TO 2 LANE FROM KM 101 TO KM 125 OF NH 61 I,,MoRTH,2020-06,2024-09,2026-06,252.19,,14.33,20.27,2025-06,FR_JUNE_2025.pdf
1051,N24001466,,,WIDENING TO EXISTING SINGLE LANE /INTERMEDIATE LANE TO 2 LANE FROM KM185.00 TO KM 220.00 OF NH- 61 (N,,MoRTH,2021-03,2024-07,2025-12,297.24,,150.10,80.31,2025-06,FR_JUNE_2025.pdf
1052,N24001467,,,WIDENING TO EXISTING SINGRE/INTERMEDIATE RANE TO 2 LANE FROM KM 135 TO KM 147 AND FROM KM 156.00 TO,,MoRTH,2021-03,2024-02,2025-03,226.44,,140.24,100.00,2025-06,FR_JUNE_2025.pdf
1053,N24001855,,,WIDENING OF EXISTING SINGLE LANE ROAD TO INTERMEDIATE LANE ROAD FROM MOKOKCHUNG TO CHARE VIA DIKHU I,,MoRTH,2021-02,2025-06,2025-09,192.93,,112.09,93.38,2025-06,FR_JUNE_2025.pdf
1054,N24001912,,,PEREN-DIMAPUR PKG-3,,NHIDCL,2021-02,2025-06,,177.77,199.02,46.94,63.33,2025-06,FR_JUNE_2025.pdf
1055,N24001976,,,WIDENING TO 2 LANE WITH HARD SHOULDER OF AKEGWO-AVANGKHU SECTION OF NH-202K FOR PACKAGE-I (DESIGN CH,,NHIDCL,2022-12,2026-02,,430.24,,100.51,58.57,2025-06,FR_JUNE_2025.pdf
1056,N24001977,,,WIDENING TO 2 LANE WITH HARD SHOULDER OF AKEGWO-AVANGKHU SECTION OF NH-202K FOR PACKAGE-II (DESIGN C,,NHIDCL,2022-12,2026-02,,442.54,,50.60,28.05,2025-06,FR_JUNE_2025.pdf
1057,N24001978,,,WIDENING TO 2 LANE WITH HARD SHOULDER OF AKEGWO-AVANGKHU SECTION OF NH-202K FOR PACKAGE-III (DESIGN,,NHIDCL,2022-12,2026-02,,497.18,,168.20,66.03,2025-06,FR_JUNE_2025.pdf
1058,N24000688,,,FOUR LANING OF EXISTING DIMAPUR KOHIMA ROAD FROM DESIGN KM 152.490 TO KM 166.700 (EXISTING KM 156.00,,NHIDCL,2016-03,2022-08,2025-09,429.52,794.74,321.40,92.46,2025-06,FR_JUNE_2025.pdf
1059,N24000752,,,(I) CONSTRUCTION OF FOUR/SIX LANING FROM KM 132.375 TO KM 158.058 (TOTAL NEW ALIGNMENT LENGTH OF 20.,,NHIDCL,2017-02,2020-09,2023-02,387.00,688.12,392.01,100.00,2025-06,FR_JUNE_2025.pdf
1060,N24000753,,,(II) CONSTRUCTION OF DIMAPUR BYPASS (ASSAM PORTION) OF 4/6 LANE PAVEMENT ON EPC BASIS FROM EXISTING,,NHIDCL,2018-03,2022-11,2024-08,500.09,698.81,393.53,100.00,2025-06,FR_JUNE_2025.pdf
1061,N24000763,,,CONSTRUCTION OF TWO LANE WITH HARD SHOULDERS OF MERANGKONG- TAMLU-MON ROAD FROM EXISTING KM 20.456 TO,,NHIDCL,2018-03,2021-12,2022-08,215.79,,132.93,80.38,2025-06,FR_JUNE_2025.pdf
1062,N24000765,,,CONSTRUCTION OF TWO LANE WITH HARD SHOULDERS OF MERANGKONG- TAMLU-MON ROAD FROM EXISTING KM 60.345 TO,,NHIDCL,2018-03,2018-09,2023-06,323.98,,119.94,60.11,2025-06,FR_JUNE_2025.pdf
1063,N24001255,,,CONSTRUCTION OF 2-LANE WITH PAVED SHOULDER OF KOHIMA- BYPASS ROAD FROM DESIGN KM10.500 TO 21.00KM [D,,NHIDCL,2020-09,2022-10,2024-09,277.44,,169.46,67.91,2025-06,FR_JUNE_2025.pdf
1064,N24001257,,,CONSTRUCTION OF 2-LANE WITH PAVED SHOULDER OF KOHIMA- BYPASS ROAD FROM DESIGN KM21.0 TO KM32.0 [DESIG,,NHIDCL,2020-08,2022-10,2025-06,159.85,342.29,108.15,33.55,2025-06,FR_JUNE_2025.pdf
1065,N24001258,,,CONSTRUCTION OF 2-LANE WITH PAVED SHOULDER OF KOHIMA- BYPASS ROAD FROM DSIGN KM32.0 TO KM43.454 [DES,,NHIDCL,2020-08,2022-04,2023-04,202.36,,75.39,32.67,2025-06,FR_JUNE_2025.pdf
1066,N24001282,,,2 LANING OF KOHIMA - JESSAMI SECTION (PACKAGE II),,NHIDCL,2020-03,2022-06,,355.79,,119.20,65.06,2025-06,FR_JUNE_2025.pdf
1067,N24001287,,,2 LANING OF KOHIMA - JESSAMI SECTION (PACKAGE V),,NHIDCL,2020-04,2021-12,2025-11,330.80,,171.89,92.44,2025-06,FR_JUNE_2025.pdf
1068,N24001288,,,CONSTRUCTION OF 2-LANE WITH PAVED SHOULDER OF KOHIMA- BYPASS ROAD FROM DESIGN KM 0.00 TO KM 10.500 [D,,NHIDCL,2020-08,2022-04,2026-11,232.29,350.88,79.69,17.31,2025-06,FR_JUNE_2025.pdf
1069,N24001406,,,PEREN-DIMAPUR SECTION PKG-2,,NHIDCL,2021-07,2023-03,2025-09,258.52,,89.46,81.40,2025-06,FR_JUNE_2025.pdf
1070,N06000112,,,BASUNDHARA (WEST) OC EXTN(7.00 MTY),,MCL,2014-05,2019-03,,479.15,,271.99,63.04,2025-06,FR_JUNE_2025.pdf
1071,N06000113,,,SIARMAL OCP (40.00MTY),,MCL,2021-02,2029-03,,5194.96,,3454.71,53.63,2025-06,FR_JUNE_2025.pdf
1072,N06000167,,,INTEGRATED LAKHANPUR-BELPAHAR- LILARI OCP,,MCL,2018-05,2027-03,,2434.75,,1765.96,61.49,2025-06,FR_JUNE_2025.pdf
1073,N06000171,,,REORGANISATION OF BHARATPUR OCP EXPANSION,,MCL,2018-11,2029-03,,2838.87,,1837.17,47.35,2025-06,FR_JUNE_2025.pdf
1074,N06000203,,,NAINI COAL MINE,,SCCL,2020-03,2024-03,,494.30,,491.33,80.00,2025-06,FR_JUNE_2025.pdf
1075,N06000229,,,GOPALJI-KANIHA OCP,,MCL,2022-04,2028-03,,6107.87,,1703.67,17.73,2025-06,FR_JUNE_2025.pdf
1076,N06000230,,,BALARAM EXPANSION OCP,,MCL,2020-08,2029-03,,3504.21,,1026.96,52.44,2025-06,FR_JUNE_2025.pdf
1077,N06000249,,,SUBHADRA OCP,,MCL,2021-05,2029-03,2029-03,1693.81,,1277.82,40.05,2025-06,FR_JUNE_2025.pdf
1078,N06000270,,,NLC TALABIRA THERMAL POWER PROJECT (PHASE-1: 3 X 800 MW),,NLC,2024-01,2029-05,2030-03,27213.00,,1928.60,1.55,2025-06,FR_JUNE_2025.pdf
1079,N06000285,,,RPR OF HINGULA EXPANSION OCP,,MCL,2022-11,2029-03,,1561.85,,49.85,23.57,2025-06,FR_JUNE_2025.pdf
1080,N06000286,,,BHUBANESWARI EXPANSION OCP,,MCL,2024-03,2031-03,,5366.28,,9.08,9.59,2025-06,FR_JUNE_2025.pdf
1081,N06000288,,,BALABHADRA OCP,,MCL,2023-04,2030-03,,978.44,,209.50,7.68,2025-06,FR_JUNE_2025.pdf
1082,N06000289,,,INTEGRATED KULDA GARJANBAHAL OCP,,MCL,2023-04,2030-03,,3563.50,,505.09,4.00,2025-06,FR_JUNE_2025.pdf
1083,N28000126,,,INDIAN INSTITUTE OF SCIENCE EDUCATION AND RESEARCH BERHAMPUR,,CPWD EDUCATION,2019-01,2022-03,,790.79,,708.50,97.00,2025-06,FR_JUNE_2025.pdf
1084,N10000010,,,5TH STREAM ALUMINA REFINERY EXPANSION PROJECT,,NALCO,2014-12,2021-04,2026-06,4103.00,5677.40,3831.39,74.52,2025-06,FR_JUNE_2025.pdf
1085,N10000011,,,UTKAL D AND E COAL BLOCK,,NALCO,2016-05,2020-01,2023-11,534.00,,829.39,88.50,2025-06,FR_JUNE_2025.pdf
1086,N10000012,,,CONVERSION OF FLAT BOTTOM SETTLERS AND WASHERS WITH A SINGLE TRAIN OF HRDS AND DCWS IN STREAMS 1 AND,,NALCO,2015-12,2020-11,2025-09,355.00,581.00,163.55,12.60,2025-06,FR_JUNE_2025.pdf
1087,N10000013,,,SOURCING OF BAUXITE ARRANGEMENT FOR 5TH STREAM ALUMINA REFINERY FROM SOUTH BLOCK MINING LEASE OF PAN,,NALCO,2017-11,2021-04,2026-05,483.00,483.00,387.75,89.43,2025-06,FR_JUNE_2025.pdf
1088,N10000016,,,POTTANGI BAUXITE MINES,,NALCO,2018-05,2024-12,,1437.00,,650.05,51.10,2025-06,FR_JUNE_2025.pdf
1089,N10000017,,,CONSTRUCTION OF RED MUD POND - II AT NALCO DAMANJODI ODISHA,,NALCO,2019-09,2023-03,2024-05,225.79,,5.00,100.00,2025-06,FR_JUNE_2025.pdf
1090,N16000396,,,INTEGRATED PARA XYLENE (PX) AND PURIFIED TEREPHTHALIC ACID (PTA) PROJECT AT PARADIP REFINERY,,IOCL,2020-07,2024-01,2025-04,13805.00,,7704.73,90.00,2025-06,FR_JUNE_2025.pdf
1091,N18000351,,,EASTERN REGION EXPANSION SCHEME XXIX,,PGCIL,2023-03,2025-11,,524.04,,482.12,99.80,2025-06,FR_JUNE_2025.pdf
1092,N18000364,,,TALCHER THERMAL POWER PROJECT STAGE III(2X660 MW),,NTPC,2022-08,2027-05,,11844.00,,3703.12,21.40,2025-06,FR_JUNE_2025.pdf
1093,220100284,,,KHURDA ROAD-BOLANGIR(NL)ECOR,,ECOR,1994-04,2026-12,2026-12,3550.00,3791.66,4910.22,86.00,2025-06,FR_JUNE_2025.pdf
1094,220100328,,,TALCHER-BIMALAGARH(NL)(ECOR),,ECOR,2005-04,2025-03,,1928.10,,1757.75,40.00,2025-06,FR_JUNE_2025.pdf
1095,N22000316,,,BHADRAK - NERGUNDI 3RD LINE,,ECOR,2013-03,2024-11,2026-01,1284.39,1284.39,1297.80,80.00,2025-06,FR_JUNE_2025.pdf
1096,N22000376,,,JAGADALPUR-KORAPUT DOUBLING,,ECOR,2015-04,2024-03,,1547.38,,1304.60,93.70,2025-06,FR_JUNE_2025.pdf
1097,N22000379,,,KORAPUT - SINGAPUR ROAD DOUBLING,,ECOR,2015-04,2027-12,2026-03,2362.00,2361.74,1816.25,80.00,2025-06,FR_JUNE_2025.pdf
1098,N22000380,,,JARAPADA - BUDHAPANK WITH FLY OVER AT TALCHER ROAD 3RD AND 4TH LINE,,ECOR,2015-04,2027-03,,820.61,,580.59,,2025-06,FR_JUNE_2025.pdf
1099,N22000381,,,BUDHAPANK - SALEGAON VIA RAJATGARH 3RD AND 4TH LINE.,,ECOR,2015-04,2026-03,2025-11,1172.92,,1971.33,80.00,2025-06,FR_JUNE_2025.pdf
1100,N22000409,,,VIZIANAGARAM -SAMABALPUR 3RD LINE,,RVNL,1991-01,2026-12,,4803.16,,4691.52,,2025-06,FR_JUNE_2025.pdf
1101,N22000516,,,JEYPORE MALKANGIRI NEW LINE,,ECOR,2018-02,2033-07,,2344.00,,220.78,90.10,2025-06,FR_JUNE_2025.pdf
1102,N22000517,,,JEYPORE NABARANGPUR NEWLINE,,ECOR,2017-07,2028-07,2029-12,748.00,,0.00,,2025-06,FR_JUNE_2025.pdf
1103,N22000518,,,TALCHER - ANGUL NEW LINE WITH Y CONNECTION AT TALCHER,,ECOR,2018-07,2026-12,,278.96,495.00,29.50,,2025-06,FR_JUNE_2025.pdf
1104,N22000519,,,KODINGAMALI BAUXITE MINES TO SINGARAM RAILWAY STATION,,ECOR,2022-08,2027-08,,190.90,,10.00,,2025-06,FR_JUNE_2025.pdf
1105,N22000520,,,GANDHAMARDAN IRON ORE MINES TO GOALDIH STATION,,ECOR,2022-09,2027-09,,189.93,,14.04,,2025-06,FR_JUNE_2025.pdf
1106,N22000521,,,BRUNDAMAL-JHARSUGUDA- FLYOVER CONNECTION FOR JOINING DN LINE,,ECOR,2009-12,2026-12,,296.51,,162.44,10.00,2025-06,FR_JUNE_2025.pdf
1107,N22000522,,,BAGHUAPAL FLY OVER (20 KM),,ECOR,2019-08,2027-08,2027-08,183.00,257.97,0.83,,2025-06,FR_JUNE_2025.pdf
1108,N22000571,,,ROURKELA-BONDAMUNDA A-CABIN 5TH LINE (10 KM) (UMBRELLA WORK PB#57/2019-20/NR),,SER,2022-09,2026-09,,209.75,,82.27,30.00,2025-06,FR_JUNE_2025.pdf
1109,N24001647,,,BALANCE WORK OF PANIKOILI RIMULI SECTION OF NEW NH-20 FROM KM 0.00 TO KM. 163.000,,NHAI,2020-08,2022-03,,200.00,154.73,150.38,100.00,2025-06,FR_JUNE_2025.pdf
1110,N24001665,,,6L GREENFIELD KANDILI - ALURU SECTION OF NH-130-CD ROAD FROM KM 342+500 TO KM 365+033 (PACKAGE- OD-8,,NHAI,2021-12,2024-10,,1592.00,1592.00,1127.76,78.13,2025-06,FR_JUNE_2025.pdf
1111,N24001666,,,6L GREENFIELD BARAJA - KANDILI SECTION OF NH- 130-CD ROAD FROM KM 338+500 TO KM 342+500 (PACKAGE- OD,,NHAI,2021-12,2024-09,,714.00,714.00,589.97,95.45,2025-06,FR_JUNE_2025.pdf
1112,N24001667,,,6L GREENFIELD KALIAGURA ? BAUNSAGUAR SECTION OF NH-130-CD ROAD FROM KM 249+000 TO KM 293+000 (PACKAG,,NHAI,2021-09,2024-05,,1734.00,1734.00,1238.62,86.47,2025-06,FR_JUNE_2025.pdf
1113,N24001668,,,6L OF BADAKUMARI - KARKI SECTION FROM KM 179.000 TO KM 226.500 OF NH-130-CD (PACKAGE ? OD-3),,NHAI,2021-03,2024-04,,1249.00,,522.17,87.16,2025-06,FR_JUNE_2025.pdf
1114,N24001669,,,6L OF DHANARA - HATIBENA SECTION FROM KM 124.611 TO KM 146.50 OF NH- 130-CD (PACKAGE ? OD-1),,NHAI,2021-02,2024-03,,586.00,,241.77,92.98,2025-06,FR_JUNE_2025.pdf
1115,N24001670,,,6L OF KARKI ? KALIAGURA SECTION FROM KM 226.500 TO KM 249.000 OF NH-130-CD (PACKAGE ? OD-4),,NHAI,2021-02,2024-03,,593.00,,282.15,94.55,2025-06,FR_JUNE_2025.pdf
1116,N24001671,,,6L OF HATIBENA - BADAKUMARI SECTION FROM KM 146.50 TO KM 179.00 OF NH-130-CD (PACKAGE ? OD- 2),,NHAI,2021-02,2024-03,,925.00,,460.47,97.00,2025-06,FR_JUNE_2025.pdf
1117,N24001678,,,6L GREENFIELD BAUNSAGUAR - BARAJA SECTION OF NH-130-CD ROAD FROM KM 293+000 TO KM 338+500 (PACKAGE ?,,NHAI,2021-08,2024-06,,1460.00,1460.00,986.76,91.52,2025-06,FR_JUNE_2025.pdf
1118,N24001857,,,CONSTRUCTION OF ROAD FROM KM 0/0 TO 72/0 OF NH-26 SUCH AS 4 LANE FROM KM 0/0 TO 21/0 (BARGARH TO BAR,,MoRTH,2020-06,2023-12,2025-08,414.24,,307.52,98.00,2025-06,FR_JUNE_2025.pdf
1119,N24001858,,,WIDENING AND STRENGTHENING TO 2L+PS INCLUDING LA OF KANDARPUR- BALIKUDA FROM KM 277/500 TO 318/970 OF,,MoRTH,2022-03,2025-06,,499.79,,285.58,48.20,2025-06,FR_JUNE_2025.pdf
1120,N24001859,,,CONSTRUCTION OF BYPASS ON NH-59 FROM KM 336/350 TO 349/910 (13.56 KM) NEAR BERHAMPUR TOWN INCLUDING,,MoRTH,2021-03,2024-03,,196.94,,71.55,93.00,2025-06,FR_JUNE_2025.pdf
1121,N24001860,,,CONSTRUCTION OF BYPASS TO NAYAGARH TOWN FROM KM 235.469 TO 252.482 OF NH-57 INCLUDING LAND ACQUISITI,,MoRTH,2022-01,2025-04,,300.33,,203.81,70.00,2025-06,FR_JUNE_2025.pdf
1122,N24001861,,,CONSTRUCTION OF BYPASS TO KHORDHA TOWN FROM KM 294/000 TO 300/300 ON NH-57 INCLUDING LA IN THE STATE,,MoRTH,2022-02,2024-11,2025-08,157.49,,72.57,54.00,2025-06,FR_JUNE_2025.pdf
1123,N24001862,,,CONSTRUCTION OF BYPASS ROAD TO BALANGIR TOWN FROM KM 72/400 (DESING KM 0/0) TO KM 79/800 (DESIGN KM,,MoRTH,2022-02,2025-10,2025-11,238.78,,50.64,40.00,2025-06,FR_JUNE_2025.pdf
1124,N24001863,,,"CONSTRUCTION OF 5 HL BRIDGES AT KM 379/000 (PANGAM), KM 439/400 (POTTERU), KM 444/237 (KONGURUKONDA)",,MoRTH,2021-03,2024-06,2025-10,154.05,,47.47,30.00,2025-06,FR_JUNE_2025.pdf
1125,N24001864,,,CONSTRUCTION OF FOUR LANE ROB AND ITS APPROACHES IN LIEU OF EXISTING LEVEL CROSSING NO. RV-71 AT KM,,MoRTH,2021-11,2025-06,,154.49,,60.48,45.00,2025-06,FR_JUNE_2025.pdf
1126,N24001865,,,CONSTRUCTION OF 4 LANE ROB WITH APPROACHES IN LIEU OF LC NO. RV- 172 AT KM 176.00 OF NH-201 (PRESENT,,MoRTH,2021-12,2025-05,2025-10,324.09,,111.45,35.00,2025-06,FR_JUNE_2025.pdf
1127,N24002078,,,REHABILITATION AND UP GRADATION FROM 4 TO 8 LANING OF CHANDIKHOLE PARADIP SECTION OF NH 53 FROM KM.,,NHAI,2023-12,2025-12,,711.00,,217.96,60.80,2025-06,FR_JUNE_2025.pdf
1128,N24002079,,,REHABILITATION AND UP GRADATION FROM 4 TO 8 LANING OF CHANDIKHOLE PARADIP SECTION OF NH 53 FROM KM,,NHAI,2023-12,2025-12,,742.25,,223.47,55.10,2025-06,FR_JUNE_2025.pdf
1129,N24002080,,,REHABILITATION AND UP GRADATION FROM 4 TO 8 LANING OF CHANDIKHOLE PARADIP SECTION OF NH 53 FROM KM,,NHAI,2023-12,2025-12,,762.75,,266.33,60.70,2025-06,FR_JUNE_2025.pdf
1130,N24002081,,,3L MAJOR BRIDGE OVER RIVER BRAHMANI AT KM. 401.250 (DUBURI CHANDIKHOLE SECTION) OF NH 200 (NEW NH 5,,NHAI,2022-08,2025-01,,153.61,,22.77,34.49,2025-06,FR_JUNE_2025.pdf
1131,N24002135,,,WIDENING AND STRENGTHENLNG TO 2L+PS FROM KM 0.000 TO 40.000 (DHAUGAON- PODAMARI SECTION) OF NH 326 I,,MoRTH,2022-03,2026-02,,186.52,,48.30,35.00,2025-06,FR_JUNE_2025.pdf
1132,N24002136,,,WIDENING AND STRENGTHENING TO 4L+PS/2L+PS FROM KM 0.000 TO 35.800 (KUAKHIA - MANGALPUR SECTION) OF N,,MoRTH,2022-03,2026-02,,636.10,,264.98,36.53,2025-06,FR_JUNE_2025.pdf
1133,N24002219,,,REHABILITATION AND UP GRADATION FROM 4 TO 8 LANING OF CHANDIKHOLE ? PARADIP SECTION OF NH-53 (OLD NH,,NHAI,2024-03,2026-10,,882.45,,82.62,14.10,2025-06,FR_JUNE_2025.pdf
1134,N24000619,,,DEVELOPMENT OF FOUR LANNING OF ANGUL-SAMBALPUR SECTION OF NATIONAL HIGHWAY NH-42 (NEW NH- 55 IN THE S,,NHAI,2016-09,2019-08,,2510.04,,1181.34,99.98,2025-06,FR_JUNE_2025.pdf
1135,N24000715,,,REHABILITATION AND UPGRADATION OF CUTTACK ANGUL SECTION OF NH- 42 (NEW NH-55) TO 4 LANE (KM. 0+400 TO,,NHAI,2017-12,2020-07,,686.65,565.00,574.26,98.00,2025-06,FR_JUNE_2025.pdf
1136,N24000733,,,REHABILITATION AND UP-GRADATION OF EXISTING 2-LANE TO 4 LANE OF DUBURI (KM 388.376) TO CHANDIKHOLE (,,NHAI,2018-01,2022-08,,633.68,492.83,560.38,86.00,2025-06,FR_JUNE_2025.pdf
1137,N24000734,,,REHABILITATION AND UP-GRADATION OF EXISTING 2-LANE TO FOUR LANE FROM TALCHAR TO END OF KAMAKHYANAG,,NHAI,2018-01,2021-08,,614.48,503.30,664.48,99.00,2025-06,FR_JUNE_2025.pdf
1138,N24000736,,,REHABILITATION AND UPGRADATION OF CUTTACK-ANGUL SECTION TO 4 LANE (KM 60.20) TO (KM 112.0) PKG II ON,,NHAI,2018-01,2020-09,,686.65,504.09,488.98,98.35,2025-06,FR_JUNE_2025.pdf
1139,N24000738,,,REHABILITATION AND UPGRADATION OF SIX LANING OF BHADRAK BALESHWAR SECTION (KM 136.50) TO (KM 199.141,,NHAI,2018-01,2021-09,,999.00,1152.70,540.10,82.01,2025-06,FR_JUNE_2025.pdf
1140,N24000739,,,REHABILITATION AND UP-GRADATION TO 4-LANING OF RAJAMUNDA- BARKOTE SECTION OF NH-23 (NEW NH NO. 143) (,,NHAI,2018-01,2021-06,2025-07,503.88,609.03,536.89,98.50,2025-06,FR_JUNE_2025.pdf
1141,N24000912,,,WIDENING TO 2LPS FROM 0/0 TO 119/0 OF NH-157 IN THE STATE OF ODISHA.,,MoRTH,2016-08,2017-02,,287.70,,275.42,98.66,2025-06,FR_JUNE_2025.pdf
1142,N24000914,,,WIDENING TO 2LPS FROM 239/9 TO 294/3 OF NH-57 (NAYAGARH TO KHURDA) IN THE STATE OF ODISHA,,MoRTH,2016-12,2018-08,,223.50,,220.50,100.00,2025-06,FR_JUNE_2025.pdf
1143,N24000917,,,WIDENING TO 2LPS FROM 269/30 TO 328/20 OF NH-49 IN THE STATE OF ODISHA,,MoRTH,2018-03,2018-08,,199.16,,158.73,100.00,2025-06,FR_JUNE_2025.pdf
1144,N12000122,,,REBUILDING OF COKE OVEN BATTERY- 2 ALONGWITH AUGMENTATION OF COKE HANDLING AND GAS HANDLING FACILITY,,SAIL,2020-11,2023-05,2025-03,377.18,,434.90,,2025-06,FR_JUNE_2025.pdf
1145,N12000125,,,INSTALLATION OF 4TH SLAB CASTER ALONG WITH ITS AUXILIARIES AND A NEW LADLE FURNACE IN SMS-II AT RSP,,SAIL,2022-01,2025-05,2025-08,970.18,,720.07,94.31,2025-06,FR_JUNE_2025.pdf
1146,N28000142,,,"CONSTRUCTION OF PERMANENT CAMPUS OF INDIAN INSTITUTE OF MANAGEMENT (IIM) AMRITSAR, PUNJAB.",,CPWD EDUCATION,2019-10,2022-05,,348.24,,245.37,91.20,2025-06,FR_JUNE_2025.pdf
1147,N16000402,,,"SECOND GENERATION ETHANOL BIOREFINERY PROJECT, BATHINDA, PUNJAB",,HPCL,2020-05,2023-02,2024-09,1421.46,,1163.10,95.63,2025-06,FR_JUNE_2025.pdf
1148,N16000440,,,BHATINDA SANGRUR PIPELINE,,HPCL,2021-11,2024-05,2025-02,367.00,397.00,334.26,91.90,2025-06,FR_JUNE_2025.pdf
1149,N16000488,,,CGD PROJECT AT PATHANKOT DISTRICT,,IOCL,2022-03,2030-03,2033-09,151.00,,8.73,2.00,2025-06,FR_JUNE_2025.pdf
1150,N22000589,,,LUDHIANA MULLANPUR DOUBLING,,NR,2020-09,2025-03,,235.00,,7.99,98.00,2025-06,FR_JUNE_2025.pdf
1151,N22000614,,,FEROZPUR - PATTI (25.72 KM),,NR,2017-04,2027-03,,299.74,,0.00,,2025-06,FR_JUNE_2025.pdf
1152,N24001415,,,DELHI-AMRITSAR-KATRA EXPRESSWAY FROM JUNCTION WITH PATIALA-BATHINDA ROAD (NH-7) NEAR BHAWANIGARH TO,,NHAI,2020-12,2024-04,2024-07,881.00,,960.36,92.34,2025-06,FR_JUNE_2025.pdf
1153,N24001416,,,DELHI-AMRITSAR-KATRA EXPRESSWAY FROM JUNCTION WITH LUDHIANA-MALERKOTLA ROAD (SH-11) NEAR BHOGIWAL VI,,NHAI,2020-12,2024-01,2025-03,989.66,,338.21,31.08,2025-06,FR_JUNE_2025.pdf
1154,N24001417,,,DELHI-AMRITSAR-KATRA EXPRESSWAY FROM JUNCTION WITH LUDHIANA-MOGA ROAD (NH-5) NEAR MULLANPUR DAKHA TO,,NHAI,2020-12,2024-04,2025-09,1234.40,,853.68,61.88,2025-06,FR_JUNE_2025.pdf
1155,N24001418,,,DELHI-AMRITSAR-KATRA EXPRESSWAY FROM CH.KM 303+900 TO KM 319+400 OF MAIN EXPRESSWAY) AND AMRITSAR CO,,NHAI,2020-12,2024-04,2025-09,1094.46,,802.93,62.99,2025-06,FR_JUNE_2025.pdf
1156,N24001419,,,DELHI-AMRITSAR-KATRA EXPRESSWAY (PHASE-I PKG-XI) FROM JUNCTION WITH JALANDHAR - KAPURTHALA ROAD (NH-,,NHAI,2021-02,2024-04,2024-11,1269.96,,585.86,43.45,2025-06,FR_JUNE_2025.pdf
1157,N24001420,,,DELHI-AMRITSAR-KATRA EXPRESSWAY (PHASE-I PKG-XII) FROM JUNCTION WITH AMRITSAR-MEHTA- SRIHARGOBINDPUR-,,NHAI,2021-02,2024-04,2025-12,853.66,,177.27,20.65,2025-06,FR_JUNE_2025.pdf
1158,N24001630,,,4/6L GREENFIELD LUDHIANA RUPNAGAR HIGHWAY FROM JUNCTION WITH NE 05 VILLAGR NEAR TO MANEWAL (LUDHIANA,,NHAI,2021-07,2025-02,,1501.02,,282.00,75.00,2025-06,FR_JUNE_2025.pdf
1159,N24001631,,,6L OF IT CITY CHOWK TO KURALI CHANDIGARH ROAD,,NHAI,2021-03,2024-10,,1525.31,,290.00,95.00,2025-06,FR_JUNE_2025.pdf
1160,N24001632,,,CONSTRUCTION OF FOUR LANE GREENFIELD PROJECT OF DELHI- AMRITSAR-KATRA EXPRESSWAY (PHASE-I PKG-V) FROM,,NHAI,2021-01,2024-05,2025-06,1741.86,2281.02,1294.40,96.50,2025-06,FR_JUNE_2025.pdf
1161,N24001636,,,CONSTRUCTION OF FOUR/SIX LANE GREENFIELD LUDHIANA ? RUPNAGAR NATIONAL HIGHWAY NO. NH-205K UNDER BHAR,,NHAI,2021-05,2024-12,2026-10,1368.91,1368.91,163.58,15.31,2025-06,FR_JUNE_2025.pdf
1162,N24001637,,,DEVELOPMENT OF 6 LANE JALANDHAR BYPASS FROM KAHLWAN NATIONAL HIGHWAY 03 DESIGN KM 0.00 ENDING AT K,,NHAI,2021-03,2025-01,,1754.84,,1145.02,40.01,2025-06,FR_JUNE_2025.pdf
1163,N24001638,,,4L GREENFIELD A. MALOUT BYPASS FROM CH. KM 44.500 TO CH. KM 35.500 ON NH-07 AND CH. KM 0.000 TO KM 6,,NHAI,2021-11,2024-07,2025-08,646.42,646.42,481.67,96.00,2025-06,FR_JUNE_2025.pdf
1164,N24001639,,,FOUR LANING OF MOGA TO BAJAKHANA LAMBWALI SECTION OF 105B GREENFIELD ALIGNMENT FROM DESIGN CHAINAGE,,NHAI,2020-05,2024-12,2025-08,864.23,864.23,434.88,65.00,2025-06,FR_JUNE_2025.pdf
1165,N24001640,,,6L AMRITSAR BATHINDA GREENFIELD SECTION FROM VILLAGE TIBA ON NE 5A TO JN. WITH MOGA JALANDHAR ROAD N,,NHAI,2021-03,2024-11,,1229.38,,762.83,48.58,2025-06,FR_JUNE_2025.pdf
1166,N24001641,,,DELHI AMRITSAR KATRA EXPRESSWAY PHASE I SPUR III FROM JUNCTION WITH AMRITSAR JALANDHAR ROAD NH3 NEAR,,NHAI,2021-03,2024-10,2025-12,1641.75,,188.55,26.01,2025-06,FR_JUNE_2025.pdf
1167,N24001642,,,FOUR LANING OF AMRITSAR BYPASS FROM NEW TARN TARAN ROAD TO AJNALA ROAD FROM DESIGN KM. 0.750 TO DESI,,NHAI,2021-02,2024-08,2025-12,1474.77,,475.88,75.25,2025-06,FR_JUNE_2025.pdf
1168,N24001643,,,4L OF AMRITSAR GHOMAN TANDA UNA SECTION FROM KM 8.270 TO KM 54.000 OF NH 503A PACKAGE I,,NHAI,2020-12,2024-06,2025-06,857.91,,164.88,41.02,2025-06,FR_JUNE_2025.pdf
1169,N24001644,,,AMRITSAR AIRPORT JUNCTION RAMDAS FROM KM. 100.835 TO KM. 139.813 PKG IV,,NHAI,2020-12,2023-09,2025-09,524.88,416.58,157.14,73.00,2025-06,FR_JUNE_2025.pdf
1170,N24001960,,,UP-GRADATION TO TWO LANE WITH PAVED SHOULDER CONFIGURATION OF NH-354 SECTION ARIFKES- FEROZEPUR-MUKTS,,MoRTH,2021-03,2023-10,,263.19,,119.50,61.00,2025-06,FR_JUNE_2025.pdf
1171,N24001961,,,WORK OF WIDENING/UPGRADATION OF 2-LANE WITH PAVED SHOULDER OF SRI MUKTSAR SAHIB TO MALOUT ROAD FROM,,MoRTH,2022-03,2023-10,,152.58,,97.00,85.00,2025-06,FR_JUNE_2025.pdf
1172,N24002075,,,6L OF JODHPUR ROMANA (BATHINDA) - MANDI DABWALI (PUNJAB HARYANA BORDER) SECTION OF NH-54 FROM KM. 0.,,NHAI,2020-12,2025-08,2025-08,757.13,757.00,246.51,98.75,2025-06,FR_JUNE_2025.pdf
1173,N24002076,,,6L AMRITSAR-BATHINDA GREENFIELD SECTION FROM JN. WITH BHAGTA BHAI KA-BHADAUR ROAD NEAR DYALPURA BHAI,,NHAI,2021-03,2025-10,2026-06,2029.17,2029.00,84.23,47.00,2025-06,FR_JUNE_2025.pdf
1174,N24002091,,,6L ACCESS CONTROLLED LUDHIANA- BATHINDA GREENFIELD HIGHWAY FROM JN. WITH AMRITSAR-BATHANDA GREENFIELD,,NHAI,2021-06,2025-09,2026-03,906.51,906.51,170.39,54.00,2025-06,FR_JUNE_2025.pdf
1175,N24002092,,,6-LANE AMRITSAR-BATHINDA GREENFIELD SECTION OF NH-754A FROM JUNCTION WITH MOGA JALANDHAR ROAD (NH-70,,NHAI,2021-03,2025-10,,1801.37,,1075.64,51.20,2025-06,FR_JUNE_2025.pdf
1176,N24002098,,,6L OF AMBALA-CHANDIGARH GREENFIELD SECTION FROM KM. 0.000 TO KM. 25.000 WITH 4L SPUR TO LALRU FROM K,,NHAI,2022-03,2025-10,,1641.66,,100.00,55.00,2025-06,FR_JUNE_2025.pdf
1177,N24002100,,,4L OF EXISTING BEAS ? BABA BAKALA - DERA BABA NANAK SECTION FROM START OF BATALA BYPASS TILL INTERSE,,NHAI,2021-10,2025-06,,1003.38,,281.62,72.58,2025-06,FR_JUNE_2025.pdf
1178,N24002101,,,4L OF BEAS-MEHTA-BATALA-DERA BABA NANAK FROM INTERSECTION WITH JALANDHAR-AMRITSAR HIGHWAY (NH-3) NEA,,NHAI,2021-08,2025-06,2025-12,809.51,,220.73,53.54,2025-06,FR_JUNE_2025.pdf
1179,N24002102,,,DELHI-AMRITSAR-KATRA EXPRESSWAY (PHASE-I SPUR-I) FROM JN. WITH KAPURTHALA - SULTANPUR LODHI ROAD (NH,,NHAI,2020-01,2026-04,,2165.23,,180.85,20.50,2025-06,FR_JUNE_2025.pdf
1180,N24000907,,,WIDENING AND PAVED SHOULDER OF TOHANA (IN HARYANA) PUNJAB/HARYANA BORDER TO MOONAK-JAKHAL-BUDHLADA,,MoRTH,2018-03,2020-08,,293.10,,318.24,100.00,2025-06,FR_JUNE_2025.pdf
1181,N24000909,,,JALANDHAR-HOSHIARPUR SECTION OF NH-70 [NEW NH NO. 3] FROM EXISTING KM 11.400 TO KM 49.200,,MoRTH,2017-10,2019-10,,1069.59,,739.08,44.00,2025-06,FR_JUNE_2025.pdf
1182,N24000910,,,REHABILITATION AND UP GRADATION TO 2 LANE WITH PAVED SHOULDER OF NH-703A FROM MAKHU (DESIGN CH 0 000,,MoRTH,2018-03,2020-11,,170.57,,135.00,79.00,2025-06,FR_JUNE_2025.pdf
1183,N04000101,,,CONSTRUCTION OF NEW TERMINAL BUILDING AT JODHPUR AIRPORT,,AAI,2022-05,2024-11,2025-10,480.00,,254.71,77.75,2025-06,FR_JUNE_2025.pdf
1184,N04000104,,,UDAIPUR AIRPORT- CONSTRUCTION OF NEW INTEGRATED PASSENGER TERMINAL BUILDING,,AAI,2023-06,2026-03,,887.00,,312.40,44.61,2025-06,FR_JUNE_2025.pdf
1185,N06000269,,,NLCIL 300 MW SOLAR POWER PROJECT (PART OF 510 MW CPSU SCHEME),,NLC,2023-03,2024-09,,1813.00,,746.26,66.00,2025-06,FR_JUNE_2025.pdf
1186,N16000435,,,NEW MUNDRA-PANIPAT CRUDE OIL PIPELINE,,IOCL,2021-12,2024-10,2025-12,9028.00,,6734.76,82.30,2025-06,FR_JUNE_2025.pdf
1187,N16000512,,,SETTING UP OF PETROCHEMICAL EVACUATION MARKETING TERMINAL (PEMT) AT BARMER,,HPCL,2023-12,2026-12,,461.05,,98.70,47.50,2025-06,FR_JUNE_2025.pdf
1188,N16000513,,,RAJASTHAN REFINERY PROJECT,,HPCLRRL(JV,2017-10,2022-10,2025-03,43129.00,72937.00,58305.57,87.40,2025-06,FR_JUNE_2025.pdf
1189,N16000520,,,CGD PROJECTS AT FAZILKA (EXCEPT AREA ALREADY AUTHORIZED) GANGANAGAR AND HANUMANGARH DISTRICTS,,BPCL,2022-12,2030-06,,3207.00,,324.65,21.90,2025-06,FR_JUNE_2025.pdf
1190,N18000347,,,BHADLA-II 500MW SOLAR PV PROJECT,,NTPC,2022-06,2024-03,2025-09,2598.92,,1815.27,60.00,2025-06,FR_JUNE_2025.pdf
1191,N18000356,,,TRANSMISSION SYSTEM SCHEME FOR EVACUATION OF POWER FROM REZ RAJASTHAN (8.1 GW) UNDER PHASE-II PART,,PGCIL,2023-03,2024-09,,1433.28,,1290.22,91.90,2025-06,FR_JUNE_2025.pdf
1192,N18000368,,,300 MW SOLAR POWER PROJECT UNDER CPSU SCHEME,,NHPC,2022-05,2023-11,,1677.12,,1295.80,92.00,2025-06,FR_JUNE_2025.pdf
1193,N18000373,,,"TS FOR EVACUATION OF POWER FROM REZ IN RAJASTHAN (20GW) UNDER PHASE-III, PART E1",,PGCIL,2023-08,2025-02,,688.74,,564.77,93.00,2025-06,FR_JUNE_2025.pdf
1194,N18000374,,,TS FOR EVACUATION POWER FROM REZ IN RAJASTHAN (20GW) UNDER PHASE-III PART H,,PGCIL,2023-10,2025-04,,2211.00,,1702.27,69.40,2025-06,FR_JUNE_2025.pdf
1195,N18000375,,,TS FOR EVACUATION POWER FROM REZ IN RAJASTHAN (20GW) UNDER PHASE-III PART C1,,PGCIL,2023-10,2025-04,2025-10,1796.00,,1149.44,77.30,2025-06,FR_JUNE_2025.pdf
1196,N18000376,,,TS FOR EVACUATION POWER FROM REZ IN RAJASTHAN (20GW) UNDER PHASE-III PART B1,,PGCIL,2023-09,2025-04,,2191.00,,1511.45,75.70,2025-06,FR_JUNE_2025.pdf
1197,N18000378,,,TS FOR EVACUATION POWER FROM REZ IN RAJASTHAN (20GW) UNDER PHASE-III PART J,,PGCIL,2022-12,2025-03,2026-04,331.00,,18.23,27.00,2025-06,FR_JUNE_2025.pdf
1198,N18000379,,,TS FOR EVACUATION POWER FROM REZ IN RAJASTHAN (20GW) UNDER PHASE-III PART E2,,PGCIL,2023-11,2025-06,,428.00,,85.60,45.00,2025-06,FR_JUNE_2025.pdf
1199,N18000386,,,TS FOR EVACUATION OF POWER FROM RAJASTHAN REZ PH-IV (PART-1) [BIKANER COMPLEX] PART A [BIKANER III N,,PGCIL,2023-12,2025-12,,2998.00,,1439.18,47.10,2025-06,FR_JUNE_2025.pdf
1200,N18000387,,,TS FOR EVACUATION OF POWER FROM RAJASTHAN REZ PH-IV (PART-1) [BIKANER COMPLEX] PART D [NEEMRANA II B,,PGCIL,2023-12,2025-12,,2056.00,,1318.23,53.30,2025-06,FR_JUNE_2025.pdf
1201,N18000389,,,TS FOR EVACUATION OF POWER FROM REZ IN RAJASTHAN (20GW) UNDER PH-III PART D [SIKAR KHETRI TRANSMISSI,,PGCIL,2024-02,2025-08,,2000.00,,1200.00,58.00,2025-06,FR_JUNE_2025.pdf
1202,N18000391,,,TS FOR EVACUATION POWER FROM RAJASTHAN REZ PH-IV (PART-2:5.5GW) PART-B (JAISALMER/BARMER COMPLEX),,PGCIL,2024-08,2026-08,,3279.00,,491.85,18.60,2025-06,FR_JUNE_2025.pdf
1203,N18000393,,,TS FOR EVACUATION POWER FROM RAJASTHAN REZ PH-IV (PART-2:5.5GW) (JAISALMER/BARMER COMPLEX) PART- C,,PGCIL,2024-08,2026-08,,2227.00,,489.94,18.60,2025-06,FR_JUNE_2025.pdf
1204,N18000394,,,TS FOR EVACUATION POWER FROM RAJASTHAN REZ PH-IV (PART-2:5.5GW) (JAISALMER/BARMER COMPLEX) PART- E,,PGCIL,2024-08,2026-08,,3251.00,,650.20,16.20,2025-06,FR_JUNE_2025.pdf
1205,N18000396,,,ADDITIONAL TRANSMISSION SYSTEM FOR EVACUATION OF POWER FROM BHADLA-III PS AS PART OF RAJASTHAN REZ P,,PGCIL,2024-08,2026-02,,369.00,,10.30,3.80,2025-06,FR_JUNE_2025.pdf
1206,N18000397,,,TRANSMISSION SYSTEM STRENGTHENING FOR INTERCONNECTIONS OF BHADLA-III AND BIKANER III COMPLEX [SPV NA,,PGCIL,2024-08,2026-08,,1382.00,,27.60,1.00,2025-06,FR_JUNE_2025.pdf
1207,N18000401,,,TRANSMISSION SYSTEM FOR EVACUATION OF POWER FROM RAJASTHAN REZ PH -IV [PART-2 5.5 GW] [JAISALMER/BAR,,PGCIL,2024-11,2026-11,,2735.00,,27.35,3.80,2025-06,FR_JUNE_2025.pdf
1208,N18000403,,,TRANSMISSION SYSTEM FOR EVACUATION OF POWER FROM RAJASTHAN REZ PH-IV [PART-3 (6GW)] [BIKANER COMPLEX,,PGCIL,2024-11,2026-11,,5969.00,,101.47,,2025-06,FR_JUNE_2025.pdf
1209,N18000404,,,TRANSMISSION SYSTEM FOR EVACUATION OF POWER FROM RAJASTHAN REZ PH-IV [PART-3 (6 GW)] [BIKANER COMPLE,,PGCIL,2024-11,2026-11,,5357.00,,107.14,3.80,2025-06,FR_JUNE_2025.pdf
1210,N18000414,,,RAJASTHAN REZ PH-V (PART-1: 4 GW) [SIROHI/NAGAUR] COMPLEX,,PGCIL,2025-03,2027-03,,5028.00,,20.12,,2025-06,FR_JUNE_2025.pdf
1211,N18000415,,,"AUGMENTATION AT FATEHGARH-II PS, FATEHGARH-IV PS (SECTION-II) AND BARMER-I",,PGCIL,2025-03,2026-12,,404.00,,4.04,,2025-06,FR_JUNE_2025.pdf
1212,N18000418,,,NOKH SOLAR PV PROJECT 735 MW,,NTPC,2022-03,2024-04,2025-07,4189.17,4378.17,213.45,97.00,2025-06,FR_JUNE_2025.pdf
1213,N22000553,,,AGRA FORT-BANDIKUI,,NCR,2022-06,2027-06,2026-05,1389.81,,42.46,12.00,2025-06,FR_JUNE_2025.pdf
1214,N22000593,,,GUDHA THATHANA MITHRI TEST TRACK FOR RDSO,,NWR,2019-04,2025-03,2025-06,528.48,,357.48,98.00,2025-06,FR_JUNE_2025.pdf
1215,N22000594,,,DEDICATED TEST TRACK FOR RDSO (PHASE II),,NWR,2021-11,2026-11,,466.42,,743.91,83.00,2025-06,FR_JUNE_2025.pdf
1216,N22000605,,,DOUBLING BETWEEN CHURU- RATANGARH (42.81 KM),,NWR,2023-02,2028-02,,422.60,,216.78,95.00,2025-06,FR_JUNE_2025.pdf
1217,N22000607,,,SAWAIMADHOPUR - BYPASS LINE (6.98 KM) (UMBRELLA WORK PB#57/2019- 20/NR),,NWR,2022-12,2026-06,2027-05,304.00,239.54,133.73,35.00,2025-06,FR_JUNE_2025.pdf
1218,N22000608,,,GC OF NATHDWARA - DEVGARH MADARIYA (82.5KM),,NWR,2023-01,2028-06,2026-12,968.92,,410.60,42.00,2025-06,FR_JUNE_2025.pdf
1219,N24001527,,,2L+PS FOR WORK OF NH-325 (BALOTRA TO SANDERAO VIA JALORE) BY CONSTRUCTION OF BYPASSES:(1) ASOTRA- BR,,MoRTH,2021-12,2024-05,2025-12,411.40,,219.61,72.00,2025-06,FR_JUNE_2025.pdf
1220,N24001528,,,WIDENING OF PACHPADRA-BAGUNDI SECTION TO 4 LANE FROM KM 73/60 TO 95/70 OF NH-25 ON EPC MODE IN THE,,MoRTH,2022-01,2024-12,2025-08,194.88,,105.69,83.00,2025-06,FR_JUNE_2025.pdf
1221,N24001529,,,44 LANE DIVIDED CARRIAGEWAY OF BARMER BYPASS OF NH-15 (NEW NH- 68) IN THE STATE OF RAJASTHAN ON EPC M,,MoRTH,2021-12,2024-08,2025-05,451.66,,401.78,99.00,2025-06,FR_JUNE_2025.pdf
1222,N24001530,,,UPGRADATION TO TWO LANE PAVED SHOULDER OF KOTHUN-LALSOT- KAROLI-DHOLPUR ROAD NH-23 (OLD NH-11B) IN TH,,MoRTH,2021-12,2024-09,,150.11,,82.83,88.00,2025-06,FR_JUNE_2025.pdf
1223,N24001557,,,4L GREENFIELD SPUR FROM DELHI- VADODARA GREENFIELD EXPRESSWAY NEAR BANDIKUI TO JAIPUR,,NHAI,2022-03,2024-11,2025-08,1636.15,,553.96,99.80,2025-06,FR_JUNE_2025.pdf
1224,N24001558,,,4L OF KARWAR (KM. 281.980 OF NH-62 NAGAUR ROAD) TO DANGIYAVAS OF JODHPUR RING ROAD (PKG-II),,NHAI,2021-11,2024-08,2025-07,736.75,,260.95,97.80,2025-06,FR_JUNE_2025.pdf
1225,N24001559,,,2L PS SRIGANGANAGAR TO RAISINGHNAGAR (DESIGN CHAINAGE - 0.500 KM TO DESIGN CHAINAGE 101.000 KM) (PACK,,NHAI,2021-09,2024-06,2025-04,672.35,,328.24,99.50,2025-06,FR_JUNE_2025.pdf
1226,N24001563,,,DEOGARH (NEAR DHANDHANIYA)- RAJASTHAN/GUJARAT BORDER (PHASE-I) (AJ/DRGB-PACKAGE-6),,NHAI,2019-10,2023-08,2025-07,846.59,,167.92,99.25,2025-06,FR_JUNE_2025.pdf
1227,N24001564,,,DEOGARH (NEAR DHANDHANIYA)- RAJASTHAN/GUJARAT BORDER (PHASE-I) (AJ/DRGB-PACKAGE-7),,NHAI,2019-10,2023-07,2025-07,662.08,,128.28,96.50,2025-06,FR_JUNE_2025.pdf
1228,N24001567,,,DELHI-VADODARA GREENFIELD ALIGNMENT (NH-148N) (PKG-10) (CH. 292.950 TO CH. 319.400) [END OF INTERCHA,,NHAI,2019-11,2022-10,2025-08,1272.97,,527.31,89.63,2025-06,FR_JUNE_2025.pdf
1229,N24001568,,,DELHI-VADODARA GREENFIELD ALIGNMENT (NH-148N) (PKG-14) (CH. 388.420 TO CH. 419.000) [JUNCTION WITH N,,NHAI,2019-11,2023-05,2025-07,1119.35,,1447.44,99.80,2025-06,FR_JUNE_2025.pdf
1230,N24001573,,,DELHI-VADODARA GREENFIELD ALIGNMENT (NH-148N) (PKG-09) (CH. 247.310 TO CH. 292.950) [JUNCTION WITH M,,NHAI,2019-11,2022-12,2025-07,1658.06,,157.42,99.90,2025-06,FR_JUNE_2025.pdf
1231,N24001612,,,DELHI-VADODARA GREENFIELD ALIGNMENT (NH-148N) (PKG-15) (CH. 419.000 TO CH.427.300) [JUNCTION WITH NH,,NHAI,2020-07,2024-01,2025-12,1788.69,,965.50,78.50,2025-06,FR_JUNE_2025.pdf
1232,N24001866,,,"CONSTRUCTION OF TWO LANE WITH PAVED SHOULDER FOR FATEHPUR BYPASS, MANDAWA BYPASS AND JHUNJHUNU BYPAS",,MoRTH,2022-03,2024-08,,186.29,,142.69,90.00,2025-06,FR_JUNE_2025.pdf
1233,N24001867,,,UPGRADATION OF TWO LANE PAVED SHOULDER FROM SHAHPURA TO THANAGAZI OF NH-248A ON EPC MODE IN THE STAT,,MoRTH,2022-03,2024-07,,174.34,,118.08,90.00,2025-06,FR_JUNE_2025.pdf
1234,N24001868,,,Sagwara Bypass and Garhi- Partapur Bypass of NH-927A in the State of Rajasthan.,,MoRTH,2022-03,2025-08,,187.65,,117.57,90.00,2025-06,FR_JUNE_2025.pdf
1235,N24001927,,,UP-GRADATION TO 2 LANE WITH PAVED SHOULDER FROM CHARBHUJA AT DESIGN KM 0.00 (EXISTING KM 150.00) TO,,MoRTH,2022-02,2025-09,,838.43,,455.87,99.00,2025-06,FR_JUNE_2025.pdf
1236,N24001928,,,CONSTRUCTION OF 2 LANE WITH PAVED SHOULDER NORTHERN BYPASS PHASE-II OF KOTA CITY FROM DESIGN CHAINAG,,MoRTH,2022-03,2025-04,,317.74,,136.23,13.00,2025-06,FR_JUNE_2025.pdf
1237,N24002058,,,ADDITIONAL STRUCTURES ON 6LGURGAON-JAIPUR SECTION OF NH- 48 BETWEEN KM 42.700 TO KM 273.00,,NHAI,2022-08,2024-06,2025-07,409.64,,240.90,81.65,2025-06,FR_JUNE_2025.pdf
1238,N24002167,,,UPGRADATION TO 2 LANE WITH PAVED SHOULDER OF HANUMANGARH TO KENCHIYAN OF NH 54 ON EPC MODE IN THE ST,,MoRTH,2024-03,2026-10,,334.64,,128.00,50.00,2025-06,FR_JUNE_2025.pdf
1239,N24002168,,,UPGRADATION TO 2 LANE WITH PAVED SHOULDER FROM NEECHLI ODEN (NATHDWARA) AT DESIGN KM 88.800 TO BHATE,,MoRTH,2023-03,2026-10,,606.61,,118.00,20.00,2025-06,FR_JUNE_2025.pdf
1240,N24000795,,,CONSTRUCTION/ UP-GRATION OF FOUR/TWO LANE WITH PAVED SHOULDER OF NH68 FROM TANOT- RAMGARH BHADASAR-JA,,NHAI,2018-02,2021-04,2025-06,741.86,649.00,663.37,99.99,2025-06,FR_JUNE_2025.pdf
1241,N24001411,,,4L+PS OF NH -58 FROM BEAWAR- GOMTI (OLD CH KM 58.245 TO KM. 108.600) PKG-I.,,MoRTH,2020-12,2023-10,,379.23,,268.62,96.10,2025-06,FR_JUNE_2025.pdf
1242,N04000110,,,PAKYONG AIRPORT- WIDENING OF BASIC STRIP AT WESTERN SIDE OF RUNWAY CHAINAGE 80M TO 920M I/C SLOPE ST,,AAI,2023-11,2026-06,,323.26,,29.68,12.50,2025-06,FR_JUNE_2025.pdf
1243,N44000002,,,"CONSTRUCTION OF SIKKIM UNIVERSITY CAMPUS PHASE-I, PACKAGE -II AT YANGANG SOUTH SIKKIM",,Sikkim Universi,2020-08,2025-01,,314.06,,157.24,80.00,2025-06,FR_JUNE_2025.pdf
1244,N18000325,,,TEESTA VI HE PROJECT,,NHPC,2019-03,2024-03,,5748.04,,4424.21,68.17,2025-06,FR_JUNE_2025.pdf
1245,N18000326,,,RANGIT IV HE PROJECT,,NHPC,2021-03,2024-05,,938.29,,1524.17,89.45,2025-06,FR_JUNE_2025.pdf
1246,N22000102,,,"SEVOK RANGPO, NEFR",,NFR,2008-04,2015-05,2027-12,7876.92,11963.43,8743.57,79.50,2025-06,FR_JUNE_2025.pdf
1247,N24001442,,,CONSTRUCTION OF 2-LANE WITH PAVED SHOULDER GANGTOK BYPASS ROAD FROM RANIPOOL TO BURTUK (L=23.316KM),,MoRTH,2021-10,2024-05,2026-03,385.15,,175.16,83.30,2025-06,FR_JUNE_2025.pdf
1248,N24000767,,,CONSTRUCTION OF 2-LANE WITH PAVED SHOULDER INCLUDING GEOMETRIC IMPROVEMENT FROM KM 0.000 TO KM 16.00,,NHIDCL,2017-03,2022-04,2022-05,375.80,,288.56,96.55,2025-06,FR_JUNE_2025.pdf
1249,N24001251,,,CONSTUCTION/UPGRADATION OF EXISTING HIGHWAY TO 2 LANE WITH PAVED SHOULDER FROM KM 0.00 TO KM 13.00 N,,NHIDCL,2019-03,2022-04,,402.94,,247.12,76.54,2025-06,FR_JUNE_2025.pdf
1250,N24001252,,,CONSTUCTION/UPGRADATION OF EXISTING HIGHWAY TO 2 LANE WITH PAVED SHOULDER FROM KM 13.00 TO KM 25.600,,NHIDCL,2020-08,2023-04,2024-11,295.97,,249.97,95.71,2025-06,FR_JUNE_2025.pdf
1251,N24001261,,,CONSTRUCTION AND UPGRADATION OFEXISTINGROAD TO 2-LANE WITH PAVED SHOULDER INCLUDING GEOMETRIC IMPROV,,NHIDCL,2020-08,2023-04,,311.00,,257.86,95.12,2025-06,FR_JUNE_2025.pdf
1252,N24001262,,,CONSTRUCTION AND UPGRADATION OFEXISTINGROAD TO 2-LANE WITH PAVED SHOULDER INCLUDING GEOMETRIC IMPROV,,NHIDCL,2020-07,2023-04,2024-08,345.38,395.59,362.61,89.81,2025-06,FR_JUNE_2025.pdf
1253,N24001322,,,CONSTRUCTION OF 2-LANE ROAD WITH PAVED SHOULDER (GREENFIELD ALIGNMENT) OF EXISTING STRETCH BETWEEN L,,NHIDCL,2020-09,2022-05,2023-10,183.31,439.56,355.31,51.85,2025-06,FR_JUNE_2025.pdf
1254,N24001325,,,CONSTRUCTION OF 2-LANE SPECIFICATION ROAD WITH PAVED SHOULDER AS REALIGNMENT (GREENFIELD ALIGNMENT),,NHIDCL,2020-09,2023-05,2024-08,262.84,414.20,221.86,49.20,2025-06,FR_JUNE_2025.pdf
1255,N24001327,,,REHABILITATION AND UPGRADATION OF EXISTING ROAD TO 2-LANE WITH PAVED SHOULDER INCLUDING GEOMETRIC IM,,NHIDCL,2020-08,2022-05,2023-10,292.80,,202.92,61.41,2025-06,FR_JUNE_2025.pdf
1256,N24001336,,,CONSTRUCTION AND UPGRADATION OF EXISTING ROAD TO 2-LANE WITH PAVED SHOULDER FROM KM27.200 (END OF RO,,NHIDCL,2020-08,2023-04,2024-10,230.45,244.91,206.95,82.80,2025-06,FR_JUNE_2025.pdf
1257,N24001337,,,CONSTRUCTION AND UPGRADATION OF EXISTING ROAD TO 2-LANE WITH PAVED SHOULDER FROM NEW ROLEP BRIDGE AT,,NHIDCL,2020-10,2023-11,2025-07,493.42,478.79,308.18,59.49,2025-06,FR_JUNE_2025.pdf
1258,N24001338,,,CONSTRUCTION OF 2-LANE WITH PAVED SHOULDER OF NEW GREEN FIELD ALIGNMENT FROM CHOCHENPHERI AT KM 52.0,,NHIDCL,2020-10,2023-12,2025-06,816.79,786.60,332.24,45.90,2025-06,FR_JUNE_2025.pdf
1259,N24001362,,,RISHI BORDER- ROLEP- MENLA PKG- 3B,,NHIDCL,2020-12,2024-02,2025-12,410.60,379.30,238.13,74.82,2025-06,FR_JUNE_2025.pdf
1260,N04000074,,,"MODERNIZATION OF CHENNAI AIRPORT PHASE II, CHENNAI",,AAI,2018-06,2022-02,2026-06,2467.00,,1620.03,71.65,2025-06,FR_JUNE_2025.pdf
1261,N04000090,,,DEVELOPMENT OF TUTICORIN AIRPORT,,AAI,2019-06,2022-03,2025-04,380.87,451.74,362.06,100.00,2025-06,FR_JUNE_2025.pdf
1262,N06000259,,,JAWAHAR KHANI OPENCAST (JK OC) MINE,,SCCL,2021-12,2025-03,,297.88,,46.37,20.00,2025-06,FR_JUNE_2025.pdf
1263,N06000279,,,50 MW SOLAR POWER PROJECT - NEYVELI MINED OUT AREA,,NLC,2023-05,2025-06,2025-11,218.03,,148.89,40.00,2025-06,FR_JUNE_2025.pdf
1264,N28000109,,,CONSTRUCTION OF 726 Nos RESIDENTIAL QUARTERS CHENNAI,,CPWD FOR FINANC,2017-11,2021-11,,348.77,,223.39,100.00,2025-06,FR_JUNE_2025.pdf
1265,N10000014,,,25.5 MW WIND POWER PROJECT AT KAYATHAR IN TAMILNADU,,NALCO,2017-09,2019-06,2025-12,166.62,163.17,135.63,65.00,2025-06,FR_JUNE_2025.pdf
1266,N16000234,,,IRUGUR-DEVANGONTHI POL PIPELINE,,BPCL,2012-11,2017-02,2025-10,678.00,1732.00,642.76,64.10,2025-06,FR_JUNE_2025.pdf
1267,N16000434,,,CBR 9 MMTPA PROJECT,,CPCL,2021-01,2025-06,,31580.00,31580.00,1326.17,10.20,2025-06,FR_JUNE_2025.pdf
1268,N16000438,,,"GRASS ROOT POL TERMINAL AT VALLUR, CHENNAI",,IOCL,2022-01,2024-07,2025-06,827.00,887.71,580.94,85.90,2025-06,FR_JUNE_2025.pdf
1269,N16000455,,,LAYING OF POL PIPELINES IN COMMON CORRIDOR FOR PROPOSED GRASS ROOT TERMINAL AT VALLUR (CHENNAI),,IOCL,2022-01,2024-07,2026-05,829.00,,259.48,60.16,2025-06,FR_JUNE_2025.pdf
1270,N16000486,,,CGD PROJECT AT DHARMAPURI AND KRISHNAGIRI DISTRICTS,,IOCL,2022-03,2030-03,,501.00,,112.66,5.30,2025-06,FR_JUNE_2025.pdf
1271,N16000521,,,CGD PROJECTS AT THE NILGIRIS AND ERODE DISTRICTS,,BPCL,2022-12,2030-03,,3685.00,,213.89,11.20,2025-06,FR_JUNE_2025.pdf
1272,N18000408,,,TRANSMISSION SYSTEM UNDER ISTS FOR EVACUATION OF POWER FROM KUDANKULAM UNIT - 3 AND 4 (2X1000 MW),,PGCIL,2025-01,2028-07,,548.00,,9.32,2.50,2025-06,FR_JUNE_2025.pdf
1273,N22000028,,,"EXTENSION OF MRTS FROM VELACHERY TO STN. THOMAS, MTP",,MRTP,2006-04,2024-07,2025-08,734.01,981.83,640.43,98.00,2025-06,FR_JUNE_2025.pdf
1274,N22000085,,,TIDIVANAM-NAGARI (NL),,SR,2006-09,2016-09,2028-03,3631.34,3631.34,873.31,15.00,2025-06,FR_JUNE_2025.pdf
1275,N22000568,,,CHENNAI BEACH-CHENNAI EGMORE (4.3 KM) (UMBRELLA WORK PB#57/2019- 20/NR),,SR,2022-03,2026-03,2025-02,359.60,274.20,305.93,95.00,2025-06,FR_JUNE_2025.pdf
1276,N22000618,,,MORAPPUR-DHARMAPURI,,SR,2019-02,2028-03,2028-03,358.95,,40.09,,2025-06,FR_JUNE_2025.pdf
1277,N22000626,,,NAGAPATTINAM THIRUTURAIPUNDI (38KM)- NEW LINE PROJECT,,SR,2008-07,2026-03,2027-03,677.12,,146.95,20.00,2025-06,FR_JUNE_2025.pdf
1278,N24001429,,,FOUR LANING OF PUDUCHERRY (KM.29/000) TO POONDIYANKUPPAM (KM.67/000) SECTION OF NH-45A ON HAM UNDER,,NHAI,2018-03,2021-11,2025-07,1294.47,1588.40,867.34,98.72,2025-06,FR_JUNE_2025.pdf
1279,N24001431,,,FOUR LANING OF SATTANATHAPURAM (KM.123/800) TO NAGAPATTINAM (KM.179/555) SECTION OF NH-45A ON HAM UN,,NHAI,2018-03,2020-10,2026-01,1872.68,2899.77,1341.26,65.00,2025-06,FR_JUNE_2025.pdf
1280,N24001455,,,CONSTRUCTION OF 4 LANE WITH PAVED SHOULDERS THIRUVAYARU BYPASS IN BETWEEN EXISTING KM.55/926 TO 62/6,,MoRTH,2022-02,2022-08,,191.33,207.97,100.42,100.00,2025-06,FR_JUNE_2025.pdf
1281,N24001601,,,4-LANING OF KAMALAPURAM - ODDANCHATRAM SECTION OF NH-209,,NHAI,2019-01,2023-01,2025-11,1051.69,,589.46,81.87,2025-06,FR_JUNE_2025.pdf
1282,N24001602,,,4-LANING OF MADATHUKULAM - POLLACHI SECTION OF NH-209 (NEW NH-83),,NHAI,2019-01,2022-12,2025-11,1409.38,,660.29,91.20,2025-06,FR_JUNE_2025.pdf
1283,N24001605,,,"4-LANING OF MELUR - PILLAYARPATTI - KARAIKUDI SECTION OF NH-338, NH- 36, NH-383",,NHAI,2018-06,2022-03,,1103.86,,568.15,87.00,2025-06,FR_JUNE_2025.pdf
1284,N24001606,,,4-LANING OF VADIPPATTI - THAMARAIPATTI SECTION OF NH-744A (MADURAI RING ROAD),,NHAI,2018-12,2022-03,2025-09,854.94,,400.13,80.30,2025-06,FR_JUNE_2025.pdf
1285,N24001692,,,BALANCE WORKS OF FOUR LANE FROM KM 43+950 (THIRUVALLUR BYPASS) TO KM 61+470 (VEPPAMPATTU BYPASS) PAS,,NHAI,2022-01,2024-09,2025-02,467.99,,113.05,84.34,2025-06,FR_JUNE_2025.pdf
1286,N24001693,,,FOUR LANING OF NERALURU TO THORAPALLI AGRAHARAM SECTION OF NH-844 (PKG-I) FROM KM.0+000 TO KM.23+350,,NHAI,2021-09,2024-10,,1751.18,,49.69,,2025-06,FR_JUNE_2025.pdf
1287,N24001694,,,FOUR LANING OF THORAPALLI AGRAHARAM TO JITTANDAHALLI SECTION OF NH-844 (PKG-II) FROM KM.23+350 TO KM,,NHAI,2019-02,2023-12,2024-12,1243.57,,171.63,,2025-06,FR_JUNE_2025.pdf
1288,N24001696,,,FOUR LANING OF JITTANDAHALLI TO DHARMAPURI SECTION OF NH-844 (PKG-III) FROM KM.60+100 TO KM.94+460,,NHAI,2019-02,2023-08,2024-12,1291.37,,215.02,,2025-06,FR_JUNE_2025.pdf
1289,N24001716,,,THOPPUR METTUR BHAVANI ERODE SECTION OF NH 544H FOR A LENGTH OF 85 KM,,NHAI,2022-07,2023-08,2024-12,186.50,242.40,34.33,100.00,2025-06,FR_JUNE_2025.pdf
1290,N24001717,,,BANGALORE CHENNAI EXPRESSWAY PHASE-III PACKAGE III (ARAKKONAM TO KANCHEEPURAM) FROM KM 204.500 TO K,,NHAI,2020-11,2024-08,,1155.49,1525.10,489.94,53.56,2025-06,FR_JUNE_2025.pdf
1291,N24001718,,,BANGALORE CHENNAI EXPRESSWAY PHASE-III PACKAGE II (WALAJAHPET TO ARAKKONAM) FROM KM 180.000 TO KM 2,,NHAI,2020-12,2024-07,,843.48,1077.40,434.49,91.26,2025-06,FR_JUNE_2025.pdf
1292,N24001719,,,4L BANGALORE-CHENNAI EXPRESSWAY FROM KM. 230.000 TO KM. 261.705 OF KANCHEPURAM TO SRIPERUMBUDUR SECT,,NHAI,2021-02,2024-07,,2948.31,3605.73,820.23,78.11,2025-06,FR_JUNE_2025.pdf
1293,N24001720,,,BANGALORE CHENNAI EXPRESSWAY PHASE-III ? PACKAGE I (GUDIPALA TO WALAJAJHPET) FROM KM 156.000 TO KM 1,,NHAI,2020-10,2024-05,,1023.91,1438.62,635.04,86.22,2025-06,FR_JUNE_2025.pdf
1294,N24001721,,,FOUR LANING OF MAMALLAPURAM TO MUGAIYUR SECTION OF NH332A FROM KM 0.000 TO KM 31.000,,NHAI,2019-02,2024-05,2025-08,1008.99,1360.53,324.81,50.33,2025-06,FR_JUNE_2025.pdf
1295,N24001722,,,6L OF MADURAVOYAL TO SRIPERUMBUDUR SECTION FROM KM. 13.800 TO KM. 37.000 OF NH-4 THROUGH STATE HIGH,,NHAI,2021-11,2023-02,,463.44,463.07,334.80,99.00,2025-06,FR_JUNE_2025.pdf
1296,N24001723,,,KARAIPETTAI TO WALAJAPET FROM KM 71.015 TO 107.091,,NHAI,2018-10,2021-02,,707.90,766.51,542.69,91.00,2025-06,FR_JUNE_2025.pdf
1297,N24001725,,,6L OF SRIPERUMBUDUR TO KARAIPETTAI FROM KM 37.000 TO KM 71.015 OF NH 48,,NHAI,2019-01,2021-05,,819.89,1314.82,419.84,57.32,2025-06,FR_JUNE_2025.pdf
1298,N24001828,,,CONSTRUCTION OF BYPASS TO GUDIYATHAM TOWN IN KM 23/100 ? 29/250 INCLUDING LA AND SHIFTING OF NH-234,,MoRTH,2022-01,2024-11,,221.03,243.95,176.50,100.00,2025-06,FR_JUNE_2025.pdf
1299,N24001829,,,FOUR LANING OF OTTANCHATRAM TO PALANI SECTION FROM KM 30/700 TO KM 55/000 OF NH 209(NEW NH-83) INCLU,,MoRTH,2022-10,2024-11,,172.15,,163.82,100.00,2025-06,FR_JUNE_2025.pdf
1300,N24001968,,,CONSTRUCTION OF STRR (WEST SIDE)-NH948A-BALAGONDAPALLI (TAMIL NADU) TO KARNATAKA/TAMIL NADU BORDER F,,NHAI,2022-04,2025-05,,1260.74,,487.46,44.95,2025-06,FR_JUNE_2025.pdf
1301,N24002084,,,4L OF THIRUMANGALAM TO VADUGAPATTI SECTION FROM KM 0.000 TO KM 36.000 OF NH-744,,NHAI,2022-03,2025-02,,1076.97,,540.46,87.42,2025-06,FR_JUNE_2025.pdf
1302,N24002107,,,CONSTRUCTION OF NEW DOUBLE TIER 4 LANE ELEVATED CORRIDOR FROM CHENNAI PORT TO MADURAVOYAL IN CHENNAI,,NHAI,2023-03,2026-05,,1382.00,,0.00,,2025-06,FR_JUNE_2025.pdf
1303,N24002108,,,CONSTRUCTION OF NEW DOUBLE TIER 4L ELEVATED CORRIDOR FROM CHENNAI PORT TO MADURAVOYAL IN CHENNAI DIS,,NHAI,2023-03,2026-05,,1618.96,,0.00,,2025-06,FR_JUNE_2025.pdf
1304,N24002109,,,CONSTRUCTION OF NEW DOUBLE TIER 4L ELEVATED CORRIDOR FROM CHENNAI PORT TO MADURAVOYAL IN CHENNAI DIS,,NHAI,2023-03,2026-05,,1301.37,,0.00,,2025-06,FR_JUNE_2025.pdf
1305,N24002110,,,CONSTRUCTION OF NEW DOUBLE TIER 4L ELEVATED CORRIDOR FROM CHENNAI PORT TO MADURAVOYAL IN CHENNAI DIS,,NHAI,2023-03,2026-05,,1207.40,,0.00,,2025-06,FR_JUNE_2025.pdf
1306,N24002111,,,FOUR LANING OF MUGAIYUR TO MARAKKANAM SECTION OF NH-332A FROM KM 31.000 TO KM 62.000,,NHAI,2019-02,2025-12,2026-05,825.94,1116.13,344.92,40.55,2025-06,FR_JUNE_2025.pdf
1307,N24002112,,,SIX LANING OF TUTICORIN PORT ROAD SECTION OF NH-7A (NEW NH- 138) FROM KM 0.000 TO KM 6.140 [EFFECTIVE,,NHAI,2023-03,2024-07,,200.30,,113.71,93.11,2025-06,FR_JUNE_2025.pdf
1308,N24002113,,,4L OF LEFT-OVER WORKS INCLUDING ADDITIONAL STRUCTURES FROM KERALA/TAMIL NADU BORDER TO KANYAKUMARI S,,NHAI,2023-03,2025-08,,1141.78,,466.20,47.86,2025-06,FR_JUNE_2025.pdf
1309,N24002114,,,4L OF VADUGAPATTI TO THERKUVENGANALLUR (RAJAPALYAM) SECTION FROM KM 36.000 TO KM 71.600 OF NH744 UND,,NHAI,2022-02,2025-04,,1097.59,,705.17,97.80,2025-06,FR_JUNE_2025.pdf
1310,N24002151,,,WIDENING TO 4L/4L+PS AND STRENGTHENING IN SELECTED STRETCHES FROM KM 0/8 TO 50/570 OF NH 532 INCLUD,,MoRTH,2022-03,2024-01,,257.14,294.70,277.57,90.00,2025-06,FR_JUNE_2025.pdf
1311,N24002152,,,WIDENING FROM 2L+PS TO 4L/4L+PS AND IMPROVEMENTS THE SELECTED STRETHCES FROM KM 26/5 - 81/2 INCLU,,MoRTH,2023-03,2023-11,,274.84,,265.83,100.00,2025-06,FR_JUNE_2025.pdf
1312,N24002153,,,"STRENGTHENING OF 2L+PS FROM KM 17/8 ? 18/2, CONSTRUCTION OF 2L+PS FROM KM 18/2 TO KM 20/0 AND CONSTR",,MoRTH,2023-03,2024-02,,169.68,,145.29,100.00,2025-06,FR_JUNE_2025.pdf
1313,N24002165,,,CONSTRUCTION OF BYPASS TO MADURAI - ACHAMBATHU - VIRATIPATHU IN KM 6/850 - 10/382 OF NH 49 EXTN. (NE,,MoRTH,2022-03,2026-08,,238.97,260.07,118.00,50.00,2025-06,FR_JUNE_2025.pdf
1314,N24002216,,,ACCESS CONTROLLED HIGHWAY OF 4 LANE WITH PAVED SHOULDERS FROM TIRUVALLUR (DESIGN CHAINAGE KM 17+56),,NHAI,2024-12,2026-12,,1376.10,,39.00,8.74,2025-06,FR_JUNE_2025.pdf
1315,N24000697,,,FOUR LANNING OF CHOLOPURAM- THANJAVUR,,NHAI,2017-08,2020-09,,1176.37,,1325.06,99.50,2025-06,FR_JUNE_2025.pdf
1316,N24000708,,,4-LANNING OF STHIYATHOPU- CHOLOPURAM,,NHAI,2017-09,2020-08,2025-07,1227.87,,1436.16,99.50,2025-06,FR_JUNE_2025.pdf
1317,N24000826,,,FOUR LANINIG OF CHETTIKULAM TO NATHAM SECTION OF NH-785 FROM CHETTIKULUM (KM 7.300) TO NATHAM (KM. 3,,NHAI,2018-03,2022-10,2025-07,505.35,,376.61,99.75,2025-06,FR_JUNE_2025.pdf
1318,N06000161,,,KAKATIYAKHANI OPENCAST III PROJECT PHASE-1,,SCCL,2017-03,2022-03,,413.84,,397.54,85.00,2025-06,FR_JUNE_2025.pdf
1319,N06000202,,,GODAVARIKHANI COAL MINE,,SCCL,2019-07,2023-03,,438.98,,178.21,70.00,2025-06,FR_JUNE_2025.pdf
1320,N06000204,,,VENKATESH KHANI COAL MINE,,SCCL,2020-10,2023-03,,484.51,,318.12,55.00,2025-06,FR_JUNE_2025.pdf
1321,N06000210,,,RCE OF RAMAGUNDAM OPENCAST II EXTENSION PROJECT,,SCCL,2015-11,2023-03,,489.62,,405.54,70.00,2025-06,FR_JUNE_2025.pdf
1322,N06000211,,,RCE OF INDARAM OPENCAST PROJECT,,SCCL,2017-08,2021-03,,349.28,,402.64,80.00,2025-06,FR_JUNE_2025.pdf
1323,N06000213,,,RCE OF KALYANIKHANI OPENCAST PROJECT,,SCCL,2016-03,2020-03,,384.32,,265.53,75.00,2025-06,FR_JUNE_2025.pdf
1324,N06000214,,,RCE OF KAKATHIYAKHANI OC - 2 PROJECT,,SCCL,2017-08,2020-03,,442.42,,203.14,63.00,2025-06,FR_JUNE_2025.pdf
1325,N06000258,,,GOLETI OPENCAST MINE,,SCCL,2021-07,2026-03,,345.60,,72.09,20.00,2025-06,FR_JUNE_2025.pdf
1326,N28000098,,,ESTABLISHMENT OF NATIONAL ANIMAL RESOURCE FACILITY FOR BIOMEDICAL RESEARCH AT HYDERABAD,,CPWD FOR HEALTH,2016-10,2020-03,2025-01,209.84,281.05,253.64,98.50,2025-06,FR_JUNE_2025.pdf
1327,N21000031,,,"COMPREHENSIVE PLANNING, DESIGNING, EXECUTION OF ALL INDIA INSTITUTE OF MEDICAL SCIENCES AT BIBINAGAR",,HITES,2018-12,2024-07,,1110.55,,753.76,83.07,2025-06,FR_JUNE_2025.pdf
1328,N22000032,,,MANOHARABAD-KOTHPALL NEW LINE(SCR),,SCR,2006-04,2027-03,,1160.00,,1568.57,,2025-06,FR_JUNE_2025.pdf
1329,N24001482,,,KHAMMAM-DEVARAPALLE PKG I [4L ACCESS CONTROLLED (GREENFIELD) FROM THALLAMPADU VILLAGE TO SOMAVARAM,,NHAI,2022-08,2024-10,2022-08,772.11,,558.24,80.51,2025-06,FR_JUNE_2025.pdf
1330,N24001483,,,KHAMMAM DEVARAPALLE PKG II 4L ACCESS CONTROLLED (GREENFIELD) FROM SOMAVARAM VILLAGE TO CHINTAGUDEM V,,NHAI,2022-02,2024-09,2022-02,637.11,,415.98,85.40,2025-06,FR_JUNE_2025.pdf
1331,N24001484,,,KHAMMAM-DEVARAPALLE PKG III [4L ACCESS CONTROLLED (GREENFIELD) FROM CHINTAGUDEM VILLAGE TO RECHERLA,,NHAI,2022-09,2024-02,2022-09,804.69,,514.29,91.20,2025-06,FR_JUNE_2025.pdf
1332,N24001522,,,4L OF KODAD (DESIGN KM 0.00/EXISTING KM 185.00 OF NH-65) TO KHAMMAM (DESIGN KM 31.800/EXISTING KM 29,,NHAI,2021-01,2024-01,2021-01,1307.95,,727.42,99.98,2025-06,FR_JUNE_2025.pdf
1333,N24001555,,,"6 LANING OF EXISTING 4-LANE STRETCH FROM KALKALLU AT KM.454+000 TO GUNDLA POCHAMPALLY AT KM.471+000,",,NHAI,2022-03,2025-01,,955.49,,233.46,35.96,2025-06,FR_JUNE_2025.pdf
1334,N24001556,,,6L OF EXISTING 4L FROM GUNDLAPOCHAMPALLY TO BOWENPALLY FROM KM 471.300 TO KM 481.331 OF NH-44,,NHAI,2021-12,2024-07,,521.53,,250.70,49.63,2025-06,FR_JUNE_2025.pdf
1335,N24001625,,,6L ACCESS CONTROLLED GREENFIELD HIGHWAY OF JULEKAL VILLAGE TO DINNEDEVARAPADU VILLAGE FROM KM 242.20,,NHAI,2022-01,2025-01,,1227.57,,288.58,45.65,2025-06,FR_JUNE_2025.pdf
1336,N24001626,,,6L ACCESS CONTROLLED GREENFIELD HIGHWAY OF NANDINNE VILLAGE TO JULEKAL VILLAGE FROM KM 202.900 TO KM,,NHAI,2022-02,2025-01,,972.06,,408.48,70.26,2025-06,FR_JUNE_2025.pdf
1337,N24002000,,,WIDENING AND STRENGTHENING OF EXISTING 2 LANE WITH PAVED SHOULDER TO 4 LANE WITH PAVED SHOULDER FRO,,MoRTH,2021-03,2024-07,,317.19,,178.64,72.00,2025-06,FR_JUNE_2025.pdf
1338,N24002001,,,WIDENING TO 2 LANE WITH PAVED SHOULDERS OF MEDAK - SIDDIPET SECTION FROM KM 0/0 TO KM 69/978 OF NH-,,MoRTH,2022-01,2025-01,,882.18,,376.66,73.14,2025-06,FR_JUNE_2025.pdf
1339,N24002002,,,WIDENING AND IMPROVEMENT OF EXISTING CARRIAGE WAY TO 2 LANE WITH PAVED SHOULDERS FROM KM. 86/160 TO,,MoRTH,2022-01,2024-12,,423.48,,166.39,71.65,2025-06,FR_JUNE_2025.pdf
1340,N24002003,,,REHABILITATION AND UP-GRADATION OF VALIGONDA TO THORRUR SECTION TO TWO LANE WITH PAVED SHOULDERS FRO,,MoRTH,2022-01,2024-12,,549.28,,257.89,74.75,2025-06,FR_JUNE_2025.pdf
1341,N24002004,,,REHABILITATION AND UPGRADATION OF LB-NAGAR TO MALKAPUR SECTION TO 6-LANE MAIN CARRIAGEWAY WITH SERVI,,MoRTH,2021-03,2024-07,,545.11,,198.03,76.64,2025-06,FR_JUNE_2025.pdf
1342,N24002005,,,WIDENING TO TWO LANE WITH PAVED SHOULDERS OF 'BODHAN BASAR BHAINSA ' SECTION FROM KM 38/900 TO 95/3,,MoRTH,2022-03,2025-03,,644.45,,221.65,93.60,2025-06,FR_JUNE_2025.pdf
1343,N24002006,,,"ONSTRUCTION OF 4-LANE FLYOVER AT AMBERPET-X ROAD, HYDERABAD ON NH-202 IN THE STATE OF TELANGANA",,MoRTH,2017-10,2023-06,,186.71,,149.64,92.10,2025-06,FR_JUNE_2025.pdf
1344,N24002007,,,WIDENING TO TWO LANE WITH PAVED SHOULDERS FROM KM 0/000 TO KM 79/300 OF KALWAKURTHY - KOLLAPUR SECTI,,MoRTH,2022-03,2025-07,,886.69,,252.22,67.94,2025-06,FR_JUNE_2025.pdf
1345,N24002008,,,WIDENING TO 2 LANE WITH PAVED SHOULDERS OF SIDDIPET- ELKATHURTHY SECTION FROM KM 69/978 TO KM 133/6,,MoRTH,2022-01,2024-12,,578.85,,292.69,82.05,2025-06,FR_JUNE_2025.pdf
1346,N24002009,,,WIDENING AND STRENGTHENING TO 2/4 LANE WITH PAVED SHOULDERS OF MAHABUBNAGAR ? CHINCHOLI SECTION FROM,,MoRTH,2022-01,2025-01,,703.68,,210.72,76.45,2025-06,FR_JUNE_2025.pdf
1347,N24002010,,,WIDENING AND STRENGTHENING TO 4 LANE / 2-LANE WITH PAVED SHOULDERS OF MAHABUBNAGAR- CHINCHOLI SECTION,,MoRTH,2022-03,2024-03,,631.49,,75.33,28.98,2025-06,FR_JUNE_2025.pdf
1348,N24002082,,,IMPROVEMENT OF GEOMETRICS OF THONDUPALLY TO KOTHUR FROM KM 22.300 TO KM 34.14 OF NH-44-RCW,,NHAI,2022-02,2024-09,,541.58,,34.98,,2025-06,FR_JUNE_2025.pdf
1349,N24002083,,,FOUR LANING OF KARIMNAGAR- WARANGAL SECTION OF NH-563 FROM DESIGN CH.48.860 KM NEAR SH-1 CH.170.400 K,,NHAI,2022-03,2025-07,,2146.86,2413.00,999.54,72.35,2025-06,FR_JUNE_2025.pdf
1350,N24002190,,,CONSTRUCTION OF 4-LANE ACCESS CONTROLLED GREENFIELD HIGHWAY SECTION ON NH-163G (KHAMMAM- VIJAYAWADA),,NHAI,2023-03,2026-08,,983.00,,0.00,8.50,2025-06,FR_JUNE_2025.pdf
1351,N24002236,,,CONSTRUCTION OF 4-LANE ACCESS CONTROLLED GREENFIELD HIGHWAY SECTION ON NH-163G (KHAMMAM - VIJAYAWADA,,NHAI,2023-03,2025-03,,832.62,,0.00,,2025-06,FR_JUNE_2025.pdf
1352,N24000245,,,REHABILITATION AND UPGRADATION OF NH -565 FROM KM 1.00 TO 86.057 (NAKREKAL TO NAGARJUNSAGAR DAM SECT,,MoRTH,2014-01,2016-03,2019-09,270.00,,0.00,72.15,2025-06,FR_JUNE_2025.pdf
1353,N24000247,,,REHABILITATION AND UPGRADATION OF NH-221 FROM KM 121/0 TO 165/00 (OF VIJAYAWADA-JAGDALPUR RUDRAMPUR,,MoRTH,2014-10,2017-02,,295.47,,224.42,82.76,2025-06,FR_JUNE_2025.pdf
1354,N24000248,,,EPC- CORRIDOR APPROACH WORKS - NH (O): WIDENING EXISTING 2 LANE TO 2 LANE WITH PAVED SHOULDERS IN KM,,MoRTH,2015-03,2017-01,,153.21,,100.96,93.20,2025-06,FR_JUNE_2025.pdf
1355,N24000980,,,WIDEINING TO TWO/FOUR LANE WITH PAVED SHOULDERS FROM EXISTING KM 182.120 TO KM 227.600 OF NH-167 ON,,MoRTH,2016-10,2019-02,,298.32,,178.47,,2025-06,FR_JUNE_2025.pdf
1356,N24000981,,,WIDEINING TO TWO/FOUR LANE WITH PAVED SHOULDERS FROM EXISTING KM 180.60 TO KM 223.00 OF NH-63 ON NIZ,,MoRTH,2016-10,2019-03,,248.83,,173.79,,2025-06,FR_JUNE_2025.pdf
1357,N24000982,,,WIDENING TO TWO LANE WITH PAVED SHOULDERS FROM KM 40/410 TO KM 84/037OF THIRUMALAGIRI TO SURYAPET SE,,MoRTH,2017-01,2019-05,,244.54,,174.35,99.96,2025-06,FR_JUNE_2025.pdf
1358,N24000983,,,WIDENING TO TWO LANE WITH PAVED SHOULDERS FROM KM 0/970 TO KM 40/410 OF JANAGAON-THIRUMALAGIRI OF NH,,MoRTH,2017-01,2019-10,,196.52,,125.53,92.74,2025-06,FR_JUNE_2025.pdf
1359,N24000984,,,WIDENING TO TWO LANE WITH PAVED SHOULDERS FROM KM 15.525 TO KM 62.880 OF JADCHERLA-KALWAKURTHY SECTI,,MoRTH,2017-01,2019-12,,283.00,,259.15,99.32,2025-06,FR_JUNE_2025.pdf
1360,N24000986,,,WIDENING TO TWO LANE WITH PAVED SHOULDERS FROM KM 67.00 TO 114.425 OF KALWAKURTHY- MALLEPALLY SECTION,,MoRTH,2017-01,2019-05,,300.00,,239.93,99.09,2025-06,FR_JUNE_2025.pdf
1361,N24000987,,,6 LANING FROM KM 9.90 TO KM 19.948 (ARAMGARH-SAMSHABAD SECTION) OF HYDERABAD-SAMSHABAD SECTION OF NH,,MoRTH,2018-01,2020-05,,283.15,,270.01,92.62,2025-06,FR_JUNE_2025.pdf
1362,N24000988,,,WIDENING AND STRENGTHENING OF EXISTING 2-LANE TO 2-LANE WITH PAVED SHOULDERS FROM KM.159/0 TO 165/4,,MoRTH,2018-01,2019-12,,230.03,,231.31,100.00,2025-06,FR_JUNE_2025.pdf
1363,N24000989,,,WIDENING AND STRENGTHENING OF EXISTING CARRIAGEWAY IN 2 LANE WITH PAVED SHOULDERS FROM KM.25/0 TO 59,,MoRTH,2018-02,2020-06,,206.13,,190.94,98.56,2025-06,FR_JUNE_2025.pdf
1364,N24000990,,,REHABILITATION AND UPGRADATION OF NH-167 FROM DESIGN KM.113.900 TO 154.479 (MALLEPALLY - HALIYA SECT,,MoRTH,2018-02,2019-11,,294.13,,198.75,90.10,2025-06,FR_JUNE_2025.pdf
1365,N24000993,,,REHABILITATION AND UPGRADATION OF NH-167 FROM DESIGN KM.187.723 TO 234.434 (MIRYALAGUDA TO KODAD SEC,,MoRTH,2018-03,2020-09,,322.81,,315.23,98.14,2025-06,FR_JUNE_2025.pdf
1366,N24000994,,,CONSTRUCTION OF SIX LANE ELEVATED CORRIDOR FROM KM.7.950 (UPPAL) TO KM.14.200 OF NH-163 TO DE-CONGES,,MoRTH,2018-03,2020-07,,626.76,,272.64,46.00,2025-06,FR_JUNE_2025.pdf
1367,N24000996,,,REHABILITATION AND UP-GRADATION TO TWO LANE WITH PAVED SHOULDERS FROM KM 0/0 TO 72/6 OF NH-365 (NAKR,,MoRTH,2017-01,2019-10,,605.08,,413.37,99.90,2025-06,FR_JUNE_2025.pdf
1368,N24000997,,,REHABILITATION AND UP GRADATION FROM KM. 121/0 TO 154/0 OF NAKAREKAL ? MALLAMPALLY SECTION OF NH-365,,MoRTH,2018-03,2019-07,,192.67,,176.37,96.00,2025-06,FR_JUNE_2025.pdf
1369,N24000998,,,WIDENING AND STRENGTHENING/ RECONSTRUCTION OF EXISTING PAVEMENT TO FOUR ALNE WITH PAVED SHOULDERS FR,,MoRTH,2019-01,,,193.19,,222.58,100.00,2025-06,FR_JUNE_2025.pdf
1370,N16000495,,,"GRASS ROOT RAIL FED DEPOT AT SEKERKOTE, AGARTALA AS RESITEMENT OF EXISTING DHARMANAGAR DEPOT",,IOCL,2022-06,2025-08,2025-09,656.00,,427.77,83.17,2025-06,FR_JUNE_2025.pdf
1371,N24001542,,,2 LANING FROM MANU-SIMLUNG PKG-2,,NHIDCL,2022-02,2025-01,2025-05,456.88,,122.67,50.18,2025-06,FR_JUNE_2025.pdf
1372,N24001914,,,IMPROVEMENT AND WIDENING TO 2- LANE WITH EARTHEN PAVED SHOULDER FROM UDAIPUR TO SRIMANTAPUR,,NHIDCL,2023-05,2024-11,,195.95,,46.46,45.42,2025-06,FR_JUNE_2025.pdf
1373,N24002132,,,4 LANE WITH PAVED SHOULDER AGARTALA BYPASS (WESTERN SIDE) CONNECTING NH-8,,NHIDCL,2023-03,2027-03,,2026.05,,26.34,8.82,2025-06,FR_JUNE_2025.pdf
1374,N24002159,,,REHABILITATION AND UP-GRADATION OF ROAD FROM DESIGN KM 25.250 TO KM 36.460 (TOTAL LENGH: 11.210 KM),,NHIDCL,2020-02,2026-03,,174.43,,9.54,16.61,2025-06,FR_JUNE_2025.pdf
1375,N24002160,,,IMPROVEMENT AND WIDENING TO 2- LANE WITH PAVED SHOULDER OF ROAD FROM KM 101.300 TO KM 127.319 (TOTAL,,NHIDCL,2024-01,2026-07,,431.78,,52.82,34.61,2025-06,FR_JUNE_2025.pdf
1376,N24002161,,,KHOWAI ?TELIAMURA-AMARPUR- HARINA-SABROOM PACKAGE-2,,NHIDCL,2024-01,2026-09,,657.21,,95.71,32.85,2025-06,FR_JUNE_2025.pdf
1377,N24002162,,,KHOWAI ?TELIAMURA-AMARPUR- HARINA-SABROOM PACKAGE-3,,NHIDCL,2024-01,2026-09,,670.90,,3.81,3.05,2025-06,FR_JUNE_2025.pdf
1378,N24002205,,,CHAMPAK NAGAR TO KHAYERPUR SECTION (DESIGN KM 242+500 TO KM 261+610),,NHIDCL,2023-12,2026-09,,920.66,,81.54,24.56,2025-06,FR_JUNE_2025.pdf
1379,N24002228,,,KHOWAI ?TELIAMURA-AMARPUR- HARINA-SABROOM SECTION PKG-4,,NHIDCL,2024-01,2026-12,,726.90,,7.36,3.85,2025-06,FR_JUNE_2025.pdf
1380,N24001263,,,REHABILITATION AND UPGRADATION OF ROAD FROM KM 0.00 TO KM 18.600 OF KUMARGHAT-KAILASHAHAR SECTION,,NHIDCL,2020-06,2022-01,2024-02,277.50,302.02,262.91,99.94,2025-06,FR_JUNE_2025.pdf
1381,N24001309,,,KAILASHAHAR TO KHOWAI PKG-4,,NHIDCL,2020-11,2022-06,2023-10,159.13,171.50,84.33,100.00,2025-06,FR_JUNE_2025.pdf
1382,N24001317,,,2-LANING FROM JOLAIBARI - BELONIA,,NHIDCL,2020-06,2022-01,,201.99,,148.22,100.00,2025-06,FR_JUNE_2025.pdf
1383,N24001363,,,MANU-SIMLUNG ( PKG 4),,NHIDCL,2021-03,2022-12,,354.79,,34.08,,2025-06,FR_JUNE_2025.pdf
1384,N04000077,,,"CCS INTERNATIONAL AIRPORT , LUCKNOW",,AAI,2018-06,2021-09,2026-10,1383.00,1938.00,2652.63,80.58,2025-06,FR_JUNE_2025.pdf
1385,N04000094,,,DEVELOPMENT OF AYODHYA AIRPORT PHASE-01,,AAI,2021-03,2022-12,2025-07,242.14,328.00,344.58,99.90,2025-06,FR_JUNE_2025.pdf
1386,N04000102,,,"PRAYAGRAJ AIRPORT - CONSTRUCTION OF NEW TERMINAL BUILDING, SECOND LINK TAXI TRACK, APRON EXPANSION,",,AAI,2023-05,2024-11,2025-07,185.75,274.38,206.39,97.25,2025-06,FR_JUNE_2025.pdf
1387,N04000113,,,AGRA: DEVELOPMENT OF NEW CIVIL ENCLAVE AT AGRA AIRPORT.,,AAI,2024-06,2026-07,,579.00,,72.23,13.00,2025-06,FR_JUNE_2025.pdf
1388,N04000114,,,"VARANASI: DEVELOPMENT OF LAL BAHADUR SHASTRI INTERNATIONAL AIRPORT, VARANASI.",,AAI,2024-07,2027-07,,2869.65,,283.00,14.51,2025-06,FR_JUNE_2025.pdf
1389,N06000152,,,NEYVELI UTTAR PRADESH POWER PROJECT LIMITED 1980 MW,,NLC,2016-07,2021-11,2025-10,17237.00,21780.94,19949.00,91.39,2025-06,FR_JUNE_2025.pdf
1390,N06000208,,,KHADIA EXPANSION OCP,,NCL,2021-06,2025-03,,491.67,,202.24,40.86,2025-06,FR_JUNE_2025.pdf
1391,N16000429,,,60 KTA POLYPROPYLENE PROJECT,,GAIL,2019-03,2024-04,2024-04,910.56,1299.02,974.00,96.90,2025-06,FR_JUNE_2025.pdf
1392,N16000505,,,AUGMENTATION OF FACILITIES AT MATHURA BITUMEN PLANT,,IOCL,2022-04,2025-04,2026-12,260.12,,1.07,25.00,2025-06,FR_JUNE_2025.pdf
1393,N16000506,,,GRASS-ROOT TERMINAL AT MIRZAPUR UTTAR PRADESH,,IOCL,2022-09,2026-06,,980.45,,206.85,50.75,2025-06,FR_JUNE_2025.pdf
1394,N16000525,,,"CITY GAS DISTRIBUTION PROJECTS AT LAKHIMPUR KHERI , SITAPUR, BAHRAICH, SHRAVASTI,BALRAMPUR,",,BPCL,2022-12,2030-06,,16654.00,,550.36,9.70,2025-06,FR_JUNE_2025.pdf
1395,N18000272,,,KHURJA SUPER THERMAL POWER PROJECT,,THDCIL,2019-03,2023-09,,11089.42,13276.16,12580.53,96.00,2025-06,FR_JUNE_2025.pdf
1396,N18000382,,,"SINGRAULI SUPER THERMAL POWER PROJECT, STAGE-III (2X800 MW)",,NTPC,2024-03,2030-02,,17195.31,,1569.79,0.50,2025-06,FR_JUNE_2025.pdf
1397,N18000407,,,TRANSMISSION SYSTEM FOR EVACUATION OF POWER FROM RAJASTHAN REZ PH-IV (PART-4: 3.5 GW): PART A,,PGCIL,2024-12,2026-12,,5846.00,,198.76,2.10,2025-06,FR_JUNE_2025.pdf
1398,N18000423,,,TRANSMISSION SYSTEM FOR STRENGTHENING TO FACILITATE EVACUATION OF POWER FROM BHADLA/BIKANER COMPLEX,,PGCIL,2024-12,2026-06,,213.00,,0.00,,2025-06,FR_JUNE_2025.pdf
1399,N22000468,,,BURHWAL - GONDA - 3RD RUNNING LINE.,,NER,2016-04,2025-03,,1015.59,,1277.57,52.00,2025-06,FR_JUNE_2025.pdf
1400,N22000470,,,"SHAHGANJ-BHATNI-PHEPHNA-INDARA, MAU-SHAHGANJ (EXCL. MAU-INDARA) PATCH DOUBLING.",,NER,2016-04,2024-12,,1177.96,,2050.16,85.00,2025-06,FR_JUNE_2025.pdf
1401,N22000495,,,JHANSI MANIKPUR AND KHAIRAR BHIMSEN DOUBLING,,NCR,2018-03,2026-03,,4329.53,,2125.66,50.00,2025-06,FR_JUNE_2025.pdf
1402,N22000496,,,JHANSI BINA DOUBLING,,NCR,2016-09,2022-03,,2002.00,,1745.48,90.00,2025-06,FR_JUNE_2025.pdf
1403,N22000501,,,MATHURA-JHANSI-3RD LINE (273.80 KM),,RVNL,2016-06,2024-12,,5323.39,,5046.07,,2025-06,FR_JUNE_2025.pdf
1404,N22000525,,,SURFACE TRIANGLE LINE BETWEEN BHADURA STATION AND NEW CROSSING STN KARMA DOUBLING,,ECR,2022-10,2027-10,,199.96,,55.09,,2025-06,FR_JUNE_2025.pdf
1405,N22000544,,,MUGHALSARAI - ALLAHABAD - 3RD LINE,,NCR,2019-08,2026-12,,2649.44,,83.10,55.00,2025-06,FR_JUNE_2025.pdf
1406,N22000545,,,ALIGARH-HARDUAGANJ FLYOVER (22 KM),,NCR,2020-04,2026-06,,1456.89,1244.13,10.14,8.20,2025-06,FR_JUNE_2025.pdf
1407,N22000546,,,LALITPUR - BIRARI WITH FLYOVER AT LALITPUR,,NCR,2017-03,2024-12,,356.09,,213.97,65.00,2025-06,FR_JUNE_2025.pdf
1408,N22000562,,,ALIGARH-DAUD KHAN - 3RD LINE 6.9 KM AND CONSTRUCTION OF FLYOVER AT DAUD KHAN,,NCR,2019-04,2025-12,,451.99,779.49,122.08,44.00,2025-06,FR_JUNE_2025.pdf
1409,N22000563,,,ALLAHABAD-BAMHRAULI - 4TH LINE (10 KM) WITH FLY-OVER AT SUBEDARGANJ,,NCR,2019-04,2026-03,,494.11,,42.61,42.00,2025-06,FR_JUNE_2025.pdf
1410,N22000564,,,BHANDAI - FLYOVER FOR ETAWAH BOUND DOWN TRAINS,,NCR,2019-04,2025-12,,187.21,,1.29,8.00,2025-06,FR_JUNE_2025.pdf
1411,N22000565,,,SAHJANWA - DOHRIGHAT,,NER,2019-08,2029-03,,371.77,,577.85,5.00,2025-06,FR_JUNE_2025.pdf
1412,N22000566,,,BAHRAICH - NANPARA -NEPALGANJ (56.15 KM),,NER,2020-07,2024-12,,950.00,,424.74,25.00,2025-06,FR_JUNE_2025.pdf
1413,N22000569,,,BAHRAICH SRAVASTI BALRAMPUR (TULSIPUR),,NER,2018-10,2030-10,,4939.78,,1334.98,7.50,2025-06,FR_JUNE_2025.pdf
1414,N22000583,,,JANGHAI PRATAPGARH AMETHI DOUBLING,,NR,2017-11,2025-03,,721.72,,58.98,70.00,2025-06,FR_JUNE_2025.pdf
1415,N22000590,,,BARABANKI MALHAUR 3RD AND 4TH LINE (32.84 KM),,NR,2019-01,2025-03,2026-01,323.85,,18.91,59.00,2025-06,FR_JUNE_2025.pdf
1416,N22000591,,,DOUBLING BETWEEN JAUNPUR JN- ZAFFARABAD (6.28 KM),,NR,2023-03,2026-12,,177.33,,0.89,10.00,2025-06,FR_JUNE_2025.pdf
1417,N22000596,,,JANGHAI-PHAPHAMAU - DOUBLING WITH ELECTRIFICATION (46.79 KM),,RVNL,2018-11,2025-03,,357.48,,362.09,,2025-06,FR_JUNE_2025.pdf
1418,N22000598,,,BHATNI - AUNRIHAR WITH ELECTRIFICATION (125 KM) (EXCL INDARA - MAU (116.95 KM)),,RVNL,2018-05,2024-12,,2529.46,,1636.33,,2025-06,FR_JUNE_2025.pdf
1419,N22000612,,,MATHURA - VRINDAVAN (11 KM),,NCR,2022-08,2025-06,,402.88,,0.00,,2025-06,FR_JUNE_2025.pdf
1420,N22000613,,,DOMINGARH - GORAKHPUR - GORAKHPUR CANTT - KUSUMHI - 3RD RUNNING LINE (21.15 KM),,NER,2016-11,2025-02,,351.03,,494.01,86.50,2025-06,FR_JUNE_2025.pdf
1421,N24001421,,,CONSTRUCTION OF 6 LANE BRIDGE ON GANGA ON NH-96 AND ITS APPROACHES IN PHAPHAMAU ALLAHABAD ON EPC MOD,,MoRTH,2018-07,2024-02,,1948.25,,1146.61,79.00,2025-06,FR_JUNE_2025.pdf
1422,N24001424,,,CONSTRUCTION OF FOUR-LANE ELEVATED VIADUCT FROM KM.4+634 TO KM.6+345 ON NH-24A INCLUDING RETAINING W,,MoRTH,2021-03,2023-09,,185.09,269.81,266.35,100.00,2025-06,FR_JUNE_2025.pdf
1423,N24001456,,,REHABILITATION AND UPGRADATION TO 2 LANE WITH PS OF RADHAITA TO PILIBHIT SECTION OF 46.130 KM,,MoRTH,2020-04,2024-02,,199.39,212.96,200.01,100.00,2025-06,FR_JUNE_2025.pdf
1424,N24001457,,,REHABILITATION AND UPGRADATION TO 2 LANE WITH PS OF MIRANPUR KATRA TO RADHAITA SECTION OF NH- 730C F,,MoRTH,2020-04,2024-07,,172.50,169.56,106.06,76.00,2025-06,FR_JUNE_2025.pdf
1425,N24001461,,,2-LANE WITH PS OF BEWAR TO NEAR KARRI VILLAGE SECTION OF NH-92 FROM KM.0.00 TO 30.00 UNDER GNHCP,,MoRTH,2020-04,2024-03,,236.47,,145.95,88.00,2025-06,FR_JUNE_2025.pdf
1426,N24001462,,,2-LANE WITH PS OF NEAR KARRI VILLAGE TO ETAWAH SECTION OF NH- 92 FROM KM.30.000 TO 57.346 UNDER GNHCP,,MoRTH,2020-04,2024-07,,211.09,,147.58,96.00,2025-06,FR_JUNE_2025.pdf
1427,N24001464,,,PROJECTS- REHABILITATION AND UPGRADATION OF NH-731A FROM KM 0.00 TO KM.35.00,,MoRTH,2021-03,2023-08,,264.86,,129.12,84.00,2025-06,FR_JUNE_2025.pdf
1428,N24001469,,,IMPROVEMENT AND UPGRADATION TO TWO LANE WITH PAVED SHOULDER CONFIGURATION FROM EXISTING KM 55.00 TO,,MoRTH,2021-11,2024-05,,307.11,,199.38,91.00,2025-06,FR_JUNE_2025.pdf
1429,N24001471,,,R/U TO 2-LANE WITH PS OF BEWAR TO ALLAHGANJ SECTION OF NH-730C FROM KM.0.00 TO 52.770 UNDER GNHCP,,MoRTH,2020-04,2024-11,,325.24,340.16,284.35,98.00,2025-06,FR_JUNE_2025.pdf
1430,N24001479,,,WIDENING AND UPGRADATION TO FOUR LANE CONFIGURATION FROM KM.34.900 (BHADOHI) TO KM.73.134 (JAUNPUR),,MoRTH,2021-03,2024-05,,395.62,392.03,281.93,76.00,2025-06,FR_JUNE_2025.pdf
1431,N24001480,,,WIDENING AND STRENGTHENING FROM KM 0.00 TO KM 15.089 OF NH- 334A (PURKAJI-LAKSAR-HARIDWAR ROAD) TO TW,,MoRTH,2021-10,2024-04,,227.06,,141.89,100.00,2025-06,FR_JUNE_2025.pdf
1432,N24001523,,,6L ACCESS-CONTROLLED HIGHWAY FROM (GANESHPUR) TO(NEAR MOHAND) OF GANESHPUR ? DEHRADUN SECTION FROM K,,NHAI,2021-03,2023-10,2025-07,836.24,,792.55,98.85,2025-06,FR_JUNE_2025.pdf
1433,N24001524,,,6L OF ACCESS-CONTROLLED HIGHWAY FROM MOHAND TO DAAT KALI TUNNEL OF GANESHPUR ? DEHRADUN SECTION FROM,,NHAI,2021-03,2023-10,2025-07,990.28,,997.62,98.89,2025-06,FR_JUNE_2025.pdf
1434,N24001587,,,WIDENING AND STRENGTHENING OF SECTION FROM BHARTHANA CHOWK TO KODARKOOT (KM. 0.00 TO KM. 40.00) OF,,MoRTH,2020-03,2024-09,,262.37,343.77,278.92,85.00,2025-06,FR_JUNE_2025.pdf
1435,N24001726,,,4L SPUR OF SHAMLI-MUZZAFARNAGAR CONNECTING NH-709AD (PANIPAT- SHAMLI-MUZAFFARNAGAR) AND NH-58 (MEERUT,,NHAI,2023-01,2024-08,,391.26,,14.12,80.30,2025-06,FR_JUNE_2025.pdf
1436,N24001727,,,"IMPROVEMENT AND UP-GRADATION OF EXISTING ROAD TO 2/4L PS FROM KM 40.000 TO 88.750, START OF KHUTAR B",,NHAI,2022-03,2025-02,,762.62,,571.23,95.50,2025-06,FR_JUNE_2025.pdf
1437,N24001729,,,4L SPUR OF PANIPAT - SHAMLI CONNECTING NH-709AD (PANIPAT ? SHAMLI ? MUZAFFARNAGAR) AND NH- 709A (KARN,,NHAI,2022-08,2024-04,,326.79,,113.42,98.50,2025-06,FR_JUNE_2025.pdf
1438,N24001730,,,4L FROM GAJU VILLAGE AT KM 32.982 TO DEVINAGAR BYPASS (END) AT KM 208.000 OF NH 530B (PKG 1C),,NHAI,2021-12,2025-01,,1384.79,,657.94,97.98,2025-06,FR_JUNE_2025.pdf
1439,N24001731,,,6L GREENFIELD KANPUR - LUCKNOW (EXPRESSWAY) PKG II FROM KM. 28.500 TO KM. 73.744,,NHAI,2021-12,2025-05,2025-05,2470.64,,691.28,94.68,2025-06,FR_JUNE_2025.pdf
1440,N24001732,,,"IMPROVEMENT AND UP-GRADATION OF EXISTING ROAD TO 4L PS FROM KM 229.070 TO 260.800, END OF HARDOI DIS",,NHAI,2021-12,2024-10,,540.97,,314.76,94.76,2025-06,FR_JUNE_2025.pdf
1441,N24001733,,,6L ACCESS CONTROLLED GREENFIELD HIGHWAY OF JUNCTION OF EPE (VILL.-MAVIKALAN) TO VILL.- LOHADDA FROM K,,NHAI,2022-03,2024-08,,1602.48,,454.77,94.00,2025-06,FR_JUNE_2025.pdf
1442,N24001734,,,6L ACCESS CONTROL GREENFIELD HIGHWAY OF VILL-LOHADDA TO VILL- KARAUNDA MAHAJAN FROM KM. 27.000 TO KM.,,NHAI,2022-03,2024-08,,1335.45,,480.89,85.02,2025-06,FR_JUNE_2025.pdf
1443,N24001735,,,6L ACCESS CONTROL GREENFIELD HIGHWAY OF VILL-KHYAWARI TO VILL- LATIFPUR AT SAHARANPUR BYPASS FROM KM,,NHAI,2022-03,2024-08,,1428.19,,544.15,89.50,2025-06,FR_JUNE_2025.pdf
1444,N24001736,,,6L ACCESS CONTROL GREENFIELD HIGHWAY OF VILL-KARAUNDA MAHAJAN TO VILL-KHYAWARI FROM KM. 56.500 TO K,,NHAI,2022-01,2024-08,,1159.96,,515.80,98.69,2025-06,FR_JUNE_2025.pdf
1445,N24001737,,,"4LPS OF MUZAFFARNAGAR TO MIRANPUR SECTION OF NH-709AD, PKG-III",,NHAI,2021-11,2024-04,,923.15,,455.61,100.00,2025-06,FR_JUNE_2025.pdf
1446,N24001738,,,"2LPS OF BIJNOR TO KOTAWALI SECTION OF NH-709AD, PKG-IV",,NHAI,2021-09,2023-10,2024-12,300.79,,122.56,80.61,2025-06,FR_JUNE_2025.pdf
1447,N24001739,,,REHABILITATION and UPGRADATION FROM 2 LANE TO 4 LANE OF NH STRETCH UNDER BHARATMALA PARIYOJANA FOR U,,NHAI,2019-10,2023-11,2024-12,1779.83,,1066.00,100.00,2025-06,FR_JUNE_2025.pdf
1448,N24001744,,,"4L OF SHAMLI BYAPSS- SAHARANPUR FROM KM 92.2 TO KM 155.025 SECTION OF NH-709B, PKG-II",,NHAI,2019-05,2022-11,,779.17,,71.39,98.50,2025-06,FR_JUNE_2025.pdf
1449,N24001745,,,KANPUR LUCKNOW EXPRESSWAY PKG- 1 CONSTRUCTION OF 6-LANE TO EIGHT LANE OF KANPUR LUCKNOW EXPRESSWAY (N,,NHAI,2021-12,2025-07,2025-07,1972.10,,504.87,67.00,2025-06,FR_JUNE_2025.pdf
1450,N24001746,,,2-LANE EXISTING RAMPUR BYPASS OF RAMPUR TO BE DEVELOPED TO 4- LANE ON EPC MODE IN THE STATE OF UTTAR,,NHAI,2021-03,2024-04,2025-07,364.47,,209.19,92.98,2025-06,FR_JUNE_2025.pdf
1451,N24001753,,,4 LANING OF NAJIBABAD BYPASS OF NH-119 FROM KM. 105.423 TO KM. 118.373 (EXCLUDING 2.45 KM. OF NH-74,,NHAI,2022-02,2024-06,2025-06,570.98,570.98,424.98,97.49,2025-06,FR_JUNE_2025.pdf
1452,N24001754,,,SPUR OF MEERUT-GARH- MUKTESHWAR SECTION(NH-709A) CONNECTING NH-119 AND NH-58 BYPASSING MEERUT TOWN,,NHAI,2022-01,2024-10,,953.79,,384.66,71.02,2025-06,FR_JUNE_2025.pdf
1453,N24001755,,,4-LANING OF MEERUT NAJIBABAD SECTION FROM KM. 11.500 TO KM 39.250 AND KM 86.590 TO KM. 112.545.IN TH,,NHAI,2019-10,2023-03,2024-12,1936.68,,1380.90,100.00,2025-06,FR_JUNE_2025.pdf
1454,N24001772,,,4 LANE CONNECTOR FROM DELHI MEERUT EXPRESSWAY KM 50.000 TO KM 8.520 OF NH 235 IN THE STATE OF UTTAR,,NHAI,2021-08,2024-03,2024-12,1147.26,,172.34,60.00,2025-06,FR_JUNE_2025.pdf
1455,N24001826,,,VARANASI RING ROAD (PKG-II) CONNECTING SANDAHA VILLAGE (KM 11.70 / NH-29) WITH REVASA VILLAGE (KM 81,,NHAI,2019-02,2022-02,2025-06,927.77,,1202.77,91.25,2025-06,FR_JUNE_2025.pdf
1456,N24001830,,,SIX LANE ACCESS CONTROLLED OF DELHI SAHARANPUR HIGHWAY FROM DELHI UP BORDER TO EPE JUNCTION CH.14.75,,NHAI,2020-06,2023-11,2024-12,2002.79,,1989.85,99.00,2025-06,FR_JUNE_2025.pdf
1457,N24001851,,,4L FROM MATHURA BYPASS (START) AT EXISTING KM. 154.20 OF NH-44 TO GAJU VILLAGE AT KM 32.982 OF NH-53,,NHAI,2022-01,2025-03,,1738.20,,742.13,65.00,2025-06,FR_JUNE_2025.pdf
1458,N24001852,,,6L OF AGRA BYPASS (NORTHERN) CONNECTING KM. 174.500 OF NH-2 (NEW NH-19) TO KM. 141.000 OF YAMUNA EXP,,NHAI,2021-10,2025-02,,957.62,,832.80,86.00,2025-06,FR_JUNE_2025.pdf
1459,N24001853,,,CONSTRUCTION OF LEFT OUT PORTION OF AGRA INNER RING ROAD CONNECTING VILLAGE DEORI TO NH- 44 VILLAGE B,,NHAI,2021-10,2024-09,2025-03,772.05,,593.39,67.50,2025-06,FR_JUNE_2025.pdf
1460,N24001929,,,CONSTRUCTION OF 4-LANE GREEN FIELD HIGHWAY FROM KM. 35.000 TO KM. 49.155 OF NH-731A WITH PAVED SHOUL,,MoRTH,2022-01,2025-10,,697.66,,318.82,98.00,2025-06,FR_JUNE_2025.pdf
1461,N24001992,,,BALANCE WORKS OF 4-LANNING OF RAMPUR-KATHGODAM SECTION OF NH-87 (NEW NH NO. 09) FROM KM. 0.000 (KM 1,,NHAI,2022-08,2024-02,2025-07,199.31,244.26,190.10,97.62,2025-06,FR_JUNE_2025.pdf
1462,N24001996,,,CONSTRUCTION OF TWO LANE WITH PAVED SHOULDER HIGHWAY FROM DESIGN CH.0.000 TO CH.49.2OO OF NH- 731B ON,,MoRTH,2022-03,2025-11,,640.18,602.76,487.39,81.00,2025-06,FR_JUNE_2025.pdf
1463,N24001997,,,CONSTRUCTION OF SHOHRATGARH BYPASS ON NH-730 UNDER EPC MODE IN THE STATE OF UTTAR PRADESH,,MoRTH,2022-10,2025-05,,189.31,,59.91,22.00,2025-06,FR_JUNE_2025.pdf
1464,N24002015,,,IMPROVEMENT AND UPGRADATION TO TWO LANE WITH PAVED SHOULDER CONFIGURATION FROM EXISTING KM 90.00 TO,,MoRTH,2021-11,2025-06,,403.36,328.49,150.57,73.00,2025-06,FR_JUNE_2025.pdf
1465,N24002016,,,CONSTRUCTION OF PRATAPGARH BYPASS (EXTENSION) CONNECTING NH-31 TO NH-330,,MoRTH,2022-10,2025-06,,225.17,,96.56,55.00,2025-06,FR_JUNE_2025.pdf
1466,N24002029,,,WIDENING TO FOUR LANE WITH PAVED SHOULDER FROM DESIGN KM.49.200 TO KM.89.285 OF NH-731B ON EPC MODE,,MoRTH,2022-03,2026-01,,917.91,956.30,615.53,47.00,2025-06,FR_JUNE_2025.pdf
1467,N24002031,,,CONSTRUCTION OF TWO LANE WITH PAVED SHOULDER FROM EXISTING KM.0.000 TO KM.55.610 (DESIGN KM. 0.000 T,,MoRTH,2021-12,2026-02,,840.93,773.58,524.04,44.00,2025-06,FR_JUNE_2025.pdf
1468,N24002032,,,CONSTRUCTION OF 4-LANE HIGHWAY WITH PAVED SHOULDERS FROM KM 49.155 TO KM 74.700 OF NH-731A ON HYBRID,,MoRTH,2022-01,2026-01,,1156.72,,407.20,70.00,2025-06,FR_JUNE_2025.pdf
1469,N24002036,,,DEVELOPMENT OF SIX-LANE ACCESS CONTROLLED HIGHWAY FROM GOGWAN JALALPUR (SHAMLI DISTRICT) TO RANIPUR,,NHAI,2022-04,2025-05,,1843.59,,843.87,50.20,2025-06,FR_JUNE_2025.pdf
1470,N24002073,,,GARHMUKTESHWAR (KM. 83.200 OF NH-24) TO MEERUT (KM. 9.860 OF NH- 235) INCLUDING CONNECTOR TO NH- 119,,NHAI,2019-10,2023-10,,2068.99,2171.00,209.60,53.08,2025-06,FR_JUNE_2025.pdf
1471,N24002086,,,CONSTRUCTION OF FOUR LANE HIGHWAY FORM GHAZIPUR BALLIA UP BIHAR STATE BORDER (GREENFIELD) SECTION OF,,NHAI,2022-10,2025-07,,1706.47,,719.13,77.25,2025-06,FR_JUNE_2025.pdf
1472,N24002087,,,CONSTRUCTION OF FOUR LANE HIGHWAY FROM GHAZIPUR BALLIA UP BIHAR STATE BORDER (GREENFIELD) SECTION OF,,NHAI,2022-10,2025-10,,1493.14,,93.30,66.00,2025-06,FR_JUNE_2025.pdf
1473,N24002088,,,CONSTRUCTION OF FOUR LANE HIGHWAY FROM GHAZIPUR BALLIA UP BIHAR STATE BORDER (GREENFIELD) SECTION OF,,NHAI,2022-10,2025-08,,1493.50,,492.86,58.00,2025-06,FR_JUNE_2025.pdf
1474,N24002089,,,CONSTRUCTION OF FOUR LANE HIGHWAY FROM GHAZIPUR BALLIA UP BIHAR STATE BORDER GREENFIELD SECTION OF N,,NHAI,2022-10,2025-06,,617.87,,106.20,72.00,2025-06,FR_JUNE_2025.pdf
1475,N24002090,,,CONSTRUCTION OF FOUR-LANE ?WESTERN SIDE SPUR OF RAMPUR- RUDRAPUR SECTION CONNECTING NH-24 TO NH-87 BY,,NHAI,2021-03,2024-11,2025-12,646.27,,110.65,52.09,2025-06,FR_JUNE_2025.pdf
1476,N24002093,,,"IMPROVEMENT , UP-GRADATION OF NH-734 SECTION OF MORADABAD - THAKURDWARA - KASHIPUR: ?PACKAGE-I: MORA",,NHAI,2022-10,2025-09,,1841.92,,449.98,54.40,2025-06,FR_JUNE_2025.pdf
1477,N24002094,,,"IMPROVEMENT AND UP-GRADATION OF EXISTING ROAD TO 4L PS FROM KM 123.650 TO 175.080, FROM START OF SHA",,NHAI,2022-09,2025-11,,1212.26,,361.81,34.19,2025-06,FR_JUNE_2025.pdf
1478,N24002095,,,FOUR LANING OF SONAULI GORAKHPUR SECTION OF NH 29E (NEW NH 24) FROM DESIGN CH. 0.000 TO DESIGN CH. 7,,NHAI,2021-12,2025-03,,2555.50,,966.89,63.57,2025-06,FR_JUNE_2025.pdf
1479,N24002096,,,CONSTRUCTION OF 4 LANE GREEN FIELD NORTHERN EAST SIDE GORAKHPUR BYPASS (26.616 KMS) STARTING FROM NH,,NHAI,2023-02,2026-01,,1973.98,,736.14,48.50,2025-06,FR_JUNE_2025.pdf
1480,N24002097,,,STRENGTHENING OF EXISTING 4L AYODHYA BYPASS SECTION FROM DESIGN KM.121.600 TO KM. 144.020 OF NH 28 (,,NHAI,2023-02,2025-09,,526.45,,228.37,83.00,2025-06,FR_JUNE_2025.pdf
1481,N24002104,,,CONSTRUCTION OF RING ROAD AROUND KANPUR FROM KM.000 TO KM. 23.325 (CHACHENDI SACHENDI I TO MAHARAJPU,,NHAI,2023-01,2026-06,,1754.00,,350.78,35.20,2025-06,FR_JUNE_2025.pdf
1482,N24002105,,,CONSTRUCTION OF NEW 4 LANE PRAYAGRAJ SOUTHERN BYPASS (PHASE-I) FROM DESIGN KM 43+200 (AT MAHUWARI VI,,NHAI,2023-08,2026-06,,1378.36,,213.86,30.89,2025-06,FR_JUNE_2025.pdf
1483,N24002106,,,CONSTRUCTION OF NEW 4 LANE PRAYAGRAJ SOUTHERN BYPASS FROM DESIGN KM 50.860 (NABABA URF NIBI KALA UPA,,NHAI,2023-08,2025-03,,993.77,,372.98,92.98,2025-06,FR_JUNE_2025.pdf
1484,N24002115,,,CONSTRUCTION OF MARIAHU BYPASS WITH FOUR LANE PAVED SHOULDER CONFIGURATION (KM.53.540 TO KM.59.200),,MoRTH,2023-03,2025-08,,438.24,362.39,211.72,39.00,2025-06,FR_JUNE_2025.pdf
1485,N24002116,,,REHABILITATION AND UPGRADATION FROM KM 51.600 TO KM 75.700 OF NH- 321G (NUHKHAS TO ETAH SECTION) TO T,,MoRTH,2022-01,2025-08,,343.54,,75.96,42.00,2025-06,FR_JUNE_2025.pdf
1486,N24002120,,,CONSTRUCTION OF JASRA BYPASS WITH FOUR LANE PAVED SHOULDER CONFIGURATION FROM KM. 379.670 ON NH-76 (,,MoRTH,2023-02,2025-09,,274.06,,135.53,88.00,2025-06,FR_JUNE_2025.pdf
1487,N24002121,,,IMPROVEMENT AND UP-GRADATION TO TWO LANE WITH PAVED SHOULDER CONFIGURATION FROM EXISTING KM. 420.00,,MoRTH,2022-01,2025-09,,509.65,,188.84,34.00,2025-06,FR_JUNE_2025.pdf
1488,N24002134,,,REHABILITATION AND UP-GRADATION FROM KM. 0.000 TO KM. 40.390 OF NH- 730S (MAHARAJGANJ ? NICHLOUL ? TH,,MoRTH,2023-03,2025-12,,809.25,,279.77,35.00,2025-06,FR_JUNE_2025.pdf
1489,N24002138,,,CONSTRUCTION OF FOUR LANE HIGHWAY WITH PAVED SHOULDER FROM KM.74.700 TO KM.112.950 OF NH- 731A (I/C Y,,MoRTH,2022-03,2026-06,,1141.67,,423.37,50.00,2025-06,FR_JUNE_2025.pdf
1490,N24002150,,,CONSTRUCTION OF BALRAMPUR BYPASS WITH 2L FLEXIBLE PAVEMENT CONFIGURATION FROM KM.223.000 OF NH-330 T,,MoRTH,2022-12,2026-02,,515.69,,187.80,37.00,2025-06,FR_JUNE_2025.pdf
1491,N24002199,,,WIDENING TO 4L RIGID PAVEMENT CONFIGURATION FROM KM 90.00 TO KM 100.800 OF NH-96 (KM 42.O TO KM 53.3,,MoRTH,2022-12,2026-11,,309.63,,13.52,15.00,2025-06,FR_JUNE_2025.pdf
1492,N24002201,,,IMPROVEMENT AND UP-GRADATION TO TWO LANE WITH PAVED SHOULDER/FOUR LANE CONFIGURATION FROM EXISTING K,,MoRTH,2022-01,2027-05,,974.19,,616.12,14.00,2025-06,FR_JUNE_2025.pdf
1493,N24002211,,,REHABILITATION AND UPGRADATION TO FOUR LANE ROAD FROM KM 70.500 TO KM 78.600 OF NH-92 UNDER EPC MODE,,MoRTH,2022-01,2027-01,,296.02,,27.96,,2025-06,FR_JUNE_2025.pdf
1494,N24002212,,,WIDENING AND STRENGTHENING FROM DESIGN KM. 67.280 TO KM. 88.622 OF NH-727A (SALEMPUR- MAIRWA ROAD) TO,,MoRTH,2023-03,2026-07,,371.89,,151.99,45.00,2025-06,FR_JUNE_2025.pdf
1495,N24002213,,,REHABILITATION and UP-GRADATION TO 2L+PS FROM KM. 0.0 TO KM. 7.80 AND KM. 35.400 TO KM. 52.345 (DESI,,MoRTH,2023-03,2026-07,,701.02,,270.54,22.00,2025-06,FR_JUNE_2025.pdf
1496,N24002214,,,CONSTRUCTION OF AMETHI BYPASS (PART-II) AT KM.30.050 OF NH-931 UNDER EPC MODE IN THE STATE OF UTTAR,,MoRTH,2022-12,2027-02,,283.86,,58.92,7.00,2025-06,FR_JUNE_2025.pdf
1497,N24002234,,,WIDENING TO 4L FROM KM.108.50 TO 139.00 OF NH-135A PKG-II (JAUNPUR TO AKBARPUR SECTION) ON HAM IN TH,,MoRTH,2023-03,2027-03,,1511.57,,154.69,12.00,2025-06,FR_JUNE_2025.pdf
1498,N24002235,,,CONSTRUCTION OF RAEBARELI RING ROAD (PHASE-2) WITH FOUR LANE CONFIGURATION FOR RAEBARELI CITY IN THE,,MoRTH,2022-03,2027-05,,1273.72,,330.15,,2025-06,FR_JUNE_2025.pdf
1499,N24002240,,,"IMPROVEMENT AND UP-GRADATION OF NH-227B (84 KOSI PARIKRAMA MARG) PACKAGE ?I, FROM KM 228.920 (JAGARN",,MoRTH,2022-03,2026-11,,912.50,,388.50,1.00,2025-06,FR_JUNE_2025.pdf
1500,N24002241,,,"IMPROVEMENT AND UP-GRADATION OF NH-227B (84 KOSI PARIKRAMA MARG) PACKAGE ?III, FROM KM.47.800 (GOSAI",,MoRTH,2022-03,2026-11,,587.97,,107.68,3.00,2025-06,FR_JUNE_2025.pdf
1501,N24002245,,,CONSTRUCTION OF BASTI RING ROAD (PHASE-I) WITH 4L CONFIGURATION FOR BASTI CITY IN THE STATE OF UTTAR,,MoRTH,2022-12,2027-06,,1138.72,,263.70,,2025-06,FR_JUNE_2025.pdf
1502,N24000331,,,CONSTRUCTION OF RING ROAD FOR RAEBARELI CITY (PHASE -I) ON EASTERN SIDE OF NH 24B,,MoRTH,2019-12,2022-04,,282.41,,276.35,88.00,2025-06,FR_JUNE_2025.pdf
1503,N24000564,,,4-LANNING OF HARIDWAR-NAGINA SECTION OF NH 74 FROM (KM 204.300 OF NH 58) TO KM 73.00,,NHAI,2016-03,2020-07,2025-07,1408.00,1659.12,1336.33,91.39,2025-06,FR_JUNE_2025.pdf
1504,N24000798,,,SIX LANING OF HAPUR BYPASS TO MORADABAD SECTION INCLUDING HAPUR BYPASS FROM KM 50.000 (DESIGN CHAINA,,NHAI,2018-03,2021-11,,2140.93,,2081.52,100.00,2025-06,FR_JUNE_2025.pdf
1505,N24001306,,,TWO / FOUR LANING OF RAEBARELI - JAGDISHPUR SECTION OF NH-330A FROM KM. 0.000 TO KM. 47.800 (DESIGN,,NHAI,2020-10,2023-03,,724.60,,569.96,96.00,2025-06,FR_JUNE_2025.pdf
1506,N28000144,,,KANPUR METRO RAIL PROJECT,,LMRCL,2019-05,2024-03,,11076.48,,8839.21,72.60,2025-06,FR_JUNE_2025.pdf
1507,N28000145,,,AGRA METRO RAIL PROJECT,,LMRCL,2019-05,2024-03,,8379.62,,5116.00,54.70,2025-06,FR_JUNE_2025.pdf
1508,N30000021,,,INTERCEPTION AND DIVERSION WORKS AND STP AT MUZAFFARNAGAR UTTAR PRADESH,,UPJalNigam,2019-01,2021-12,2020-01,231.79,234.03,141.79,100.00,2025-06,FR_JUNE_2025.pdf
1509,N30000024,,,SEWERAGE SCHEME INTERCEPTION AND DIVERSION WITH STP WORKS AT MEERUT UTTAR PRADESH,,UPJalNigam,2019-02,2022-06,,681.78,,13.34,27.00,2025-06,FR_JUNE_2025.pdf
1510,N04000085,,,"CONSTRUCTION OF DOMESTIC PASSENGER TERMINAL BUILDING AT DEHRADUN AIRPORT, DEHRADUN",,AAI,2018-07,2020-09,2024-09,456.86,500.00,483.96,100.00,2025-06,FR_JUNE_2025.pdf
1511,N18000010,,,TEHRI PUMPED STORAGE PLANT(1000MW),,THDCIL,2006-07,2010-07,2022-06,1657.00,4825.60,8046.19,98.30,2025-06,FR_JUNE_2025.pdf
1512,N18000014,,,TAPOVAN-VISHNUGAD HEP (4X130MW),,NTPC,2006-11,2013-03,2021-12,2978.48,,7007.93,72.40,2025-06,FR_JUNE_2025.pdf
1513,N18000042,,,VISHNUGAD PIPALKOTI HYDRO ELECTRIC PROJECT,,THDCIL,2008-08,2013-06,,2491.58,3860.35,4918.46,71.00,2025-06,FR_JUNE_2025.pdf
1514,N18000142,,,LATA-TAPOVAN HYDRO ELECTRIC POWER PROJECT 3X57 MW,,NTPC,2012-07,2017-08,,1527.00,,149.93,,2025-06,FR_JUNE_2025.pdf
1515,N22000406,,,RISHIKESH - KARNAPRAYAG NEW LINE,,RVNL,2011-04,2025-12,,38953.15,,18820.04,,2025-06,FR_JUNE_2025.pdf
1516,N24001525,,,6L ACCESS-CONTROLLED HIGHWAY OF DAAT KALI TUNNEL - DEHRADUN OF GANESHPUR ? DEHRADUN SECTION FROM KM.,,NHAI,2021-03,2024-03,2025-05,169.08,,105.77,99.99,2025-06,FR_JUNE_2025.pdf
1517,N24001526,,,UPGRADATION AND 4L OF HARIDWAR BYPASS FROM KM 0.000 (KM 188.100 OF NH-58) TO KM. 15.100 (KM 5.100 OF,,NHAI,2021-08,2024-10,2025-08,1377.79,1384.11,684.93,58.41,2025-06,FR_JUNE_2025.pdf
1518,N24001553,,,4L MEDINIPUR TO BALLUPUR FROM KM. 458.65 TO KM. 487.65 OF NH- 07(PKG-2),,NHAI,2022-03,2025-02,2025-11,1092.90,1092.90,463.92,89.25,2025-06,FR_JUNE_2025.pdf
1519,N24001990,,,4L POANTA SAHEB?MEDNIPUR FROM KM. 435.65 TO KM. 458.65 OF NH- 07(PKG-1),,NHAI,2022-06,2025-05,2025-10,524.54,683.26,91.94,74.78,2025-06,FR_JUNE_2025.pdf
1520,N24001991,,,ACCESS ROAD/BRIDGE CONNECTIVITY FROM NH-09 AT KM.40 NEAR JAGBUDA BRIDGE (INDIA) TO BOUNDARY PILLAR,,NHAI,2022-05,2024-09,2026-11,314.31,,178.52,71.79,2025-06,FR_JUNE_2025.pdf
1521,N24002163,,,CONSTRUCTION FOR MITIGATION MEASURES KM 368.00-UTTARAKHAND- TO KM 433.00 ON NH-07-PKG-1,,NHIDCL,2023-12,2025-12,,216.88,,82.19,75.80,2025-06,FR_JUNE_2025.pdf
1522,N24002164,,,CONSTRUCTION FOR MITIGATION MEASURES KM 450.00-UTTARAKHAND- TO KM 468.00 ON NH-07-PKG-3,,NHIDCL,2023-12,2025-12,,250.33,,46.63,48.50,2025-06,FR_JUNE_2025.pdf
1523,N24002206,,,CONSTRUCTION FOR MITIGATION MEASURES PKG-2,,NHIDCL,2023-12,2026-06,,259.64,,18.62,20.23,2025-06,FR_JUNE_2025.pdf
1524,N24000465,,,4-LANING OF KASHIPUR-SITARGANJ SECTION,,AMR,2012-11,2016-08,,605.84,,0.00,,2025-06,FR_JUNE_2025.pdf
1525,N24000742,,,2 LANE WITH PAVED SHOULDER FROM KM 399.00 TO KM 430.00 OF KARANPARYAG TO CHAMOLI UNDER CHARDHAM PARI,,NHIDCL,2018-03,2020-11,,403.36,,340.32,100.00,2025-06,FR_JUNE_2025.pdf
1526,N24000743,,,2 LANE WITH PAVED SHOULDER FROM KM 430.00 TO KM 468.00 OF CHAMOLI TO PAINI UNDER CHARDHAM PARIYOJNA,,NHIDCL,2018-03,2020-11,,417.24,,344.20,100.00,2025-06,FR_JUNE_2025.pdf
1527,N24000772,,,RECONSTRUCTION WITH GEOMETRIC IMPROVEMENT OF EXISTING 2 LANE/INTERMEDIATE LANE TO 2LANE WITH PAVED S,,MoRTH,2017-12,2019-12,,257.34,,232.69,100.00,2025-06,FR_JUNE_2025.pdf
1528,N24000773,,,RECONSTRUCTION WITH GEOMETRIC IMPROVEMENT OF EXISTING 2 LANE/INTERMEDIATE LANE TO 2LANE WITH PAVED S,,MoRTH,2017-12,2019-12,,200.34,,227.98,100.00,2025-06,FR_JUNE_2025.pdf
1529,N24000774,,,WIDENING OF EXISTING SINGLE LANE ROAD TO TWO LANE WITH PAVED SHOULDERS CONFIGURATION FROM KM. 235.00,,MoRTH,2017-12,2019-12,,248.22,,236.80,100.00,2025-06,FR_JUNE_2025.pdf
1530,N24000775,,,RECONSTRUCTION WITH GEOMETRIC IMPROVEMENT OF EXISTING 2 LANE/INTERMEDIATE LANE TO 2LANE WITH PAVED S,,MoRTH,2017-06,2019-06,,282.08,,234.97,100.00,2025-06,FR_JUNE_2025.pdf
1531,N24000776,,,RECONSTRUCTION WITH GEOMETIC IMPROVEMENT OF EXISTING TWO LANE TO 2- LANE WITH PAVED SHOULDERS CONFIG,,MoRTH,2017-11,2019-11,,232.81,,201.58,100.00,2025-06,FR_JUNE_2025.pdf
1532,N24000777,,,RECONSTRUCTION WITH GEOMETIC IMPROVEMENT OF SINGLE LANE TO 2- LANE WITH PAVED SHOULDER CONFIGURATION,,MoRTH,2017-11,2019-11,,283.51,,278.51,100.00,2025-06,FR_JUNE_2025.pdf
1533,N24000778,,,RECONSTRUCTION WITH GEOMETRIC IMPROVEMENT OF EXISTING SINGLE/INTERMEDIATE LANE TO 2LANE WITH PAVED S,,MoRTH,2017-11,2019-11,,266.52,,250.34,100.00,2025-06,FR_JUNE_2025.pdf
1534,N24000779,,,RECONSTRUCTION WITH GEOMETRIC IMPROVEMENT OF EXISTING SINGLE/INTERMEDIATE LANE TO 2 LANE WITH EAR,,MoRTH,2018-02,2020-02,,418.88,,339.71,94.00,2025-06,FR_JUNE_2025.pdf
1535,N24000780,,,REHABILITATION AND UP GRADATION OF 2 LANE/ 2 LANE WITH PAVED SHOULDER FROM EXISTING KM. 172.900 TO K,,MoRTH,2018-02,,,293.68,,244.25,100.00,2025-06,FR_JUNE_2025.pdf
1536,N24000781,,,CONSTRUCTION OF KUND BYPASS FROM EXISTING KM 33+130 TO KM 41+260 (EXISTING LENGTH: 8.130 KM); DESIGN,,MoRTH,2018-05,2020-05,,248.00,,120.50,67.00,2025-06,FR_JUNE_2025.pdf
1537,N24000782,,,REHABILITATION AND UPGRADATION OF 2 LANE WITH PAVED SHOULDER FROM EXISTING KM. 195.175 TO KM. 220.00,,MoRTH,2018-03,,,460.73,,0.00,,2025-06,FR_JUNE_2025.pdf
1538,N24000855,,,CONSTRUCTION OF 4.5 KM LONG SILKYARA TUNNEL BETWEEN KM 25.40 TO 50.25 KM (TUNNEL WORK),,NHIDCL,2018-03,2022-07,,1383.78,,714.33,64.27,2025-06,FR_JUNE_2025.pdf
1539,N24001130,,,RECONSTRUCTION WITH GEOMETRIC IMPROVMENT OF EXISTING INTERMEDIATE LANE TO 2 LANE WITH PAVED SHOULDER,,MoRTH,2016-08,2017-12,,234.88,,237.19,100.00,2025-06,FR_JUNE_2025.pdf
1540,N04000080,,,CONSTRUCTION OF ATC TOWER AND TECHNICAL BLOCK AT NSCBI AIRPORT KOLKATA,,AAI,2016-01,2020-03,2023-12,458.00,,251.64,100.00,2025-06,FR_JUNE_2025.pdf
1541,N04000081,,,"AIRSIDE CAPACITY ENHANCEMENT OF NSBI AIRPORT, KOLKATA",,AAI,2019-01,2021-11,2023-05,389.71,397.00,396.61,100.00,2025-06,FR_JUNE_2025.pdf
1542,N04000109,,,"NSCBI AIRPORT KOLKATA: RE- CONSTRUCTION OF RIGID POSITIONS OF SECONDARY RUNWAY, 'K' AND 'A' TAXIWAY",,AAI,2023-04,2025-10,,328.30,,91.70,42.50,2025-06,FR_JUNE_2025.pdf
1543,N04000115,,,BAGDOGRA AIRPORT: DEVELOPMENT OF NEW CIVIL ENCLAVE AT BAGDOGRA AIRPORT. SUB-HEAD : CONSTRUCTION OF N,,AAI,2024-08,2027-03,,1549.00,,239.75,9.62,2025-06,FR_JUNE_2025.pdf
1544,N06000163,,,RANIGANJ MASTER PLAN,,ECL,2009-08,2019-08,,2661.73,,787.60,42.00,2025-06,FR_JUNE_2025.pdf
1545,N06000165,,,SIDULI MINE (OC AND UG),,ECL,2018-05,2027-03,,535.18,,5.00,14.00,2025-06,FR_JUNE_2025.pdf
1546,N06000170,,,NAKRAKONDA KUMARDIH B OCP,,ECL,2018-08,2029-03,,502.68,,71.07,25.51,2025-06,FR_JUNE_2025.pdf
1547,N06000191,,,SHYAMSUNDARPUR UG INCLUDING SAPI UNIT,,ECL,2020-04,2026-03,2026-03,483.65,,55.53,12.09,2025-06,FR_JUNE_2025.pdf
1548,N06000195,,,2.0 MTPA BHOJUDIH NLW WASHERY,,BCCL,2015-12,2020-09,,384.57,,351.16,97.00,2025-06,FR_JUNE_2025.pdf
1549,N06000220,,,SONEPUR BAZARI EXPANSION OC,,ECL,2021-07,2029-03,,5365.88,5366.00,562.41,17.38,2025-06,FR_JUNE_2025.pdf
1550,N06000223,,,EXPANSION PR OF JHANJRA UG (5.00 MTY),,ECL,2020-04,2029-03,,1210.12,,495.37,40.00,2025-06,FR_JUNE_2025.pdf
1551,N06000236,,,MOHANPUR EXPANSION OC PHASE II,,ECL,2020-11,2026-03,,888.99,,89.54,30.25,2025-06,FR_JUNE_2025.pdf
1552,N06000244,,,BONJEMEHARI EXPANSION OCP,,ECL,2021-08,2026-03,2026-03,570.12,,81.58,16.00,2025-06,FR_JUNE_2025.pdf
1553,N06000272,,,ITAPARA OC,,ECL,2023-12,2030-03,,929.10,,65.03,6.80,2025-06,FR_JUNE_2025.pdf
1554,N06000276,,,UCE OF TILABONI UG,,ECL,2023-01,2029-03,,749.07,,52.09,10.30,2025-06,FR_JUNE_2025.pdf
1555,N06000277,,,UCE OF PARASEA BELBAID REORGANISATION UG,,ECL,2023-01,2029-03,2028-03,389.10,,131.42,16.41,2025-06,FR_JUNE_2025.pdf
1556,N06000281,,,PARASCOLE JAMBAD OCP,,ECL,2024-11,2037-03,,1193.55,,6.04,0.01,2025-06,FR_JUNE_2025.pdf
1557,N28000146,,,CONSTRUCTION OF TWO NOS GIRLS HOSTELS AND ONE NO BOYS HOSTEL OF 500 CAPACITY EACH G PLUS 8 STOREYED,,CPWD EDUCATION,2020-03,2020-06,,193.83,,187.65,99.00,2025-06,FR_JUNE_2025.pdf
1558,N10000015,,,"CONSTRUCTION OF BASEMENTG FLOOR10 STORIES BUILDING FOR THE STATE OF THE ART, DG, GSI AT SECTOR-V, SA",,CPWD,2019-04,2022-04,,255.37,,74.13,40.00,2025-06,FR_JUNE_2025.pdf
1559,N16000275,,,DURGAPUR-HALDIA PIPELINE PROJECT,,GAIL,2017-03,2020-12,2025-12,1740.00,2433.15,2193.80,90.00,2025-06,FR_JUNE_2025.pdf
1560,N16000478,,,HALDIA PANAGARH PIPELINE PROJECT,,HPCL,2022-11,2025-11,,1010.00,,573.18,80.09,2025-06,FR_JUNE_2025.pdf
1561,N16000491,,,"CGD PROJECT AT EAST MEDNIPORE, WEST MEDNIPORE AND JHARGRAM DISTRICTS",,IOCL,2022-03,2030-03,,609.00,,56.00,2.10,2025-06,FR_JUNE_2025.pdf
1562,N16000498,,,CGD PROJECT IN WEST BENGAL 11TH ROUND,,HPCL,2022-06,2030-06,,2628.00,,320.83,24.10,2025-06,FR_JUNE_2025.pdf
1563,N16000522,,,CITY GAS DISTRIBUTION PROJECTS AT ALIPURDUAR AND COOCH BEHAR,,BPCL,2022-12,2030-03,,1017.00,,168.34,31.90,2025-06,FR_JUNE_2025.pdf
1564,N18000178,,,RAMMAM-III HEPP (3X40 MW),,NTPC,2014-09,2019-09,2024-12,1381.84,,1302.76,43.68,2025-06,FR_JUNE_2025.pdf
1565,220100272,,,"TARAKESWAR - BISHNUPUR NEW BG LINE (NL), ER",,ER,2000-04,2019-03,2026-02,1188.91,,1283.98,75.00,2025-06,FR_JUNE_2025.pdf
1566,N22000108,,,NEW WORK FOR CONSTRUCTION OF METRO RAILWAY FROM NOAPARA- BARASAI VIA BIMANBANDER (MTP),,KOMRCL,2010-04,2026-08,,4829.60,,197.20,17.00,2025-06,FR_JUNE_2025.pdf
1567,N22000109,,,NEW WORK FOR CONSTRUCTION OF METRO RAILWAY FROM BARANAGAR TO BARRACKPORE AND DAKSHINESHWAR (MTP),,RVNL,2010-04,2026-12,,2298.42,,392.98,,2025-06,FR_JUNE_2025.pdf
1568,N22000110,,,NEW WORK FOR CONSTRUCTION OF METRO RAILWAY FROM NSCB AIRPORT TO NEW GARIA VIA RAJARHAT (MTP),,RVNL,2010-04,2025-12,,8964.35,,7387.40,,2025-06,FR_JUNE_2025.pdf
1569,N22000111,,,NEW WORK FOR CONSTRUCTION OF METRO RAILWAY FROM JOKA TO BINOY BADAL DINESH BAGH.,,RVNL,2010-04,2026-12,,4834.54,,3918.86,,2025-06,FR_JUNE_2025.pdf
1570,N22000510,,,PURULIA TO KOTSHILA DOUBLING (39.1 KM),,SER,2018-04,2024-12,,393.83,,319.21,100.00,2025-06,FR_JUNE_2025.pdf
1571,N22000624,,,NAHATI - RANAGHAT 3RD LINE (MM OF KALINARAYANPUR - KRISHNANAGAR),,ER,2015-07,2025-03,,1000.00,,171.63,44.00,2025-06,FR_JUNE_2025.pdf
1572,N22000628,,,EAST WEST METRO CORRIDOR KOLKATA,,KOMRCL,2009-02,2016-09,,4874.58,8575.00,0.00,,2025-06,FR_JUNE_2025.pdf
1573,N22000630,,,KALIPAHARI - BAKHTARNAGAR 5TH LINE (17.61 KM),,ER,2024-04,2027-06,,350.46,,0.00,,2025-06,FR_JUNE_2025.pdf
1574,N22000631,,,SITARAMPUR BYE - PASS LINE (6.59 KM),,ER,2023-02,2027-03,,461.64,,26.87,,2025-06,FR_JUNE_2025.pdf
1575,N22000632,,,MURARAI - BARHARWA 3RD LINE (48.90 KM),,ER,2025-05,2028-05,,935.19,,0.00,,2025-06,FR_JUNE_2025.pdf
1576,N24001747,,,SIX LANE OF PALSIT TO DANKUNI SECTION FROM 588.870 TO KM. 652.700,,NHAI,2020-03,2024-09,,2193.23,2314.00,2085.00,97.04,2025-06,FR_JUNE_2025.pdf
1577,N24001748,,,SIX LANING OF NATIONAL CORRIDOR NH19 FROM PANAGARH TO PALSIT IN THE STATE OF WEST BENGAL UNDER BHARA,,NHAI,2021-03,2024-09,,2200.93,,2622.05,97.60,2025-06,FR_JUNE_2025.pdf
1578,N24001749,,,FOUR LANING OF PURULIYA BYPASS SECTION OF NH 32 IN THE STATE OF WEST BENGAL ON EPC MODE,,NHAI,2021-08,2023-08,,557.55,,473.26,91.41,2025-06,FR_JUNE_2025.pdf
1579,N24001750,,,CONSTRUCTION OF NEW 4 LANE BRIDGE OVER RIVER GANGA AT DOWNSTREAM OF FARAKKA BARRAGE INCLUDING APPROA,,NHAI,2018-08,2021-12,,622.04,,579.31,91.64,2025-06,FR_JUNE_2025.pdf
1580,N24001850,,,DEVELOPMENT TO 4/6-LANNING OF NH- 31 (NEW NH-10) WITH BOTH SIDE SERVICE ROADS FROM KM 569.258 TO KM 5,,MoRTH,2022-03,2025-09,2025-09,995.04,995.04,422.06,51.21,2025-06,FR_JUNE_2025.pdf
1581,N24002184,,,CONSTRUCTION OR 4 LANE RANIGANJ BYPASS OF LENGTH 5 261 KM ON NH 60 NEW NH 14 FROM KM 273 00 OF NH,,MoRTH,2023-03,2026-03,2026-03,410.83,,164.34,37.50,2025-06,FR_JUNE_2025.pdf
1582,N24002191,,,CONSTRUCTION OF ROB AND ITS APPROACHES IN LIEU OF LEVEL CROSSING NO 10 B T AT KM 307 050 OF NH 60 B,,MoRTH,2016-03,2025-08,,155.87,,21.68,10.61,2025-06,FR_JUNE_2025.pdf
1583,N24000463,,,4 LANING OF NH-31D FROM GHOSHPUKUR - SALSALABARI ( KM 0.00 TO KM . 83.785),,NHAI,2015-12,2018-06,2024-05,1083.00,1414.01,1080.05,100.00,2025-06,FR_JUNE_2025.pdf
1584,N24000515,,,SIX-LANING OF BARWA ADDA- PANAGARH,,NHAI,2014-04,2016-09,,1665.00,,4980.13,100.00,2025-06,FR_JUNE_2025.pdf
1585,N24000788,,,REHABILITATION AND UP GRADATION OF EXISTING ROAD TO 2-LANE WITH PAVED SHOULDER CONFIGURATION IN PURU,,NHAI,2018-03,2022-09,2022-12,841.57,708.30,12485.63,96.49,2025-06,FR_JUNE_2025.pdf
1586,N24000874,,,CONSTRUCTION OF NEW ROAD AT THE MISSING LINK PORTION OF NH-81 ALONG THE APPROVED ALIGNMENT BETWEEN H,,MoRTH,2016-03,2018-11,2023-12,271.17,291.20,199.72,82.56,2025-06,FR_JUNE_2025.pdf
1587,N24000880,,,UPGRADATION OF NH-81 WITH A MINIMUM OF 2-LANE WITH PAVED SHOULDER CONFIGURATION STARTING FROM KM 19.,,MoRTH,2018-02,2020-09,2024-01,426.18,426.18,364.92,100.00,2025-06,FR_JUNE_2025.pdf
1588,N12000132,,,REBUILDING OF COKE OVEN BATTERY NO.4 OF DURGAPUR STEEL PLANT,,SAIL,2023-11,2026-12,,916.78,,110.08,10.98,2025-06,FR_JUNE_2025.pdf
1589,N12000138,,,INSTALLATION OF NEW BAR MILL AT DURGAPUR STEEL PLANT,,SAIL,2024-09,2027-06,,2115.44,,100.12,19.97,2025-06,FR_JUNE_2025.pdf
1590,N12000139,,,UP-GRADATION OF BLAST FURNACE NO. 3 AT DURGAPUR STEEL PLANT,,SAIL,2024-09,2026-06,,758.09,,35.34,2.50,2025-06,FR_JUNE_2025.pdf
1591,N12000140,,,REVAMPING OF AIR POLLUTION CONTROL SYSTEMS OF SP-1 AT DURGAPUR STEEL PLANT,,SAIL,2024-11,2026-05,,196.40,,0.19,1.00,2025-06,FR_JUNE_2025.pdf
1592,N12000141,,,THIRD LADLE FURNACE IN SECONDARY REFINERY UNIT AT IISCO STEEL PLANT,,SAIL,2024-11,2026-07,,227.96,,2.61,29.00,2025-06,FR_JUNE_2025.pdf
1593,N30000032,,,INTERCEPTION AND DIVERSION WITH STP AT MAHESHTALA,,KMDA,2018-05,2022-02,,198.43,224.69,77.79,98.00,2025-06,FR_JUNE_2025.pdf
1594,N30000034,,,INTERCEPTION DIVERSION TREATMENT WORKS AT TOLLYS NULLAH ADI GANGA,,KMDA,2017-08,2022-09,2023-01,307.12,,0.00,,2025-06,FR_JUNE_2025.pdf
1595,N30000042,,,INTERCEPTION AND DIVERSION WITH STP AT HUGHLY-CHINSURAH,,KMDA,2018-05,2022-02,2020-09,160.00,154.73,93.32,92.00,2025-06,FR_JUNE_2025.pdf
