sl_no,project_code,legacy_ocms_code,pmgid,project_name,state,implementing_agency,start_date,original_completion_date,revised_completion_date,original_cost,revised_cost,cumulative_expenditure,physical_progress,reporting_period,source_filename
1,Airport Authority of India [AAI],612786,,Construction of New Domestic Terminal Building Building and miscellaneous works,Andhra Pradesh,"including maintenance, operations and AICMC at Kadapa Airport",2023-03,2026-01,2026-03,265.91,265.91,67.22,39,2025-10,FlashReport_October_2025.pdf
2,Airport Authority of India [AAI],701107,,Construction of New Integrated Terminal Building and associated works including apron to park 3 code E type of aircraft or 6 code C type of aircraft at Vijayawada,Andhra Pradesh,Airport.,2020-06,2022-09,2025-12,611.8,611.8,507.14,84,2025-10,FlashReport_October_2025.pdf
3,,,,Construction of New Domestic Terminal Building at Rajahmundry Airport. (Airport Authority of India [AAI]) (701121),Andhra Pradesh,,2022-12,2025-08,2025-12,347.15,347.15,102.43,57,2025-10,FlashReport_October_2025.pdf
4,,,,Guwahati Airport New Integrated Terminal Building Construction Project (Adani Airport Holdings Limited) (706724),Assam,,2016-12,2025-03,2025-11,1712,1712,2397.37,91,2025-10,FlashReport_October_2025.pdf
5,,,,Development of New Civil Enclave at Bihta (Airport Authority of India [AAI]) (612183),Bihar,,2024-08,2027-09,,1413,1413,0,1,2025-10,FlashReport_October_2025.pdf
6,,,,Development of New Civil Enclave and associated works at Darbhanga Airport (Airport Authority of India [AAI]) (612194),Bihar,,2024-07,2026-01,,911.66,911.66,213.22,38,2025-10,FlashReport_October_2025.pdf
7,Airport Authority of India [AAI],701101,,Construction of New Domestic Terminal Building [Phase-I and II] and other allied,Bihar,"structures at JPNI Airport, Patna",2018-12,2023-07,2025-11,1216.9,1216.9,1125.73,95,2025-10,FlashReport_October_2025.pdf
8,,,,Goa Airport Terminal Building Extension Project (Airport Authority of India [AAI]) (701105),Goa,,2017-11,2021-12,2025-09,255.69,255.69,154.3,94,2025-10,FlashReport_October_2025.pdf
9,,,,"Development of Dholera International Greenfield Airport , Gujarat (Airport Authority of India [AAI]) (701126)",Gujarat,,2022-06,2026-06,2026-06,1305,1551,718.2,67,2025-10,FlashReport_October_2025.pdf
10,Airport Authority of India [AAI],611047,,"Construction of NTB complex including apron, taxi track and other associated civil",Jammu and Kashmir,works and electrical & mechanical installations towards Tawi River side at CA Jammu.,2022-07,2026-06,2026-06,861.37,861.37,212.12,39,2025-10,FlashReport_October_2025.pdf
11,Airport Authority of India [AAI],612787,,Construction of New Domestic Terminal Building and Miscellaneous works at Hubli,Karnataka,Airport,2023-06,2026-01,2026-03,320.47,320.47,81.22,45,2025-10,FlashReport_October_2025.pdf
12,Airport Authority of India [AAI],612788,,Construction of New Domestic Terminal Building and Miscellaneous Works at,Karnataka,Belagavi Airport.,2023-06,2026-01,2026-01,322.45,322.45,140.4,59,2025-10,FlashReport_October_2025.pdf
13,Airport Authority of India [AAI],612789,,"Development of additional RESA on either end on Runway 10-28 at Calicut Airport. Construction of embankment with slope protection, drainage system and associated",Kerala,works for additional RESA on either end on Runway 10-28,2023-06,2025-09,2026-03,484.57,484.57,91.67,23,2025-10,FlashReport_October_2025.pdf
14,,,,"Construction of Terminal Building & Associated works at Leh Airport, Ladakh (Airport Authority of India [AAI]) (400010)",Ladakh,,2018-07,2021-09,2025-10,480,640,471.59,77,2025-10,FlashReport_October_2025.pdf
15,,,,C/o NITB Imphal Airport (Airport Authority of India [AAI]) (706718),Manipur,,2021-11,2024-07,2026-12,499,499,155.72,41,2025-10,FlashReport_October_2025.pdf
16,Airport Authority of India [AAI],611570,,"SITC of ATM Automation System and ASMGCS [Including SMR & MLAT] for Mumbai,","Multi-States (Karnataka, Maharashtra, Telangana, Uttar Pradesh)","Navi Mumbai, Jewar [earlier MOPA, without ASMGCS], HIAL & BIAL",,2025-09,2026-08,500.48,500.48,332.26,75,2025-10,FlashReport_October_2025.pdf
17,Airport Authority of India [AAI],701127,,Construction of New Passenger Terminal Building for Domestic Operations at Jodhpur,Rajasthan,Airport.,2022-05,2024-11,2025-11,480,480,317.88,96,2025-10,FlashReport_October_2025.pdf
18,,,,Construction of New Integrated Passenger Terminal Building at Udaipur Airport (Airport Authority of India [AAI]) (701128),Rajasthan,,2023-06,2026-03,2026-10,887,887,378.81,50,2025-10,FlashReport_October_2025.pdf
19,Airport Authority of India [AAI],612793,,"Widening of basic strip at Western Side of Runway Chainage 80m to 920m i/c slope stabilization Measures [Balance work] of uphill and Improvement of Storm Water Drainage System at Pakyong Airport, Sikkim on design & build basis [EPC] with",Sikkim,integrated 10 years maintenance.,2023-11,2026-02,,323.26,323.26,38.69,14,2025-10,FlashReport_October_2025.pdf
20,,,,"Modernization of Chennai Airport, Phase II, Part 2 (Airport Authority of India [AAI]) (611602)",Tamil Nadu,,2018-05,2025-07,2026-06,1207,1207,183.02,25,2025-10,FlashReport_October_2025.pdf
21,Airport Authority of India [AAI],612063,,"Construction of New Terminal Building, Second Link Taxi Track, Apron Expansion,",Uttar Pradesh,and associated works at Prayagraj Airport- On Design & Build Basis.,,2024-11,2025-08,219.18,274.38,215.2,100,2025-10,FlashReport_October_2025.pdf
22,,,,Lucknow Airport-Terminal 3- Phase 1 & Other Associated Works (Adani Airport Holdings Limited) (701091),Uttar Pradesh,,2018-06,2026-03,,3100,3100,16024.42,100,2025-10,FlashReport_October_2025.pdf
23,Airport Authority of India [AAI],701113,,"Development of Lal Bahadur Shastri International airport, Varanasi including C/o New",Uttar Pradesh,"Terminal Building, Apron Extension, Runway Extension, PTT and allied works.",2024-07,2027-07,2027-07,2869.65,2869.65,361.71,18,2025-10,FlashReport_October_2025.pdf
24,,,,Development of New Integrated Civil Enclave at Agra Airport (Airport Authority of India [AAI]) (701122),Uttar Pradesh,,2024-06,2026-07,,579,579,88.64,20,2025-10,FlashReport_October_2025.pdf
25,,,,Development of New Civil Enclave at Bagdogra Airport (Airport Authority of India [AAI]) (611495),West Bengal,,2024-08,2027-01,2027-01,1549,1549,310.58,13,2025-10,FlashReport_October_2025.pdf
26,Airport Authority of India [AAI],612791,,"Re-Construction of Rigid portions of Secondary Runway, K and A Taxiway and",West Bengal,Strengthening of C Taxiway at NSCBI Airport Kolkata.,2023-04,2025-02,2026-08,328.3,328.3,107.6,49,2025-10,FlashReport_October_2025.pdf
27,,,,TIKAK EXTENSION OCP (MIS MoCoal Integration Logins) (615820),Assam,,2022-07,2031-07,,159.77,159.77,81.47,0,2025-10,FlashReport_October_2025.pdf
28,,,,TIRAP OCP (MIS MoCoal Integration Logins) (615821),Assam,,2022-11,2030-11,,289.46,289.46,105.6,3,2025-10,FlashReport_October_2025.pdf
29,,,,PORDA CHIMTAPANI OCP [10 MTY] (South Eastern Coalfields Limited [SECL]) (400144),Chhattisgarh,,2020-12,2029-03,,2310.12,2310.12,87.97,10,2025-10,FlashReport_October_2025.pdf
30,,,,CHHAL OC SEAM III [6 MTY] (South Eastern Coalfields Limited [SECL]) (400145),Chhattisgarh,,2013-12,2022-03,2025-11,610.63,610.63,579.82,85,2025-10,FlashReport_October_2025.pdf
31,,,,BAROUD OC EXPANSION [3.0-10.0M (South Eastern Coalfields Limited [SECL]) (400149),Chhattisgarh,,2020-08,2029-03,,2309.8,2309.8,937.38,50,2025-10,FlashReport_October_2025.pdf
32,,,,DIPKA EXPANSION OCP [40 MTY] (South Eastern Coalfields Limited [SECL]) (400354),Chhattisgarh,,2020-12,2029-03,,5241.4,5241.4,2841.08,37,2025-10,FlashReport_October_2025.pdf
33,,,,GEVRA OC [70 MTY] (South Eastern Coalfields Limited [SECL]) (400424),Chhattisgarh,,2016-03,2023-03,2026-03,11816.4,11816.4,6687.44,78,2025-10,FlashReport_October_2025.pdf
34,,,,JAMPALI OC RCE [2.0 MTY] (South Eastern Coalfields Limited [SECL]) (613795),Chhattisgarh,,2020-05,2025-03,2025-06,278.64,278.64,210.07,82,2025-10,FlashReport_October_2025.pdf
35,,,,AMERA OC RCE [1.0 MTY] (South Eastern Coalfields Limited [SECL]) (613798),Chhattisgarh,,2015-02,2026-03,,335.97,335.97,88.24,42,2025-10,FlashReport_October_2025.pdf
36,,,,AMGAON OC RCE [1.0 MTY] (South Eastern Coalfields Limited [SECL]) (613799),Chhattisgarh,,2015-07,2026-03,,316.11,316.11,188.62,78,2025-10,FlashReport_October_2025.pdf
37,,,,JAGANNATHPUR OC RCE PROJECT (South Eastern Coalfields Limited [SECL]) (613800),Chhattisgarh,,2016-07,2025-03,2026-03,459.49,459.49,274.35,96,2025-10,FlashReport_October_2025.pdf
38,,,,MAHAMAYA OCP [1.50 MTY] (South Eastern Coalfields Limited [SECL]) (613801),Chhattisgarh,,2018-05,2026-03,,410.26,410.26,182.83,54,2025-10,FlashReport_October_2025.pdf
39,,,,KATKONA RO UG MINE (South Eastern Coalfields Limited [SECL]) (615191),Chhattisgarh,,2023-01,2029-03,,329.21,329.21,61.34,2,2025-10,FlashReport_October_2025.pdf
40,,,,PELMA OC MDO (South Eastern Coalfields Limited [SECL]) (616234),Chhattisgarh,,2022-10,2033-03,,1725.04,1725.04,15.66,40,2025-10,FlashReport_October_2025.pdf
41,,,,KUSMUNDA OC EXPANSION PROJECT (SECL - CIL) (617287),Chhattisgarh,,2024-11,2030-03,,4516.88,4516.88,775.13,21,2025-10,FlashReport_October_2025.pdf
42,,,,MANIKPUR OC EXPANSION PROJECT (South Eastern Coalfields Limited [SECL]) (617288),Chhattisgarh,,2025-01,2029-03,,382.61,382.61,113.03,21,2025-10,FlashReport_October_2025.pdf
43,,,,HURA C OCP (ECL - CIL) (400018),Jharkhand,,2022-08,2029-03,,859.41,859.41,451.62,62,2025-10,FlashReport_October_2025.pdf
44,,,,KONAR EXPANSION OCP (Ministry of Coal) (400073),Jharkhand,,2022-01,2032-03,,799.34,799.34,429.65,45,2025-10,FlashReport_October_2025.pdf
45,,,,KARO EXPANSION OCP (Ministry of Coal) (400074),Jharkhand,,2022-01,2029-03,,908.47,908.47,269.26,22,2025-10,FlashReport_October_2025.pdf
46,,,,SANGHMITRA OC (Ministry of Coal) (400136),Jharkhand,,2024-03,2032-03,,2660,2660,0,0,2025-10,FlashReport_October_2025.pdf
47,,,,CHANDRAGUPT OCP (Ministry of Coal) (400138),Jharkhand,,2020-08,2032-03,,973.5,973.5,440.56,24,2025-10,FlashReport_October_2025.pdf
48,,,,KOTRE BASANTPUR PACHMO OCP (Ministry of Coal) (400139),Jharkhand,,2020-08,2032-03,,861.06,625.4,455.95,42,2025-10,FlashReport_October_2025.pdf
49,,,,Pachwara South Coal Block (NLC India Limited [NLCIL]) (400142),Jharkhand,,2016-03,2028-09,,2242.9,2242.9,1220.76,74,2025-10,FlashReport_October_2025.pdf
50,,,,RPR MAGADH EXP OCP (Ministry of Coal) (400150),Jharkhand,,2020-08,2028-03,,7254.37,7254.37,1600.77,38,2025-10,FlashReport_October_2025.pdf
51,,,,NORTH URIMARI EXPANSION OCP (Ministry of Coal) (400151),Jharkhand,,2021-07,2029-03,,778.8,778.8,696.05,67,2025-10,FlashReport_October_2025.pdf
52,,,,EPR ROHINI - KARKETTA OCP (Ministry of Coal) (400153),Jharkhand,,2021-01,2028-03,,1020.42,1020.42,84.74,21,2025-10,FlashReport_October_2025.pdf
53,,,,EPR PUNDI OCP (Ministry of Coal) (400154),Jharkhand,,2020-11,2027-03,,713.35,713.35,236.58,10,2025-10,FlashReport_October_2025.pdf
54,,,,EPR ASHOK OC (Ministry of Coal) (400155),Jharkhand,,2021-05,2031-03,,2898.28,2898.28,179.7,24,2025-10,FlashReport_October_2025.pdf
55,,,,EPR AMRAPALI OCP (Ministry of Coal) (400156),Jharkhand,,2020-02,2028-03,,5136.15,5136.15,1168.11,42,2025-10,FlashReport_October_2025.pdf
56,,,,RAJRAPPA RCE OCP (Ministry of Coal) (400160),Jharkhand,,2009-12,2016-03,2027-03,510.85,510.85,488.69,76,2025-10,FlashReport_October_2025.pdf
57,,,,CHITRA EAST OC (Eastern Coal Fields Limited [ECL]) (400172),Jharkhand,,2018-08,2026-03,2028-03,513.99,513.99,229.86,51,2025-10,FlashReport_October_2025.pdf
58,,,,JHARKHAND-LAIYO OCP (Ministry of Coal) (400352),Jharkhand,,2020-08,2031-03,,764.57,764.57,145.81,29,2025-10,FlashReport_October_2025.pdf
59,,,,MOONIDIH XV SEAM UG (Ministry of Coal) (400425),Jharkhand,,2011-08,2019-03,2026-05,1230.27,1230.27,631.73,81,2025-10,FlashReport_October_2025.pdf
60,,,,2.5 MTPA PATHERDIH NLW WASHERY (Ministry of Coal) (611017),Jharkhand,,2015-10,2018-04,2026-03,334.27,334.27,142.64,48,2025-10,FlashReport_October_2025.pdf
61,,,,AMALAGAMATED NTST KUJAMA OCP 8.5MTY (Ministry of Coal) (611864),Jharkhand,,2023-01,2030-03,,4011.85,4011.85,404.49,28,2025-10,FlashReport_October_2025.pdf
62,,,,MURAIDIH UG PROJECT (Ministry of Coal) (613808),Jharkhand,,2011-02,2014-04,2026-12,339.87,339.87,191,70,2025-10,FlashReport_October_2025.pdf
63,,,,TAPIN SOUTH EXPN (Ministry of Coal) (615349),Jharkhand,,2020-11,2028-03,,230.41,230.41,22.02,20,2025-10,FlashReport_October_2025.pdf
64,,,,SIRKA OC (Ministry of Coal) (615822),Jharkhand,,2020-05,2028-03,,222.82,222.82,140.58,53,2025-10,FlashReport_October_2025.pdf
65,,,,TETARIAKHAR OC (Ministry of Coal) (615843),Jharkhand,,2019-11,2025-03,2027-03,243.52,243.52,44.64,29,2025-10,FlashReport_October_2025.pdf
66,,,,CHUPERBHITA SIMLONG OCP MDO 6 (Eastern Coal Fields Limited [ECL]) (616225),Jharkhand,,2023-12,2037-03,,979.08,979.08,0,0,2025-10,FlashReport_October_2025.pdf
67,,,,JARANGDIH EXPN. OCP 1.5 MTY (CCL - CIL) (616236),Jharkhand,,2020-02,2029-03,,414.37,414.37,85.6,32,2025-10,FlashReport_October_2025.pdf
68,,,,BLOCK E OCP (Ministry of Coal) (616253),Jharkhand,,2024-03,2029-03,,5850.83,5850.83,20.32,3,2025-10,FlashReport_October_2025.pdf
69,Bharat Coking Coal Limited (BCCL,617416,,"Revised Jharia Master Plan for Dealing with Fire, Subsidence & Rehabilitation of",Jharkhand,affected families in Jharia Coalfield- Reg.,2025-06,2028-12,,5940.47,5940.47,0,8,2025-10,FlashReport_October_2025.pdf
70,,,,AMADAND OCP[4.0MTY] (Ministry of Coal) (400148),Madhya Pradesh,,2016-03,2021-03,2027-03,869.44,869.44,275.35,75,2025-10,FlashReport_October_2025.pdf
71,,,,RAMPUR BATURA OCP [4.0MTY] (South Eastern Coalfields Limited [SECL]) (400152),Madhya Pradesh,,2019-07,2026-03,,1248.93,1248.93,498.04,44,2025-10,FlashReport_October_2025.pdf
72,,,,BLOCK B EXPANSION [3.5 TO 8.0 (Northern Coalfields Limited [NCL]) (400162),Madhya Pradesh,,2019-07,2023-03,2027-03,998.71,998.71,470.87,47,2025-10,FlashReport_October_2025.pdf
73,,,,NIGAHI EXPANSION [15 TO 25 MTP (Northern Coalfields Limited [NCL]) (400321),Madhya Pradesh,,2020-11,2025-03,2028-03,1729.68,1729.68,833.62,48,2025-10,FlashReport_October_2025.pdf
74,,,,KANCHAN OC EXP (South Eastern Coalfields Limited [SECL]) (613802),Madhya Pradesh,,2014-12,2026-03,,371.04,371.04,144.61,58,2025-10,FlashReport_October_2025.pdf
75,,,,JHIRIA WEST OCP [1.5 MTY] (South Eastern Coalfields Limited [SECL]) (613803),Madhya Pradesh,,2024-01,2029-03,,366.94,366.94,34.07,41,2025-10,FlashReport_October_2025.pdf
76,,,,RPR TAWA-III UG 0.84 MTY (Western Coalfields Limited [WCL]) (613804),Madhya Pradesh,,2021-12,2027-03,,314.09,314.09,6.84,17,2025-10,FlashReport_October_2025.pdf
77,,,,AMALGAMATED DHANKASA & JAMUNIA (Western Coalfields Limited [WCL]) (615185),Madhya Pradesh,,2022-09,2027-03,,399.2,399.2,93.52,66,2025-10,FlashReport_October_2025.pdf
78,,,,RPR OF VISHNUPURI UG TO OC (Western Coalfields Limited [WCL]) (615187),Madhya Pradesh,,2022-11,2029-03,,220.62,220.62,0,11,2025-10,FlashReport_October_2025.pdf
79,,,,URDHAN EXPANSION OC COST PLUS (Western Coalfields Limited [WCL]) (615194),Madhya Pradesh,,2022-07,2031-03,,206.88,206.88,27.19,0,2025-10,FlashReport_October_2025.pdf
80,,,,SHARDA UG MINE (Western Coalfields Limited [WCL]) (615195),Madhya Pradesh,,2022-07,2028-03,,166.25,166.25,5.08,9,2025-10,FlashReport_October_2025.pdf
81,,,,GANDHIGRAM UG MINE (Western Coalfields Limited [WCL]) (615206),Madhya Pradesh,,2019-08,2026-03,,414.15,414.15,15.52,56,2025-10,FlashReport_October_2025.pdf
82,,,,BHATADI EXPANSION OC (Western Coalfields Limited [WCL]) (400033),Maharashtra,,2020-02,2028-03,,580.61,580.61,73.77,28,2025-10,FlashReport_October_2025.pdf
83,,,,AMALGAMATED YEKONA I & YEKONA (Western Coalfields Limited [WCL]) (400177),Maharashtra,,2015-08,2025-03,2026-03,727.28,727.28,539.93,80,2025-10,FlashReport_October_2025.pdf
84,,,,DINESH[MAKARDHOKRA-III] OC (Western Coalfields Limited [WCL]) (400178),Maharashtra,,2020-02,2027-03,,822.88,822.88,621.94,34,2025-10,FlashReport_October_2025.pdf
85,,,,DHUPTALA OC [SASTI UG TO OC ] (Western Coalfields Limited [WCL]) (400353),Maharashtra,,2019-02,2028-03,,711.01,711.01,169.11,19,2025-10,FlashReport_October_2025.pdf
86,,,,SAONER UG MINE -1 EXPANSION 1. (Western Coalfields Limited [WCL]) (615184),Maharashtra,,2022-01,2028-03,,228.64,228.64,143.37,68,2025-10,FlashReport_October_2025.pdf
87,,,,SASTI EXPANSION OPENCAST (Western Coalfields Limited [WCL]) (615186),Maharashtra,,2020-08,2026-03,,319.04,319.04,91.48,20,2025-10,FlashReport_October_2025.pdf
88,,,,NEW MAJRI UG TO OC 3 MTY COST (Western Coalfields Limited [WCL]) (615188),Maharashtra,,2019-05,2027-03,,402.27,402.27,60.03,24,2025-10,FlashReport_October_2025.pdf
89,,,,MAKARDHOKRA EXPN OC 4.9 MTY (Western Coalfields Limited [WCL]) (615189),Maharashtra,,2022-06,2026-03,,361.87,361.87,76.32,11,2025-10,FlashReport_October_2025.pdf
90,,,,SINGHORI DEEP OC MIN 2.0 MTY (Western Coalfields Limited [WCL]) (615190),Maharashtra,,2022-05,2029-03,,335.75,335.75,26.98,6,2025-10,FlashReport_October_2025.pdf
91,,,,GOKUL EXTENSION OC MINE (Western Coalfields Limited [WCL]) (615192),Maharashtra,,2021-04,2026-03,,309.58,309.58,43.88,8,2025-10,FlashReport_October_2025.pdf
92,,,,KOLGAON EXPANSION DEEP OC MINE (Western Coalfields Limited [WCL]) (615199),Maharashtra,,2023-01,2027-03,,198.71,198.71,0.76,2,2025-10,FlashReport_October_2025.pdf
93,,,,BALLARPUR NORTH WEST OC MINE (Western Coalfields Limited [WCL]) (615330),Maharashtra,,2022-12,2029-03,,360.81,360.81,0.02,4,2025-10,FlashReport_October_2025.pdf
94,,,,GADEGAON OC 3 MTY (Western Coalfields Limited [WCL]) (615331),Maharashtra,,2023-10,2030-03,,497.41,497.41,0.08,0,2025-10,FlashReport_October_2025.pdf
95,,,,GHONSA EXPANSION DEEP OC MINE (Western Coalfields Limited [WCL]) (615914),Maharashtra,,2021-03,2029-03,,184.71,184.71,14.48,5,2025-10,FlashReport_October_2025.pdf
96,,,,AMLG GAURI PAUNI EXPANSION OC (Western Coalfields Limited [WCL]) (615916),Maharashtra,,2024-04,2030-03,,1225.21,1225.21,79.73,2,2025-10,FlashReport_October_2025.pdf
97,,,,GAURIDEEP/GAURI CENTRAL OCP 7. (Western Coalfields Limited [WCL]) (615917),Maharashtra,,2023-08,2030-03,,973.07,973.07,0.24,0,2025-10,FlashReport_October_2025.pdf
98,,,,RPR OF BHANEGAON OC (Western Coalfields Limited [WCL]) (615918),Maharashtra,,2017-02,2028-03,,405.2,405.2,12.39,7,2025-10,FlashReport_October_2025.pdf
99,,,,N. EXTN. MUNGOLI NIRGUDA D OCP (Western Coalfields Limited [WCL]) (615919),Maharashtra,,2024-06,2029-03,,1024.91,1024.91,170.94,0,2025-10,FlashReport_October_2025.pdf
100,,,,NILJAI EXPANSION DEEP OCP (Western Coalfields Limited [WCL]) (615982),Maharashtra,,2016-08,2024-03,2026-03,319.75,319.75,367.6,79,2025-10,FlashReport_October_2025.pdf
101,,,,UKNI DEEP OC MINE -COST PLUS (Western Coalfields Limited [WCL]) (616044),Maharashtra,,2018-11,2021-03,2026-03,237.06,237.06,165.57,87,2025-10,FlashReport_October_2025.pdf
102,,,,AMALGAMATED INDER-KAMPTEE DEEP OC (Western Coalfields Limited [WCL]) (616050),Maharashtra,,2018-09,2024-03,2026-03,235.9,235.9,237.12,98,2025-10,FlashReport_October_2025.pdf
103,,,,ADASA UG TO OC MINE (Western Coalfields Limited [WCL]) (616223),Maharashtra,,2018-11,2024-03,2026-03,316,316,308.84,86,2025-10,FlashReport_October_2025.pdf
104,,,,AMAL GONDEGAON GHATROHANA EXPN (Western Coalfields Limited [WCL]) (616229),Maharashtra,,2024-09,2029-03,,668.54,668.54,1.18,0,2025-10,FlashReport_October_2025.pdf
105,,,,WAGHODA UG MINE [1.02 MTY] (Western Coalfields Limited [WCL]) (617233),Maharashtra,,2024-01,2030-03,,379.3,379.3,0,0,2025-10,FlashReport_October_2025.pdf
106,,,,KOLARPIMPRI EXPANSION OC [2.5 (Western Coalfields Limited [WCL]) (617278),Maharashtra,,2024-06,2030-03,,630.37,630.37,0,0,2025-10,FlashReport_October_2025.pdf
107,,,,Master Plan for Jharia and Raniganj Coalfields (Bharat Coking Coal Limited [BCCL]) (400313),"Multi-States (Jharkhand, West Bengal)",,2009-08,2019-08,2028-12,2661.73,2661.73,791.42,43,2025-10,FlashReport_October_2025.pdf
108,,,,BINA KAKRI AMALGAMATION EXPANS (Northern Coalfields Limited [NCL]) (400369),"Multi-States (Madhya Pradesh, Uttar Pradesh)",,2020-08,2024-03,2027-03,836.42,836.42,809.2,89,2025-10,FlashReport_October_2025.pdf
109,,,,KHADIA EXPANSION [10 TO 16 MTP (Northern Coalfields Limited [NCL]) (615183),"Multi-States (Madhya Pradesh, Uttar Pradesh)",,2021-06,2025-03,2027-03,491.67,491.67,243.56,47,2025-10,FlashReport_October_2025.pdf
110,,,,SUBHADRA OCP (Mahanadi Coalfields Limited [MCL]) (400165),Odisha,,2021-05,2032-04,,1693.81,1693.81,1323.62,42,2025-10,FlashReport_October_2025.pdf
111,,,,SIARMAL OCP (Mahanadi Coalfields Limited [MCL]) (400166),Odisha,,2021-02,2029-03,,5194.95,5194.95,3456.93,55,2025-10,FlashReport_October_2025.pdf
112,,,,BALARAM EXPANSION OCP (Mahanadi Coalfields Limited (MCL)) (400183),Odisha,,2020-06,2029-03,,3504.21,3504.21,922.92,53,2025-10,FlashReport_October_2025.pdf
113,,,,GOPALJI KANIHA OCP [10 TO 30 M (MCL - CIL) (400185),Odisha,,2022-04,2030-03,,8416.19,6107.87,1734.86,17,2025-10,FlashReport_October_2025.pdf
114,,,,INTEGRATED LAKHANPUR-BELPAHAR- (Mahanadi Coalfields Limited [MCL]) (400187),Odisha,,2018-05,2027-03,,2434.75,2434.75,1834.91,69,2025-10,FlashReport_October_2025.pdf
115,,,,BHARATPUR RE-ORGANIZATION OCP (Mahanadi Coalfields Limited (MCL)) (400392),Odisha,,2018-11,2029-03,,2838.86,2838.86,1673.49,47,2025-10,FlashReport_October_2025.pdf
116,,,,BASUNDHARA WEST EXTENSION OPEN (MCL - CIL) (615193),Odisha,,2014-05,2019-03,2029-03,479.15,479.15,274.52,64,2025-10,FlashReport_October_2025.pdf
117,,,,Naini Coal Mine (Singareni Collieries Company Limited [SCCL]) (615857),Odisha,,2020-03,2026-03,,494.3,494.3,491.33,80,2025-10,FlashReport_October_2025.pdf
118,,,,INTEGRATED KULDA GARJANBAHAL O (Mahanadi Coalfields Limited [MCL]) (616226),Odisha,,2023-04,2033-03,,3563.5,3563.5,568.97,3,2025-10,FlashReport_October_2025.pdf
119,,,,BHUBANESWARI EXPN OCP 50 MTY (MCL - CIL) (616231),Odisha,,2024-03,2033-03,,5366.27,5366.27,466.28,14,2025-10,FlashReport_October_2025.pdf
120,,,,HINGULA II OC EXPN PH III 15 M (MCL - CIL) (616232),Odisha,,2022-11,2029-03,,1561.85,1561.85,273.03,24,2025-10,FlashReport_October_2025.pdf
121,,,,BALABHADRA OCP (MCL - CIL) (616233),Odisha,,2023-04,2030-03,,978.44,978.44,212.94,11,2025-10,FlashReport_October_2025.pdf
122,,,,Jawahar Khani Open Cast Mine (Singareni Collieries Company Limited [SCCL]) (615818),Telangana,,2021-12,2025-03,2027-03,297.88,297.88,46.83,20,2025-10,FlashReport_October_2025.pdf
123,,,,Kalyanikhani Opencast Project (Singareni Collieries Company Limited [SCCL]) (615858),Telangana,,2016-03,2026-03,,384.32,384.32,283.94,75,2025-10,FlashReport_October_2025.pdf
124,,,,Kakathiya Khani Opencast - III Project Phase - I (Singareni Collieries Company Limited [SCCL]) (615859),Telangana,,2017-03,2026-03,,413.84,413.84,397.55,79,2025-10,FlashReport_October_2025.pdf
125,,,,Godavarikhani Coal Mine - 5 (Singareni Collieries Company Limited [SCCL]) (615860),Telangana,,2019-07,2025-03,2026-03,607.04,607.04,191.37,71,2025-10,FlashReport_October_2025.pdf
126,,,,Indaram Opencast Project (Singareni Collieries Company Limited [SCCL]) (615861),Telangana,,2017-08,2025-03,2026-03,424.81,424.81,404.96,80,2025-10,FlashReport_October_2025.pdf
127,,,,Goleti Opencast Mine (Singareni Collieries Company Limited [SCCL]) (615862),Telangana,,2021-07,2026-03,,345.6,345.6,76.19,21,2025-10,FlashReport_October_2025.pdf
128,,,,Venkatesh Khani Coal Mine (Singareni Collieries Company Limited [SCCL]) (615863),Telangana,,2020-10,2026-03,,484.5,484.5,477.14,97,2025-10,FlashReport_October_2025.pdf
129,,,,Ramagundam OC-II Extension Project (Singareni Collieries Company Limited [SCCL]) (615864),Telangana,,2015-11,2026-03,,489.62,489.62,405.54,77,2025-10,FlashReport_October_2025.pdf
130,,,,Kakatiyakhani OC - 2 Project (Singareni Collieries Company Limited [SCCL]) (615865),Telangana,,2017-08,2025-03,2026-03,442.42,442.42,230.28,63,2025-10,FlashReport_October_2025.pdf
131,,,,MOHANPUR EXPANSION OC -PHASE I (Eastern Coal Fields Limited [ECL]) (400173),West Bengal,,2020-11,2026-03,2030-03,888.99,888.99,115.8,30,2025-10,FlashReport_October_2025.pdf
132,,,,BONJEMEHARI EXPANSION OCP (Eastern Coal Fields Limited [ECL]) (400180),West Bengal,,2021-08,2026-03,2030-03,570.11,570.11,82.25,16,2025-10,FlashReport_October_2025.pdf
133,,,,NAKRAKONDA KUMARDIH- B OCP (Eastern Coal Fields Limited [ECL]) (400181),West Bengal,,2018-08,2029-03,,502.68,502.67,71.11,26,2025-10,FlashReport_October_2025.pdf
134,,,,SIDULI [OC & UG] (ECL - CIL) (400182),West Bengal,,2018-05,2027-03,2030-03,535.18,535.17,5.28,14,2025-10,FlashReport_October_2025.pdf
135,,,,TILABONI UG (Eastern Coal Fields Limited [ECL]) (400186),West Bengal,,2023-01,2029-03,,749.08,749.07,52.55,10,2025-10,FlashReport_October_2025.pdf
136,,,,JHANJRA EXPANSION UG (Eastern Coal Fields Limited [ECL]) (400312),West Bengal,,2020-04,2029-03,,1210.12,1210.12,537.77,44,2025-10,FlashReport_October_2025.pdf
137,,,,SONEPUR BAZARI EXPANSION OCP [ (Eastern Coal Fields Limited [ECL]) (400315),West Bengal,,2021-07,2029-03,,5365.88,5365.88,583.82,17,2025-10,FlashReport_October_2025.pdf
138,,,,2.0 MTPA BHOJUDIH NLW WASHERY (Ministry of Coal) (611016),West Bengal,,2015-12,2020-09,2025-12,384.57,384.57,354.75,97,2025-10,FlashReport_October_2025.pdf
139,,,,ITAPARA OCP (Eastern Coal Fields Limited [ECL]) (612816),West Bengal,,2023-12,2030-03,,929.1,929.1,68.9,7,2025-10,FlashReport_October_2025.pdf
140,,,,SHYAMSUNDARPUR UG INCLUDING SA (Eastern Coal Fields Limited [ECL]) (613793),West Bengal,,2020-04,2026-03,2028-03,483.65,483.65,60.46,12,2025-10,FlashReport_October_2025.pdf
141,,,,PARASEA-BELBAID UG PROJECT (Eastern Coal Fields Limited [ECL]) (613794),West Bengal,,2023-01,2028-03,,389.1,389.1,132.48,21,2025-10,FlashReport_October_2025.pdf
142,,,,PARASCOLE JAMBAD OCP (Eastern Coal Fields Limited [ECL]) (616230),West Bengal,,2024-11,2037-03,,1193.55,1193.55,9.53,0,2025-10,FlashReport_October_2025.pdf
143,,,,50 MW Wind Power Project (NLC India Limited [NLCIL]) (617299),Gujarat,,2022-07,2025-06,2026-01,383.84,383.84,314.83,45,2025-10,FlashReport_October_2025.pdf
144,,,,600 MW Khavda Solar Power Project (NLC India Limited [NLCIL]) (617730),Gujarat,,2023-08,2026-06,,3335.85,3335.85,666.65,17,2025-10,FlashReport_October_2025.pdf
145,,,,NLC Talabira Thermal Power Project (NLC India Limited [NLCIL]) (400231),Odisha,,2017-01,2030-03,,27212.96,27213,2549.31,1,2025-10,FlashReport_October_2025.pdf
146,,,,300 MW SPP part of 510 MW CPSU scheme (NLC India Limited [NLCIL]) (612819),Rajasthan,,2022-07,2024-09,2025-12,1813,1813,1167.4,85,2025-10,FlashReport_October_2025.pdf
147,,,,50 MW Solar PP Minedout Area (NLC India Limited [NLCIL]) (615327),Tamil Nadu,,2023-08,2025-03,2025-12,218.03,218.03,164.7,69,2025-10,FlashReport_October_2025.pdf
148,,,,Ghatampur Thermal Power Plant 3 X 660 MW (NLC India Limited [NLCIL]) (400259),Uttar Pradesh,,2016-07,2020-11,2025-12,17237.8,21780.9,20522.3,93,2025-10,FlashReport_October_2025.pdf
149,,,,Dharamjaigarh-Korba (Railway) (400203),Chhattisgarh,,2018-05,2026-12,2026-08,1686.22,1686.22,353.12,42,2025-10,FlashReport_October_2025.pdf
150,Ministry of Coal,400416,,Shivpur-Kathautia New Rail [BG] Line [49 km] [Package II of Tori-Shivpur-Kathautia,Jharkhand,line],2018-02,2025-06,2026-06,1799.64,2564.34,1462.35,61,2025-10,FlashReport_October_2025.pdf
151,,,,Tubed Coal Mine (Damodar Valley Corporation) (400192),Jharkhand,,2016-07,2026-05,2026-05,1581,1581,598.06,35,2025-10,FlashReport_October_2025.pdf
152,,,,Badam Coal Mining project of NTPC (National Thermal Power Corporation [NTPC]) (603293),Jharkhand,,2019-02,2056-12,2027-04,502,784,313.88,59,2025-10,FlashReport_October_2025.pdf
153,,,,Dibang Multipurpose Project (National Hydroelectric Power Corporation Limited [NHPC]) (602182),Arunachal Pradesh,,2023-02,2032-02,2032-02,31876.39,31876.4,3708.61,16,2025-10,FlashReport_October_2025.pdf
154,,,,240MW Heo HE Project (North Eastern Electric Power Corporation Limited) (611698),Arunachal Pradesh,,2024-12,2029-07,,1938.85,1938.85,64.36,3,2025-10,FlashReport_October_2025.pdf
155,,,,186 MW Tato-I H E Project (North Eastern Electric Power Corporation Limited) (611699),Arunachal Pradesh,,2024-12,2029-07,,1750.07,1750.07,116.08,2,2025-10,FlashReport_October_2025.pdf
156,,,,Buxar Thermal Power Project [1320 MW] (Satluj Jal Vidyut Nigam [SJVN] Thermal Limited) (602579),Bihar,,2019-03,2024-01,2025-12,10439.09,13756.6,12571.15,92,2025-10,FlashReport_October_2025.pdf
157,,,,Lara Super Thermal Power Project Stage-II [2 x 800 MW] (National Thermal Power Corporation [NTPC]) (611930),Chhattisgarh,,2023-08,2028-06,,15530,15530,2874,18,2025-10,FlashReport_October_2025.pdf
158,,,,"Sipat Super Thermal Power Project, Stage-III [1x800 MW] (National Thermal Power Corporation [NTPC]) (617188)",Chhattisgarh,,2024-09,2029-09,,9791,9791,856.56,8,2025-10,FlashReport_October_2025.pdf
159,,,,Bagodara Solar Power Project (Satluj Jal Vidyut Nigam [SJVN] Thermal Limited) (709747),Gujarat,,2021-03,2025-12,2025-12,339.35,339.35,317.59,51,2025-10,FlashReport_October_2025.pdf
160,,,,Dhaulasidh Hydro Electric Project [66 MW] (Satluj Jal Vidyut Nigam [SJVN] Thermal Limited) (602582),Himachal Pradesh,,2020-10,2025-11,2027-03,687.97,1561.21,986.12,70,2025-10,FlashReport_October_2025.pdf
161,,,,Luhri Stage-I Hydro Electric Project [210 MW] (Satluj Jal Vidyut Nigam [SJVN] Thermal Limited) (602593),Himachal Pradesh,,2020-11,2026-01,2029-10,1810.56,3584.53,1793.11,51,2025-10,FlashReport_October_2025.pdf
162,,,,382 MW Sunni Dam HEP (Satluj Jal Vidyut Nigam [SJVN] Thermal Limited) (602633),Himachal Pradesh,,,2027-03,,2615,2615,495.57,0.5,2025-10,FlashReport_October_2025.pdf
163,,,,Sunni Dam Hydro Electric Project [382 MW] (Satluj Jal Vidyut Nigam [SJVN] Thermal Limited) (611586),Himachal Pradesh,,2023-01,2028-04,2029-12,2614.51,4540.71,1011.42,30,2025-10,FlashReport_October_2025.pdf
164,,,,"Pakal Dul [Drangdhuran] Hydroelectric Project, 1000 MW (National Hydroelectric Power Corporation Limited [NHPC]) (602525)",Jammu and Kashmir,,2014-10,2020-04,2026-12,8112.12,12728,7581.19,74,2025-10,FlashReport_October_2025.pdf
165,,,,Kiru HE Project (National Hydroelectric Power Corporation Limited [NHPC]) (602532),Jammu and Kashmir,,2019-03,2023-09,2026-12,4287.59,5409,3116.72,72,2025-10,FlashReport_October_2025.pdf
166,,,,"Ratle HE Project - 850 MW, Ratle Hydroelectric Power Corporation Limited. (National Hydroelectric Power Corporation Limited [NHPC]) (602535)",Jammu and Kashmir,,2021-02,2026-02,2028-11,5281.94,5281.94,1112.08,25,2025-10,FlashReport_October_2025.pdf
167,,,,Kwar HE Project (National Hydroelectric Power Corporation Limited [NHPC]) (605155),Jammu and Kashmir,,2022-05,2026-11,2028-03,4526.12,4526.12,1094.54,24,2025-10,FlashReport_October_2025.pdf
168,,,,Patratu Thermal Power Station Expansion Project Phase-I [3x800 MW] (National Thermal Power Corporation [NTPC]) (400261),Jharkhand,,2017-07,2023-03,2026-11,17112,20302,17861.4,85,2025-10,FlashReport_October_2025.pdf
169,,,,"Koderma Thermal Power Station Phase II [2X800 MW] At Koderma, Jharkhand (Damodar Valley Corporation) (611509)",Jharkhand,,2023-04,2029-03,,14358,14358,1381.54,3,2025-10,FlashReport_October_2025.pdf
170,,,,Subansiri Lower HE Project [2000 MW] (National Hydroelectric Power Corporation Limited [NHPC]) (602096),"Multi-States (Arunachal Pradesh, Assam)",,2003-09,2010-09,2026-05,6285.33,26075.5,25244.57,97,2025-10,FlashReport_October_2025.pdf
171,,,,Talcher Thermal Power Station Stage III [2 x 660 MW] Expansion (National Thermal Power Corporation [NTPC]) (602961),Odisha,,2022-08,2027-05,2028-03,11843.75,12543,4839.68,40,2025-10,FlashReport_October_2025.pdf
172,,,,BIKANER SOLAR POWER PROJECT (Satluj Jal Vidyut Nigam [SJVN] Thermal Limited) (709748),Rajasthan,,2021-10,2024-04,2025-12,5491.89,5491.89,5084.68,88,2025-10,FlashReport_October_2025.pdf
173,National Hydroelectric Power Corporation Limited [NHPC],602181,,"TEESTA-VI HE PROJECT, SIKKIM [500 MW], executed by LANCO TEESTA HYDRO",Sikkim,POWER LIMITED [A wholly owned Subsidiary of NHPC LTD. acquired through NCLT],2019-03,2024-03,2027-12,5748.04,5748.04,3817.49,70,2025-10,FlashReport_October_2025.pdf
174,National Hydroelectric Power Corporation Limited [NHPC],605156,,Rangit-IV HE Project [120 MW] executed by Jal Power Corporation Ltd. [JPCL] -A,Sikkim,wholly owned subsidiary of NHPC Ltd. acquired through NCLT,2021-03,2024-05,2025-12,938.29,1828.11,1455.57,93,2025-10,FlashReport_October_2025.pdf
175,,,,Khurja super Thermal Power Plant [2X660 MW] (THDC India Limited) (602194),Uttar Pradesh,,2019-03,2024-02,2025-09,11089.42,13276.2,12888.23,100,2025-10,FlashReport_October_2025.pdf
176,,,,"Singrauli Super Thermal Power Project, Stage-III [2x800 MW] (National Thermal Power Corporation [NTPC]) (612142)",Uttar Pradesh,,2024-03,2030-02,,17195,17195,1979,11,2025-10,FlashReport_October_2025.pdf
177,,,,Tapovan-Vishnugad HEP [4x130 MW] (National Thermal Power Corporation [NTPC]) (602185),Uttarakhand,,,2013-03,2029-04,2978,10907.3,6769.58,77,2025-10,FlashReport_October_2025.pdf
178,,,,Tehri Pumped Storage Plant Project [4x250 MW] (THDC India Limited) (602193),Uttarakhand,,2006-07,2022-06,2025-12,4825.6,8339,8149.63,98,2025-10,FlashReport_October_2025.pdf
179,,,,Vishnugad Pipalkoti Hydro Electric Project [444 MW] (THDC India Limited) (602195),Uttarakhand,,2008-08,2022-12,2027-03,3860.35,6823.72,5245.01,73,2025-10,FlashReport_October_2025.pdf
180,Damodar Valley Corporation,400062,,"Raghunathpur Thermal Power Station Phase II [2X660 MW] at Raghunathpur, Purulia,",West Bengal,West Bengal,2023-01,2029-06,,17673,17673,1408.8,2,2025-10,FlashReport_October_2025.pdf
181,,,,Rammam-III HEPP [3x40 MW] (National Thermal Power Corporation [NTPC]) (602184),West Bengal,,2014-10,2019-09,2029-03,1381.84,1381.84,1382.42,47,2025-10,FlashReport_October_2025.pdf
182,,,,Installation of FGD for 4x210 & 2x250 MW MTPS U 1-6 (Damodar Valley Corporation) (602538),West Bengal,,2019-06,2024-01,2025-12,1037,1037,929.99,67,2025-10,FlashReport_October_2025.pdf
183,Power Grid Corporation of India Limited [POWERGRID],611967,,Transmission Scheme for Solar Energy Zone in Ananthpuram 2500MW and Kurnool,Andhra Pradesh,1000MW,2023-09,2025-09,2026-03,1248.69,1248.69,998.95,87,2025-10,FlashReport_October_2025.pdf
184,Power Grid Corporation of India Limited [POWERGRID],612856,,Augmentation of 1x1500 MVA 3rd 765/400 kV transformation capacity at Kurnool,Andhra Pradesh,New Substation,2023-05,2025-09,2026-01,163.61,163.61,85.07,62,2025-10,FlashReport_October_2025.pdf
185,Power Grid Corporation of India Limited [POWERGRID],617183,,Transmission system strengthening at Kurnool- III PS for integration of additional RE,Andhra Pradesh,generation projects [POWERGRID Kurnool III PS RE Transmission Limited],2025-03,2027-12,,2886,2886,131.31,1,2025-10,FlashReport_October_2025.pdf
186,,,,North Eastern Region Expansion Scheme-XXIII [NERES-XXIII] (Power Grid Corporation of India Limited [POWERGRID]) (617375),Arunachal Pradesh,,2025-08,2028-02,,209.38,209.38,0.03,0,2025-10,FlashReport_October_2025.pdf
187,,,,Western Region Expansion Scheme-XXV (Power Grid Corporation of India Limited [POWERGRID]) (611737),Chhattisgarh,,2023-02,2023-11,2025-10,385.84,385.84,382.4,100,2025-10,FlashReport_October_2025.pdf
188,Power Grid Corporation of India Limited [POWERGRID],608301,,Transmission system strengthening scheme for evacuation of power from solar energy,Delhi,zones in Rajasthan 8.1 GW under Phase II- Part- G1,2022-02,2023-09,2025-12,359.47,359.47,341.49,97,2025-10,FlashReport_October_2025.pdf
189,Power Grid Corporation of India Limited [POWERGRID],611656,,Transmission scheme for evacuation of 4.5GW RE injection at Khavda PS under,Gujarat,Phase II- Part B,2023-03,2025-03,2025-11,1167.55,1167,1147.74,97,2025-10,FlashReport_October_2025.pdf
190,Power Grid Corporation of India Limited [POWERGRID],611657,,Transmission scheme for evacuation of 4.5GW RE injection at Khavda PS under,Gujarat,Phase II- Part C,2023-03,2025-03,2025-12,2820.99,2820.99,2736.36,93,2025-10,FlashReport_October_2025.pdf
191,Power Grid Corporation of India Limited [POWERGRID],611660,,Establishment of Khavda Pooling Station-2 KPS2 in Khavda RE Park KPS2,Gujarat,TRANSMISSION SYSTEM LIMITED,2023-03,2024-12,2025-11,966.79,966.79,936.24,97,2025-10,FlashReport_October_2025.pdf
192,Power Grid Corporation of India Limited [POWERGRID],612139,,Transmission system for Evacuation of Additional 7 GW RE power from Khavda RE,Gujarat,park under Phase-III Part B [Vataman Transmission Limited],2023-12,2025-12,2026-12,3751.82,3751.82,1688.32,28,2025-10,FlashReport_October_2025.pdf
193,Power Grid Corporation of India Limited [POWERGRID],612151,,Transmission System for Evacuation of Power from potential Renewable Energy zone,Gujarat,in Khavda Area of Gujarat under Phase IV [7 GW] Part E3,2023-07,2025-07,2026-03,334,334,118.1,36,2025-10,FlashReport_October_2025.pdf
194,Power Grid Corporation of India Limited [POWERGRID],612855,,Transmission System for Evacuation of Power from Potential Energy Renewable Zone,Gujarat,in Khavda Area of Gujarat under Ph-IV [7GW] Part E2,2024-05,2026-05,2026-06,679,679,135.8,27,2025-10,FlashReport_October_2025.pdf
195,Power Grid Corporation of India Limited [POWERGRID],615342,,Augmentation of Transformation Capacity at jam Khambhaliya PS [GIS] [SPV Name,Gujarat,POWERGRID Jam Khambhaliya Transmission Limited],2024-10,2026-07,,329,329,13.17,3,2025-10,FlashReport_October_2025.pdf
196,Power Grid Corporation of India Limited [POWERGRID],615343,,Provision of Dynamic Reactive Compensation at Khavda pooling Station 1 [KPS1] and,Gujarat,Khavda Pooling station 3 [KPS3],2024-11,2026-11,,501,501,8.11,2,2025-10,FlashReport_October_2025.pdf
197,Power Grid Corporation of India Limited [POWERGRID],615345,,Transmission System for Evacuation of Power from Potential Renewable Energy Zone in Khavda area of Gujarat under Phase-IV [7GW] Part B [SPV Name POWERGRID,Gujarat,South Olpad Transmission Limited],2024-10,2026-10,2027-03,4766,4766,714.9,9,2025-10,FlashReport_October_2025.pdf
198,Power Grid Corporation of India Limited [POWERGRID],617069,,Augmentation of Transformation Capacity at KPS1 [GIS] and KPS2 [GIS] [Phase-V Part B1 and Part B2 Scheme] [SPV Name- POWERGRID KPS1 and 2 Augmentation,Gujarat,Transmission Limited],2025-02,2027-02,,466,466,24.3,2,2025-10,FlashReport_October_2025.pdf
199,Power Grid Corporation of India Limited [POWERGRID],617182,,Augmentation of Banaskantha [Raghanesda] PS [GIS] [POWERGRID Banaskantha,Gujarat,Transco Limited],2025-03,2027-03,,172,172,17.27,15,2025-10,FlashReport_October_2025.pdf
200,,,,Augmentation of Transformation Capacity at Bhuj-II PS [GIS] (Power Grid Corporation of India Limited [POWERGRID]) (617391),Gujarat,,2025-02,2026-11,2027-03,488.29,488.29,0.12,0,2025-10,FlashReport_October_2025.pdf
201,,,,Jamnagar Transmission Limited (Adani Transmission Limited) (617405),Gujarat,,,2026-10,,4000,4000,0,0,2025-10,FlashReport_October_2025.pdf
202,,,,Provision of ICT Augmentation & Bus Reactor at Bhuj-II PS (Power Grid Corporation of India Limited [POWERGRID]) (617801),Gujarat,,2025-03,2026-12,2027-03,581.74,581.74,0.2,0,2025-10,FlashReport_October_2025.pdf
203,Power Grid Corporation of India Limited [POWERGRID],617272,,Implementation of LILO of both circuits of 400KV vindhyachal PS-Sasan D/C Line at,Haryana,Hindalco Switchyard,2024-06,2026-12,,370,370,18.55,6,2025-10,FlashReport_October_2025.pdf
204,Power Grid Corporation of India Limited [POWERGRID],608302,,Transmission system for evacuation of Power from Pakaldul HEP in Chenab Valley,Jammu and Kashmir,HEPs - LTA System,2022-02,2025-04,2025-11,318.12,318.12,317.12,100,2025-10,FlashReport_October_2025.pdf
205,Power Grid Corporation of India Limited [POWERGRID],617179,,Transmission Scheme for evacuation of Power from Ratle HEP [850 MW] & kiru [624,Jammu and Kashmir,MW] Part B,2024-07,2026-07,2027-03,218.6,218.6,2.11,0,2025-10,FlashReport_October_2025.pdf
206,Power Grid Corporation of India Limited [POWERGRID],617326,,Implementation of Transmission Systems in the State of Jharkhand consisting of 400/220/132/33 kV transmission lines and substations under Jharkhand Consultancy,Jharkhand,Project,2012-02,2026-03,,1842.25,1842.25,1648.05,95,2025-10,FlashReport_October_2025.pdf
207,Power Grid Corporation of India Limited [POWERGRID],612140,,Transmission Scheme for Integration of Renewable Energy Zone [Phase II] in Koppal II [Phase A&B] and gadag II[Phase A] in Karnataka [POWERGRID KOPPAL GADAG,Karnataka,TRANSMISSION LIMITED],2023-12,2025-12,2026-06,2889.39,2889.39,1533.89,54,2025-10,FlashReport_October_2025.pdf
208,Power Grid Corporation of India Limited [POWERGRID],616672,,System Strengthening at Koppal-II and GadagII for integration of RE generation projects [SPV Name POWERGRID Koppal Gadag Augmentation Transmission,Karnataka,Limited],2025-01,2027-06,,1354,1354,40.62,1,2025-10,FlashReport_October_2025.pdf
209,Power Grid Corporation of India Limited [POWERGRID],617068,,"Augmentation of Transformation Capacity by 3x500 MVA, 400/220 KV ICTS [6th-8th] and 1x1500 MVA, 765/400 KV ICT [4th] at Bidar PS [SPV Name- POWERGRID Bidar",Karnataka,Augmentation Transmission Limited],2025-02,2027-06,,288,288,6.91,1,2025-10,FlashReport_October_2025.pdf
210,Power Grid Corporation of India Limited [POWERGRID],617184,,Transmission Scheme for integration of Davanagere/ Chitradurga and Bellary REZ in,Karnataka,Karnataka [POWERGRID Chitradurga Bellary REZ Transmission Limited],2025-03,2027-09,,3453,3453,52.48,1,2025-10,FlashReport_October_2025.pdf
211,Power Grid Corporation of India Limited [POWERGRID],617803,,Transmission System Strengthening at Davanagere for Integration of RE Generation,Karnataka,[SPV Name - POWERGRID Davanagere Power Transmission Limited],2025-09,2027-09,,379,379,6.6,0,2025-10,FlashReport_October_2025.pdf
212,Power Grid Corporation of India Limited [POWERGRID],615344,,Transmission System for Evacuation of Power from Rajasthan REZ Ph-IV [Part-2 5.5GW] [Jaisalmer/Barmer Complex] Part H1 [POWERGRID KURAWAR,Madhya Pradesh,TRANSMISSION LIMITED],2024-10,2026-10,2027-03,3674,3674,624.58,17,2025-10,FlashReport_October_2025.pdf
213,Power Grid Corporation of India Limited [POWERGRID],615346,,Transmission System for Evacuation of Power from Rajasthan REZ Ph-IV [Part-2 5.5 GW] [Jaisalmer/Barmer Complex] Part C [SPV Name POWERGRID Mandsaur,Madhya Pradesh,Transmission Limited],2024-08,2026-08,2026-12,2708,2708,1029.04,41,2025-10,FlashReport_October_2025.pdf
214,Power Grid Corporation of India Limited [POWERGRID],617279,,Transmission System for evacuation of power from Mahan Energen Limited Generating Station in Madhya Pradesh [SPV Name - POWERGRID MEL Power,Madhya Pradesh,Transmission Limited],2025-06,2027-12,,558,558,33.48,1,2025-10,FlashReport_October_2025.pdf
215,Power Grid Corporation of India Limited [POWERGRID],617802,,Augmentation of Transformation Capacity and Implementation of Line Bays at Mandsaur S/S for RE Interconnection [SPV Name- POWERGRID Mandsaur I RE,Madhya Pradesh,Transmission Limited],2025-10,2028-03,,319,319,0.1,0,2025-10,FlashReport_October_2025.pdf
216,Power Grid Corporation of India Limited [POWERGRID],611966,,Transmission System for Evacuation of power from Potential RE Zone in Khavda Area,Maharashtra,of Gujarat under phase IV 7GW-Part E4,2023-11,2025-07,2026-03,224.41,224.41,33.66,18,2025-10,FlashReport_October_2025.pdf
217,Power Grid Corporation of India Limited [POWERGRID],617185,,Transmission System for Integration of Kurnool-IV REZ Phase-I [for 4.5 GW],"Multi-States (Andhra Pradesh, Karnataka)",[POWERGRID Kurnool-IV Transmission Limited],2025-03,2027-03,,5550,5550,332.68,1,2025-10,FlashReport_October_2025.pdf
218,Power Grid Corporation of India Limited [POWERGRID],900808,,Transmission System for Kurnool Wind Energy Zone/ Solar Energy Zone Part-A and,"Multi-States (Andhra Pradesh, Telangana)",Part-B,2022-11,2024-11,2026-01,3546.94,3546.94,3369.59,97,2025-10,FlashReport_October_2025.pdf
219,Power Grid Corporation of India Limited [POWERGRID],602223,,Comprehensive Scheme for Strengthening of Transmission and Distribution [T&D],"Multi-States (Arunachal Pradesh, Sikkim)",Systems [CSST&DS] in Arunachal Pradesh and Sikkim,2014-10,2018-12,2027-03,4754.42,9129.32,7705.14,82,2025-10,FlashReport_October_2025.pdf
220,Power Grid Corporation of India Limited [POWERGRID],607709,,NORTH EASTERN REGION POWER SYSTEM IMPROVEMENT PROJECT,"Multi-States (Assam, Manipur, Meghalaya, Mizoram, Nagaland, Tripura)",[NERPSIP],2014-12,2018-12,2026-03,5111.33,6700,5317.79,96,2025-10,FlashReport_October_2025.pdf
221,,,,Eastern Region Expansion Scheme-43 [ERES-43] (Power Grid Corporation of India Limited [POWERGRID]) (617271),"Multi-States (Bihar, Odisha, West Bengal)",,2024-09,2026-03,2026-06,342.69,342.69,0.71,0,2025-10,FlashReport_October_2025.pdf
222,,,,Eastern Region Expansion Scheme-44 [ERES-44] (Power Grid Corporation of India Limited [POWERGRID]) (617270),"Multi-States (Bihar, West Bengal)",,2024-11,2026-05,2027-03,408.94,408.94,0.32,0,2025-10,FlashReport_October_2025.pdf
223,,,,Transmission Network Expansion in Gujarat to increase its ATC from ISTS Part B (Power Grid Corporation of India Limited [POWERGRID]) (400005),"Multi-States (Dadra & Nagar Haveli and Daman & Diu, Gujarat, Maharashtra)",,2022-01,2023-06,2025-12,4546.26,4546.26,4210.3,93,2025-10,FlashReport_October_2025.pdf
224,Power Grid Corporation of India Limited [POWERGRID],608922,,Transmission System Strengthening Scheme for evacuation of power from SEZ in,"Multi-States (Delhi, Haryana, Rajasthan)",Rajasthan 8.1 GW under Phase II Part G,2022-05,2023-11,2025-11,1666,2218,2129.28,96,2025-10,FlashReport_October_2025.pdf
225,Power Grid Corporation of India Limited [POWERGRID],611735,,Transmission system for evacuation of power from REZ in Rajasthan 20GW under,"Multi-States (Delhi, Rajasthan)",Phase-III Part J,2022-12,2025-03,2026-07,331,331,135.71,31,2025-10,FlashReport_October_2025.pdf
226,Power Grid Corporation of India Limited [POWERGRID],612132,,Transmission Scheme for Evacuation of power from REZ in Rajasthan [20 GW] under,"Multi-States (Delhi, Rajasthan)",Phase-III Part D [Sikar Khetri Transmission Ltd],2024-02,2025-08,2026-06,2000,2000,1460,68,2025-10,FlashReport_October_2025.pdf
227,Power Grid Corporation of India Limited [POWERGRID],615347,,TRANSMISSION SYSTEM FOR EVACUATION OF POWER FROM POTENTIAL RENEWABLE ENERGY ZONE IN KHAVDA AREA OF GUJARAT UNDER PHASE-V,"Multi-States (Gujarat, Maharashtra)",[8 GW] PART A [SPV Name POWERGRID West Central Transmission Limited],2024-11,2029-05,,24819,24819,1985.46,2,2025-10,FlashReport_October_2025.pdf
228,Power Grid Corporation of India Limited [POWERGRID],615339,,Transmission system for evacuation of power from Rajasthan REZ Ph-IV [Part- 3/6GW] [Bikaner complex] Part A [SPV Name POWERGRID Bikaner IV Transmission,"Multi-States (Haryana, Punjab, Rajasthan)",Limited],2024-11,2026-11,2027-03,5969,5969,485.87,9,2025-10,FlashReport_October_2025.pdf
229,Power Grid Corporation of India Limited [POWERGRID],615340,,TRANSMISSION SYSTEM FOR EVACUATION OF POWER FROM RAJASTHAN REZ PH-IV [PART-3/ 6 GW] [BIKANER COMPLEX] PART B [SPV Name,"Multi-States (Haryana, Rajasthan)",POWERGRID Siwani Transmission Limited],2024-11,2026-11,2027-03,5357,5357,428.56,13,2025-10,FlashReport_October_2025.pdf
230,,,,Transmission System for Strengthening of Srinagar-Leh Tr. System (Power Grid Corporation of India Limited [POWERGRID]) (606781),"Multi-States (Jammu and Kashmir, Ladakh)",,2022-03,2024-12,2025-11,288.71,288.71,280.02,99,2025-10,FlashReport_October_2025.pdf
231,Power Grid Corporation of India Limited [POWERGRID],612138,,"Transmission Scheme for Solar Energy Zone in Bidar [2500 MW], Karnataka [Bidar","Multi-States (Karnataka, Telangana)",Transmission Ltd],2024-02,2026-02,2026-06,2147.62,2147.62,1438.9,67,2025-10,FlashReport_October_2025.pdf
232,Power Grid Corporation of India Limited [POWERGRID],615333,,Transmission System for Evacuation of Power from Rajasthan REZ Ph-IV [Part-2 5.5 GW] [Jaisalmer/Barmer Complex] Part D [SPV Name POWERGRID Beawar,"Multi-States (Madhya Pradesh, Rajasthan)",Mandsaur Transmission Limited],2024-08,2026-08,,2227,2227,779.45,23,2025-10,FlashReport_October_2025.pdf
233,Power Grid Corporation of India Limited [POWERGRID],615334,,Transmission System for Evacuation of Power from Rajasthan REZ Ph-IV [Part-2 5.5 GW] [Jaisalmer/Barmer Complex] Part E [SPV Name POWERGRID Mewar,"Multi-States (Madhya Pradesh, Rajasthan)",Transmission Limited],2024-08,2026-08,2027-03,3251,3251,942.79,26,2025-10,FlashReport_October_2025.pdf
234,Power Grid Corporation of India Limited [POWERGRID],617186,,Rajasthan REZ Ph-V [Part-1- 4 GW] [Sirohi/Nagaur] Complex [Rajasthan V Power,"Multi-States (Madhya Pradesh, Rajasthan)",Transmission Limited],2025-03,2027-03,,5028,5028,256.93,2,2025-10,FlashReport_October_2025.pdf
235,Power Grid Corporation of India Limited [POWERGRID],612133,,Transmission System for Evacuation of power from Rajasthan REZ Ph-IV [Part-1],"Multi-States (Rajasthan, Uttar Pradesh)",[Bikaner Complex] Part D [Neemrana Bareilly Transmission Ltd],2023-12,2025-12,2026-06,2056,2056,1603.68,62,2025-10,FlashReport_October_2025.pdf
236,Power Grid Corporation of India Limited [POWERGRID],616670,,Transmission System for evacuation of Power from Rajasthan REZ Ph-IV [Part-4 3.5,"Multi-States (Rajasthan, Uttar Pradesh)",GW] Part A [SPV name POWERGRID Ghiror Transmission Limited],2024-12,2026-12,2027-03,5846,5846,467.68,9,2025-10,FlashReport_October_2025.pdf
237,Power Grid Corporation of India Limited [POWERGRID],611659,,Transmission system strengthening scheme for evacuation of power from solar energy,Rajasthan,zones in Rajasthan[8.1 GW] under phase-II- Part E,2023-03,2024-09,2025-11,1433.28,1433,1418.67,98,2025-10,FlashReport_October_2025.pdf
238,Power Grid Corporation of India Limited [POWERGRID],611947,,Transmission System for Evacuation of Power from REZ in Rajasthan 20GW under,Rajasthan,Phase III- Part E2,2023-11,2025-06,2026-03,428.3,428.3,291.24,73,2025-10,FlashReport_October_2025.pdf
239,Power Grid Corporation of India Limited [POWERGRID],611948,,Transmission system for evacuation of power from REZ in Rajasthan 20 GW under,Rajasthan,Phase-III part H,2023-10,2025-04,2026-01,2211.29,2211.29,1945.93,88,2025-10,FlashReport_October_2025.pdf
240,Power Grid Corporation of India Limited [POWERGRID],611949,,Transmission system for evacuation of power from REZ in Rajasthan 20 GW under,Rajasthan,Phase-III part C1,2023-10,2025-04,2026-03,1796.02,1796.02,1436.81,89,2025-10,FlashReport_October_2025.pdf
241,Power Grid Corporation of India Limited [POWERGRID],611950,,Transmission system for evacuation of power from REZ in Rajasthan 20 GW under,Rajasthan,Phase-III part B1,2023-09,2025-04,2025-12,2190.54,2190.54,1949.58,91,2025-10,FlashReport_October_2025.pdf
242,Power Grid Corporation of India Limited [POWERGRID],611951,,Transmission system for evacuation of power from REZ in Rajasthan 20GW under,Rajasthan,Phase-III Part E1,2021-12,2025-02,2025-12,688.74,688.74,654.3,97,2025-10,FlashReport_October_2025.pdf
243,Power Grid Corporation of India Limited [POWERGRID],612134,,Transmission System for Evacuation of power from Rajasthan REZ Ph-IV [Part-1],Rajasthan,[Bikaner Complex] Part A [Bikaner Neemrana Transmission Ltd],2023-12,2025-12,2026-06,2998.34,2998.34,2008.88,57,2025-10,FlashReport_October_2025.pdf
244,Power Grid Corporation of India Limited [POWERGRID],615332,,Transmission System for Evacuation of Power from Rajasthan REZ Ph-IV [Part-2 5.5 GW][Jaisalmer/Barmer Complex] Part B [SPV Name POWERGRID Sirohi,Rajasthan,Transmission Limited],2024-08,2026-08,2026-12,3279,3279,918.12,26,2025-10,FlashReport_October_2025.pdf
267,,,,Bhopal Metro Rail Project (Madhya Pradesh Metro Rail Co Limited [MPMRCL]) (702625),Madhya Pradesh,,2018-11,2022-11,2028-06,6941.4,6941.4,3676.19,47,2025-10,FlashReport_October_2025.pdf
268,,,,Indore Metro Rail Project (Madhya Pradesh Metro Rail Co Limited [MPMRCL]) (702626),Madhya Pradesh,,2018-11,2022-11,2028-12,7500.8,7500.8,4223.43,57,2025-10,FlashReport_October_2025.pdf
269,,,,PCMC To Nigdi- Extension Of North South Corridor Of Phase-1 (Maharashtra Metro Rail Corporation Limited [MMRCL]) (617225),Maharashtra,,2023-10,2027-01,,910.18,910.18,147.84,26,2025-10,FlashReport_October_2025.pdf
270,,,,Pune Metro Phase-1 Extension line towards south from Swargate to Katraj (Maharashtra Metro Rail Corporation Limited [MMRCL]) (617226),Maharashtra,,2024-09,2029-03,,2954.53,2954.53,22.17,3,2025-10,FlashReport_October_2025.pdf
271,,,,Thane Integral Ring Metro Rail Project (Maharashtra Metro Rail Corporation Limited [MMRCL]) (617327),Maharashtra,,2024-09,2029-09,,12200.1,12200.1,7.77,3,2025-10,FlashReport_October_2025.pdf
272,,,,New Suburba Station Development Project (ministry of housing and urban affairs) (701745),Maharashtra,,2018-04,2022-07,,262.76,262.76,17.62,6,2025-10,FlashReport_October_2025.pdf
273,,,,Kalyan Station Precinct Imporvement Project (ministry of housing and urban affairs) (701991),Maharashtra,,2018-04,2023-07,,600,600,272.42,70,2025-10,FlashReport_October_2025.pdf
274,,,,Mumbai Metro Line 3 (Mumbai Metro Rail Corporation Limited [MMRC]) (702637),Maharashtra,,2013-07,2023-03,2025-08,23136,37276,31783.93,96,2025-10,FlashReport_October_2025.pdf
275,,,,Nagpur Metro Rail Phase II Development Project (Maharashtra Metro Rail Corporation Limited [MMRCL]) (702658),Maharashtra,,2022-12,2027-12,,6708,6708,1259.29,28,2025-10,FlashReport_October_2025.pdf
276,,,,Delhi Metro Rail Phase-IV [Rithala - Kundli Corridor] (Delhi Metro Rail Corporation Limited [DMRC]) (617206),"Multi-States (Delhi, Haryana)",,2025-01,2029-01,,6230.99,6230.99,72.38,0,2025-10,FlashReport_October_2025.pdf
277,,,,Delhi-Ghaziabad-Meerut Regional Rapid Transit System [RRTS] corridor (National Capital Region Transport Corporation [NCRTC]) (702633),"Multi-States (Delhi, Uttar Pradesh)",,2019-03,2025-06,2025-10,30274,30274,26612.45,95,2025-10,FlashReport_October_2025.pdf
278,,,,Kanpur Metro Rail Project (Uttar Pradesh metro rail corporation [UPMRC]) (702628),Uttar Pradesh,,2019-05,2024-05,2027-03,11076.48,11076.5,9093.83,76,2025-10,FlashReport_October_2025.pdf
279,,,,Agra Metro Rail Project (Uttar Pradesh metro rail corporation [UPMRC]) (702629),Uttar Pradesh,,2019-05,2024-05,2027-06,8379.62,8379.62,6067.88,63,2025-10,FlashReport_October_2025.pdf
280,Ministry of Housing & Urban Affairs,702674,,"ESR - 8 nos., distribution system - 216 Km, new house service connections - 38760",Andhra Pradesh,"nos. upgrading of feeder mains, pumping station etc. - Phase II",2017-02,2023-03,2025-12,172.22,172.22,799.74,82,2025-10,FlashReport_October_2025.pdf
281,,,,Dibrugarh Water Supply Infrastructure Project (Ministry of Housing & Urban Affairs) (702682),Assam,,2016-02,2023-03,2025-12,186.8,186.8,1664.41,100,2025-10,FlashReport_October_2025.pdf
282,,,,Muzaffarpur Storm Water Drainage Phase-I Project (Ministry of Housing & Urban Affairs) (702699),Bihar,,2016-11,2023-10,2025-12,158.78,158.78,602.5,83,2025-10,FlashReport_October_2025.pdf
283,,,,Storm water drainag Development Project (ministry of housing and urban affairs) (702355),Dadra & Nagar Haveli and Daman & Diu,,2020-08,2024-03,,210,210,0,20,2025-10,FlashReport_October_2025.pdf
284,,,,Upgradation of Sewerage system in Gandhinagar City (ministry of housing and urban affairs) (707267),Gujarat,,2020-07,2023-06,,200,200,100,10,2025-10,FlashReport_October_2025.pdf
285,,,,Sewerage Management Scheme Part-3 Implementation (Ministry of Housing & Urban Affairs) (702734),Haryana,,2017-03,2023-09,2026-03,278.01,278.01,2005.13,88,2025-10,FlashReport_October_2025.pdf
286,,,,Sewerage Management Scheme Part-3 Implementation (Ministry of Housing & Urban Affairs) (702735),Haryana,,2017-03,2023-03,2025-12,213.19,213.19,1430.38,91,2025-10,FlashReport_October_2025.pdf
287,,,,Dhanbad Water Supply Infrastructure Project (Ministry of Housing & Urban Affairs) (702741),Jharkhand,,2017-02,2023-03,2026-03,216.55,216.55,1057.8,72,2025-10,FlashReport_October_2025.pdf
288,,,,SAAP-3 Water Supply Infrastructure SAAP-3 Project (Ministry of Housing & Urban Affairs) (702742),Jharkhand,,2017-02,2023-10,2026-03,159.31,159.31,787.5,65,2025-10,FlashReport_October_2025.pdf
289,,,,Augmentation and Strenghthning of Urban Water Supply Phase 1 - SAAP 3 (Ministry of Housing & Urban Affairs) (702746),Jharkhand,,2017-02,2023-03,2026-03,278.28,278.28,1410,78,2025-10,FlashReport_October_2025.pdf
290,,,,Belgavi Improvement in Sewerage System Project (Ministry of Housing & Urban Affairs) (702760),Karnataka,,2015-12,2023-07,2025-12,162.73,162.73,721.71,80,2025-10,FlashReport_October_2025.pdf
291,,,,24/7 water supply under AMRUT for Davanagere (Ministry of Housing & Urban Affairs) (702764),Karnataka,,2016-11,2023-03,2025-12,174.96,174.96,923.02,65,2025-10,FlashReport_October_2025.pdf
292,,,,Indore Water Supply Infrastructure Project (Ministry of Housing & Urban Affairs) (702793),Madhya Pradesh,,2016-12,2023-03,2025-12,287.17,287.17,2271,99,2025-10,FlashReport_October_2025.pdf
293,,,,Jabalpur Sewerage Management and Treatment Infrastructure Project (Ministry of Housing & Urban Affairs) (702798),Madhya Pradesh,,2018-10,2023-03,2025-12,362.31,362.31,2930.96,93,2025-10,FlashReport_October_2025.pdf
294,,,,Satna Sewerage Management and Treatment Infrastructure Project (Ministry of Housing & Urban Affairs) (702808),Madhya Pradesh,,2015-11,2024-03,2025-12,191.56,191.56,1469.73,86,2025-10,FlashReport_October_2025.pdf
295,,,,Singrauli Sewerage Management and Treatment Infrastructure Project (Ministry of Housing & Urban Affairs) (702810),Madhya Pradesh,,2016-05,2023-03,2025-12,402.01,402.01,3175.93,90,2025-10,FlashReport_October_2025.pdf
296,,,,Kalyan-Dombivali Water Supply Infrastructure Project (Ministry of Housing & Urban Affairs) (702833),Maharashtra,,2016-07,2023-10,2025-12,194.2,194.2,1055.02,70,2025-10,FlashReport_October_2025.pdf
297,,,,Mira-Bhayandar Water Supply Infrastructure Project (Ministry of Housing & Urban Affairs) (702840),Maharashtra,,2016-11,2023-03,2025-12,204.55,204.55,1765.97,99,2025-10,FlashReport_October_2025.pdf
298,,,,Nagpur Water Supply Infrastructure Project (Ministry of Housing & Urban Affairs) (702842),Maharashtra,,2015-12,2023-03,2025-12,273.78,273.78,2409.09,99,2025-10,FlashReport_October_2025.pdf
299,,,,Pune Water Supply Infrastructure Project (Ministry of Housing & Urban Affairs) (702851),Maharashtra,,2017-03,2023-03,2025-10,235.95,235.95,1901.3,92,2025-10,FlashReport_October_2025.pdf
300,,,,Solapur Sewerage Management Infrastructure Project (Ministry of Housing & Urban Affairs) (702854),Maharashtra,,2017-03,2023-03,2025-12,180.24,180.24,1442.29,91,2025-10,FlashReport_October_2025.pdf
301,,,,Jalandhar Water Supply Infrastructure Project (Ministry of Housing & Urban Affairs) (703021),Punjab,,2016-11,2023-08,2026-03,258.53,258.53,1390.73,58,2025-10,FlashReport_October_2025.pdf
302,,,,Patiala Water Supply Infrastructure Part-2 Project (Ministry of Housing & Urban Affairs) (703057),Punjab,,2016-11,2023-10,2025-12,287,287,1416.38,74,2025-10,FlashReport_October_2025.pdf
303,,,,Jaunpur Sewerage Management Infrastructure Project (Ministry of Housing & Urban Affairs) (702948),Uttar Pradesh,,2017-03,2023-06,2025-12,235.73,235.73,1911.66,87,2025-10,FlashReport_October_2025.pdf
304,,,,Jhansi Water Supply Infrastructure Phase-II Project (Ministry of Housing & Urban Affairs) (702949),Uttar Pradesh,,2017-03,2023-07,2025-12,561.74,561.74,4045.35,91,2025-10,FlashReport_October_2025.pdf
305,Central Public Works Department (CPWD,617280,,Construction of Basement + Ground Floor+ 10 Storeyed building for State of the Art,West Bengal,"Director General, GSI Building at plot No.GN-40, Sector-V, Salt Lake, Kolkata",2019-04,2026-08,,255.37,255.37,85.9,42,2025-10,FlashReport_October_2025.pdf
306,,,,Rakha Underground Mining Project (Hindustan Copper Limited [HCL]) (611798),Jharkhand,,2022-12,2033-03,,2705,2705,0,0,2025-10,FlashReport_October_2025.pdf
307,,,,Surda Underground Copper Mining Project (Hindustan Copper Limited [HCL]) (611800),Jharkhand,,2022-02,2028-03,,665.02,665.02,23.43,1,2025-10,FlashReport_October_2025.pdf
308,,,,Expansion of Malanjkhand Copper Project (Hindustan Copper Limited [HCL]) (400426),Madhya Pradesh,,2011-09,2020-04,2026-04,1856.36,1856.36,940.27,81,2025-10,FlashReport_October_2025.pdf
309,National Aluminium Company Limited [NALCO],400141,,Expansion of Alumina Refinery Plant with addition of 5th Stream having capacity,Odisha,enhancement of 1.0 Million Tonee Per Annum,2017-04,2022-12,2025-09,4103,5677.4,4196.32,78,2025-10,FlashReport_October_2025.pdf
310,,,,Pottangi Bauxite Mines Project (National Aluminium Company Limited [NALCO]) (400299),Odisha,,2018-05,2025-03,2026-05,1381,1960.77,650.04,51,2025-10,FlashReport_October_2025.pdf
311,,,,UTKAL D AND E COAL BLOCK (National Aluminium Company Limited [NALCO]) (709829),Odisha,,,2025-03,,1021.97,1021.97,0,0,2025-10,FlashReport_October_2025.pdf
312,Ministry of Mines,709830,,CONVERSION OF FLAT BOTTOM SETTLERS AND WASHERS WITH A SINGLE,Odisha,TRAIN OF HRDS AND DCWS IN STREAMS 1 AND,,2026-11,,355,581,0,0,2025-10,FlashReport_October_2025.pdf
313,National Aluminium Company Limited [NALCO],709831,,SOURCING OF BAUXITE ARRANGEMENT FOR 5TH STREAM ALUMINA,Odisha,REFINERY FROM SOUTH BLOCK MINING LEASE OF PANCHPATMAILI MINES,2017-11,2025-05,2026-06,483,483,411.79,90,2025-10,FlashReport_October_2025.pdf
314,,,,25.5 MW WIND POWER PROJECT AT KAYATHAR IN TAMILNADU (National Aluminium Company Limited [NALCO]) (709832),Tamil Nadu,,2017-09,2025-03,2026-03,166,166,135,65,2025-10,FlashReport_October_2025.pdf
315,Central Tribal University of Andhra Pradesh,613008,,Construction of Permanent Campus of Central Tribal University of Andhra Pradesh,Andhra Pradesh,Phase-1,2019-09,2027-06,,305,305,19.96,32,2025-10,FlashReport_October_2025.pdf
316,"National Institute of Technology, Arunachal Pradesh",612898,,Construction of Permanent Campus of National Institute of Technology Arunachal,Arunachal Pradesh,Pradesh,2009-09,2026-08,,592.61,592.61,550.27,80,2025-10,FlashReport_October_2025.pdf
317,,,,Tezpur University Projects (Tezpur University) (606112),Assam,,2019-05,2023-11,2025-10,153.71,153.71,124.33,97,2025-10,FlashReport_October_2025.pdf
318,,,,Additional Campus of NITPatna (NIT Patna) (606013),Bihar,,2022-07,2024-07,2026-01,499.21,499.21,441.47,99,2025-10,FlashReport_October_2025.pdf
319,National Institute of Technology Delhi,612851,,"Phase 1B - Construction of Academic Block, Hostel, Residential Tower, Directors Residence and External Development works at National Institute of Technology, Delhi",Delhi,"Campus on Engineering, Procurement and Construction basis",2009-09,2025-09,,333.49,336.42,291.33,97,2025-10,FlashReport_October_2025.pdf
320,,,,Delhi University Eastern Campus at Surajmal Vihar (Delhi University) (616886),Delhi,,2024-09,2026-10,,373,373,21.63,16,2025-10,FlashReport_October_2025.pdf
321,Central University of Gujarat,612916,,Construction of permanent campus of Central University of Gujarat at Village,Gujarat,"kundhela, Dist. Vadodara, Gujarat.",2020-12,2025-03,2026-03,490.63,490.63,313.84,80,2025-10,FlashReport_October_2025.pdf
322,,,,"Establishment of Permanent campus Phase 1 of IIM Sirmaur (Indian Institute of Management, Sirmaur) (602099)",Himachal Pradesh,,2018-09,2023-10,2026-02,392.51,454.78,326.24,93,2025-10,FlashReport_October_2025.pdf
323,,,,"Hostel blocks & dining hall block (Indian Institute of Technology, Mandi) (612128)",Himachal Pradesh,,2023-03,2026-03,2026-03,166.66,166.66,85.92,73,2025-10,FlashReport_October_2025.pdf
324,"Central University, Himachal Pradesh",612894,,"Construction of Permanent Campus of Central University of Himachal Pradesh at Dehra, District - Kangra, [H.P.] on Engineering. Procurement and Construction [EPC",Himachal Pradesh,Mode 1] Basis.,2021-03,2024-11,2025-11,251.98,300.45,183.47,80,2025-10,FlashReport_October_2025.pdf
325,"Indian Institute of Management, Jammu",602098,,"Construction of Permanent Campus for IIM Jammu Phase-1 at Jagti, Nagrota,",Jammu and Kashmir,"Jammu, J&K",2019-03,2023-06,2025-11,424.93,500.91,484.52,96,2025-10,FlashReport_October_2025.pdf
326,IISC Bangalore,610940,,"Additional Infrastructure at IISc Bangalore-RCC Monolithic for Men Hostel S14, Women Hostel S11 , Postdoctoral Hostel S12 2 Block , International Hostel S 12 ,",Karnataka,D&E Block S 12 2 Block FR.,2021-08,2024-03,2025-12,420.41,420.41,364.44,99,2025-10,FlashReport_October_2025.pdf
327,INDIAN INSTITUTE OF TECHNOLOGY PALAKKAD,606431,,CONSTRUCTION OF PERMANENT CAMPUS FOR IIT PALAKKAD UNDER PHASE,Kerala,1A,2017-07,2022-06,2026-11,1006.45,1217.4,641.73,74,2025-10,FlashReport_October_2025.pdf
328,"Indian Institute of Technology, Indore",611957,,"Phase III A works at IIT Indore [03 Hostels, 01 Studio Apartment, 01 Housing, Heavy & Sophisticated lab complex, Academic POD and Infrastructure for center of",Madhya Pradesh,excellence],2023-12,2027-02,,496.28,496.28,38.62,37,2025-10,FlashReport_October_2025.pdf
329,,,,"Hostel 4 -Earlier Known as Hostel 20 (Indian Institute of Technology, Bombay) (612135)",Maharashtra,,2022-09,2025-09,2025-12,182.33,182.33,156.51,98,2025-10,FlashReport_October_2025.pdf
330,,,,"Academic Block 1 & 2 (Indian Institute of Technology, Bombay) (612203)",Maharashtra,,2022-09,2026-07,2027-03,68,263.93,27.4,20,2025-10,FlashReport_October_2025.pdf
331,"National Institute of Technology, Meghalaya",612885,,Construction and Developement of National Institute of Technology Meghalaya,Meghalaya,Permanent Campus at Sohra,2009-09,2022-03,2025-07,494.52,494.52,419.57,89,2025-10,FlashReport_October_2025.pdf
332,,,,"Construction of Permanent Campus for NIT Mizoram at Lengpui, Aizawl (NIT Mizoram) (612876)",Mizoram,,2009-09,2029-12,2029-12,474.23,474.23,167.55,4,2025-10,FlashReport_October_2025.pdf
333,,,,Establishment of NIT Nagaland (NIT Nagaland) (613013),Nagaland,,2009-09,2025-12,,275.63,275.63,261.24,97,2025-10,FlashReport_October_2025.pdf
334,,,,"IISER BERHAMPUR (Indian Institutes of Science Education and Research, Behrampur) (610315)",Odisha,,2018-10,2021-03,2025-12,1229.32,773.76,838.21,97,2025-10,FlashReport_October_2025.pdf
335,,,,"Establishment of NIT Puducherry Permanent Campus [Phase-I and Phase-II] (National Institute of Technology, Puducherry) (612877)",Puducherry,,2009-09,2024-12,2025-08,618.34,544.34,529.9,96,2025-10,FlashReport_October_2025.pdf
336,"Indian intitue of Management, Amritsar",605292,,"Construction of Permanent Campus of Indian Institute of Management [IIM] Amritsar,",Punjab,"Punjab, Phase-I",2019-10,2023-06,2025-12,348.31,348.31,290.39,91,2025-10,FlashReport_October_2025.pdf
337,Central University of Punjab,617221,,"Construction of Girls Hostel 400 seater, Boys Hostel 600 seater, Academic Block,",Punjab,"International Hostel 100 seater, VC Residence and Purchase of Equipment",2024-08,2027-10,,210.99,210.99,0,0,2025-10,FlashReport_October_2025.pdf
338,Sikkim University,609736,,"Construction of Sikkim University Campus Phase-I Package-II at Yangang, South",Sikkim,Sikkim,2020-08,2025-01,2026-03,314.06,314.06,238.22,85,2025-10,FlashReport_October_2025.pdf
339,,,,Establishment of Permanent Campus of NIT SIkkim at Khamdong-Gangtok District (NIT Sikkim) (612883),Sikkim,,2024-02,2028-02,2026-12,685.76,610.76,121.56,14,2025-10,FlashReport_October_2025.pdf
340,,,,"Construction of Precast housing and hostels at IIT Hyderabad (Indian Institute of Technology, Hyderabad) (609996)",Telangana,,2022-09,2024-10,2026-01,262,262,186.49,79,2025-10,FlashReport_October_2025.pdf
341,,,,Banaras Hindu University [ Kayakalp of Institute of Medical Sciences] (Banaras Hindu University) (606479),Uttar Pradesh,,2020-06,2022-09,2026-03,246,246,198.02,96,2025-10,FlashReport_October_2025.pdf
342,National Institute of Technology Uttarakhand,611963,,Construction & Development of Infrastructural Facilities in the main campus of NIT,Uttarakhand,"Uttarakhand at Sumari, Pauri Garhwal",2020-06,2027-09,,650.85,650.85,195.52,33,2025-10,FlashReport_October_2025.pdf
343,"Indian Institute of Technology, Kharagpur",609019,,"HEFA projects on development of student hostels, playgrounds, departmental",West Bengal,"buildings, class room complex and other campus facilities in IIT Kharagpur",2018-06,2023-03,2026-03,500,442,390.6,89,2025-10,FlashReport_October_2025.pdf
344,,,,"National Sports University [NSU], Imphal [Manipur] (Department of Sports & Youth Affairs) (400081)",Manipur,,,2024-08,2025-11,906.47,611.74,553.38,94,2025-10,FlashReport_October_2025.pdf
345,,,,Construction of Aviation Fuel farm Facilities at Bhogapuram Airport (Ministry of Petroleum & Natural Gas) (616235),Andhra Pradesh,,2024-08,2026-03,2026-03,240,240,61.94,77,2025-10,FlashReport_October_2025.pdf
346,,,,"Construction of LPG Facilities at Kamardanga, Assam (Hindustan Petroleum Corporation Limited) (709754)",Assam,,2023-03,2027-07,2027-07,156.36,156.36,63.31,50,2025-10,FlashReport_October_2025.pdf
347,,,,"Setting up of new rail fed POL facility at Kamardanga, Assam (Hindustan Petroleum Corporation Limited [HPCL]) (709755)",Assam,,2023-03,2027-07,2027-07,384.04,384.04,142.28,57,2025-10,FlashReport_October_2025.pdf
348,Bharat Petroleum Corporation Limited [BPCL],400235,,"Setting up a common user Petroleum Terminal at Jammu, J&K for resitement of",Jammu and Kashmir,existing PSU OMC's Depots from Jammu City,2023-04,2025-03,2026-01,676.89,715.89,550.45,84,2025-10,FlashReport_October_2025.pdf
349,,,,"Andheri Residential Towers, Mumbai (Ministry of Petroleum & Natural Gas) (604833)",Maharashtra,,2017-06,2025-05,2026-06,281.35,389.67,238.39,51,2025-10,FlashReport_October_2025.pdf
350,,,,Srikakulam Angul Gas Pipeline Project (Ministry of Petroleum & Natural Gas) (701343),"Multi-States (Andhra Pradesh, Odisha)",,2019-09,2022-07,2025-12,2658.34,2810,2282.98,96,2025-10,FlashReport_October_2025.pdf
351,,,,Rajasthan Refinery Project (MinistryofPetroleumNaturalGas) (701263),"Multi-States (Arunachal Pradesh, Gujarat, Rajasthan)",,2017-10,2022-10,2026-03,43129,79459,61926.61,89,2025-10,FlashReport_October_2025.pdf
352,Ministry of Petroleum & Natural Gas,701349,,Paradip-Numaligarh Crude Oil Pipeline [PNCPL] & Crude Oil Import Terminal [COIT],"Multi-States (Assam, Bihar, Jharkhand, Odisha, West Bengal)",at Paradip,2019-01,2024-07,2026-03,10228,11407,9921.29,88,2025-10,FlashReport_October_2025.pdf
353,,,,New Mundra Panipat Crude Oil Pipeline (Ministry of Petroleum & Natural Gas) (400078),"Multi-States (Gujarat, Haryana, Rajasthan)",,2021-12,2024-12,2025-12,9028,9028,7292.34,86,2025-10,FlashReport_October_2025.pdf
354,,,,Kandla Gorakhpur LPG Pipeline (Ministry of Petroleum & Natural Gas) (400012),"Multi-States (Gujarat, Madhya Pradesh, Uttar Pradesh)",,2018-12,2021-12,2025-12,10088,10088,8059.53,93,2025-10,FlashReport_October_2025.pdf
355,,,,"Multi Product Pipeline from Irugur to Devangonthi (Department of Water Resources, River Development & GR) (400301)","Multi-States (Karnataka, Tamil Nadu)",,2012-11,2017-02,2026-09,678,1732,800.88,73,2025-10,FlashReport_October_2025.pdf
356,,,,"Petrochemical evacuation marketing terminal at Barmer, Rajasthan (Hindustan Petroleum Corporation Limited [HPCL]) (709759)",Rajasthan,,2023-12,2026-12,2026-12,461.05,461.05,145.12,64,2025-10,FlashReport_October_2025.pdf
357,Ministry of Petroleum & Natural Gas,400043,,Laying of POL Pipelines in Common Corridor for proposed grass root terminal at,Tamil Nadu,Vallur [Chennai],2022-01,2026-05,2026-05,829,829,327.86,67,2025-10,FlashReport_October_2025.pdf
358,,,,"Grass root POL Terminal at Vallur, Chennai (Indian Oil Corporation Limited [IOCL]) (400077)",Tamil Nadu,,2022-01,2024-12,2026-03,827,887.71,638.71,89,2025-10,FlashReport_October_2025.pdf
359,Indian Oil Corporation Limited [IOCL],400035,,"Grass Root Rail-fed Depot at Sekerkote, Agartala as resitement of existing",Tripura,Dharmanagar Depot,2022-06,2025-09,2026-06,656,656,509.92,89,2025-10,FlashReport_October_2025.pdf
360,,,,"Grass-root Terminal at Mirzapur, Uttar Pradesh (Ministry of Petroleum & Natural Gas) (604852)",Uttar Pradesh,,2022-09,2026-11,2026-11,980.45,980.45,227.04,57,2025-10,FlashReport_October_2025.pdf
361,,,,KG-DWN-98/2 Cluster - II Development Project - NELP Block (Oil and Natural Gas Corporation Limited [ONGC]) (400120),Andhra Pradesh,,2016-03,2020-06,2026-06,34012,34012,32184.03,96,2025-10,FlashReport_October_2025.pdf
362,,,,HP-COAT [Crude to Olefins and Aromatics Technology] demo unit at Visakh Refinery (Hindustan Petroleum Corporation Limited) (709752),Andhra Pradesh,,2021-09,2024-06,2026-03,160,220,92.6,76,2025-10,FlashReport_October_2025.pdf
363,,,,"City Gas Distribution Project at Kurnool, Guntur & Prakasam Districts (MinistryofPetroleumNaturalGas) (709766)",Andhra Pradesh,,2022-03,2030-03,2030-03,1420,1420,167.02,6,2025-10,FlashReport_October_2025.pdf
364,,,,Numaligarh Refinery Expansion Project (Ministry of Petroleum & Natural Gas) (604791),Assam,,2020-07,2024-07,2025-12,12366,22494,17659.09,78,2025-10,FlashReport_October_2025.pdf
365,Ministry of Petroleum & Natural Gas,604863,,Development of Surface Facilities for production and evacuation of Crude Oil and,Assam,Natural Gas from Nadua and East Khagorija,2018-01,2020-02,2025-12,682.9,726.93,491.64,94,2025-10,FlashReport_October_2025.pdf
366,Ministry of Petroleum & Natural Gas,607701,,"Guwahati Refinery Expansion [1.0 to 1.2 MMTPA] along with installation of CRU,",Assam,Guwahati Refinery,2021-05,2023-10,2026-05,412.3,577,445.73,87,2025-10,FlashReport_October_2025.pdf
367,Ministry of Petroleum & Natural Gas,616858,,"Construction of Field Gas Gathering Station at Baghjan area for collection, processing",Assam,& transportation of natural Gas to be produced from Baghjan Field,2020-12,2024-03,2025-12,430.76,430.76,330.99,87,2025-10,FlashReport_October_2025.pdf
368,,,,Augmentation/Revamping of Facilities at existing Guwahati Terminal at Betkuchi (MinistryofPetroleumNaturalGas) (709776),Assam,,2022-04,2026-09,2026-09,277,323.09,188.04,68,2025-10,FlashReport_October_2025.pdf
369,,,,Capacity Expansion of Digboi Refinery from 0.65 to 1.0 MMTPA (MinistryofPetroleumNaturalGas) (709779),Assam,,2022-06,2026-03,2027-07,768,740,123.97,44,2025-10,FlashReport_October_2025.pdf
370,,,,Pipeline Network Project Rudrasagar (Ministry of Petroleum & Natural Gas) (709847),Assam,,2023-01,2026-04,2026-04,344.99,344.99,215.98,48,2025-10,FlashReport_October_2025.pdf
371,,,,Borholla GGS Life Extension Project [BLEP] (Ministry of Petroleum & Natural Gas) (709850),Assam,,2023-09,2026-05,2026-05,198.7,198.7,50.26,40,2025-10,FlashReport_October_2025.pdf
372,,,,DCU Revamp Project (NRL) (709864),Assam,,2021-08,2024-07,2026-06,370,370,266.35,64,2025-10,FlashReport_October_2025.pdf
373,,,,Power Recovery Turbine [PRT] in PFCCU unit as an Energy Conservation Scheme (NRL) (709865),Assam,,2023-04,2024-12,2025-12,293.5,293.5,97.22,96,2025-10,FlashReport_October_2025.pdf
374,,,,"Setting up of LPG Plant with Rail Unloading Facility at Hathua, Dist. Gopalganj, Bihar (MinistryofPetroleumNaturalGas) (617304)",Bihar,,2023-10,2027-03,2027-03,340.15,340.15,107.35,29,2025-10,FlashReport_October_2025.pdf
375,,,,Barauni Refinery Capacity Expansion from 6.0 to 9.0 MMTPA (Ministry of Petroleum & Natural Gas) (701324),Bihar,,2020-01,2023-04,2026-08,14810,16724,12138.96,88,2025-10,FlashReport_October_2025.pdf
376,MinistryofPetroleumNaturalGas,709777,,Installation of Bitumen Manufacturing Unit along with allied facilities at Barauni,Bihar,Refinery,2022-01,2025-04,2026-10,389.35,340,73.97,47,2025-10,FlashReport_October_2025.pdf
377,Bharat Petroleum Corporation Limited [BPCL],709792,,"City Gas Distribution Projects at Darbhanga, Madhubani, Supaul, Sitamarhi and",Bihar,Sheohar districts,2022-12,2030-03,2030-03,3638,3638,422.37,29,2025-10,FlashReport_October_2025.pdf
378,Bharat Petroleum Corporation Limited [BPCL],709793,,"City Gas Distribution Projects at Gopalganj, Siwan, West Champaran, East",Bihar,Champaran and Deoria districts,2022-12,2030-06,2030-06,3919,3919,421.98,20,2025-10,FlashReport_October_2025.pdf
379,,,,Redevelopment of Sobhasan Complex (Oil and Natural Gas Corporation Limited [ONGC]) (400087),Gujarat,,2021-08,2026-02,2026-02,885.63,1286.67,876.53,79,2025-10,FlashReport_October_2025.pdf
380,,,,Redevelopment of Santhal Field [Onshore-Mehsana Asset] (Oil and Natural Gas Corporation Limited [ONGC]) (400167),Gujarat,,2017-02,2026-03,2026-03,1162.56,1162.56,1139.5,94,2025-10,FlashReport_October_2025.pdf
381,,,,Redevelopment of Linch Field (Oil and Natural Gas Corporation Limited [ONGC]) (400169),Gujarat,,2021-04,2025-03,2026-03,631.03,860.04,572.74,85,2025-10,FlashReport_October_2025.pdf
382,,,,Petrochemical and Lube Integration Project at Gujarat Refinery (Ministry of Petroleum & Natural Gas) (701329),Gujarat,,2020-09,2024-08,2026-06,18936,17825,12779.56,84,2025-10,FlashReport_October_2025.pdf
383,,,,Installation of new Biturox Unit along with allied facilities at Gujarat Refinery (MinistryofPetroleumNaturalGas) (709778),Gujarat,,2022-01,2025-08,2026-09,328.29,287,172.32,65,2025-10,FlashReport_October_2025.pdf
384,,,,Commercial Polymer Flooding Project in Bechraji field (Oil and Natural Gas Corporation Limited [ONGC]) (709838),Gujarat,,2022-01,2024-11,2027-05,621.4,739.02,137.73,24,2025-10,FlashReport_October_2025.pdf
385,,,,"Restoration of Gas Terminal, Phase-I [Part-A], Hazira (Oil and Natural Gas Corporation Limited [ONGC]) (709840)",Gujarat,,2022-05,2025-02,2025-12,249.43,249.43,210.42,95,2025-10,FlashReport_October_2025.pdf
386,,,,Old Pipe Line Replacement [OPRP] Group-A (Oil and Natural Gas Corporation Limited [ONGC]) (709841),Gujarat,,2021-07,2025-07,2026-03,173.03,169.84,152.39,89,2025-10,FlashReport_October_2025.pdf
387,,,,"Kalol Redevelopment Project, Ahmedabad Asset (Oil and Natural Gas Corporation Limited [ONGC]) (709842)",Gujarat,,2022-08,2027-03,2027-03,1487.41,1487.41,937.5,62,2025-10,FlashReport_October_2025.pdf
388,,,,"Revamping of SV Stations, Gas Terminal & Kribhco Terminal (Oil and Natural Gas Corporation Limited [ONGC]) (709845)",Gujarat,,2022-11,2026-08,2026-08,837.34,837.34,288.4,56,2025-10,FlashReport_October_2025.pdf
389,Ministry of Petroleum & Natural Gas,604853,,"Indian Oil Technology Development and Deployment Centre at R&D Campus-II,",Haryana,Faridabad,2019-06,2022-12,2026-10,2281.94,3200,1841.09,64,2025-10,FlashReport_October_2025.pdf
390,,,,Poly Butadiene Rubber plant at Panipat (Indian Oil Corporation Limited [IOCL]) (611917),Haryana,,2022-03,2025-03,2026-06,1459,2531.44,1381.16,74,2025-10,FlashReport_October_2025.pdf
391,,,,Capacity Expansion of Panipat Refinery from 15 to 25 MMTPA (Ministry of Petroleum & Natural Gas) (701289),Haryana,,2021-02,2024-09,2026-06,34627,36225,26555.13,90,2025-10,FlashReport_October_2025.pdf
392,MinistryofPetroleumNaturalGas,709783,,"Installation of Multiple Effect Evaporator [MEE] for ETP-1, 2 & 4 of Panipat Refinery",Haryana,and Petrochemical Complex.,2020-12,2023-06,2026-06,165.13,247.69,138.41,76,2025-10,FlashReport_October_2025.pdf
393,MinistryofPetroleumNaturalGas,709773,,"City Gas Distribution Project at Jammu, Udhampur, Reasi, Samba and Kathua",Jammu and Kashmir,Districts,2022-03,2032-03,2032-03,538,538,4.1,0,2025-10,FlashReport_October_2025.pdf
394,,,,Development of Jharia CBM Block [Phase-1] (Oil and Natural Gas Corporation Limited [ONGC]) (610984),Jharkhand,,2019-11,2024-01,2026-01,431,431,223.39,60,2025-10,FlashReport_October_2025.pdf
395,,,,Laying of Natural Gas Pipeline from Hazaribagh to Ranchi [HRPL] (MinistryofPetroleumNaturalGas) (709785),Jharkhand,,2023-02,2026-02,2026-02,202.07,202.07,60.23,48,2025-10,FlashReport_October_2025.pdf
396,,,,Power System Upgradation Project (Mangalore Refinary and Petrochemicals Limited) (612790),Karnataka,,2023-10,2025-11,2026-05,385,385,155.14,69,2025-10,FlashReport_October_2025.pdf
397,,,,Demo Bio-ATF Project (Ministry of Petroleum & Natural Gas) (616879),Karnataka,,2024-03,2027-01,2027-01,364,364,32.59,19,2025-10,FlashReport_October_2025.pdf
398,,,,Revamping/ Augmentation of facilities at existing port terminal at Mangalore (Ministry of Petroleum & Natural Gas) (709774),Karnataka,,2022-01,2025-12,2025-12,463,500.62,285.36,74,2025-10,FlashReport_October_2025.pdf
399,,,,Replacement and Extension of Jetty Pipelines [REJP] at KR (Bharat Petroleum Corporation Limited [BPCL]) (709790),Kerala,,2023-03,2026-03,2026-03,621.87,621.87,203.68,88,2025-10,FlashReport_October_2025.pdf
400,,,,Setting up Polypropylene Unit at Kochi Refinery (MinistryofPetroleumNaturalGas) (709799),Kerala,,2023-12,2027-10,2027-10,4460,4460,308.59,17,2025-10,FlashReport_October_2025.pdf
401,MinistryofPetroleumNaturalGas,709798,,Ethylene Cracker Project at Bina Refinery including downstream Petrochemical Plants,Madhya Pradesh,and expansion of Refinery,2023-05,2028-05,2028-05,43367,43367,1955,16,2025-10,FlashReport_October_2025.pdf
402,"Department of Water Resources, River Development & GR",400158,,Debottlenecking and Augmentation of Cryogenic facilities at Uran LPG Import,Maharashtra,Terminal,2021-04,2024-02,2025-12,1164.69,1629.86,958.12,89,2025-10,FlashReport_October_2025.pdf
403,,,,"500 KTA PDHPP Project, Usar (Ministry of Petroleum & Natural Gas) (400168)",Maharashtra,,2021-04,2025-04,2025-12,8797,11256,7122.88,86,2025-10,FlashReport_October_2025.pdf
404,,,,Construction of lube oil blending plant at Rasayani (Ministry of Petroleum & Natural Gas) (610985),Maharashtra,,2022-05,2023-12,2025-12,423.39,526.26,313,82,2025-10,FlashReport_October_2025.pdf
405,,,,Lube Modernization & Bottom Upgradation Project at Mumbai Refinery (Ministry of Petroleum and Natural Gas) (616933),Maharashtra,,2024-12,2028-03,2028-03,4679,4679,211.77,5,2025-10,FlashReport_October_2025.pdf
406,,,,HP TDAE Unit in Mumbai Refinery (Hindustan Petroleum Corporation Limited) (709760),Maharashtra,,2024-06,2026-04,2026-04,240,240,44.87,54,2025-10,FlashReport_October_2025.pdf
407,,,,"City Gas Distribution Project at Beed, Jalgaon and Jalna Districts (MinistryofPetroleumNaturalGas) (709771)",Maharashtra,,2022-03,2031-09,2031-09,865,865,71.43,3,2025-10,FlashReport_October_2025.pdf
408,,,,Construction of Additional Tankages and Allied Facilities at JNPT Terminal (MinistryofPetroleumNaturalGas) (709780),Maharashtra,,2022-04,2026-08,2026-08,341.43,436.14,289.06,52,2025-10,FlashReport_October_2025.pdf
409,,,,ATF Pipeline from Jawaharlal Nehru Port Trust to Navi Mumbai International Airport (Indian Oil Corporation Limited [IOCL]) (709782),Maharashtra,,2022-08,2025-08,2026-03,165,165,94.21,78,2025-10,FlashReport_October_2025.pdf
410,,,,Installation of Independent De- Aromatized Solvents [DAS] production facilities at MR (Bharat Petroleum Corporation Limited [BPCL]) (709789),Maharashtra,,2023-03,2025-07,2025-12,405,343,214.5,92,2025-10,FlashReport_October_2025.pdf
411,,,,POL & LOBS Installations with Receipt Pipelines at Rasayani (Bharat Petroleum Corporation Limited [BPCL]) (709797),Maharashtra,,2023-05,2026-05,2026-05,2585,2585,711.91,65,2025-10,FlashReport_October_2025.pdf
412,,,,Part Replacement Pipeline Project [PRPP] (Oil and Natural Gas Corporation Limited [ONGC]) (709846),Maharashtra,,2022-11,2024-05,2025-12,1219.48,1145.1,745,90,2025-10,FlashReport_October_2025.pdf
413,,,,Visakh Raipur Pipeline Project (Ministry of Petroleum and Natural Gas) (616254),"Multi-States (Andhra Pradesh, Chhattisgarh, Odisha)",,2024-09,2027-09,2027-09,2212,2212,21.1,11,2025-10,FlashReport_October_2025.pdf
414,,,,North East Gas Grid (Ministry of Petroleum & Natural Gas) (701346),"Multi-States (Arunachal Pradesh, Assam, Manipur, Meghalaya, Mizoram, Nagaland, Sikkim, Tripura, West Bengal)",,2020-04,2024-03,2026-03,9265,9265,6603.95,86,2025-10,FlashReport_October_2025.pdf
415,Ministry of Petroleum & Natural Gas,701350,,Upgradation of Facilities of Numaligarh-Siliguri Product Pipeline [NSPL] for,"Multi-States (Assam, West Bengal)",transportation of additional products from existing 1.72 MMTPA to 5.5 MMTPA,2021-06,2024-12,2025-12,860,860,615.47,99,2025-10,FlashReport_October_2025.pdf
416,,,,"CGD Project in Banka, Dumka, Godda, Jamtara, Pakur, Sahibganj GA ID 11A.02 (Hindustan Petroleum Corporation Limited) (709757)","Multi-States (Bihar, Jharkhand)",,2022-06,2030-06,2030-06,1377,1377,345.02,29,2025-10,FlashReport_October_2025.pdf
417,,,,Mumbai Nagpur Jharsuguda Pipeline Project (Ministry of Petroleum & Natural Gas) (701354),"Multi-States (Chhattisgarh, Madhya Pradesh, Maharashtra, Odisha)",,2020-06,2023-05,2025-12,7844.25,8255,6661.2,96,2025-10,FlashReport_October_2025.pdf
418,,,,Mehsana-Bhatinda & Bhatinda-Jammu Natural Gas Pipeline (Ministry of Petroleum & Natural Gas) (701330),"Multi-States (Gujarat, Haryana, Punjab, Rajasthan)",,2011-07,2024-06,2025-12,7392,7392,6308,90,2025-10,FlashReport_October_2025.pdf
419,,,,Gurdaspur Jammu Pipeline (Gas Authority of India Limited [GAIL]) (612853),"Multi-States (Jammu and Kashmir, Punjab)",,2023-07,2026-07,2026-07,521.9,521.9,230.2,40,2025-10,FlashReport_October_2025.pdf
420,,,,Kochi - Koottanad - Bangalore - Mangalore Pipeline Phase-II (Ministry of Petroleum & Natural Gas) (701228),"Multi-States (Karnataka, Kerala, Tamil Nadu)",,2009-06,2012-12,2025-12,2915,5909,4506.79,95,2025-10,FlashReport_October_2025.pdf
421,,,,City Gas Distribution Maharashtra Natural Gas Limited (Ministry of Petroleum & Natural Gas) (701338),"Multi-States (Karnataka, Maharashtra)",,2006-01,2031-06,2031-06,5535,5535,3986.49,0,2025-10,FlashReport_October_2025.pdf
422,,,,Dhamra Haldia Pipeline Project (Ministry of Petroleum & Natural Gas) (701344),"Multi-States (Odisha, West Bengal)",,2020-03,2022-11,2025-12,1030.65,1125,879.8,88,2025-10,FlashReport_October_2025.pdf
423,Bharat Petroleum Corporation Limited [BPCL],709794,,"City Gas Distribution Projects at Fazilka [except area already authorized], Ganganagar","Multi-States (Punjab, Rajasthan)",and Hanumangarh districts,2022-12,2030-06,2030-06,3207,3207,348.41,25,2025-10,FlashReport_October_2025.pdf
424,,,,"Augmentation/ Revamping of Dimapur Depot, Dimapur (MinistryofPetroleumNaturalGas) (709786)",Nagaland,,2023-08,2027-11,2027-11,227.62,227.62,10.8,25,2025-10,FlashReport_October_2025.pdf
425,Ministry of Petroleum & Natural Gas,604859,,Integrated Para Xylene [PX] and Purified Terephthalic Acid [PTA] Project at Paradip,Odisha,Refinery,2020-07,2024-01,2026-08,13805,11783,8422.69,91,2025-10,FlashReport_October_2025.pdf
426,,,,"CUF POL Depot at Sadashibpur [Meramundali], Odisha (MinistryofPetroleumNaturalGas) (709800)",Odisha,,2021-04,2026-03,2026-03,393.54,393.54,110.87,48,2025-10,FlashReport_October_2025.pdf
427,,,,Life Extension of 48 well platforms of Mumbai High & Heera Fields (Oil and Natural Gas Corporation Limited [ONGC]) (400119),Offshore,,2015-12,2018-04,2025-12,3190.69,3375.9,3119.29,89,2025-10,FlashReport_October_2025.pdf
428,,,,PRP-VIII [Group-A] (Ministry of Petroleum & Natural Gas) (616950),Offshore,,2024-09,2026-02,2026-02,1486.4,1486.4,272.3,23,2025-10,FlashReport_October_2025.pdf
429,,,,Daman Upside Development Project (Oil and Natural Gas Corporation Limited [ONGC]) (709839),Offshore,,2022-06,2025-10,2026-02,4144.41,6406.9,4563.85,88,2025-10,FlashReport_October_2025.pdf
430,,,,MHN TCPP PGC BGC Project [MTPBP] (Ministry of Petroleum & Natural Gas) (709848),Offshore,,2022-06,2026-05,2026-05,2329.45,2354.23,1148.9,59,2025-10,FlashReport_October_2025.pdf
431,,,,PRP-VIII Group B [NH & BS Asset] (Ministry of Petroleum & Natural Gas) (709849),Offshore,,2024-06,2026-02,2026-02,2379.84,3165.53,1806.88,64,2025-10,FlashReport_October_2025.pdf
432,,,,Integrated Development of 4 Contract Areas under DSF-II (Ministry of Petroleum & Natural Gas) (709851),Offshore,,2023-05,2027-04,2027-04,6183.79,6183.79,594.28,23,2025-10,FlashReport_October_2025.pdf
433,,,,2G Ethanol Biorefinery at Bathinda (Hindustan Petroleum Corporation Limited [HPCL]) (400171),Punjab,,2020-05,2023-02,2026-03,1421.46,1421.46,1201.66,95,2025-10,FlashReport_October_2025.pdf
434,,,,City Gas Distribution Project at Pathankot District (MinistryofPetroleumNaturalGas) (709770),Punjab,,2022-03,2033-09,2033-09,151,151,8.75,2,2025-10,FlashReport_October_2025.pdf
435,,,,CBR 9 MMTPA Project (Chennai Petroleum Corporation Limited [CPCL]) (604795),Tamil Nadu,,2021-09,2025-06,2028-10,31580,36354,1342.27,10,2025-10,FlashReport_October_2025.pdf
436,Chennai Petroleum Corporation Limited [CPCL],709750,,Laying of new 28 inch Desal Water Pipeline and 10 inch Reject Water Pipeline,Tamil Nadu,between CPCL Manali Refinery and CPCL Desalination plant at Ennore,2024-01,2025-09,2025-12,205,205,56.22,51,2025-10,FlashReport_October_2025.pdf
437,,,,City Gas Distribution Projects at the Nilgiris and Erode districts (Bharat Petroleum Corporation Limited [BPCL]) (709796),Tamil Nadu,,2022-12,2030-03,2030-03,3685,3685,244.45,20,2025-10,FlashReport_October_2025.pdf
438,,,,"Creation of Gas Dehydration Facilities, Tripura Asset (Oil and Natural Gas Corporation Limited [ONGC]) (709837)",Tripura,,2022-03,2024-05,2025-12,209.33,131.51,70.1,66,2025-10,FlashReport_October_2025.pdf
439,,,,"PP Project, Pata (Gas Authority of India Limited [GAIL]) (400161)",Uttar Pradesh,,2019-03,2024-01,2025-11,910.56,1299.02,1041,98,2025-10,FlashReport_October_2025.pdf
440,,,,Revamping / Augmentation of Facilities at Mathura Bitumen Plant (MinistryofPetroleumNaturalGas) (709781),Uttar Pradesh,,2022-04,2027-06,2026-12,260.12,260.12,8.14,30,2025-10,FlashReport_October_2025.pdf
441,Bharat Petroleum Corporation Limited [BPCL],709795,,"City Gas Distribution Projects at Lakhimpur Kheri , Sitapur, Bahraich,",Uttar Pradesh,"Shravasti,Balrampur, Siddharth Nagar & Maharajganj districts",2022-12,2030-06,2030-06,16654,16654,595.93,12,2025-10,FlashReport_October_2025.pdf
442,,,,Durgapur - Haldia Pipeline [Section-3B of JHBDPL Project] (Ministry of Petroleum & Natural Gas) (617302),West Bengal,,2017-03,2020-12,2025-12,1740,2493.15,2285,90,2025-10,FlashReport_October_2025.pdf
443,,,,Haldia Panagarh Pipeline Project (Hindustan Petroleum Corporation Limited) (709753),West Bengal,,2022-11,2025-11,2026-05,1010,1010,692.62,84,2025-10,FlashReport_October_2025.pdf
444,,,,"CGD Project in Malda, Birbhum, Murshidabad, Dakshin Dinajpur GA ID 11A.03 (Hindustan Petroleum Corporation Limited) (709758)",West Bengal,,2022-06,2030-06,2030-06,2628,2628,348.91,29,2025-10,FlashReport_October_2025.pdf
445,,,,"City Gas Distribution Project at East Mednipore, West Mednipore & Jhargram Districts (MinistryofPetroleumNaturalGas) (709772)",West Bengal,,2022-03,2031-06,2031-06,609,609,58.09,2,2025-10,FlashReport_October_2025.pdf
446,,,,City Gas Distribution Projects at Alipurduar and Cooch Behar (Bharat Petroleum Corporation Limited [BPCL]) (709791),West Bengal,,2022-12,2030-03,2030-03,1017,1017,194.58,40,2025-10,FlashReport_October_2025.pdf
447,,,,AIIMS Majra Rewari Haryana (PMSSY AND Institute of NATIONAL Importance) (701173),Haryana,,2023-12,2023-02,2026-12,1299,1299,349.41,28,2025-10,FlashReport_October_2025.pdf
448,,,,AIIMS Kashmir at Awantipora Jammu & Kashmir (PMSSY AND Institute of NATIONAL Importance) (701167),Jammu and Kashmir,,2019-01,2025-01,2025-12,1828,1828,1321.7,68,2025-10,FlashReport_October_2025.pdf
449,,,,AIIMS Bibinagar (PMSSY AND Institute of NATIONAL Importance) (701171),Telangana,,2018-12,2022-09,2025-12,1028,1365.95,806.8,85,2025-10,FlashReport_October_2025.pdf
450,Employee's State Insurance Company [ESIC],612167,,"Construction of 350 beds + 50 Super Specialty beds ESIC Hospital Sheelanagar,",Andhra Pradesh,"Visakhapatnam, Andhra Pradesh",2021-02,2025-10,2026-01,384.27,384.27,105,40,2025-10,FlashReport_October_2025.pdf
451,,,,"Construction of 200 bedded ESIC Hospital with 62 Nos Staff quarters , Beltola (Employee's State Insurance Company [ESIC]) (612201)",Assam,,2017-12,2025-04,2025-10,143.23,154.75,101.83,93,2025-10,FlashReport_October_2025.pdf
452,Employee's State Insurance Company [ESIC],612185,,C/o Construction of 200 bedded [Up-gradable to 300 bedded] ESI Hospital at Surat,Gujarat,Gujarat.,2019-06,2025-06,2025-05,209.36,209.36,180.54,98,2025-10,FlashReport_October_2025.pdf
453,,,,350 Bedded [Upgradable to 500 beds] ESI Hospital at Sanand (Employee's State Insurance Company [ESIC]) (612186),Gujarat,,2022-06,2026-03,2026-02,558.12,558.12,58.36,7,2025-10,FlashReport_October_2025.pdf
454,Employee's State Insurance Company [ESIC],612211,,"Demolition, Construction and upgradation of ESI Hospital, Kalol, Gujarat from 50 beds",Gujarat,to 150 beds.,2022-08,2025-10,2026-06,205.87,205.87,31.49,16,2025-10,FlashReport_October_2025.pdf
455,,,,Construction of 100 bedded ESIC Hospital & 32 nos. of Staff qtrs at OMPURA J&K. (Employee's State Insurance Company [ESIC]) (612239),Jammu and Kashmir,,2019-09,2024-09,2025-05,131.05,164.93,1747.76,99,2025-10,FlashReport_October_2025.pdf
456,,,,"Construction of 200 bed ESI Hospital at Bommasandra, Karnataka (Employee's State Insurance Company [ESIC]) (612745)",Karnataka,,2015-02,2027-01,,278,278,27.8,0,2025-10,FlashReport_October_2025.pdf
457,Employee's State Insurance Company [ESIC],612748,,"Construction of 100 bed ESI Hospital and Staff Quarters [32 Nos.] at Harohalli,",Karnataka,Karnataka,2019-07,2027-02,,150.92,150.92,0,0,2025-10,FlashReport_October_2025.pdf
458,Employee's State Insurance Company [ESIC],612188,,Construction of 200 Bedded [Upgradable to 500 Bedded including 50 beds of SST],Maharashtra,"ESIC Hospital at Bibewadi, Pune",2018-05,2025-09,2026-02,429.25,429.25,252.06,68,2025-10,FlashReport_October_2025.pdf
459,,,,"Construction of 200 Bedded ESIC Hospital at Butibori, Nagpur, Maharashtra. (Employee's State Insurance Company [ESIC]) (612213)",Maharashtra,,2013-10,2025-08,2025-08,194.93,196.7,86.6,60,2025-10,FlashReport_October_2025.pdf
460,Employee's State Insurance Company [ESIC],616691,,Upgradation & Extension of ESIC Hospital and Construction of PG Hostel / Staff,Maharashtra,"Housing for ESIC Hospital at Andheri, Mumbai",,2025-08,2025-12,260.13,260.13,210.12,88,2025-10,FlashReport_October_2025.pdf
461,,,,"Construction of 100 Bedded ESI Hospital at Duburi, Odisha. (Employee's State Insurance Company [ESIC]) (612513)",Odisha,,2010-12,2027-06,,164.6,164.6,16.4,1,2025-10,FlashReport_October_2025.pdf
462,Employee's State Insurance Company [ESIC],612178,,Construction of 100 Bedded ESIC Hospital building and 32 Nos Residential Quarters,Tamil Nadu,"at Vallam Vadangal, SIPCOT, Sriperumbudur",2015-02,2025-06,,152.95,152.95,107.83,98,2025-10,FlashReport_October_2025.pdf
463,Employee's State Insurance Company [ESIC],612688,,"Construction of New OPD Block 200 Bed ward Basement + GF + 6 Floors at the location of old OPD block, at existing ESIC Hospital/ Medical college campus,",Telangana,"Sanathnagar, Hyderabad",2017-11,2024-06,2025-06,211.13,211.13,198.95,100,2025-10,FlashReport_October_2025.pdf
464,,,,CONSTRUCTION OF 300 BEDDED HOSPITAL AT HARIDWAR (Employee's State Insurance Company [ESIC]) (612259),Uttarakhand,,2021-02,2024-10,2025-06,102.4,297.63,297.63,68,2025-10,FlashReport_October_2025.pdf
465,Mumbai Port Trust [MPT],708662,,Establishment of 600 bed super specialty hospital with optional development of,Maharashtra,Medical college and further expansion on PPP basis.,2019-08,2026-06,2027-12,693,693,58,0,2025-10,FlashReport_October_2025.pdf
466,,,,Jal Marg Vikas Project (Inland Waterways Authority of India [IWAI]) (701565),"Multi-States (Bihar, Jharkhand, Uttar Pradesh, West Bengal)",,2018-01,2023-12,2025-12,5369.18,5061.15,3526.99,72,2025-10,FlashReport_October_2025.pdf
467,,,,Fairway Development in West Bengal Farakka - Kahelgaon (Inland Waterways Authority of India [IWAI]) (611142),Offshore,,,2023-07,2024-04,177,197,183.32,100,2025-10,FlashReport_October_2025.pdf
468,Deendayal Port Trust [DPT],609424,,"Development of Container Terminal at Tuna-Tekra, Deendayal Port on BOT Basis",Gujarat,Under PPP Mode,2022-10,2027-03,,4243.64,4243.64,800.04,32,2025-10,FlashReport_October_2025.pdf
469,,,,Construction of oil jetty No.8 at old kandla through internal resources (Deendayal Port Trust [DPT]) (701568),Gujarat,,,2023-02,2024-07,100,225.85,166.48,90,2025-10,FlashReport_October_2025.pdf
470,,,,"Replacement and revamping of pipeline projects in oil jetty area, Kandla (Deendayal Port Trust [DPT]) (701570)",Gujarat,,2021-09,2023-09,2025-03,171,211.61,137.51,71,2025-10,FlashReport_October_2025.pdf
471,New Mangalore Port Authority,617804,,Mechanization of Berth No.14 for handling Containers and other cargo on DBFOT,Karnataka,basis - Phase II,,2027-03,,153.23,153.23,50.1,33,2025-10,FlashReport_October_2025.pdf
472,Cochin Shipyard,701564,,Construction of new dry dock at exisitng Cochin Shipyard Limited premises at,Kerala,"Perumanoor, Kochi 682 015",2018-04,2022-12,2025-03,1799,1799,1558.39,96,2025-10,FlashReport_October_2025.pdf
473,,,,Rewas Port Project (Reliance Industries Ltd) (400382),Maharashtra,,,2023-03,,6000,6000,5999.89,0,2025-10,FlashReport_October_2025.pdf
474,,,,Setting up of a Floating Storage and Regasification Unit [FSRU] - Mumbai (Mumbai Port Trust [MPT]) (701586),Maharashtra,,,2026-11,2026-11,900,900,65,0,2025-10,FlashReport_October_2025.pdf
475,Paradip Port Trust [PPT],701574,,Deepening and Optimization of Inner Harbour facilities including development of,Odisha,Western Dock on BOT basis to handle Cape size vessels,2022-05,2027-12,2028-10,3004.63,3004.63,1149.79,40,2025-10,FlashReport_October_2025.pdf
476,,,,"Berth No. 2 [previously Berth 3] of HDC Mechanization Project (Haldia Dock Complex, Syama Prasad Mookerjee Port Authority) (701576)",West Bengal,,,2025-09,2026-01,298.26,298.26,438.5,97,2025-10,FlashReport_October_2025.pdf
477,,,,"Shalukkhali Liquid Cargo Handling Facility Development Project (Haldia Dock Complex, Syama Prasad Mookerjee Port Authority) (701577)",West Bengal,,,2025-08,,253.65,253.65,9.28,0,2025-10,FlashReport_October_2025.pdf
478,,,,National Maritime Heritage Complex [NMHC] Phase-I (Indian Port Rail & Ropeway Corporation Ltd. [IPRCL]) (707215),Gujarat,,2019-02,2024-03,2025-09,573,1238.05,496.63,66,2025-10,FlashReport_October_2025.pdf
479,,,,Capacity expansion of Deposit-14 and 14 NMZ at Kirandul (National Mineral Development Corporation Limited [NMDC]) (615202),Chhattisgarh,,2021-08,2028-12,2028-03,1700,1756.2,133.22,6,2025-10,FlashReport_October_2025.pdf
480,,,,Stamp Charge Battery No.12 Battery Proper at IISCO Steel Plant (Steel Authority of India Limited [SAIL]) (617338),,,2025-01,2028-07,,2518.39,2518.39,152.23,4,2025-10,FlashReport_October_2025.pdf
481,,,,Replacement of Hot Leveller No.1 of Plate Mill at Bhilai Steel Plant (Steel Authority of India Limited [SAIL]) (617243),Chhattisgarh,,2024-07,2026-07,,198.62,198.62,12.21,15,2025-10,FlashReport_October_2025.pdf
482,Steel Authority of India Limited [SAIL],617255,,"Replacement of Converter Vessels, Trunnion Rings, Support System & Installation of",Chhattisgarh,Secondary Emission at Bhilai Steel Plant,2023-10,2026-06,,471.83,471.83,158.07,46,2025-10,FlashReport_October_2025.pdf
483,,,,Rebuilding of Coke Oven Battery No.7 & 8 at Bhilai Steel Plant (Steel Authority of India Limited [SAIL]) (617256),Chhattisgarh,,2023-11,2025-10,,884.1,884.1,506.96,80,2025-10,FlashReport_October_2025.pdf
484,,,,NMDC Slurry Pipeline Project Phase-1 (National Mineral Development Corporation Limited [NMDC]) (706811),Chhattisgarh,,2015-11,2023-06,2025-12,2907,5427,3179.93,88,2025-10,FlashReport_October_2025.pdf
485,,,,SCREENING PLANT-III AT KIRANDUL (National Mineral Development Corporation Limited [NMDC]) (709826),Chhattisgarh,,,2026-01,,2718.84,2718.84,1384.73,77,2025-10,FlashReport_October_2025.pdf
486,,,,CONSTRUCTION OF RESIDENTIAL TOWERS AT BIOM KIRANDUL COMPLEX (National Mineral Development Corporation Limited [NMDC]) (709827),Chhattisgarh,,,2025-12,,349.75,349.75,294.65,94,2025-10,FlashReport_October_2025.pdf
487,,,,"New Sinter Plant at BSL, SAIL (Steel Authority of India Limited [SAIL]) (400174)",Jharkhand,,2015-03,2017-10,2027-06,1034.01,1752.3,885.26,53,2025-10,FlashReport_October_2025.pdf
488,,,,Replacement of existing Grinders in CRM-I & II at Bokaro Steel Plant (Steel Authority of India Limited [SAIL]) (617249),Jharkhand,,2025-01,2027-01,,211.94,211.94,16.04,11,2025-10,FlashReport_October_2025.pdf
489,,,,Secondary Emission Control in Converters of SMS-II at Bokaro Steel Plant (Steel Authority of India Limited [SAIL]) (617250),Jharkhand,,2025-01,2026-10,,207.13,207.13,15.76,8,2025-10,FlashReport_October_2025.pdf
490,,,,Revamping of old sub-systems of Blast Furnace 3 at Bokaro Steel Plant (Steel Authority of India Limited [SAIL]) (617253),Jharkhand,,2023-08,2025-07,2025-11,513.82,513.82,257.89,74,2025-10,FlashReport_October_2025.pdf
491,Steel Authority of India Limited [SAIL],617254,,Replacement of remaining 04 sets of Battery Cyclones with 04 Nos. of ESPs in Sinter,Jharkhand,Plant-1 at Bokaro Steel Plant,2024-03,2026-06,,260.37,260.37,54.89,23,2025-10,FlashReport_October_2025.pdf
492,,,,Rebuilding of Coke Oven Battery No.6 at Bokaro Steel Plant (Steel Authority of India Limited [SAIL]) (617257),Jharkhand,,2023-11,2026-11,,627.31,627.31,153.32,46,2025-10,FlashReport_October_2025.pdf
493,National Mineral Development Corporation Limited [NMDC],400121,,Construction of Screening Plant-II for Donimalai and Kumaraswamy Iron Ore Mining,Karnataka,"Complex of NMDC Limited at Ballari Dt, Karnataka.",2014-11,2026-08,,1043.63,1043.63,288.87,35,2025-10,FlashReport_October_2025.pdf
494,Steel Authority of India Limited [SAIL],400065,,Installation of 4th Slab Caster along with its Auxiliaries and a New Ladle Furnace in,Odisha,SMS-II at Rourkela Steel Plant,2022-01,2025-05,2025-09,1105.23,1105.23,790.11,99,2025-10,FlashReport_October_2025.pdf
495,,,,Rebuilding of COB 4 at Durgapur Steel Plant (Steel Authority of India Limited [SAIL]) (612781),West Bengal,,2023-09,2026-12,,916.78,916.78,146.64,20,2025-10,FlashReport_October_2025.pdf
496,,,,Installation of New Bar Mill at Durgapur Steel Plant (Steel Authority of India Limited [SAIL]) (617242),West Bengal,,2024-07,2027-06,,2115.44,2115.44,236.73,32,2025-10,FlashReport_October_2025.pdf
497,,,,Up-gradation of Blast Furnace No. 3 at Durgapur Steel Plant (Steel Authority of India Limited [SAIL]) (617246),West Bengal,,2024-09,2026-06,,758.09,758.09,85.89,7,2025-10,FlashReport_October_2025.pdf
498,,,,Third Ladle Furnace in Secondary Refinery Unit at IISCO Steel Plant (Steel Authority of India Limited [SAIL]) (617248),West Bengal,,2024-11,2026-07,,227.96,227.96,27.2,33,2025-10,FlashReport_October_2025.pdf
499,,,,Revamping of Air Pollution Control Systems of SP-1 at Durgapur Steel Plant (Steel Authority of India Limited [SAIL]) (617251),West Bengal,,2024-07,2026-05,,196.4,196.4,5.96,5,2025-10,FlashReport_October_2025.pdf
500,,,,Nadikudi - Srikalahasti New Line (South Central Railway [SCR] - II) (400298),Andhra Pradesh,,2012-03,2027-05,2028-03,2312,5200,2179,54,2025-10,FlashReport_October_2025.pdf
501,,,,Malugur- Palasamudram New Line Project [17.975 Km] (South Western Railway [SWR] - II) (611615),Andhra Pradesh,,2022-09,2027-11,2027-12,342,342,0,0,2025-10,FlashReport_October_2025.pdf
502,,,,GOOTY-PENDEKALLU DOUBLING 29.225 Km (South Central Railway [SCR] - II) (611752),Andhra Pradesh,,2023-03,2027-03,2027-03,351.83,351.83,18,25,2025-10,FlashReport_October_2025.pdf
503,,,,GUNTAKAL WEST-MALLAPPA GATE RAIL OVER RAIL - ROR TRACK (South Central Railway [SCR] - II) (611754),Andhra Pradesh,,2023-07,2026-07,,293.3,293.3,0,0,2025-10,FlashReport_October_2025.pdf
504,,,,Kurnool - Setting up facilities for coach midlife rehabilitation workshop (WPO/Patna) (611927),Andhra Pradesh,,2014-01,2023-12,,560.72,560.72,276.66,65,2025-10,FlashReport_October_2025.pdf
505,East Coast Railway [ECoR] - II,612827,,Flyover between Pendurthi and Simhachalam North to avoid surface crossing at,Andhra Pradesh,Simhachalam 7.135 km PB 73 of 2023 24 NR,2023-04,2027-04,,183.65,183.65,5.11,11,2025-10,FlashReport_October_2025.pdf
506,East Coast Railway [ECoR] - II,616697,,3rd & 4th line between Vadlapudi -Gate Jn. cabin and Tie line between Gate Junction,Andhra Pradesh,to Gangavaram port,2023-04,2026-06,,154.28,154.28,20.15,21,2025-10,FlashReport_October_2025.pdf
507,,,,Tiupati Katpadi 104.39 kms (South Central Railway [SCR] - II) (617210),Andhra Pradesh,,2025-04,2029-03,,1215.56,1215.56,0.1,0,2025-10,FlashReport_October_2025.pdf
508,,,,3rd Line between Gudur Renigunta 83.17 Km (South Central Railway [SCR] - II) (617216),Andhra Pradesh,,2024-10,2027-03,,877.34,877.34,23.35,0,2025-10,FlashReport_October_2025.pdf
509,,,,Kurnool Coach Midlife Rehabilitation Project (WPO/Patna) (705253),Andhra Pradesh,,2016-05,2020-12,,563,563,120,0,2025-10,FlashReport_October_2025.pdf
510,,,,Kotapalli - Narasapur New Line (South Central Railway [SCR] - II) (705436),Andhra Pradesh,,2009-03,2028-03,2028-03,2501,2501,1318.88,29,2025-10,FlashReport_October_2025.pdf
511,,,,Guntur-Guntakal Doubling Project (South Central Railway [SCR] - II) (705633),Andhra Pradesh,,2017-03,2025-12,2026-12,3733,4295,4475.84,93,2025-10,FlashReport_October_2025.pdf
512,,,,Vijaywada-Gudur 3rd Line (RVNL - II) (705648),Andhra Pradesh,,2016-08,2024-11,2025-12,6654,6654,5922,90,2025-10,FlashReport_October_2025.pdf
513,,,,Penukonda - Dharmavaram Doubling Project [41.5 Km] (South Western Railway [SWR] - II) (705789),Andhra Pradesh,,2018-06,2026-03,2026-03,307.66,307.66,259.52,65,2025-10,FlashReport_October_2025.pdf
514,,,,Doubling of New Bonggigaon to Kamakhya via Goalpara - 176 km (Northeast Frontier Railway [NFR]) (705572),Assam,,2016-09,2026-03,2026-03,4060,4961,3727.78,93,2025-10,FlashReport_October_2025.pdf
515,,,,Guwahati-Dibrugarh via Tinsukia & Simaluguri-Dibrugarh (Central Organisation for Railway Electrification [CORE]) (706922),Assam,,2020-09,2020-09,2024-06,890.36,889.36,391.73,89,2025-10,FlashReport_October_2025.pdf
516,,,,"Mariani-Jorhat, Tinsukia-Dangri and Makum -TirapTrack Electrification Project (GM/C/ NFR) (706940)",Assam,,2018-09,2024-05,,183.99,183.99,0,0,2025-10,FlashReport_October_2025.pdf
517,,,,Harmuty-Murkongselek Branch Line Electrification Project (GM/C/ NFR) (706942),Assam,,2018-09,2024-05,,237.52,237.52,0,0,2025-10,FlashReport_October_2025.pdf
518,,,,Sakri -Hasanpur [via Harnagar - Kusheshwar Asthan] New Railway line (East Central Railway [ECR] - I) (400254),Bihar,,2023-12,2024-12,2027-03,735.2,735.2,588.66,84,2025-10,FlashReport_October_2025.pdf
519,,,,Construction of Bulb line at Nabinagar Ankorah of East Central Railway (East Central Railway [ECR] - I) (617231),Bihar,,2024-06,2028-06,,611.74,611.74,0,0,2025-10,FlashReport_October_2025.pdf
520,,,,Jhajha-Batai New Line Project (East Central Railway [ECR] - I) (617373),Bihar,,2023-03,2027-03,,588.18,588.18,3.05,0,2025-10,FlashReport_October_2025.pdf
521,,,,Khagaria-Kusheshwar Asthan [42Km] new line project (East Central Railway [ECR] - I) (705364),Bihar,,2019-04,2024-12,2027-03,614,1384,487.99,55,2025-10,FlashReport_October_2025.pdf
522,,,,Hajipur-Sagauli New line (East Central Railway [ECR] - I) (705366),Bihar,,2007-10,2020-03,2026-12,2067,2087,2013.82,74,2025-10,FlashReport_October_2025.pdf
523,,,,Araria Supaul New BG Line (East Central Railway [ECR] - I) (705368),Bihar,,2018-06,2024-03,2027-01,1605,2514,1547.96,35,2025-10,FlashReport_October_2025.pdf
524,East Central Railway [ECR] - I,705373,,"Fatuha-Islampur incl. MM for extn.of NL from Neora to Daniawan , Daniawan to",Bihar,"Biharsharif, Biharsharif to Barbigha , Barbigha to Shekhpura",2002-08,2023-03,2025-08,1473,2882,2535.73,94,2025-10,FlashReport_October_2025.pdf
525,,,,Jogbani-Biratnagar New Rail Line project (Indian Railway Construction International Limited [IRCON]) (705450),Bihar,,2010-06,2022-03,2026-12,402,486,367.54,86,2025-10,FlashReport_October_2025.pdf
526,,,,Samastipur-Darbhanga Doubling Railway Project (East Central Railway [ECR] - I) (705526),Bihar,,2015-11,2025-03,2025-10,519,519,367.57,84,2025-10,FlashReport_October_2025.pdf
527,,,,Sagauli-Valmiknagar (East Central Railway [ECR] - I) (705527),Bihar,,2018-03,2025-12,2025-12,1216,2222,2072.37,91,2025-10,FlashReport_October_2025.pdf
528,,,,Muzaffarpur-Sugauli (East Central Railway [ECR] - I) (705528),Bihar,,2018-03,2024-06,2026-02,1586,1586,1470.4,99,2025-10,FlashReport_October_2025.pdf
529,,,,Rampur Dumra-Tal-Rajendrapul Additional Bridge and Railway Line Doubling (Indian Railway Construction International Limited [IRCON]) (706759),Bihar,,2016-03,2024-12,2025-12,2373.64,1700.24,1427.78,97,2025-10,FlashReport_October_2025.pdf
530,,,,Barauni-Bachwara [16 km] - 3rd & 4th line incl. Barauni yard remodelling [32 km] (East Central Railway [ECR] - I) (706860),Bihar,,2022-10,2025-08,2026-10,645,645,7.96,55,2025-10,FlashReport_October_2025.pdf
531,,,,JHAJHA - BATIA (East Central Railway [ECR] - I) (900874),Bihar,,2023-03,2028-03,2030-01,588.18,588.18,0.8,0,2025-10,FlashReport_October_2025.pdf
532,,,,Kharsia-Dharamjaygarh with Spur line [East Corridor-Phase 1] (Indian Railway Construction International Limited [IRCON]) (400220),Chhattisgarh,,2016-03,2018-09,2026-03,3055,3438,2594.89,94,2025-10,FlashReport_October_2025.pdf
533,,,,Doubling of Kirandul-Jagdalpur Line [150 km] (East Coast Railway [ECoR] - II) (400291),Chhattisgarh,,2013-02,2020-03,2025-12,1589,1798,1566.97,93,2025-10,FlashReport_October_2025.pdf
534,SECR,602792,,Gauge Conversion of Kendri-Dhamtari including Abhanpur - Rajim Branch line 67.20,Chhattisgarh,Kms - 2nd Material Modification to Raipur Titlagarh doubling.,2011-07,2025-02,2026-03,1171,1171,376,100,2025-10,FlashReport_October_2025.pdf
535,,,,4th line between Nipania Bhatapara 14.4 Km (South East Central Railway [SECR] - II) (612815),Chhattisgarh,,2022-12,2027-03,,170.49,170.49,1.34,5,2025-10,FlashReport_October_2025.pdf
536,,,,Dharamjaigarh-Korba 63 km (CERL) (613003),Chhattisgarh,,2023-08,2026-08,,1686.26,1686.26,288.83,18.5,2025-10,FlashReport_October_2025.pdf
537,,,,KHARSIA- NAYA RAIPUR-PARMALKASA 5th and 6th Line [278KM] (CAO/C/SECR) (617200),Chhattisgarh,,2025-04,2031-03,,7853.84,7853.84,0,0,2025-10,FlashReport_October_2025.pdf
538,,,,"Dallirajhara - Rowghat New Rail Line Project, Phase-I (Rail Vikas Nigam Limited) (617374)",Chhattisgarh,,,2025-03,,1516.45,1516.45,873.79,92,2025-10,FlashReport_October_2025.pdf
539,,,,Dallirajhra- Rowghat New Railway Line - Phase I [95 km] (Rail Vikas Nigam Limited) (705433),Chhattisgarh,,2009-07,2025-09,2025-12,1628,1628,1440.85,82,2025-10,FlashReport_October_2025.pdf
540,,,,Gevra Road-Pendra Road New Railway Line [135 km] (Indian Railway Construction International Limited [IRCON]) (705444),Chhattisgarh,,2014-04,2022-03,2025-12,4970,4970,4449.99,73,2025-10,FlashReport_October_2025.pdf
541,,,,Boridand - Ambikapur Doubling Line Project (South East Central Railway [SECR] - II) (706854),Chhattisgarh,,2022-06,2030-06,2030-06,1376,1576.23,139.49,21,2025-10,FlashReport_October_2025.pdf
542,,,,4TH LINE - BHATAPARA-HATHBAND [8.8 KM] [PB-72/NR/2022-23] (SECR) (709815),Chhattisgarh,,2022-09,2027-01,2027-12,177.03,177.03,0,3,2025-10,FlashReport_October_2025.pdf
543,,,,4TH LINE - BHILAI-BHILAI NAGAR [8.8 KM] [PB-72/NR/2022-23] (SECR) (709816),Chhattisgarh,,2022-09,2027-02,2027-02,177.34,177.34,1.64,5,2025-10,FlashReport_October_2025.pdf
544,,,,4TH LINE - DADHAPARA-BELHA [9.2 KM] [PB-72/NR/2022-23] (SECR) (709817),Chhattisgarh,,2022-09,2026-11,2026-11,169.06,169.06,17.84,60,2025-10,FlashReport_October_2025.pdf
545,,,,4TH LINE RAJNANDGAON-DONGARHGARH [31.2 KM] [PB-72/NR/2022-23] (SECR) (709818),Chhattisgarh,,2022-09,2027-01,2027-01,328.34,328.34,56.1,26,2025-10,FlashReport_October_2025.pdf
546,,,,3RD AND 4TH LINE - SARAGBUNDIA AND MADWARANI (SECR) (709819),Chhattisgarh,,2022-09,2026-12,2026-12,167.64,167.64,0.09,4,2025-10,FlashReport_October_2025.pdf
547,Rail Land Development Authority,613785,,Redevelopment of New Delhi Railway Station and construction of associated,Delhi,infrastructure,2023-01,2028-12,,4744,4744,119.95,1,2025-10,FlashReport_October_2025.pdf
548,,,,Development of New Bijwasan Railway Terminal (Northern Railways) (617379),Delhi,,2008-02,2020-03,,446.21,446.21,511.94,80,2025-10,FlashReport_October_2025.pdf
549,,,,North Region Video Surveillance Project (RCIL) (705298),Delhi,,2020-06,2024-03,,274.39,274.39,0,0,2025-10,FlashReport_October_2025.pdf
550,,,,Anand Vihar-Tilak Bridge 3rd & 4th line (CAO/C/NR) (705583),Delhi,,2013-03,2023-03,2027-12,667,667,287.26,62,2025-10,FlashReport_October_2025.pdf
551,,,,Provision of Work-site Tampers [WST] Railway Project (EDTK[MC]/RB) (705694),Delhi,,2016-01,2023-12,2026-01,187.72,187.72,141.91,100,2025-10,FlashReport_October_2025.pdf
552,,,,WST Machine Procurement Project (EDTK[MC]/RB) (705708),Delhi,,2018-06,2024-03,2027-12,176,176,0,0,2025-10,FlashReport_October_2025.pdf
553,,,,PCT Machine Procurement Project (EDTK[MC]/RB) (705710),Delhi,,2019-04,2024-04,2027-06,336,336,74.32,85,2025-10,FlashReport_October_2025.pdf
554,,,,RBMV Machine Procurement Project (EDTK[MC]/RB) (705712),Delhi,,2019-10,2024-06,2027-12,480,480,0.33,7,2025-10,FlashReport_October_2025.pdf
555,,,,SRGM Machine Procurement Project (EDTK[MC]/RB) (705717),Delhi,,2019-10,2023-12,2026-03,440,440,390.03,90,2025-10,FlashReport_October_2025.pdf
556,,,,WST Machine Procurement Project (EDTK[MC]/RB) (705720),Delhi,,2019-12,2024-04,2026-12,384,384,0,0,2025-10,FlashReport_October_2025.pdf
557,,,,DTS Machine Procurement Project (EDTK[MC]/RB) (705721),Delhi,,2019-12,2024-12,2026-12,447.6,447.6,0,0,2025-10,FlashReport_October_2025.pdf
558,,,,BRM Machine Procurement Project (EDTK[MC]/RB) (705722),Delhi,,2019-09,2024-06,2027-12,210,210,0.02,0,2025-10,FlashReport_October_2025.pdf
559,,,,Track Machine Procurement Project (EDTK[MC]/RB) (705726),Delhi,,2020-04,2025-03,2028-01,6339,6339,4166.47,41,2025-10,FlashReport_October_2025.pdf
560,,,,Kosamba Umarpada 70 Km (PCE/WR) (611918),Gujarat,,2023-07,2027-03,,468,468,20.28,8,2025-10,FlashReport_October_2025.pdf
561,,,,Adraj Moti Vijapur 40 Kms (Western Railway (WR) - II) (611937),Gujarat,,2022-05,2026-05,2025-12,417.53,417.53,494.13,90,2025-10,FlashReport_October_2025.pdf
562,,,,New Broad Gauge line between Naliya to Jakhau Port (Western Railway (WR) - II) (611943),Gujarat,,2023-02,2028-01,2028-01,410.26,410.26,6.6,4,2025-10,FlashReport_October_2025.pdf
563,Western Railway (WR) - II,611944,,Quadrupling between Gandhidham Adipur with Y connection at Adipur for providing,Gujarat,direct entry towards Mundra Port and Bhuj and high level platform at Gopalpur 11Kms,2023-02,2026-03,2026-03,152.44,152.44,101.74,75,2025-10,FlashReport_October_2025.pdf
564,,,,Petlad Bhadran 23 Kms (Western Railway) (611945),Gujarat,,2022-05,2030-05,2030-05,307.11,307.11,13.58,17,2025-10,FlashReport_October_2025.pdf
565,,,,Samlaya Timba Road 54 km (PCE/WR) (611970),Gujarat,,2023-02,2030-03,2030-03,670.17,670.17,44.8,12,2025-10,FlashReport_October_2025.pdf
566,,,,Samni Jambusar 24 km (PCE/WR) (611971),Gujarat,,2022-05,2030-03,2030-03,350,349.93,67.73,31,2025-10,FlashReport_October_2025.pdf
567,,,,Western Railway Samakhiali Gandhidham Quadrupiling 53 Kms (Western Railway (WR) - II) (611974),Gujarat,,2023-08,2026-12,2027-06,1430,1430,220.11,20,2025-10,FlashReport_October_2025.pdf
568,PCE/WR,611977,,Dahod Creation of Infrastructure facilities for 9000 HP Electric locomotives,Gujarat,Manufacturing at,2022-05,2025-02,,487,487,108.69,0,2025-10,FlashReport_October_2025.pdf
569,,,,Dahod Rolling Stock Workshop Provision of Infrastructure for CBS at (PCE/WR) (611978),Gujarat,,2022-11,2025-03,,158,158,47.31,0,2025-10,FlashReport_October_2025.pdf
570,,,,Sabarmati Setting up of Maintenance Facilities for Train Sets Phase ii (PCE/WR) (611979),Gujarat,,2023-01,2025-06,,250,250,0,0,2025-10,FlashReport_October_2025.pdf
571,,,,4th LINE BETWEEN BAREJADI NANDEJ-SANAND-AHMEDABAD BYPASS (Western Railway (WR) - II) (612072),Gujarat,,2023-02,2027-03,2028-07,961.67,961.67,335.93,17,2025-10,FlashReport_October_2025.pdf
572,Rail Land Development Authority,613786,,Redevelopment of Ahmedabad railway station and associated infrastructure on,Gujarat,"engineering, procurement and construction mode",2023-01,2028-03,,2379,2379,726.91,19,2025-10,FlashReport_October_2025.pdf
573,,,,Miyagam-Karjan-Dabhoi-Samlaya [GC] (Western Railway [WR] - II) (705458),Gujarat,,2017-01,2021-03,2026-12,483.88,1039.13,621.53,41,2025-10,FlashReport_October_2025.pdf
574,,,,Modasa-Shamlaji Road Railway Line Project (Western Railway (WR) - II) (706757),Gujarat,,2012-09,2025-03,2027-03,262,262,337.45,62,2025-10,FlashReport_October_2025.pdf
575,,,,Rajkot - Kanalus Doubling Project [111.2 Kms] (Western Railway (WR) - II) (706763),Gujarat,,2021-10,2026-10,2026-10,1080.58,1080.58,822.77,77,2025-10,FlashReport_October_2025.pdf
576,,,,NADIAD-PETLAD [37.26 KM] (Railway) (709812),Gujarat,,2022-05,2030-06,2030-06,461.91,461.91,92.88,7,2025-10,FlashReport_October_2025.pdf
577,Western Railway (WR) - II,709813,,NEW BG LINE INTERSECTION [5 NOS] BETWEEN GERATPUR-SANAND &,Gujarat,BOTAD-AHMEDABAD [16.51 KM],2022-10,2028-06,2027-10,437.21,437.21,19.06,17,2025-10,FlashReport_October_2025.pdf
578,,,,Bhiwani - Dobh Bahali Doubling Project [42.30 Km] (North Western Railway [NWR]) (611884),Haryana,,2023-02,2028-02,2028-02,471,471,215.11,65,2025-10,FlashReport_October_2025.pdf
579,,,,Doubling between Pradhankunta-Patherih-Bhojudih of East Central Railway (East Central Railway [ECR] - I) (617372),Jharkhand,,2022-11,2025-12,,349.22,349.22,106.11,70,2025-10,FlashReport_October_2025.pdf
580,,,,Gomoh - Flyover for DN trains (East Central Railway [ECR] - I) (705765),Jharkhand,,2018-01,2026-03,2026-03,686,686,574.14,59,2025-10,FlashReport_October_2025.pdf
581,,,,Lodhma - Piska - Link Line bypassing Hatia/Ranchi with Y connection (South Eastern Railway [SER] - I) (705785),Jharkhand,,2021-08,2026-06,2027-05,473,473,288.59,5,2025-10,FlashReport_October_2025.pdf
582,,,,Pradhan Kuntha Jn Line Doubling Project (East Central Railway [ECR] - I) (706837),Jharkhand,,2022-11,2027-11,2027-11,349.22,349.22,106.11,62,2025-10,FlashReport_October_2025.pdf
583,,,,Construction of New BG line between Hassan to Belur [27 Km] (South Western Railway [SWR] - II) (400023),Karnataka,,2019-03,2028-04,2027-04,749,749,0,0,2025-10,FlashReport_October_2025.pdf
584,,,,Yeshvanthpur - Channasandra Doubling Project [21.70 Km] (Karnataka Rail Infrastructure Development Company Limited [K-RIDE]) (703585),Karnataka,,2019-04,2024-03,2026-03,314.1,683.57,152.31,53,2025-10,FlashReport_October_2025.pdf
585,,,,New Railway Line between Ginigera and Raichur [165.57 km] (South Western Railway [SWR] - II) (705434),Karnataka,,2008-03,2019-03,2027-03,2565,3034.98,2105.62,66,2025-10,FlashReport_October_2025.pdf
586,,,,Gadag-Wadi New Railway Line [257 km] (South Western Railway [SWR] - II) (705490),Karnataka,,2013-04,2027-03,2027-12,2842,6700,1400.27,30,2025-10,FlashReport_October_2025.pdf
587,,,,Kadur - Chickamagalur - Sakleshpur [93km] (South Western Railway [SWR] - II) (705492),Karnataka,,2014-01,2025-06,2025-12,825,825,699.12,83,2025-10,FlashReport_October_2025.pdf
588,,,,Bagalkot-Kudachi New Railway Line [142 km] (South Western Railway [SWR] - II) (705495),Karnataka,,2013-10,2027-03,2027-01,1378,1649,716.65,35,2025-10,FlashReport_October_2025.pdf
589,,,,Tumkur-Chitradurga-Davangere New Rail Line Project [191 km] (South Western Railway [SWR] - II) (705496),Karnataka,,2013-10,2019-03,2027-12,1876,1876,436.37,13,2025-10,FlashReport_October_2025.pdf
590,,,,Bangalore-Whitefield-Bangalore City-Krishnarajapuram [23.08 km] - Quadrupling (South Western Railway [SWR] - II) (705663),Karnataka,,2018-02,2026-02,2026-02,493,493,252.45,82,2025-10,FlashReport_October_2025.pdf
591,,,,SHIMOGA - SHIKARIPURA - RANEBENNUR [96 Km] (South Western Railway [SWR] - II) (705761),Karnataka,,2019-09,2027-12,2028-06,1454,1454,71.89,11,2025-10,FlashReport_October_2025.pdf
592,,,,Belgaum-Dharwad via Kittur [73.10Km] (South Western Railway [SWR] - II) (706835),Karnataka,,2020-09,2027-12,2029-03,1591,1591,0.38,0,2025-10,FlashReport_October_2025.pdf
593,,,,Kumbalam-Turavur doubling project [15.59 Km] (Southern Railway [SR] - II) (705638),Kerala,,2023-04,2027-03,2027-03,813,802.8,66.7,18,2025-10,FlashReport_October_2025.pdf
594,,,,Ernakulam-Kumbalam doubling project [7.71 Km] (SR-ERS) (705639),Kerala,,2023-04,2028-03,2027-02,601,595.39,289.52,19,2025-10,FlashReport_October_2025.pdf
595,,,,"Lalitpur-Satna, Rewa-Singrauli & Mahoba-Khajuraho (North Central Railway) (705480)",Madhya Pradesh,,2007-01,2027-03,2027-12,8914,8914,5013.49,72,2025-10,FlashReport_October_2025.pdf
596,,,,Katni - Bina Third Railway Line [279 km] (West Central Railway WCR I) (705651),Madhya Pradesh,,2016-06,2022-03,2025-12,2478.23,4127.23,3330.66,92,2025-10,FlashReport_October_2025.pdf
597,,,,Satna-Rewa Railway Line Doubling Project (West Central Railway [WCR] - II) (705659),Madhya Pradesh,,2015-11,2026-03,2026-03,500,584,565.61,80,2025-10,FlashReport_October_2025.pdf
598,,,,Doubling of Katni - Singrauli Railway Line [261 km] (Indian Railway Construction International Limited [IRCON]) (705660),Madhya Pradesh,,2016-03,2025-12,2025-12,2445,4377,3234.88,100,2025-10,FlashReport_October_2025.pdf
599,,,,Katni Grade Separator/Bye Pass (Indian Railway Construction International Limited [IRCON]) (705661),Madhya Pradesh,,2016-03,2024-09,2026-03,1248,1248,1651.34,95,2025-10,FlashReport_October_2025.pdf
600,,,,Indore - Budni New Railway Line [198 kms] (RVNL - II) (705763),Madhya Pradesh,,2019-08,2030-09,2030-09,7474,7474,1780.6,25,2025-10,FlashReport_October_2025.pdf
601,,,,Nimach-Ratlam Doubling [133 Km] (Western Railway [WR] - II) (705933),Madhya Pradesh,,2021-10,2027-10,2027-10,1095.88,1095.88,1067.49,89,2025-10,FlashReport_October_2025.pdf
602,,,,DHULE [BORVIHIR] - NARDANA NEW LINE [50.60 KMS] (Central Railway) (400019),Maharashtra,,2019-01,2026-12,2027-09,492.76,1170.83,276.86,16,2025-10,FlashReport_October_2025.pdf
603,,,,Wardha-Nanded Via Yavatmal New BG Line (Central Railway [CR] - II) (400271),Maharashtra,,2017-12,2028-03,2028-03,3445,3445,3002.93,50,2025-10,FlashReport_October_2025.pdf
604,,,,AURANGABAD-ANKAI - DOUBLING PROJECT 98.25 Km (South Central Railway [SCR] - II) (611751),Maharashtra,,2023-05,2027-03,,960.64,960.64,511.61,1,2025-10,FlashReport_October_2025.pdf
605,Rail Land Development Authority,613015,,Redevelopment of Chhatrapati Shivaji Maharaj Terminus [CSMT] and construction of,Maharashtra,associated infrastructure,2023-04,2027-03,,1813,1813,600.75,16,2025-10,FlashReport_October_2025.pdf
606,,,,Gondia-Balharshah [Chanda Fort] Doubling [240 Km] (South East Central Railway) (617201),Maharashtra,,2025-04,2031-03,,4373.04,4373.04,0,0,2025-10,FlashReport_October_2025.pdf
607,,,,Doubling between Parbhani Parli Vaijanath stations 64.71 Km (South Central Railway [SCR] - II) (617215),Maharashtra,,2023-12,2028-03,,769.93,769.93,20.91,0,2025-10,FlashReport_October_2025.pdf
608,,,,Babupeth - Sasti New Rail Line [13.114 KMs] (Central Railway (CR) - II) (617361),Maharashtra,,2024-10,2028-03,,362.81,362.81,0,0,2025-10,FlashReport_October_2025.pdf
609,,,,Double Chord line Between Nilaje-Kopar (Central Railway (CR) - II) (617364),Maharashtra,,2025-01,2028-07,,338.33,205,3.42,0,2025-10,FlashReport_October_2025.pdf
610,,,,Western Region Video Surveillance Project (RCIL) (705300),Maharashtra,,2020-06,2023-12,,227.59,227.59,0,0,2025-10,FlashReport_October_2025.pdf
611,Central Railway [CR] - II,705356,,Ahmednagar - Beed - Parli - Vaijnath New Broad Gauge Line Railway Project [261.3,Maharashtra,km],1999-01,2026-03,2026-03,2538.67,4957.27,5091.94,98,2025-10,FlashReport_October_2025.pdf
612,,,,Baramati Lonand New Line Project (Central Railway) (705357),Maharashtra,,2016-03,2027-03,2027-03,138.48,1843.9,845.56,51,2025-10,FlashReport_October_2025.pdf
613,,,,Wadsa-Gadchiroli (South East Central Railway) (705479),Maharashtra,,2017-05,2027-03,2027-03,1886,1886,727.89,53,2025-10,FlashReport_October_2025.pdf
614,,,,3rd Line Kalyan - Kasara [67.35 Kilometres] (Central Railway) (705498),Maharashtra,,2015-09,2026-12,2026-12,792.89,1395.79,931.97,51,2025-10,FlashReport_October_2025.pdf
615,,,,3rd Line Wardha - Sewagram - Nagpur (Central Railway [CR] - II) (705500),Maharashtra,,2015-09,2025-12,2025-12,540.02,944.24,779.07,83,2025-10,FlashReport_October_2025.pdf
616,,,,3rd Line Wardha - Ballarshah [132 Kilometres] (Central Railway [CR] - II) (705502),Maharashtra,,2016-03,2025-12,2026-02,1384.72,2033.59,1705.4,80,2025-10,FlashReport_October_2025.pdf
617,,,,Pune - Miraj-Londa [467 Kilometres] (Central Railway) (705503),Maharashtra,,2016-06,2025-02,2025-08,4027.53,4872.52,4924.05,85,2025-10,FlashReport_October_2025.pdf
618,,,,Doubling of Daund Manmad Line [247.6 km] (Central Railway) (705504),Maharashtra,,2017-10,2025-12,2026-03,2081.27,3267.06,2861.77,92,2025-10,FlashReport_October_2025.pdf
619,,,,4th Line Wardha - Nagpur [78.7 Kilometres] (Central Railway [CR] - II) (705505),Maharashtra,,2017-04,2025-12,2026-02,637.95,1341.28,1010.3,83,2025-10,FlashReport_October_2025.pdf
620,,,,3rd Line Manmad - Jalgaon [160 Kilometres] (Central Railway [CR] - II) (705506),Maharashtra,,2017-05,2024-12,2025-08,1035.16,1558.75,1726.94,95,2025-10,FlashReport_October_2025.pdf
621,,,,Solapur-tuljapur-Osmanabad (Central Railway) (705735),Maharashtra,,2018-08,2027-03,2028-03,904.92,3295.74,1153.7,12,2025-10,FlashReport_October_2025.pdf
622,,,,Nagpur- Nagbhir Railway Line Gauge Conversion Project (MRIDC) (705799),Maharashtra,,2019-10,2025-12,2025-12,1400,1400,1472,80,2025-10,FlashReport_October_2025.pdf
623,,,,Mumbai Urban Transport Project [MUTP] - PHASE II (Mumbai Rail Vikas Corporation Ltd.[MRVC]) (706779),Maharashtra,,2008-05,2014-03,2027-12,8087,8087,7364,87,2025-10,FlashReport_October_2025.pdf
624,,,,Mumbai Urban Transport Project [MUTP] Phase-IIIA (Mumbai Rail Vikas Corporation Ltd.[MRVC]) (706780),Maharashtra,,2019-04,2027-12,2027-12,33690,33690,2436.22,16,2025-10,FlashReport_October_2025.pdf
625,,,,Mumbai Urban Transport Project Phase-III (Mumbai Rail Vikas Corporation Ltd.[MRVC]) (706781),Maharashtra,,2016-11,2022-03,2026-12,10947,10947,5460.49,65,2025-10,FlashReport_October_2025.pdf
626,,,,PACHORA-JAMNER WITH EXTENSION UPTO MALKAPUR NG TO BG (CR) (709808),Maharashtra,,2022-08,2027-08,2028-03,955.39,2093.82,130.42,11,2025-10,FlashReport_October_2025.pdf
627,,,,Jiribam-Imphal new line project (Northeast Frontier Railway [NFR]) (705391),Manipur,,2013-03,2026-12,2029-06,14323,21885.9,15598.11,69,2025-10,FlashReport_October_2025.pdf
628,,,,Marikuppam - Kuppam New Line Project [23.70 Km] (South Western Railway [SWR] - II) (705491),"Multi-States (Andhra Pradesh, Karnataka)",,2012-04,2026-06,2026-06,297,297,134.31,15,2025-10,FlashReport_October_2025.pdf
629,,,,Rayadurg-Tumkur via Kalyandurg New Line [207 km] (South Western Railway [SWR] - II) (705494),"Multi-States (Andhra Pradesh, Karnataka)",,2008-03,2015-09,2028-02,2496,2496,1739.53,69,2025-10,FlashReport_October_2025.pdf
630,,,,"Renigunta, Wadi & Gooty Bypass Railway Project (South Central Railway [SCR] - I) (705610)","Multi-States (Andhra Pradesh, Karnataka)",,2016-04,2025-12,2025-12,302,543,381,50,2025-10,FlashReport_October_2025.pdf
631,,,,Doubling between Mudkhed Medchal & Mahbubnagar Dhone section 417.88 Km (South Central Railway [SCR] - II) (617212),"Multi-States (Andhra Pradesh, Maharashtra, Telangana)",,2023-08,2029-03,,4686.09,4686.09,668.81,1,2025-10,FlashReport_October_2025.pdf
632,,,,Vizianagaram - Titlagarh 3rd line [272 Km including By - pass line of 7.68 KM] (RVNL - II) (400253),"Multi-States (Andhra Pradesh, Odisha)",,2016-06,2026-12,2026-12,4803,6670,5722.01,89,2025-10,FlashReport_October_2025.pdf
633,,,,Doubling of Kottavalasa-Koraput Rail Line [189 KM] (East Coast Railway [ECoR] - II) (705512),"Multi-States (Andhra Pradesh, Odisha)",,2015-12,2022-03,2028-03,2500,2500,2023.97,71,2025-10,FlashReport_October_2025.pdf
634,,,,Vizianagaram-Sambhalpur 3rd Line Project (RVNL) (705520),"Multi-States (Andhra Pradesh, Odisha)",,2016-06,2025-03,,4803.16,4803.16,2979.23,0,2025-10,FlashReport_October_2025.pdf
635,,,,Tindivanam-Nagari New Line Project [184.5 km] (Southern Railway [SR] - II) (400275),"Multi-States (Andhra Pradesh, Tamil Nadu)",,2008-07,2016-09,2028-03,3631,3631,1113.53,18,2025-10,FlashReport_October_2025.pdf
636,South Central Railway [SCR] - II,616857,,Doubling between Motumari Vishnupuram - 88.81 Km and Rail over Rail - RoR at,"Multi-States (Andhra Pradesh, Telangana)",Motumari - 10.877 Km,2024-02,2029-03,,1595.55,1595.55,14.27,1,2025-10,FlashReport_October_2025.pdf
637,,,,Doubling of Guntur Bibinagar 239 Km (South Central Railway [SCR] - II) (617211),"Multi-States (Andhra Pradesh, Telangana)",,2023-08,2029-03,,2853.23,2853.23,62.29,1,2025-10,FlashReport_October_2025.pdf
638,,,,Rail Connectivity to Errupalem Amravati Namburu 57 Km (South Central Railway [SCR] - II) (617214),"Multi-States (Andhra Pradesh, Telangana)",,2024-11,2027-03,,2047.4,2047.4,14.49,0,2025-10,FlashReport_October_2025.pdf
639,,,,Kazipet-Vijayawada 3rd line with electrification [220 km] (South Central Railway [SCR] - II) (705612),"Multi-States (Andhra Pradesh, Telangana)",,2013-03,2025-02,2025-12,1953,3363,3436.15,94,2025-10,FlashReport_October_2025.pdf
640,,,,Vijayawada - Kazipet Byepass line (South Central Railway [SCR] - II) (705632),"Multi-States (Andhra Pradesh, Telangana)",,2016-04,2025-01,2025-12,647,904,945.51,92,2025-10,FlashReport_October_2025.pdf
641,,,,Murkongselek-Pasighat (Northeast Frontier Railway (NFR) - II) (705401),"Multi-States (Arunachal Pradesh, Assam)",,2011-02,2025-03,2026-05,435,1250,542.07,61,2025-10,FlashReport_October_2025.pdf
642,,,,Lumding Furkating Doubling Project 140 km (Northeast Frontier Railway [NFR]) (616701),"Multi-States (Assam, Nagaland)",,2024-02,2028-02,,2123.7,2123.7,13.74,0,2025-10,FlashReport_October_2025.pdf
643,,,,Dimapur [Dhansiri]-Sukhobi Kohima [Zubza] NL [82.5 Km] (Northeast Frontier Railway [NFR]) (705392),"Multi-States (Assam, Nagaland)",,2015-08,2025-03,2025-12,6663,6663,5571.82,81,2025-10,FlashReport_October_2025.pdf
644,,,,New Delhi- Howrah Speed Booster[160Kmph] Project (PCE/NCR) (705794),"Multi-States (Bihar, Delhi, Jharkhand, Uttar Pradesh, West Bengal)",,2019-09,2024-03,,6684.81,6684.81,127.03,0,2025-10,FlashReport_October_2025.pdf
645,,,,Third Railway Line between Patratu-Sonnagar [281 kms] (RVNL - II) (400234),"Multi-States (Bihar, Jharkhand)",,2016-11,2026-03,2026-07,8975,8975,4950,88,2025-10,FlashReport_October_2025.pdf
646,,,,Multi tracking of Son Nagar-Andal 374.53 rkm & 814.38 tkm (East Central Railway [ECR] - I) (616699),"Multi-States (Bihar, Jharkhand)",,2023-08,2028-03,,12333.57,12333.6,520.39,13,2025-10,FlashReport_October_2025.pdf
647,,,,Koderma-Tilaiya New Line (East Central Railway [ECR] - I) (705375),"Multi-States (Bihar, Jharkhand)",,2004-11,2025-02,2026-02,1626,2486.62,2113.82,93,2025-10,FlashReport_October_2025.pdf
648,,,,Pirpainti - Jasidih [100.52 Km] New BG line (Eastern Railway [ER] - I) (705385),"Multi-States (Bihar, Jharkhand)",,2014-03,2028-03,2028-03,2555,2555,780.18,49,2025-10,FlashReport_October_2025.pdf
649,North Eastern Railway [NER],611669,,NER Provision of Automatic Block Signalling on Gorakhpur Cantt[Excl] Chhapra,"Multi-States (Bihar, Uttar Pradesh)",Gramin & Burhwal Jn [Excl] Sitapur Jn section of high density routes,,2027-03,,380.47,380.47,24.53,0,2025-10,FlashReport_October_2025.pdf
650,,,,Gorakhpur-Valmikinagar Doubling project (NER) (617224),"Multi-States (Bihar, Uttar Pradesh)",,2023-08,2027-12,,1120,1120,247.46,26,2025-10,FlashReport_October_2025.pdf
651,,,,Chhapra-Ballia Patch Doubling (North Eastern Railway [NER]) (705562),"Multi-States (Bihar, Uttar Pradesh)",,2013-03,2025-02,2026-03,963,1046,911.66,95,2025-10,FlashReport_October_2025.pdf
652,,,,Katihar - Kumedpur Doubling Line Project (GM/C/ NFR) (706844),"Multi-States (Bihar, West Bengal)",,2022-08,2027-08,2027-08,942,942,356,45,2025-10,FlashReport_October_2025.pdf
653,,,,Rajnandgaon - Nagpur [Kalumna] Third Railway Line [228.30 km] (South East Central Railway [SECR] - II) (705617),"Multi-States (Chhattisgarh, Maharashtra)",,2016-09,2024-12,2026-06,3545,3545,3507.04,96,2025-10,FlashReport_October_2025.pdf
654,,,,Sardega -Bhalumuda New Double line [37.24 Km] (SECR) (617390),"Multi-States (Chhattisgarh, Odisha)",,2024-09,2028-03,,1281.81,1281.81,128,1,2025-10,FlashReport_October_2025.pdf
655,,,,Jagdalpur-Koraput (East Coast Railway [ECoR] - II) (705511),"Multi-States (Chhattisgarh, Odisha)",,2015-12,2024-03,2026-12,1547,1547,1329.73,90,2025-10,FlashReport_October_2025.pdf
656,,,,Jharsuguda-Bilaspur Fourth Railway Line [206 km] (SECR) (705616),"Multi-States (Chhattisgarh, Odisha)",,2016-09,2024-10,2025-12,2140,2979,2196.74,93,2025-10,FlashReport_October_2025.pdf
657,,,,Mumbai-Ahmedabad High Speed Rail Project- 508 km (National High Speed Rail Corporation [NHSRC]) (705728),"Multi-States (Dadra & Nagar Haveli and Daman & Diu, Gujarat, Maharashtra)",,2015-03,2027-08,2029-12,108000,108000,82967.89,55,2025-10,FlashReport_October_2025.pdf
658,,,,New Delhi- Mumbai Speed Booster[160Kmph] Project (PCE/WR) (705793),"Multi-States (Delhi, Gujarat, Madhya Pradesh, Maharashtra, Rajasthan)",,2019-09,2024-03,,6806.44,6806.44,135.65,0,2025-10,FlashReport_October_2025.pdf
659,,,,Hospet - Tinaighat - Vasco Rail Doubling Project (RVNL - II) (705650),"Multi-States (Goa, Karnataka)",,2010-03,2027-03,2027-12,5060,5060,5246.91,86,2025-10,FlashReport_October_2025.pdf
660,,,,Hospet-Hubli-Vasco da Gama Line Electrification Project (RVNL) (706950),"Multi-States (Goa, Karnataka)",,2015-07,2023-03,2024-03,744.49,1122.62,969.05,95,2025-10,FlashReport_October_2025.pdf
661,,,,Western Dedicated Freight Corridor (DFCCIL) (705237),"Multi-States (Gujarat, Haryana, Maharashtra, Rajasthan, Uttar Pradesh)",,2008-02,2022-03,2025-12,51101,124005,124623,96,2025-10,FlashReport_October_2025.pdf
662,,,,"New line Dahod-Indore via Sardarpur, Jabuwa and Dhar (Western Railway [WR] - II) (705453)","Multi-States (Gujarat, Madhya Pradesh)",,2012-06,2027-02,2027-02,456.07,3516.77,3633.27,49,2025-10,FlashReport_October_2025.pdf
663,,,,Chhota Udaipur - Dhar New Line Project [157 km] (Western Railway [WR] - II) (705454),"Multi-States (Gujarat, Madhya Pradesh)",,2008-11,2025-12,2025-12,1794,1794,1815.94,80,2025-10,FlashReport_October_2025.pdf
664,Western Railway,611452,,MUMBAI CENTRAL VIRAR VADODARA AHMEDABAAD TRAIN PROTECTION,"Multi-States (Gujarat, Maharashtra)",SYSTEM 500 RKM,2019-09,2025-12,2025-06,311,311,208,92,2025-10,FlashReport_October_2025.pdf
665,,,,Taranga Hill-Abu Road via Ambaji (North Western Railway [NWR]) (400022),"Multi-States (Gujarat, Rajasthan)",,2022-07,2030-07,2030-07,2798,2798,2014.6,17,2025-10,FlashReport_October_2025.pdf
666,,,,LUNI- SAMDARI- BHILDI DOUBLING (North Western Railway [NWR]) (616842),"Multi-States (Gujarat, Rajasthan)",,2024-02,2027-07,,3085.59,3085.59,329.31,13,2025-10,FlashReport_October_2025.pdf
667,,,,Chandigarh-Baddi New Rail Line- 36 km (Northen Railway [NR]) (705424),"Multi-States (Haryana, Himachal Pradesh)",,2018-02,2026-12,2026-12,1540,1540.13,527.66,34,2025-10,FlashReport_October_2025.pdf
668,,,,Rewari - Kathuwas Doubling Project [27.72 Km] (North Western Railway [NWR]) (611861),"Multi-States (Haryana, Rajasthan)",,2023-02,2027-06,2027-06,352,352,271.93,65,2025-10,FlashReport_October_2025.pdf
669,Northen Railway [NR],705410,,Nangal Dam-Talwara New Broad Gauge Line [84 KM] and Taking Over Siding,"Multi-States (Himachal Pradesh, Punjab)",Mukerian-Talwara [29 KM],1983-03,2025-12,2027-01,2018,2018,2053.9,45,2025-10,FlashReport_October_2025.pdf
670,,,,Bhanupalli-Bilaspur-Beri New Railway Line Project (RVNL - II) (705428),"Multi-States (Himachal Pradesh, Punjab)",,2009-03,2026-12,2027-12,13447,13447,6928.81,61,2025-10,FlashReport_October_2025.pdf
671,,,,Doubling of Hatia [Ranchi]-Bondamunda Rail Line - 159 km (South Eastern Railway - JH) (705628),"Multi-States (Jharkhand, Odisha)",,2016-03,2025-06,2026-06,3029,3029.04,2501.09,86,2025-10,FlashReport_October_2025.pdf
672,,,,Buramara-Chakulia new line [59.96 km] (South Eastern Railway [SER] - I) (616588),"Multi-States (Jharkhand, Odisha, West Bengal)",,2024-08,2029-12,,1459.13,1459.13,3.32,0,2025-10,FlashReport_October_2025.pdf
673,,,,KHARAGPUR-ADITYAPUR THIRD RAIL LINE- 132 KM (RVNL - I) (705668),"Multi-States (Jharkhand, West Bengal)",,2016-09,2025-03,2025-12,3250,3250,3176.46,97,2025-10,FlashReport_October_2025.pdf
674,,,,Hotgi-Kudgi-Gadag Doubling Project (South Western Railway [SWR] - II) (705662),"Multi-States (Karnataka, Maharashtra)",,2014-04,2024-12,2026-03,1878,2459,2684.66,92,2025-10,FlashReport_October_2025.pdf
675,,,,Baiyyappanahalli - Hosur Doubling Project [48 km] (Karnataka Rail Infrastructure Development Company Limited [K-RIDE]) (703586),"Multi-States (Karnataka, Tamil Nadu)",,2019-04,2024-03,2026-01,498.7,748.7,630.41,86,2025-10,FlashReport_October_2025.pdf
676,,,,Trivandrum- Kanyakumari (Southern Railway (SR) - I) (705635),"Multi-States (Kerala, Tamil Nadu)",,2017-08,2025-03,2026-12,1432,3785.45,2505.8,50,2025-10,FlashReport_October_2025.pdf
677,,,,Ratlam-Mhow-Khandwa-Akola Gauge Conversion (Western Railway [WR] - II) (705457),"Multi-States (Madhya Pradesh, Maharashtra)",,2008-04,2027-03,2028-09,1656.25,6499.86,4445.82,81,2025-10,FlashReport_October_2025.pdf
678,,,,Itarsi - Nagpur Third Railway Line [280 km] (Central Railway (CR) - II) (705507),"Multi-States (Madhya Pradesh, Maharashtra)",,2016-09,2027-03,2027-03,2449.91,2506.68,1850.73,51,2025-10,FlashReport_October_2025.pdf
679,,,,RATLAM- DUNGARPUR VIA BANSWARA NEW LINE PROJECT (North Western Railway [NWR]) (617406),"Multi-States (Madhya Pradesh, Rajasthan)",,2015-10,2028-03,,2417.24,2417.24,5.66,7,2025-10,FlashReport_October_2025.pdf
680,,,,Gwalior - Seopurkala with extension to Kota [Gauge Conversion] (North Central Railway) (705419),"Multi-States (Madhya Pradesh, Rajasthan)",,2011-03,2025-03,2026-02,2913,2913,2109.86,84,2025-10,FlashReport_October_2025.pdf
681,,,,Ramganjmandi-Bhopal New Line Project [262 km] (West Central Railway [WCR] - II) (705481),"Multi-States (Madhya Pradesh, Rajasthan)",,2001-03,2025-12,2027-12,3032,5073,3723.61,70,2025-10,FlashReport_October_2025.pdf
682,,,,Nimach-Badi Sadri New Rail Line Project (Western Railway [WR] - II) (705764),"Multi-States (Madhya Pradesh, Rajasthan)",,2017-04,2026-03,2026-06,495,825,123.77,57,2025-10,FlashReport_October_2025.pdf
683,,,,Mathura-Jhansi Third Railway Line [274 Km] (RVNL - II) (705667),"Multi-States (Madhya Pradesh, Rajasthan, Uttar Pradesh)",,2015-12,2024-12,2026-12,5961,5961,4964.19,94,2025-10,FlashReport_October_2025.pdf
684,,,,Jhansi - Bina Third Railway Line [153 Km] (CAO/C/NCR) (705598),"Multi-States (Madhya Pradesh, Uttar Pradesh)",,2016-09,2022-03,2026-03,2002,2002,1806.86,93,2025-10,FlashReport_October_2025.pdf
685,,,,Jhansi-Khairar-Manikpur & Khirar-Bhimsen (North Central Railway) (705608),"Multi-States (Madhya Pradesh, Uttar Pradesh)",,2018-03,2026-03,2026-03,4330,4330,2417.11,60,2025-10,FlashReport_October_2025.pdf
686,,,,Third Line [new] between Kazipet - Balharshah with electrification [201.04 Km] (South Central Railway [SCR] - II) (705613),"Multi-States (Maharashtra, Telangana)",,2016-09,2025-01,2025-11,2595,3071,3396.31,94,2025-10,FlashReport_October_2025.pdf
687,,,,Narayangarh-Bhadrak 3rd line (South Eastern Railway [SER] - I) (705629),"Multi-States (Odisha, West Bengal)",,2019-03,2025-12,2026-06,2400,2400,2311.95,66,2025-10,FlashReport_October_2025.pdf
688,,,,Nagapattinam-Tiruturaipundi and Karaikal-Peralam New Line (Southern Railway [SR] - II) (400223),"Multi-States (Puducherry, Tamil Nadu)",,2008-07,2026-03,2027-03,713,981,598.38,80,2025-10,FlashReport_October_2025.pdf
689,,,,Sivok-Rangpo New Rail Line (Indian Railway Construction International Limited [IRCON]) (705432),"Multi-States (Sikkim, West Bengal)",,2009-10,2015-05,2027-12,7877,12133,9039.91,84,2025-10,FlashReport_October_2025.pdf
690,,,,"Sainthia, Sitarampur, Mughalsarai, Allahabad & Etawah - Bypass Line Project (Eastern Railway [ER] - I) (602797)","Multi-States (Uttar Pradesh, West Bengal)",,2017-08,2027-03,2027-03,461.64,461.64,192.72,8,2025-10,FlashReport_October_2025.pdf
691,East Coast Railway [ECoR] - II,400045,,Proposed 6 nos Road Over Bridge [ROB] at different locations under MCL Talcher,Odisha,Under Deposit Scheme.,2022-08,2025-03,2025-01,168.32,168.32,69.85,82,2025-10,FlashReport_October_2025.pdf
692,,,,Brundamal-Jharsuguda- flyover connection for joining downline (East Coast Railway [ECoR] - II) (400232),Odisha,,2014-01,2026-12,2026-12,297,297,193.22,30,2025-10,FlashReport_October_2025.pdf
693,,,,3rd & 4th line between Sarla - Sason [8 km] [PB 73/2023-24/NR] (East Coast Railway [ECoR] - II) (612834),Odisha,,2023-04,2025-12,,252,252,88.95,48,2025-10,FlashReport_October_2025.pdf
694,,,,Bangriposi-Gorumahisani new line [ 85.60 km ] (CAO/C/SER) (616586),Odisha,,2024-08,2029-12,,2269.49,2269.49,3.06,0,2025-10,FlashReport_October_2025.pdf
695,,,,Badampahar-Kendujhargarh new line [82.06 km] (CAO/C/SER) (616587),Odisha,,2024-08,2029-12,,1875.72,1875.72,0.91,0,2025-10,FlashReport_October_2025.pdf
696,,,,Paradeep - Badabandha 3rd & 4th Line / 18.51kms (East Coast Railway [ECoR] - II) (616695),Odisha,,2023-08,2028-11,,300.15,300.15,0,0,2025-10,FlashReport_October_2025.pdf
697,,,,Jeypore - Malkangiri New BG Line Project (Indian Railways) (617290),Odisha,,,2030-12,,2343.64,2343.64,630.83,13,2025-10,FlashReport_October_2025.pdf
698,,,,New B.G Railway Line between Jeypore & Navarangpur [38 Km] with Electrification (Indian Railway and Govt of Odisha) (617320),Odisha,,2017-07,2025-09,,747.91,747.91,7.21,0,2025-10,FlashReport_October_2025.pdf
699,,,,Khurda-Bolangir New Broad Gauge Rail Link [301km] (East Coast Railway [ECoR] - II) (705358),Odisha,,1994-03,2026-12,2026-12,3792,5089,5147.89,89,2025-10,FlashReport_October_2025.pdf
700,,,,Talcher-Bimlagarh New Railway Line (East Coast Railway [ECoR] - II) (705359),Odisha,,2004-03,2025-03,2027-03,1928,1928,1955.9,48,2025-10,FlashReport_October_2025.pdf
701,,,,Bhadrak-Nergundi Third Line (East Coast Railway [ECoR] - II) (705510),Odisha,,2015-10,2024-11,2026-01,1284,1284,1298,80,2025-10,FlashReport_October_2025.pdf
702,,,,Koraput - Singapur Railway Doubling (East Coast Railway [ECoR] - II) (705513),Odisha,,2015-12,2027-12,2028-03,2362,2362,1825.42,70,2025-10,FlashReport_October_2025.pdf
703,,,,Jarapada- Budhapank with flyover at Talcher road 3rd and 4th Line (East Coast Railway [ECoR] - II) (705514),Odisha,,2015-11,2018-11,2026-03,1000,810.02,415.46,58,2025-10,FlashReport_October_2025.pdf
704,,,,3rd & 4th Railway Line Project from Salegaon to Budhapank via Rajathgarh. (East Coast Railway [ECoR] - II) (705515),Odisha,,2013-07,2026-03,2026-03,1173,2092,1971,80,2025-10,FlashReport_October_2025.pdf
705,,,,Jeypore-Navarangpur New Rail Line Project (East Coast Railway [ECoR] - II) (705741),Odisha,,2017-07,2028-07,2029-12,748,748,12.06,1,2025-10,FlashReport_October_2025.pdf
706,,,,Jeypore-Malkanagiri New Railway Line Project (East Coast Railway [ECoR] - II) (705742),Odisha,,2018-02,2033-07,2033-07,2344,2344,489.57,20,2025-10,FlashReport_October_2025.pdf
707,,,,Khurda Road - Balangir Electrification of Railway Track Project (Ministry of Railways) (706898),Odisha,,2018-09,2021-03,,267.61,267.61,0,0,2025-10,FlashReport_October_2025.pdf
708,,,,Godhani-Kalumna Chord 13.7 km (Ministry of Railways) (617321),Offshore,,2018-07,2028-07,,150000,150000,1940,11,2025-10,FlashReport_October_2025.pdf
709,,,,"Jaynagar-Bijalpura, incl. extn. Bet, Bijalpura-Bardibas [Nepal] (East Central Railway [ECR] - I) (705362)",Offshore,,2015-08,2022-03,2026-03,819,819,580.51,75,2025-10,FlashReport_October_2025.pdf
710,,,,Ludhiana- Killa Raipur Railway Doubling Project (Railway) (705783),Punjab,,2019-03,2025-03,2026-03,237.64,238,134.48,50,2025-10,FlashReport_October_2025.pdf
711,,,,Dedicated Test Track for RDSO Phase II (North Western Railway [NWR]) (611614),Rajasthan,,2021-11,2026-11,2026-11,819.48,967.06,471,86,2025-10,FlashReport_October_2025.pdf
712,North Western Railway [NWR],611849,,Devgarh Madariya - Nathdwara Gauge Conversion [82.54 Km] part of Marwar - Mavli,Rajasthan,Gauge Conversion [152 Km],2023-01,2028-06,2028-06,968.92,968.92,137.16,51,2025-10,FlashReport_October_2025.pdf
713,WPO/Patna,611929,,Maintenance cum workshop depot for Vande Bharat Sleeper Trains as per conditions,Rajasthan,under WTA 527,2022-09,2024-12,,166.86,166.86,0,0,2025-10,FlashReport_October_2025.pdf
714,,,,PUSHKAR- MERTA CITY NEW LINE (North Western Railway [NWR]) (616841),Rajasthan,,2024-02,2026-12,,799.64,799.64,14.64,4,2025-10,FlashReport_October_2025.pdf
715,,,,AJMER- CHANDERIYA DOUBLING (North Western Railway [NWR]) (616843),Rajasthan,,2024-02,2027-06,,1634.79,1634.79,123.05,7,2025-10,FlashReport_October_2025.pdf
716,,,,SADULPUR - CHURU DOUBLING PROJECT (North Western Railway [NWR]) (617403),Rajasthan,,2024-01,2026-06,,468.64,468.64,125.08,50,2025-10,FlashReport_October_2025.pdf
717,,,,POKHRAN - RAMDEVRA New Line (North Western Railway [NWR]) (617404),Rajasthan,,2025-04,2028-03,,189.21,189.21,0,0,2025-10,FlashReport_October_2025.pdf
718,,,,NATHDWARA- NATHDWARA TOWN NL (North Western Railway [NWR]) (617408),Rajasthan,,2019-03,2027-03,,166.33,166.33,81.41,1,2025-10,FlashReport_October_2025.pdf
719,,,,Dholpur - Sirmuttra Gauge Conversion (North Central Railway) (705482),Rajasthan,,2022-03,2019-02,2027-02,747,747,378.05,44,2025-10,FlashReport_October_2025.pdf
720,,,,Gudha-Thatha Mithri Construction of Railway Track Project (North Western Railway [NWR]) (705752),Rajasthan,,2019-04,2026-11,2026-11,819.48,967.06,384.28,99,2025-10,FlashReport_October_2025.pdf
721,,,,Sawai Madhopur-Jaipur Railway Line Project (North Western Railway [NWR]) (705912),Rajasthan,,2024-02,2027-03,,1203.89,1203.89,94.76,12,2025-10,FlashReport_October_2025.pdf
722,,,,Agra Fort-Bandikui Doubling Line Project (CAO/C/NCR) (705919),Rajasthan,,2022-06,2027-06,2027-06,1390,1390,123,25,2025-10,FlashReport_October_2025.pdf
723,,,,Sawaimadhopur Bye Pass Line Project (North Western Railway [NWR]) (706866),Rajasthan,,2022-12,2026-03,2027-05,304,304,51.64,45,2025-10,FlashReport_October_2025.pdf
724,,,,Ph II extension of MRTS from Velachery to St Thomas Mount (Southern Railways [SR] - construction) (400280),Tamil Nadu,,2007-11,2024-07,2025-08,734,982,475.73,99,2025-10,FlashReport_October_2025.pdf
725,,,,Redevelopment of Chennai Egmore Station (Railway) (613002),Tamil Nadu,,2022-05,2026-03,,842,842,340,0,2025-10,FlashReport_October_2025.pdf
726,,,,Coach Production Factory Upgradation Project (CPM/ICF) (705244),Tamil Nadu,,2017-12,2021-12,,520,520,192.25,0,2025-10,FlashReport_October_2025.pdf
727,,,,Doubling between Bhadrachalam Road and Dornakal (South Central Railway [SCR] - II) (616856),Telangana,,2023-08,2029-04,,770.12,770.12,16.34,0,2025-10,FlashReport_October_2025.pdf
728,,,,Railway Manufacturing Unit (South Central Railway [SCR] - II) (617409),Telangana,,2016-07,2026-12,,521.36,521.36,420,58,2025-10,FlashReport_October_2025.pdf
729,,,,Kazipet Wagon Overhauling Project (RVNL) (705252),Telangana,,2017-09,2023-12,,385,385,0,0,2025-10,FlashReport_October_2025.pdf
730,,,,Manoharabad-Kothapalli New Rail Line [151 km] (South Central Railway [SCR] - II) (705437),Telangana,,2016-07,2027-03,2027-12,1160,2781,1985.73,71,2025-10,FlashReport_October_2025.pdf
731,,,,Bahraich-Shravasti-Balrampur-Siddharthnagar -Santkabir nagar (North Eastern Railway [NER]) (400204),Uttar Pradesh,,2018-10,2030-10,2030-10,4939.78,4939.78,1251.81,8,2025-10,FlashReport_October_2025.pdf
732,,,,Sahjanwa-Dohrighat (North Eastern Railway [NER]) (400205),Uttar Pradesh,,2019-08,2029-03,2029-03,1319.75,1319.75,475.67,3,2025-10,FlashReport_October_2025.pdf
733,,,,Anandnagar - Ghugli via Maharajganj New line 52.7 km (Construction NER) (617252),Uttar Pradesh,,2023-10,2028-03,,958.27,958.27,449.37,23,2025-10,FlashReport_October_2025.pdf
734,,,,Chunar-Chopan doubling project (North Central Railway) (617284),Uttar Pradesh,,2023-08,2028-03,,1423.96,1423.96,53.81,4,2025-10,FlashReport_October_2025.pdf
735,,,,Surface triangle line bet. Bhadura stn and new crossing stn Karma (East Central Railway [ECR] - I) (617333),Uttar Pradesh,,2022-10,2027-02,,199.96,199.96,0,0,2025-10,FlashReport_October_2025.pdf
736,,,,Doubling between Jaunpur Jn - Zaffarabad 6.28 km (M/S SRC company Infra Private Limited) (617370),Uttar Pradesh,,2023-03,2027-01,,180.66,180.66,4,11,2025-10,FlashReport_October_2025.pdf
737,,,,Burhwal Gonda 3rd line (North Eastern Railway [NER]) (705567),Uttar Pradesh,,2017-11,2025-03,2026-01,1016,1118,1410.08,88,2025-10,FlashReport_October_2025.pdf
738,,,,Janghai-Pratapgarh- Amethi (CAO/C/II/NR) (705588),Uttar Pradesh,,2017-11,2025-03,2026-03,722,1194,1567,70,2025-10,FlashReport_October_2025.pdf
739,,,,Lalitpur-Birari with flyover at Lalitpur- 16 Km (North Central Railway) (705766),Uttar Pradesh,,2017-03,2024-12,2026-01,304.44,356,231.37,78,2025-10,FlashReport_October_2025.pdf
740,,,,Allahabad-Bamhrauli Flyover Construction & 4th Railway Line Project (North Central Railway) (705771),Uttar Pradesh,,2019-04,2026-03,2026-03,494,494,333,70,2025-10,FlashReport_October_2025.pdf
741,,,,"Mughalsarai-Allahabad, 3rd line (North Central Railway) (705772)",Uttar Pradesh,,2015-12,2026-12,2027-03,2649,2649.44,1561.89,62,2025-10,FlashReport_October_2025.pdf
742,,,,Aligarh -Daud Khan Flyover Construction & 3rd Railway Line Project (CAO/C/NCR) (705774),Uttar Pradesh,,2019-04,2025-01,2027-03,758,779.49,387.73,69,2025-10,FlashReport_October_2025.pdf
743,,,,Bhandai - Flyover for Etawah bound down train- 10 Km (North Central Railway (NCR) - II) (705777),Uttar Pradesh,,2020-07,2026-02,2027-02,250.18,250.18,115.05,8,2025-10,FlashReport_October_2025.pdf
744,,,,"Phephna-Indara, Mau-Shahganj doubling excluding Indara-Mau (RVNL - I) (705779)",Uttar Pradesh,,2017-05,2024-12,2026-03,1178,1777,1489.5,85,2025-10,FlashReport_October_2025.pdf
745,,,,Bhatni-Aurnihar with electrification excluding Indara-Mau (RVNL - I) (705780),Uttar Pradesh,,2018-03,2024-12,2025-10,2529,2529.46,2051.69,94,2025-10,FlashReport_October_2025.pdf
746,,,,Barabanki-Malhaur 3rd & 4th Railway Line Project (CAO/C/NR) (705782),Uttar Pradesh,,2019-01,2025-03,2026-03,407,407,317,75,2025-10,FlashReport_October_2025.pdf
747,,,,Janghai-Phaphamau Doubling Rail Line Project (RVNL) (705784),Uttar Pradesh,,2018-11,2025-03,2025-03,357,978.77,579,95,2025-10,FlashReport_October_2025.pdf
748,,,,Rishikesh-Karnaprayag New Rail Line- 125 km (RVNL - I) (705429),Uttarakhand,,2016-11,2025-12,2027-03,38953,38953,24645.15,65,2025-10,FlashReport_October_2025.pdf
749,Eastern Railway [ER] - I,400247,,Kalinarayanpur-Krishnanagar Doubling Alongwith Krishnanagar - Chapra New Line,West Bengal,And Naihati-Ranaghat 3rd Line.,2015-07,2027-02,2027-02,1000,1000,1053.4,69,2025-10,FlashReport_October_2025.pdf
750,,,,Tarakeshwar-Bishnupur New Line [82.47 km] (Eastern Railway [ER] - I) (400273),West Bengal,,2001-03,2019-03,2026-02,1189,1542,1323.68,91,2025-10,FlashReport_October_2025.pdf
751,,,,Dum Dum Airport-New Garia via Rajarhat-Construction of Metro Railway (RVNL - II) (400277),West Bengal,,2010-03,2025-12,2026-03,8964,8964,8316.32,81,2025-10,FlashReport_October_2025.pdf
752,,,,Construction of Balurghat-Hilli new BG Line (Northeast Frontier Railway [NFR]) (612096),West Bengal,,2010-12,2027-03,2025-03,1209,1209,405.31,9,2025-10,FlashReport_October_2025.pdf
753,South Eastern Railway - JH,617345,,SER Upgradation of maintenance infrastructure at Shalimar into Vande Bharat Chair,West Bengal,Car maintenance cum workshop depot.,,2026-10,,226.87,226.87,0.21,5,2025-10,FlashReport_October_2025.pdf
754,,,,Joka-BBD Bag new metro project (RVNL - II) (705730),West Bengal,,2010-03,2026-12,2029-12,4835,10362,4634.68,59,2025-10,FlashReport_October_2025.pdf
755,,,,"Noapara-Barasat via Bimanbandar - Construction of Metro railway [18 km] (Metro Railway, Kolkata) (706776)",West Bengal,,2010-11,2026-08,2029-03,4830,4830,2764.13,32,2025-10,FlashReport_October_2025.pdf
756,,,,Baranagar-Barrackpore and Dakshineshwar- Construction of Metro Railway (RVNL - II) (706777),West Bengal,,2010-03,2026-12,2025-12,2298,2734,393.01,17,2025-10,FlashReport_October_2025.pdf
757,,,,Krishnapatnam Node - Phase 1 - Roads and Services Development (National Industrial Corridor Development Corporation) (701658),Andhra Pradesh,,2020-12,2028-02,,2139.44,2139.44,472.8,21,2025-10,FlashReport_October_2025.pdf
758,,,,Tumakuru Node - Phase 1 - Roads and Services Development (National Highways & Infrastructure Development Corporation Ltd. [NHIDCL]) (701657),Karnataka,,2020-12,2026-09,,1701.81,1701.81,117.35,10,2025-10,FlashReport_October_2025.pdf
759,National Communication Academy - Finance (Erstwhile NICF,709859,,SETTING UP OF PHYSICAL INFRASTRUCTURE FOR THE NATIONAL INSTITUTE,Delhi,OF COMMUNICATION FINANCE [NICF] AT GHITORNI,2014-10,2020-02,2025-10,248.2,248.2,236.91,98,2025-10,FlashReport_October_2025.pdf
760,Department of Telecommunications,701598,,Provision of 4G based Mobile Services in Uncovered Villages and National Highways,Meghalaya,of Meghalaya,2019-09,2022-03,2026-03,971.96,971.96,208.25,99,2025-10,FlashReport_October_2025.pdf
761,Department of Telecommunications [DoT],617413,,Mobile connectivity in Left Wing Extremism [LWE] affected areas-Phase 1,"Multi-States (Andhra Pradesh, Bihar, Chhattisgarh, Jharkhand, Madhya Pradesh, Maharashtra, Odisha, Telangana, Uttar Pradesh, West Bengal)",Upgradation,2022-04,2025-05,2025-11,1884.6,1884.6,100,67,2025-10,FlashReport_October_2025.pdf
762,,,,Mobile connectivity in Left Wing Extremism [LWE] affected areas-Phase2 (Department of Telecommunications [DoT]) (701599),"Multi-States (Andhra Pradesh, Bihar, Chhattisgarh, Jharkhand, Madhya Pradesh, Maharashtra, Odisha, Telangana, Uttar Pradesh, West Bengal)",,,2023-03,2025-11,1577.57,1577.57,600.6,87,2025-10,FlashReport_October_2025.pdf
763,Department of Telecommunications [DoT],701602,,"Provision of 4G based mobile services in 7,287 uncovered villages of 44 Aspirational District across 5 states of Andhra Pradesh, Chhattisgarh, Jharkhand, Maharashtra &","Multi-States (Andhra Pradesh, Chhattisgarh, Jharkhand, Maharashtra, Odisha)",Odisha,2021-11,2023-11,2025-11,3685,3685,1135.28,81,2025-10,FlashReport_October_2025.pdf
764,Department of Telecommunications,701597,,Provision of 4G Mobile Services in Uncovered Villages of Arunachal Pradesh and 2,"Multi-States (Arunachal Pradesh, Assam)",Districts of Assam,2020-12,2023-04,2026-03,1255.49,1255.49,284.04,91,2025-10,FlashReport_October_2025.pdf
765,,,,354 Uncovered Villages Scheme (Department of Telecommunications [DoT]) (701600),"Multi-States (Bihar, Gujarat, Himachal Pradesh, Jammu and Kashmir, Ladakh, Rajasthan, Uttar Pradesh)",,2019-12,2021-10,2025-08,336.89,301.13,227.82,97,2025-10,FlashReport_October_2025.pdf
766,Department of Telecommunications [DoT],704495,,"502 Aspirational District Scheme in Four states - Bihar, Madhya Pradesh, Rajastha","Multi-States (Bihar, Madhya Pradesh, Rajasthan, Uttar Pradesh)",and Uttar Pradesh,,2022-03,2025-12,421.65,228.94,142.01,96,2025-10,FlashReport_October_2025.pdf
767,BSNL,709749,,PHASE-I OF CONSOLIDATION OF EXISTING CDR DATA CENTERS AND NIB-P3,"Multi-States (Maharashtra, Telangana)",DATA CENTERS WITH STATE OF THE ART,2020-03,2021-06,2025-12,461.42,461.42,166.02,81,2025-10,FlashReport_October_2025.pdf
768,,,,Saturation 4G mobile coverage of Uncovered Villages through USOF (Department of Telecommunications [DoT]) (400013),PAN India,,2022-07,2024-06,2026-03,26316,30620,9791.8,76,2025-10,FlashReport_October_2025.pdf
769,,,,4G Services by BSNL (Department of Telecommunications [DoT]) (701593),PAN India,,2020-11,2024-03,2026-03,28466,19592,8419.04,96,2025-10,FlashReport_October_2025.pdf
770,,,,BharatNet (Department of Telecommunications [DoT]) (706775),PAN India,,2017-07,2023-08,2027-03,61109,188000,46431.54,81,2025-10,FlashReport_October_2025.pdf
771,BSNL,709856,,MPLS-IP BASED ACCESS AND AGGREGATION NETWORK [MAAN] IN BSNL,PAN India,ALONG WITH TEST AND MEASURING EQUIPMENT,2023-05,2024-08,2025-10,645.13,645.13,377.27,92,2025-10,FlashReport_October_2025.pdf
772,BSNL,709857,,"Planning, Engineering, Supply, Installation, Testing, Commissioning, Integration & Annual Maintenance of 4G mobile network at 1 Lakh sites on PAN India basis",PAN India,including Mumbai & Delhi LSA on turnkey basis under Phase IX.2 Project.,2023-05,2025-06,2026-03,24544.55,24544.5,8448.06,97,2025-10,FlashReport_October_2025.pdf
773,,,,OPTICAL TRANSPORT NETWORK [OTN] PH-4 IN BSNL (BSNL) (709858),PAN India,,2024-02,2025-08,2025-11,810.99,810.99,786.3,100,2025-10,FlashReport_October_2025.pdf
774,National Mission for Clean Ganga,616600,,Interception and Diversion and STP works in Bhagalpur under Hybrid annuity based,Bihar,PPP mode-Namami Gange Programme,2017-10,2025-02,2025-12,413.29,413.29,126.67,97,2025-10,FlashReport_October_2025.pdf
775,National Mission for Clean Ganga,616611,,Sewage Treatment Plant 100MLD and Sewerage Network 288 km in Digha-Patna,Bihar,under Hybrid annuity based PPP mode-Namami Gange Programme,2017-08,2025-12,,824,824,396.71,56,2025-10,FlashReport_October_2025.pdf
776,National Mission for Clean Ganga,616612,,Sewage Treatment Plant 50MLD and Sewerage Network 150 km in Kankarbagh-,Bihar,Patna under Hybrid annuity based PPP mode-Namami Gange Programme,2017-08,2025-12,,578.89,578.89,171.79,54,2025-10,FlashReport_October_2025.pdf
777,,,,"Sewer Network, SPS and STP at Begusarai (National Mission for Clean Ganga) (616615)",Bihar,,2010-03,2025-04,2025-12,230.06,230.06,261.82,97,2025-10,FlashReport_October_2025.pdf
778,,,,"Sewer Networks, SPS and STP at Hajipur (National Mission for Clean Ganga) (616616)",Bihar,,2010-03,2025-06,2025-12,305.19,305.19,346.46,95,2025-10,FlashReport_October_2025.pdf
779,National Mission for Clean Ganga,616594,,Interception & Diversion with Rehabilitation of sewerage scheme at Agra under Hybrid,Uttar Pradesh,annuity based PPP model-Namami Gange Programme,2020-05,2025-04,2025-12,842.25,842.25,208.64,75,2025-10,FlashReport_October_2025.pdf
780,National Mission for Clean Ganga,616605,,Pollution Abatement Works for River Kali Meerut under Meerut Municipality,Uttar Pradesh,Interception & Diversion with STP,2020-05,2024-12,2027-05,690.71,690.71,34.79,34,2025-10,FlashReport_October_2025.pdf
781,National Mission for Clean Ganga,616604,,Pollution Abatement works for River Ganga at Hooghly Chinsurah- Municipal Town,West Bengal,Interception & Diversion with STP,2018-05,2025-03,2025-12,154.73,154.73,96.17,92,2025-10,FlashReport_October_2025.pdf
782,,,,Sardar Gouthu Latchanna Thotapalli Barrage Project (Water Resources-AP) (400100),Andhra Pradesh,,2005-04,2019-12,2026-06,353.05,1023.24,869.11,95,2025-10,FlashReport_October_2025.pdf
783,,,,Gundlakamma project (Water Resources-AP) (400101),Andhra Pradesh,,2005-04,2019-12,2027-03,397.41,697.39,619.09,98,2025-10,FlashReport_October_2025.pdf
784,,,,Polavaram Irrigation Project (Water Resources-AP) (701415),Andhra Pradesh,,2009-01,2022-04,2026-03,10151.04,55548.9,24837.97,84,2025-10,FlashReport_October_2025.pdf
785,,,,"Borolia Irrigation Project (Department of Water Resources, River Development & GR) (701370)",Assam,,1996-04,2022-12,2026-03,256.16,256.16,44.7,55,2025-10,FlashReport_October_2025.pdf
786,,,,Punpun Barrage Project (Water Resources-BR) (400104),Bihar,,2007-04,2019-12,2026-03,571.07,658.12,447.68,44,2025-10,FlashReport_October_2025.pdf
787,,,,Kelo Irrigation Project (Water Resources-CT) (400111),Chhattisgarh,,2008-04,2019-12,2026-06,459.97,727.04,616.93,72,2025-10,FlashReport_October_2025.pdf
788,,,,"Kudali Irrigation Project (Department of Water Resources, River Development & GR) (701399)",Chhattisgarh,,2009-04,2025-12,,382.29,382.29,239.03,86,2025-10,FlashReport_October_2025.pdf
789,,,,"Sardar Sarovar CADWM Project (Narmada and Water Resources, Water Supply and Kalpsar Department-GJ) (400097)",Gujarat,,2017-04,2019-12,2026-03,5021.76,6670.31,4954.99,90,2025-10,FlashReport_October_2025.pdf
790,,,,"Sardar Sarovar Project (Narmada and Water Resources, Water Supply and Kalpsar Department-GJ) (701372)",Gujarat,,1996-04,2019-12,2026-03,20718.17,33412.5,31860.86,93,2025-10,FlashReport_October_2025.pdf
791,,,,"Subernarekha Multipurpose Project, Jharkhand (Department of Water Resources-JH) (701376)",Jharkhand,,2011-04,2019-12,2026-03,3807.77,9579.58,5790.29,70,2025-10,FlashReport_October_2025.pdf
792,,,,Upper Tunga Irrigation Project (Water Resources-KA) (701377),Karnataka,,2014-04,2019-12,2026-03,770.16,1606.07,1515.32,99,2025-10,FlashReport_October_2025.pdf
793,,,,Omkareshwar CADWM Project (Water resource-mp) (400096),Madhya Pradesh,,2017-04,2019-12,2026-03,648.09,648.09,172.56,3,2025-10,FlashReport_October_2025.pdf
794,,,,Bargi Diversion Project Phase - IV [km. 154 to km 197] (Water Resources-MP) (400115),Madhya Pradesh,,2008-04,2019-12,2026-03,751.03,893.35,783.1,75,2025-10,FlashReport_October_2025.pdf
795,,,,Bargi Diversion Project Phase - III [km. 104 to km 154] (Water Resources-MP) (400116),Madhya Pradesh,,2007-04,2019-12,2026-03,1229.15,1399.7,1937.25,80,2025-10,FlashReport_October_2025.pdf
796,,,,Gosikhurd CADWM Project (Department of water resources-MH - II) (400095),Maharashtra,,2017-04,2019-12,2026-06,743.73,743.73,295.12,52,2025-10,FlashReport_October_2025.pdf
797,,,,Urmodi Irrigation Project (Department of water resources-MH - II) (400105),Maharashtra,,2017-04,2022-06,2026-12,580.79,895.81,713.46,76,2025-10,FlashReport_October_2025.pdf
798,,,,Sulwade-Jamphal-Kanoli Lift Irrigation Scheme (Department of water resources-MH - II) (400107),Maharashtra,,2017-04,2023-06,2027-06,2407.67,2407.67,2570.94,80,2025-10,FlashReport_October_2025.pdf
799,,,,Purna Barrage-2 [Ner Dhamana] Medium Irrigation Project (Department of water resources-MH - II) (400109),Maharashtra,,2017-04,2020-06,2026-06,848.07,888.43,690.49,69,2025-10,FlashReport_October_2025.pdf
800,,,,Jigaon Irrigation Project (Department of water resources-MH - II) (400112),Maharashtra,,2017-04,2028-06,,7222.95,7222.95,8722.81,90,2025-10,FlashReport_October_2025.pdf
801,,,,Bodwad Parisar Sinchan Yojna (Department of Water Resources-MH) (617422),Maharashtra,,2002-05,2027-07,,1923.81,1923.81,1770.13,49,2025-10,FlashReport_October_2025.pdf
802,,,,Waghur Project (Department of water resources-MH - II) (701383),Maharashtra,,1996-04,2019-12,2026-03,1058.99,1758.51,1557.45,89,2025-10,FlashReport_October_2025.pdf
803,,,,Gosikhurd Project (Department of water resources-MH - II) (701386),Maharashtra,,2008-04,2019-12,2028-06,7196.47,12770.1,13765.22,72,2025-10,FlashReport_October_2025.pdf
804,,,,Aruna Medium Irrigation Project (Department of water resources-MH - II) (701391),Maharashtra,,2009-04,2019-12,2025-12,210.45,1472.14,1697.94,97,2025-10,FlashReport_October_2025.pdf
805,,,,Lower Pedhi Project (Department of water resources-MH - II) (701396),Maharashtra,,2008-04,2019-12,2026-06,255.97,1480.7,1324.98,65,2025-10,FlashReport_October_2025.pdf
806,,,,Nardave Medium Irrigation Project (Department of water resources-MH - II) (701398),Maharashtra,,2009-04,2019-12,2026-06,211.46,781.85,623.5,72,2025-10,FlashReport_October_2025.pdf
807,,,,Thoubal Multipurpose Project (Water Resources Department-MN) (701400),Manipur,,1997-04,2019-12,2026-03,1449.44,1822.24,1837.91,98,2025-10,FlashReport_October_2025.pdf
808,,,,"North Koel Reservoir Project (Department of Water Resources, River Development & GR) (701412)","Multi-States (Bihar, Jharkhand)",,2017-08,2021-03,2026-03,1622.27,2430.76,151.04,32,2025-10,FlashReport_October_2025.pdf
809,,,,Integrated Anandpur Barrage Project (Water Resources-OR) (603945),Odisha,,1997-04,2019-12,2026-06,567.03,2990.05,2629.74,62,2025-10,FlashReport_October_2025.pdf
810,,,,Kanupur Irrigation Project (Irrigation and CAD-TG) (701404),Odisha,,2003-04,2019-12,2026-06,989.43,2301.28,2712.75,79,2025-10,FlashReport_October_2025.pdf
811,,,,Relining of Rajasthan feeder and Sirhind Feeder canal (Department of Water Resources-PB) (701410),Punjab,,2016-02,2021-06,2026-06,1441.26,2462.16,3012.69,80,2025-10,FlashReport_October_2025.pdf
812,,,,Shahpur Kandi Dam Project (Department of Water Resources-PB) (701411),Punjab,,2010-02,2022-06,2025-10,2285.81,2715.7,2169.72,88,2025-10,FlashReport_October_2025.pdf
813,,,,Sri Ram Sagar Project Stage - II (Irrigation and CAD-TG) (400102),Telangana,,2005-04,2019-12,2026-03,736.13,949.87,940.7,96,2025-10,FlashReport_October_2025.pdf
814,,,,Indiramma Flood Flow Canal Project (Irrigation and CAD-TG) (400103),Telangana,,2005-04,2019-12,2026-12,1331.3,5940.09,4491.08,92,2025-10,FlashReport_October_2025.pdf
815,,,,J. Chokka Rao Devadula Lift Irrigation Scheme (Irrigation and CAD-TG) (701405),Telangana,,2006-04,2019-12,2025-12,8200.71,14730,4664.8,87,2025-10,FlashReport_October_2025.pdf
816,,,,Rajiv Bhima Lift Irrigation Scheme (Irrigation and CAD-TG) (701406),Telangana,,2007-04,2019-12,2026-03,1402,2509.66,1839.76,100,2025-10,FlashReport_October_2025.pdf
817,,,,Saryu Nahar CADWM Project (Irrigation & Water Resources-UP) (400093),Uttar Pradesh,,2017-04,2019-12,2026-03,1672.7,1672.7,22.24,1,2025-10,FlashReport_October_2025.pdf
818,,,,"Morna [Gureghar] Irrigation Project (Department of Water Resources, River Development & GR) (701395)",Uttar Pradesh,,2007-04,2025-12,,219.9,219.9,115.2,31,2025-10,FlashReport_October_2025.pdf
819,,,,Madhya Ganga canal Phase-II (Irrigation & Water Resources-UP) (701408),Uttar Pradesh,,2008-04,2019-12,2025-12,1060.67,4417.21,4552.44,82,2025-10,FlashReport_October_2025.pdf
820,,,,Jamrani Dam Multipurpose Project (Irrigation-UK) (613787),Uttarakhand,,2023-10,2029-06,,2584.1,2584.1,968.52,16,2025-10,FlashReport_October_2025.pdf
