sl_no,project_code,legacy_ocms_code,pmgid,project_name,state,implementing_agency,start_date,original_completion_date,revised_completion_date,original_cost,revised_cost,cumulative_expenditure,physical_progress,reporting_period,source_filename
1,612786,,,"Construction of New Domestic Terminal Building Building and miscellaneous works including maintenance, operations and AICMC at Kadapa Airport",Andhra Pradesh,Airport Authority of India [AAI],2023-03,2026-01,2026-07,265.91,265.91,153.62,75,2026-06,FlashReport_June_2026.pdf
2,701107,,,Construction of New Integrated Terminal Building and associated works including apron to park 3 code E type of aircraft or 6 code C type of aircraft at Vijayawada Airport.,Andhra Pradesh,Airport Authority of India [AAI],2020-06,2022-09,2026-10,611.8,611.8,527.74,88.25,2026-06,FlashReport_June_2026.pdf
3,701121,,,Construction of New Domestic Terminal Building at Rajahmundry Airport.,Andhra Pradesh,Airport Authority of India [AAI],2022-12,2025-08,2026-06,347.15,347.15,189.48,94.5,2026-06,FlashReport_June_2026.pdf
4,706724,,,Guwahati Airport New Integrated Terminal Building Construction Project,Assam,Adani Airport Holdings Limited,2016-12,2025-03,2026-06,1712,2520,2660.15,99.3,2026-06,FlashReport_June_2026.pdf
5,612183,,,Development of New Civil Enclave at Bihta,Bihar,Airport Authority of India [AAI],2024-08,2027-03,,1413,1413,9.56,2.86,2026-06,FlashReport_June_2026.pdf
6,612194,,,Development of New Civil Enclave and associated works at Darbhanga Airport,Bihar,Airport Authority of India [AAI],2024-07,2026-07,2026-11,911.66,911.66,400.62,69.8,2026-06,FlashReport_June_2026.pdf
7,701101,,,"Construction of New Domestic Terminal Building [Phase-I and II] and other allied structures at JPNI Airport, Patna",Bihar,Airport Authority of India [AAI],2018-10,2026-05,2026-08,1216.9,1216.9,1202.07,99.19,2026-06,FlashReport_June_2026.pdf
8,619054,,,Development of Keshod Airport.,Gujarat,Airport Authority of India [AAI],2024-01,2027-01,,363.1,363.1,102.3,41.5,2026-06,FlashReport_June_2026.pdf
9,701126,,,"Development of Dholera International Greenfield Airport , Gujarat",Gujarat,Airport Authority of India [AAI],2022-06,2026-06,2026-06,1305,1551,949.24,87,2026-06,FlashReport_June_2026.pdf
10,611047,,,"Construction of NTB complex including apron, taxi track and other associated civil works and electrical & mechanical installations towards Tawi River side at CA Jammu.",Jammu and Kashmir,Airport Authority of India [AAI],2023-10,2026-06,2026-11,861.37,861.37,353.54,55.35,2026-06,FlashReport_June_2026.pdf
11,612787,,,Construction of New Domestic Terminal Building and Miscellaneous works at Hubli Airport,Karnataka,Airport Authority of India [AAI],2023-06,2026-01,2026-06,320.47,320.47,160.21,85,2026-06,FlashReport_June_2026.pdf
12,612788,,,Construction of New Domestic Terminal Building and Miscellaneous Works at Belagavi Airport.,Karnataka,Airport Authority of India [AAI],2023-06,2026-02,2026-06,322.45,322.45,220.72,95,2026-06,FlashReport_June_2026.pdf
13,612789,,,"Development of additional RESA on either end on Runway 10-28 at Calicut Airport. Construction of embankment with slope protection, drainage system and associated works for additional RESA on either end on Runway 10-28",Kerala,Airport Authority of India [AAI],2023-06,2025-09,2026-12,484.57,484.57,227.5,64.5,2026-06,FlashReport_June_2026.pdf
14,400010,,,"Construction of Terminal Building & Associated works at Leh Airport, Ladakh",Ladakh,Airport Authority of India [AAI],2018-07,2021-09,2026-07,480,640,509.41,83.4,2026-06,FlashReport_June_2026.pdf
15,706718,,,C/o NITB Imphal Airport,Manipur,Airport Authority of India [AAI],2021-11,2024-07,2026-12,499,499,206.83,52.64,2026-06,FlashReport_June_2026.pdf
16,611570,,,"SITC of ATM Automation System and ASMGCS [Including SMR & MLAT] for Mumbai, Navi Mumbai, Jewar [earlier MOPA, without ASMGCS], HIAL & BIAL","Multi-States (Karnataka, Maharashtra, Telangana, Uttar Pradesh)",Airport Authority of India [AAI],2020-12,2025-09,2026-08,500.48,500.48,398.75,80,2026-06,FlashReport_June_2026.pdf
17,618977,,,"Development of New Greenfield Airport at Bundi, Kota Rajasthan.",Rajasthan,Airport Authority of India [AAI],2025-08,2027-10,2027-11,1507,1507,71.13,13.3,2026-06,FlashReport_June_2026.pdf
18,701127,,,Construction of New Passenger Terminal Building for Domestic Operations at Jodhpur Airport.,Rajasthan,Airport Authority of India [AAI],2022-06,2026-03,2026-06,480,480,348.01,100,2026-06,FlashReport_June_2026.pdf
19,701128,,,Construction of New Integrated Passenger Terminal Building at Udaipur Airport,Rajasthan,Airport Authority of India [AAI],2023-06,2026-03,2026-09,887,887,565.41,74.71,2026-06,FlashReport_June_2026.pdf
20,612793,,,"Widening of basic strip at Western Side of Runway Chainage 80m to 920m i/c slope stabilization Measures [Balance work] of uphill and Improvement of Storm Water Drainage System at Pakyong Airport, Sikkim on design & build basis [EPC] with integrated 10 years maintenance.",Sikkim,Airport Authority of India [AAI],2023-11,2026-06,2027-06,323.26,323.26,87.6,36.12,2026-06,FlashReport_June_2026.pdf
21,611602,,,"Modernization of Chennai Airport, Phase II, Part 2",Tamil Nadu,Airport Authority of India [AAI],2018-05,2025-07,2026-12,1207,1207,314.15,43.5,2026-06,FlashReport_June_2026.pdf
22,701113,,,"Development of Lal Bahadur Shastri International airport, Varanasi including C/o New Terminal Building, Apron Extension, Runway Extension, PTT and allied works.",Uttar Pradesh,Airport Authority of India [AAI],2024-07,2027-07,2027-07,2869.65,2869.65,677.21,31,2026-06,FlashReport_June_2026.pdf
23,701122,,,Development of New Integrated Civil Enclave at Agra Airport,Uttar Pradesh,Airport Authority of India [AAI],2024-06,2026-07,2026-11,579,579,217.42,43.22,2026-06,FlashReport_June_2026.pdf
24,611495,,,Development of New Civil Enclave at Bagdogra Airport,West Bengal,Airport Authority of India [AAI],2024-08,2027-03,2027-03,1549,1549,507.8,39.68,2026-06,FlashReport_June_2026.pdf
25,612791,,,"Re-Construction of Rigid portions of Secondary Runway, K and A Taxiway and Strengthening of C Taxiway at NSCBI Airport Kolkata.",West Bengal,Airport Authority of India [AAI],2023-03,2025-10,2026-08,328.3,328.3,148.75,71.4,2026-06,FlashReport_June_2026.pdf
26,615820,,,TIKAK EXTENSION OCP,Assam,INVALID CO.,2022-07,2031-07,,159.77,159.77,112.8,89.73,2026-06,FlashReport_June_2026.pdf
27,615821,,,TIRAP OCP,Assam,INVALID CO.,2022-11,2030-11,,289.46,289.46,105.66,5.26,2026-06,FlashReport_June_2026.pdf
28,400144,,,PORDA CHIMTAPANI OCP [10 MTY],Chhattisgarh,South Eastern Coalfields Limited [SECL],2020-12,2029-03,,2310.12,2310.12,117.37,11.81,2026-06,FlashReport_June_2026.pdf
29,400149,,,BAROUD OC EXPANSION [3.0-10.0M,Chhattisgarh,South Eastern Coalfields Limited [SECL],2020-08,2029-03,,2309.8,2309.8,1007.09,55.95,2026-06,FlashReport_June_2026.pdf
30,400354,,,DIPKA EXPANSION OCP [40 MTY],Chhattisgarh,South Eastern Coalfields Limited [SECL],2020-12,2029-03,,5241.4,5241.4,2939.33,39.34,2026-06,FlashReport_June_2026.pdf
31,400424,,,GEVRA OC [70 MTY],Chhattisgarh,SECL - CIL,2016-03,2023-03,2027-03,11816.4,11816.4,6960.23,78.48,2026-06,FlashReport_June_2026.pdf
32,613798,,,AMERA OC RCE [1.0 MTY],Chhattisgarh,SECL - CIL,2015-02,2026-03,,335.97,335.97,91.76,42.47,2026-06,FlashReport_June_2026.pdf
33,613799,,,AMGAON OC RCE [1.0 MTY],Chhattisgarh,SECL - CIL,2015-07,2026-03,,316.11,316.11,192.9,78.86,2026-06,FlashReport_June_2026.pdf
34,613800,,,JAGANNATHPUR OC RCE PROJECT,Chhattisgarh,SECL - CIL,2016-07,2025-03,2027-03,459.49,459.49,278.71,96.15,2026-06,FlashReport_June_2026.pdf
35,613801,,,MAHAMAYA OCP [1.50 MTY],Chhattisgarh,SECL - CIL,2018-05,2026-03,2028-03,410.26,410.26,188.6,54.6,2026-06,FlashReport_June_2026.pdf
36,615191,,,KATKONA RO UG MINE,Chhattisgarh,SECL - CIL,2023-01,2029-03,,329.21,329.21,62.01,2.01,2026-06,FlashReport_June_2026.pdf
37,616234,,,PELMA OC MDO,Chhattisgarh,SECL - CIL,2022-10,2033-03,,1725.04,1725.04,16.71,40.34,2026-06,FlashReport_June_2026.pdf
38,617287,,,KUSMUNDA OC EXPANSION PROJECT,Chhattisgarh,SECL - CIL,2024-11,2030-03,,4516.88,4516.88,837.14,23.75,2026-06,FlashReport_June_2026.pdf
39,617288,,,MANIKPUR OC EXPANSION PROJECT,Chhattisgarh,SECL - CIL,2025-01,2029-03,,382.61,382.61,138.83,21.29,2026-06,FlashReport_June_2026.pdf
40,619171,,,RPR FOR DURGAPUR OCP 10 MTY,Chhattisgarh,SECL - CIL,2025-09,2032-03,,2415.91,2415.91,2.35,0.01,2026-06,FlashReport_June_2026.pdf
41,619172,,,MADANNAGAR OCP 12 MTY - MDO,Chhattisgarh,SECL - CIL,2024-12,2033-03,,1859.19,1859.19,0.45,0,2026-06,FlashReport_June_2026.pdf
42,400018,,,HURA C OCP,Jharkhand,ECL - CIL,2022-08,2029-03,,859.41,859.41,455.95,63.3,2026-06,FlashReport_June_2026.pdf
43,400073,,,KONAR EXPANSION OCP,Jharkhand,CCL - CIL,2022-01,2032-03,,674.65,674.65,172.3,50.78,2026-06,FlashReport_June_2026.pdf
44,400074,,,KARO EXPANSION OCP,Jharkhand,CCL - CIL,2022-01,2029-03,,849.31,849.31,208.28,23.28,2026-06,FlashReport_June_2026.pdf
45,400136,,,SANGHMITRA OC,Jharkhand,CCL - CIL,2024-03,2032-03,,2660,2660,17.4,16.77,2026-06,FlashReport_June_2026.pdf
46,400138,,,CHANDRAGUPT OCP,Jharkhand,CCL - CIL,2020-08,2032-03,,973.5,973.5,772.12,25.11,2026-06,FlashReport_June_2026.pdf
47,400139,,,KOTRE BASANTPUR PACHMO OCP,Jharkhand,Ministry of Coal,2020-08,2032-03,,861.06,625.4,456.48,45.78,2026-06,FlashReport_June_2026.pdf
48,400142,,,Pachwara South Coal Block,Jharkhand,NLC India Limited,2016-03,2028-09,,2242.9,2242.9,1422.51,87,2026-06,FlashReport_June_2026.pdf
49,400150,,,RPR MAGADH EXP OCP,Jharkhand,Ministry of Coal,2020-08,2028-03,,6964.33,6964.33,2298.45,39.42,2026-06,FlashReport_June_2026.pdf
50,400151,,,NORTH URIMARI EXPANSION OCP,Jharkhand,Ministry of Coal,2021-07,2029-03,,634.3,634.3,598.32,68.9,2026-06,FlashReport_June_2026.pdf
51,400153,,,EPR ROHINI - KARKETTA OCP,Jharkhand,Ministry of Coal,2021-01,2028-03,,995.57,995.57,85.34,24.02,2026-06,FlashReport_June_2026.pdf
52,400154,,,EPR PUNDI OCP,Jharkhand,Ministry of Coal,2020-11,2027-03,,639.6,639.6,236.58,11.24,2026-06,FlashReport_June_2026.pdf
53,400155,,,EPR ASHOK OC,Jharkhand,Ministry of Coal,2021-05,2031-03,,2821.07,2821.07,186.02,27.74,2026-06,FlashReport_June_2026.pdf
54,400156,,,EPR AMRAPALI OCP,Jharkhand,CCL - CIL,2020-02,2028-03,,4983.57,4983.57,1811.77,43.69,2026-06,FlashReport_June_2026.pdf
55,400160,,,RAJRAPPA RCE OCP,Jharkhand,CCL - CIL,2009-12,2016-03,2027-03,510.85,510.85,489.2,75.61,2026-06,FlashReport_June_2026.pdf
56,400172,,,CHITRA EAST OC,Jharkhand,ECL - CIL,2018-08,2026-03,2028-03,513.99,513.99,274.28,53.03,2026-06,FlashReport_June_2026.pdf
57,400352,,,JHARKHAND-LAIYO OCP,Jharkhand,Ministry of Coal,2020-08,2031-03,,654.87,654.87,0.43,32.45,2026-06,FlashReport_June_2026.pdf
58,400425,,,MOONIDIH XV SEAM UG,Jharkhand,BCCL - CIL,2011-08,2019-03,2026-09,1230.27,1230.27,796.31,84.02,2026-06,FlashReport_June_2026.pdf
59,611864,,,AMALAGAMATED NTST KUJAMA OCP 8.5MTY,Jharkhand,Bharat Coking Coal Limited (BCCL,2023-01,2030-03,,4011.85,4011.85,414.97,30.92,2026-06,FlashReport_June_2026.pdf
60,613808,,,MURAIDIH UG PROJECT,Jharkhand,BCCL - CIL,2011-02,2014-04,2026-12,339.87,339.87,191.14,70.47,2026-06,FlashReport_June_2026.pdf
61,615349,,,TAPIN SOUTH EXPN,Jharkhand,CCL - CIL,2020-11,2028-03,,230.41,230.41,40.02,23.67,2026-06,FlashReport_June_2026.pdf
62,615822,,,SIRKA OC,Jharkhand,CCL - CIL,2020-05,2028-03,,222.82,222.82,280.03,56.47,2026-06,FlashReport_June_2026.pdf
63,615843,,,TETARIAKHAR OC,Jharkhand,CCL - CIL,2019-11,2025-03,2027-03,243.52,243.52,50.82,30.06,2026-06,FlashReport_June_2026.pdf
64,616225,,,CHUPERBHITA SIMLONG OCP MDO 6,Jharkhand,ECL - CIL,2023-12,2037-03,,979.08,979.08,0,0.05,2026-06,FlashReport_June_2026.pdf
65,616236,,,JARANGDIH EXPN. OCP 1.5 MTY,Jharkhand,CCL - CIL,2020-02,2029-03,,414.37,414.37,85.6,32.83,2026-06,FlashReport_June_2026.pdf
66,616253,,,BLOCK E OCP,Jharkhand,BCCL - CIL,2024-03,2029-03,,5850.83,5850.83,20.32,4.18,2026-06,FlashReport_June_2026.pdf
67,617416,,,"Revised Jharia Master Plan for Dealing with Fire, Subsidence & Rehabilitation of affected families in Jharia Coalfield- Reg.",Jharkhand,Bharat Coking Coal Limited [BCCL],2025-06,2028-12,,5940.47,5940.47,327.78,31,2026-06,FlashReport_June_2026.pdf
68,617764,,,North Dhadu Western Part OCP,Jharkhand,NLC India Limited [NLCIL],2023-10,2029-03,,1354.2,1354.2,228.36,40,2026-06,FlashReport_June_2026.pdf
69,400148,,,AMADAND OCP[4.0MTY],Madhya Pradesh,SECL - CIL,2016-03,2021-03,2027-03,869.44,869.44,324.92,75.15,2026-06,FlashReport_June_2026.pdf
70,400162,,,BLOCK B EXPANSION [3.5 TO 8.0,Madhya Pradesh,NCL - CIL,2019-07,2023-03,2027-03,998.71,998.71,684.46,51.08,2026-06,FlashReport_June_2026.pdf
71,400321,,,NIGAHI EXPANSION [15 TO 25 MTP,Madhya Pradesh,NCL - CIL,2020-11,2025-03,2028-03,1729.68,1729.68,968.37,53.73,2026-06,FlashReport_June_2026.pdf
72,613802,,,KANCHAN OC EXP,Madhya Pradesh,SECL - CIL,2014-12,2026-03,2028-03,371.04,371.04,150.83,58.2,2026-06,FlashReport_June_2026.pdf
73,613803,,,JHIRIA WEST OCP [1.5 MTY],Madhya Pradesh,SECL - CIL,2024-01,2029-03,,366.94,366.94,36.68,41.29,2026-06,FlashReport_June_2026.pdf
74,613804,,,RPR TAWA-III UG 0.84 MTY,Madhya Pradesh,WCL - CIL,2021-12,2027-03,,314.09,314.09,17.9,17.78,2026-06,FlashReport_June_2026.pdf
75,615185,,,AMALGAMATED DHANKASA & JAMUNIA,Madhya Pradesh,WCL - CIL,2022-09,2027-03,,399.2,399.2,117,67.13,2026-06,FlashReport_June_2026.pdf
76,615187,,,RPR OF VISHNUPURI UG TO OC,Madhya Pradesh,WCL - CIL,2022-11,2029-03,,220.62,220.62,0,11.2,2026-06,FlashReport_June_2026.pdf
77,615194,,,URDHAN EXPANSION OC COST PLUS,Madhya Pradesh,WCL - CIL,2022-07,2031-03,,206.88,206.88,50.69,2.02,2026-06,FlashReport_June_2026.pdf
78,615195,,,SHARDA UG MINE,Madhya Pradesh,WCL - CIL,2022-07,2028-03,,166.25,166.25,5.93,9.39,2026-06,FlashReport_June_2026.pdf
79,615206,,,GANDHIGRAM UG MINE,Madhya Pradesh,WCL - CIL,2019-08,2026-03,2027-03,414.15,414.15,22.16,56.88,2026-06,FlashReport_June_2026.pdf
80,619032,,,JAYANT EXPN. [20 TO 38 MTPA],Madhya Pradesh,NCL - CIL,2025-02,2032-03,,25560.48,25560.5,256.7,2.02,2026-06,FlashReport_June_2026.pdf
81,619053,,,RPR FOR RAMPUR BATURA OCP,Madhya Pradesh,SECL - CIL,2025-05,2030-03,,1604.69,1604.69,75.23,0.3,2026-06,FlashReport_June_2026.pdf
82,400033,,,BHATADI EXPANSION OC,Maharashtra,WCL - CIL,2020-02,2028-03,,580.61,580.61,112.17,33.91,2026-06,FlashReport_June_2026.pdf
83,400177,,,AMALGAMATED YEKONA I & YEKONA,Maharashtra,WCL - CIL,2015-08,2025-03,2027-03,727.28,727.28,564.25,80.77,2026-06,FlashReport_June_2026.pdf
84,400178,,,DINESH[MAKARDHOKRA-III] OC,Maharashtra,WCL - CIL,2020-02,2027-03,,822.88,822.88,791.48,40.63,2026-06,FlashReport_June_2026.pdf
85,400353,,,DHUPTALA OC [SASTI UG TO OC ],Maharashtra,WCL - CIL,2019-02,2028-03,,711.01,711.01,174.66,19.02,2026-06,FlashReport_June_2026.pdf
86,615184,,,SAONER UG MINE -1 EXPANSION 1.,Maharashtra,WCL - CIL,2022-01,2028-03,,228.64,228.64,157.02,69.33,2026-06,FlashReport_June_2026.pdf
87,615186,,,SASTI EXPANSION OPENCAST,Maharashtra,WCL - CIL,2020-08,2026-03,2027-03,319.04,319.04,153.78,32.21,2026-06,FlashReport_June_2026.pdf
88,615188,,,NEW MAJRI UG TO OC 3 MTY COST,Maharashtra,WCL - CIL,2019-05,2027-03,,402.27,402.27,67.81,24.17,2026-06,FlashReport_June_2026.pdf
89,615189,,,MAKARDHOKRA EXPN OC 4.9 MTY,Maharashtra,WCL - CIL,2022-06,2026-03,2027-03,361.87,361.87,104.17,12.2,2026-06,FlashReport_June_2026.pdf
90,615190,,,SINGHORI DEEP OC MIN 2.0 MTY,Maharashtra,WCL - CIL,2022-05,2029-03,,335.75,335.75,53.34,9.64,2026-06,FlashReport_June_2026.pdf
91,615192,,,GOKUL EXTENSION OC MINE,Maharashtra,WCL - CIL,2021-04,2026-03,2027-03,309.58,309.58,62.31,8.44,2026-06,FlashReport_June_2026.pdf
92,615199,,,KOLGAON EXPANSION DEEP OC MINE,Maharashtra,WCL - CIL,2023-01,2027-03,,198.71,198.71,25.08,2.82,2026-06,FlashReport_June_2026.pdf
93,615330,,,BALLARPUR NORTH WEST OC MINE,Maharashtra,WCL - CIL,2022-12,2029-03,,360.81,360.81,26.97,5.35,2026-06,FlashReport_June_2026.pdf
94,615331,,,GADEGAON OC 3 MTY,Maharashtra,WCL - CIL,2023-10,2030-03,,497.41,497.41,86.72,2.19,2026-06,FlashReport_June_2026.pdf
95,615914,,,GHONSA EXPANSION DEEP OC MINE,Maharashtra,WCL - CIL,2021-03,2029-03,,184.71,184.71,15.72,12.98,2026-06,FlashReport_June_2026.pdf
96,615916,,,AMLG GAURI PAUNI EXPANSION OC,Maharashtra,WCL - CIL,2024-04,2030-03,,1225.21,1225.21,91.83,4.21,2026-06,FlashReport_June_2026.pdf
97,615917,,,GAURIDEEP/GAURI CENTRAL OCP 7.,Maharashtra,WCL - CIL,2023-08,2030-03,,973.07,973.07,1.55,2.31,2026-06,FlashReport_June_2026.pdf
98,615918,,,RPR OF BHANEGAON OC,Maharashtra,WCL - CIL,2017-02,2028-03,,405.2,405.2,43.1,16.06,2026-06,FlashReport_June_2026.pdf
99,615919,,,N. EXTN. MUNGOLI NIRGUDA D OCP,Maharashtra,WCL - CIL,2024-06,2029-03,,1024.91,1024.91,218.36,27.92,2026-06,FlashReport_June_2026.pdf
100,615982,,,NILJAI EXPANSION DEEP OCP,Maharashtra,WCL - CIL,2016-08,2022-03,2027-03,319.75,319.75,196.82,79.83,2026-06,FlashReport_June_2026.pdf
101,616044,,,UKNI DEEP OC MINE -COST PLUS,Maharashtra,WCL - CIL,2018-11,2021-03,2027-03,237.06,237.06,168.2,94.57,2026-06,FlashReport_June_2026.pdf
102,616050,,,AMALGAMATED INDER-KAMPTEE DEEP,Maharashtra,WCL - CIL,2018-09,2024-03,2027-03,235.9,235.9,128.23,98.97,2026-06,FlashReport_June_2026.pdf
103,616223,,,ADASA UG TO OC MINE,Maharashtra,WCL - CIL,2018-11,2024-03,2027-03,316,316,209.29,86.49,2026-06,FlashReport_June_2026.pdf
104,616229,,,AMAL GONDEGAON GHATROHANA EXPN,Maharashtra,WCL - CIL,2024-09,2029-03,,668.54,668.54,2.95,2.55,2026-06,FlashReport_June_2026.pdf
105,617233,,,WAGHODA UG MINE [1.02 MTY],Maharashtra,WCL - CIL,2024-01,2030-03,,379.3,379.3,0,0.11,2026-06,FlashReport_June_2026.pdf
106,617278,,,KOLARPIMPRI EXPANSION OC [2.5,Maharashtra,WCL - CIL,2024-06,2030-03,,630.37,630.37,0.61,0.4,2026-06,FlashReport_June_2026.pdf
107,619055,,,SAONER-III EXPN UG MINE 1.54,Maharashtra,WCL - CIL,2025-08,2032-03,,444.42,444.42,0,0,2026-06,FlashReport_June_2026.pdf
108,400369,,,BINA KAKRI AMALGAMATION EXPANS,"Multi-States (Madhya Pradesh, Uttar Pradesh)",NCL - CIL,2020-08,2024-03,2027-03,836.42,836.42,914.9,92.05,2026-06,FlashReport_June_2026.pdf
109,615183,,,KHADIA EXPANSION [10 TO 16 MTP,"Multi-States (Madhya Pradesh, Uttar Pradesh)",NCL - CIL,2021-06,2025-03,2027-03,491.67,491.67,379.69,57.12,2026-06,FlashReport_June_2026.pdf
110,400165,,,SUBHADRA OCP,Odisha,Mahanadi Coalfields Limited [MCL],2021-05,2032-04,,1693.81,1693.81,1331.36,46.27,2026-06,FlashReport_June_2026.pdf
111,400166,,,SIARMAL OCP,Odisha,Mahanadi Coalfields Limited [MCL],2021-02,2029-03,,5194.95,5194.95,3491.08,60.66,2026-06,FlashReport_June_2026.pdf
112,400183,,,BALARAM EXPANSION OCP,Odisha,Mahanadi Coalfields Limited [MCL],2020-08,2029-03,,3504.21,3504.21,961.2,58.23,2026-06,FlashReport_June_2026.pdf
113,400185,,,GOPALJI KANIHA OCP [10 TO 30 M,Odisha,MCL - CIL,2022-04,2030-03,,8416.19,6107.87,1776.83,35.69,2026-06,FlashReport_June_2026.pdf
114,400187,,,INTEGRATED LAKHANPUR-BELPAHAR-,Odisha,Mahanadi Coalfields Limited [MCL],2018-05,2027-03,,2434.75,2434.75,2030.9,82.5,2026-06,FlashReport_June_2026.pdf
115,400392,,,BHARATPUR RE-ORGANIZATION OCP,Odisha,Mahanadi Coalfields Limited [MCL],2018-11,2029-03,,2838.86,2838.86,1713.38,53.04,2026-06,FlashReport_June_2026.pdf
116,615857,,,Naini Coal Mine,Odisha,Singareni Collieries Company Limited [SCCL],2020-03,2026-03,,494.3,494.3,491.33,80,2026-06,FlashReport_June_2026.pdf
117,616226,,,INTEGRATED KULDA GARJANBAHAL O,Odisha,MCL - CIL,2023-04,2033-03,,3563.5,3563.5,652.7,10.24,2026-06,FlashReport_June_2026.pdf
118,616231,,,BHUBANESWARI EXPN OCP 50 MTY,Odisha,MCL - CIL,2024-03,2033-03,,5366.27,5366.27,477.43,33.96,2026-06,FlashReport_June_2026.pdf
119,616232,,,HINGULA II OC EXPN PH III 15 M,Odisha,MCL - CIL,2022-11,2029-03,,1561.85,1561.85,279.32,31.05,2026-06,FlashReport_June_2026.pdf
120,616233,,,BALABHADRA OCP,Odisha,MCL - CIL,2023-04,2030-03,,978.44,978.44,251.55,18.21,2026-06,FlashReport_June_2026.pdf
121,618982,,,Talabira II & III OCP - FMC,Odisha,NLC India Limited [NLCIL],2022-10,2026-06,2026-12,522.45,522.45,324.74,73.65,2026-06,FlashReport_June_2026.pdf
122,615818,,,Jawahar Khani Open Cast Mine,Telangana,Singareni Collieries Company Limited [SCCL],2021-12,2025-03,2027-03,297.88,297.88,50.39,20,2026-06,FlashReport_June_2026.pdf
123,615858,,,Kalyanikhani Opencast Project,Telangana,Singareni Collieries Company Limited [SCCL],2016-03,2026-03,,384.32,384.32,301.56,76,2026-06,FlashReport_June_2026.pdf
124,615860,,,Godavarikhani Coal Mine - 5,Telangana,Singareni Collieries Company Limited [SCCL],2019-07,2025-03,2026-03,607.04,607.04,200.83,71,2026-06,FlashReport_June_2026.pdf
125,615861,,,Indaram Opencast Project,Telangana,Singareni Collieries Company Limited [SCCL],2017-08,2025-03,2026-03,424.81,424.81,408.29,81,2026-06,FlashReport_June_2026.pdf
126,615862,,,Goleti Opencast Mine,Telangana,Singareni Collieries Company Limited [SCCL],2021-07,2026-03,,345.6,345.6,111.94,33,2026-06,FlashReport_June_2026.pdf
127,615863,,,Venkatesh Khani Coal Mine,Telangana,Singareni Collieries Company Limited [SCCL],2020-10,2026-03,,484.5,484.5,477.14,97,2026-06,FlashReport_June_2026.pdf
128,615865,,,Kakatiyakhani OC - 2 Project,Telangana,Singareni Collieries Company Limited [SCCL],2017-08,2025-03,2026-03,442.42,442.42,253.39,63,2026-06,FlashReport_June_2026.pdf
129,400173,,,MOHANPUR EXPANSION OC -PHASE I,West Bengal,ECL - CIL,2020-11,2026-03,2030-03,888.99,888.99,143.29,31.52,2026-06,FlashReport_June_2026.pdf
130,400180,,,BONJEMEHARI EXPANSION OCP,West Bengal,Eastern Coal Fields Limited [ECL],2021-08,2026-03,2030-03,570.11,570.11,88.96,17.13,2026-06,FlashReport_June_2026.pdf
131,400181,,,NAKRAKONDA KUMARDIH- B OCP,West Bengal,ECL - CIL,2018-08,2029-03,,502.68,502.67,88.9,28.58,2026-06,FlashReport_June_2026.pdf
132,400186,,,TILABONI UG,West Bengal,ECL - CIL,2023-01,2029-03,,749.08,749.07,53.97,12.14,2026-06,FlashReport_June_2026.pdf
133,400312,,,JHANJRA EXPANSION UG,West Bengal,Eastern Coal Fields Limited [ECL],2020-04,2029-03,,1210.12,1210.12,633.57,52.04,2026-06,FlashReport_June_2026.pdf
134,400315,,,SONEPUR BAZARI EXPANSION OCP [,West Bengal,Eastern Coal Fields Limited [ECL],2021-07,2029-03,,5365.88,5365.88,628.22,18.5,2026-06,FlashReport_June_2026.pdf
135,612816,,,ITAPARA OCP,West Bengal,ECL - CIL,2023-12,2030-03,,929.1,929.1,132.43,8.41,2026-06,FlashReport_June_2026.pdf
136,613793,,,SHYAMSUNDARPUR UG INCLUDING SA,West Bengal,ECL - CIL,2020-04,2026-03,2028-03,483.65,483.65,96.8,16.79,2026-06,FlashReport_June_2026.pdf
137,613794,,,PARASEA-BELBAID UG PROJECT,West Bengal,ECL - CIL,2023-01,2028-03,,389.1,389.1,132.48,22.26,2026-06,FlashReport_June_2026.pdf
138,616230,,,PARASCOLE JAMBAD OCP,West Bengal,ECL - CIL,2024-11,2037-03,,1193.55,1193.55,11.81,0.23,2026-06,FlashReport_June_2026.pdf
139,617299,,,50 MW Wind Power Project,Gujarat,NLC India Limited,2022-07,2025-06,2026-12,383.84,383.84,328.54,52,2026-06,FlashReport_June_2026.pdf
140,617730,,,600 MW Khavda Solar Power Project,Gujarat,NLC India Limited [NLCIL],2023-08,2026-06,2026-12,3335.85,3335.85,2000.62,60,2026-06,FlashReport_June_2026.pdf
141,618991,,,200 MW SPP part of 510 MW CPSU scheme,Gujarat,NLC India Limited [NLCIL],2022-07,2026-12,,1221.41,1221.41,66.07,0,2026-06,FlashReport_June_2026.pdf
142,618992,,,100 MW SPP part of SECI 150 MW Hybrid,Gujarat,NLC India Limited [NLCIL],2022-07,2026-12,,480.68,480.68,2.66,1.2,2026-06,FlashReport_June_2026.pdf
143,400231,,,NLC Talabira Thermal Power Project,Odisha,NLC India Limited,2017-01,2030-03,,27212.96,27213,3518.17,3.54,2026-06,FlashReport_June_2026.pdf
144,618981,,,810 MW Solar Power Project - Rajasthan,Rajasthan,NLC India Limited [NLCIL],2024-10,2028-03,,4147.07,4147.07,249.95,0,2026-06,FlashReport_June_2026.pdf
145,400203,,,Dharamjaigarh-Korba,Chhattisgarh,Railway,2018-05,2026-12,2026-08,1686.22,2438.53,792.73,43.7,2026-06,FlashReport_June_2026.pdf
146,400416,,,Shivpur-Kathautia New Rail [BG] Line [49 km] [Package II of Tori-Shivpur-Kathautia line],Jharkhand,Ministry of Coal,2018-02,2025-06,2027-06,1799.64,2564.34,1713.19,71,2026-06,FlashReport_June_2026.pdf
147,400192,,,Tubed Coal Mine,Jharkhand,Damodar Valley Corporation,2016-07,2026-05,2026-05,1581,1581,616.91,36.5,2026-06,FlashReport_June_2026.pdf
148,603293,,,Badam Coal Mining project of NTPC,Jharkhand,National Thermal Power Corporation [NTPC],2019-02,2056-12,2027-04,502,784,436.5,67.86,2026-06,FlashReport_June_2026.pdf
149,602182,,,Dibang Multipurpose Project,Arunachal Pradesh,National Hydroelectric Power Corporation Limited [NHPC],2023-02,2032-02,2032-02,31876.39,31876.4,4749.66,17.78,2026-06,FlashReport_June_2026.pdf
150,611698,,,240MW Heo HE Project,Arunachal Pradesh,North Eastern Electric Power Corporation Limited,2024-12,2029-07,,1938.85,1938.85,105.5,6.33,2026-06,FlashReport_June_2026.pdf
151,611699,,,186 MW Tato-I H E Project,Arunachal Pradesh,North Eastern Electric Power Corporation Limited,2024-12,2029-07,,1750.07,1750.07,78.38,5.1,2026-06,FlashReport_June_2026.pdf
152,611716,,,700 MW Tato-II HE Project,Arunachal Pradesh,North Eastern Electric Power Corporation Limited,2025-09,2031-09,,8146.21,8146.21,253.97,6.54,2026-06,FlashReport_June_2026.pdf
153,619311,,,Kalai-II Hydro Electric Project [1200 MW],Arunachal Pradesh,THDC India Limited,2026-04,2032-10,,14105.83,14105.8,188.62,0,2026-06,FlashReport_June_2026.pdf
154,602579,,,Buxar Thermal Power Project [1320 MW],Bihar,Satluj Jal Vidyut Nigam [SJVN] Thermal Limited,2019-03,2024-01,2026-05,10439.09,13756.6,13606.72,94.94,2026-06,FlashReport_June_2026.pdf
155,619051,,,"Nabinagar Super Thermal Power Project, Stage-II [3x800 MW]",Bihar,National Thermal Power Corporation [NTPC],2024-11,2030-07,2030-09,29948,29948,3099.94,13.65,2026-06,FlashReport_June_2026.pdf
156,611930,,,Lara Super Thermal Power Project Stage-II [2 x 800 MW],Chhattisgarh,National Thermal Power Corporation [NTPC],2023-08,2028-06,2028-11,15530,16106,5279.03,32.3,2026-06,FlashReport_June_2026.pdf
157,617188,,,"Sipat Super Thermal Power Project, Stage-III [1x800 MW]",Chhattisgarh,National Thermal Power Corporation [NTPC],2024-09,2029-09,2029-11,9791,9791,1795.82,21.3,2026-06,FlashReport_June_2026.pdf
158,709747,,,Bagodara Solar Power Project,Gujarat,Satluj Jal Vidyut Nigam [SJVN] Thermal Limited,2021-03,2025-12,2025-12,339.35,339.35,370,51.86,2026-06,FlashReport_June_2026.pdf
159,602582,,,Dhaulasidh Hydro Electric Project [66 MW],Himachal Pradesh,Satluj Jal Vidyut Nigam [SJVN] Thermal Limited,2020-10,2025-11,2027-03,687.97,1561.21,1159.67,79.59,2026-06,FlashReport_June_2026.pdf
160,602593,,,Luhri Stage-I Hydro Electric Project [210 MW],Himachal Pradesh,Satluj Jal Vidyut Nigam [SJVN] Thermal Limited,2020-11,2026-01,2030-02,1810.56,4681.64,1958.25,52.13,2026-06,FlashReport_June_2026.pdf
161,611586,,,Sunni Dam Hydro Electric Project [382 MW],Himachal Pradesh,Satluj Jal Vidyut Nigam [SJVN] Thermal Limited,2023-01,2028-04,2029-12,2614.51,4925.87,1115.87,34.58,2026-06,FlashReport_June_2026.pdf
162,602525,,,"Pakal Dul [Drangdhuran] Hydroelectric Project, 1000 MW",Jammu and Kashmir,National Hydroelectric Power Corporation Limited [NHPC],2014-10,2020-04,2026-12,8112.12,12728,9313.54,82.05,2026-06,FlashReport_June_2026.pdf
163,602532,,,Kiru HE Project,Jammu and Kashmir,National Hydroelectric Power Corporation Limited [NHPC],2019-03,2023-09,2026-12,4287.59,5409,3948.67,87,2026-06,FlashReport_June_2026.pdf
164,602535,,,"Ratle HE Project - 850 MW, Ratle Hydroelectric Power Corporation Limited.",Jammu and Kashmir,National Hydroelectric Power Corporation Limited [NHPC],2021-02,2026-02,2028-11,5281.94,5281.94,1639.83,31.29,2026-06,FlashReport_June_2026.pdf
165,605155,,,Kwar HE Project,Jammu and Kashmir,National Hydroelectric Power Corporation Limited [NHPC],2022-05,2026-11,2028-03,4526.12,4526.12,1701.47,36.52,2026-06,FlashReport_June_2026.pdf
166,400261,,,Patratu Thermal Power Station Expansion Project Phase-I [3x800 MW],Jharkhand,National Thermal Power Corporation [NTPC],2017-11,2023-03,2027-04,18668,20302,19207.59,90.5,2026-06,FlashReport_June_2026.pdf
167,611509,,,"Koderma Thermal Power Station Phase II [2X800 MW] At Koderma, Jharkhand",Jharkhand,Damodar Valley Corporation,2023-04,2029-03,,14358,14358,2114.29,13.5,2026-06,FlashReport_June_2026.pdf
168,618976,,,"Gadarwara Super Thermal Power Project, Stage-II [2x800 MW]",Madhya Pradesh,National Thermal Power Corporation [NTPC],2024-11,2030-03,2030-05,20446,20446,2141.47,10,2026-06,FlashReport_June_2026.pdf
169,602096,,,Subansiri Lower HE Project [2000 MW],"Multi-States (Arunachal Pradesh, Assam)",National Hydroelectric Power Corporation Limited [NHPC],2003-09,2010-09,2026-05,6285.33,26075.5,26379.99,97.84,2026-06,FlashReport_June_2026.pdf
170,602961,,,Talcher Thermal Power Station Stage III [2 x 660 MW] Expansion,Odisha,National Thermal Power Corporation [NTPC],2022-08,2027-05,2028-05,11843.75,12543,6779.45,53.5,2026-06,FlashReport_June_2026.pdf
171,619056,,,"Darlipali Super Thermal Power Project, Stage-II [1x800 MW]",Odisha,National Thermal Power Corporation [NTPC],2025-11,2031-01,2031-05,11131,11131,560.18,2.45,2026-06,FlashReport_June_2026.pdf
172,602181,,,"TEESTA-VI HE PROJECT, SIKKIM [500 MW], executed by LANCO TEESTA HYDRO POWER LIMITED [A wholly owned Subsidiary of NHPC LTD. acquired through NCLT]",Sikkim,National Hydroelectric Power Corporation Limited [NHPC],2019-03,2024-03,2027-12,5748.04,5748.04,4519.87,73.48,2026-06,FlashReport_June_2026.pdf
173,605156,,,Rangit-IV HE Project [120 MW] executed by Jal Power Corporation Ltd. [JPCL] - A wholly owned subsidiary of NHPC Ltd. acquired through NCLT,Sikkim,National Hydroelectric Power Corporation Limited [NHPC],2021-03,2024-05,2026-11,938.29,1828.11,1691.2,97.34,2026-06,FlashReport_June_2026.pdf
174,619341,,,"Telangana Super Thermal Power Project , Stage-II [3 x 800 MW]",Telangana,National Thermal Power Corporation [NTPC],2026-03,2032-01,,29344.85,29344.8,729.63,0.78,2026-06,FlashReport_June_2026.pdf
175,612142,,,"Singrauli Super Thermal Power Project, Stage-III [2x800 MW]",Uttar Pradesh,National Thermal Power Corporation [NTPC],2024-03,2030-02,2030-04,17195,17195,3646.01,23.8,2026-06,FlashReport_June_2026.pdf
176,602185,,,Tapovan-Vishnugad HEP [4x130 MW],Uttarakhand,National Thermal Power Corporation [NTPC],2006-11,2013-03,2029-04,2978,10907.3,7766.24,75.81,2026-06,FlashReport_June_2026.pdf
177,602195,,,Vishnugad Pipalkoti Hydro Electric Project [444 MW],Uttarakhand,THDC India Limited,2008-08,2022-12,2028-06,3860.35,6405.08,5700.11,81,2026-06,FlashReport_June_2026.pdf
178,400062,,,"Raghunathpur Thermal Power Station Phase II [2X660 MW] at Raghunathpur, Purulia, West Bengal",West Bengal,Damodar Valley Corporation,2023-01,2029-06,,17673,17673,2120.39,11.5,2026-06,FlashReport_June_2026.pdf
179,602184,,,Rammam-III HEPP [3x40 MW],West Bengal,National Thermal Power Corporation [NTPC],2014-09,2019-09,2029-03,1381.84,2865.56,1617.53,57.1,2026-06,FlashReport_June_2026.pdf
180,602538,,,Installation of FGD for 4x210 & 2x250 MW MTPS U 1-6,West Bengal,Damodar Valley Corporation,2019-06,2024-01,2026-05,1037,1106,1138.42,97,2026-06,FlashReport_June_2026.pdf
181,617183,,,Transmission system strengthening at Kurnool- III PS for integration of additional RE generation projects [POWERGRID Kurnool III PS RE Transmission Limited],Andhra Pradesh,Power Grid Corporation of India Limited [POWERGRID],2025-03,2027-12,,2886,2886,739.68,41.68,2026-06,FlashReport_June_2026.pdf
182,617375,,,North Eastern Region Expansion Scheme-XXIII [NERES-XXIII],Arunachal Pradesh,Power Grid Corporation of India Limited [POWERGRID],2025-08,2028-02,,209.38,209.38,3.14,1.56,2026-06,FlashReport_June_2026.pdf
183,615336,,,Transmission system for evacuation of Power from REZ in Rajasthan [20 GW] under phase-III Part-D Phase-II,Delhi,Power Grid Corporation of India Limited [POWERGRID],2023-11,2026-02,2026-12,284,284,78.5,33.63,2026-06,FlashReport_June_2026.pdf
184,612139,,,Transmission system for Evacuation of Additional 7 GW RE power from Khavda RE park under Phase-III Part B [Vataman Transmission Limited],Gujarat,Power Grid Corporation of India Limited [POWERGRID],2023-12,2025-12,2026-12,4231,4231,3175.78,70.87,2026-06,FlashReport_June_2026.pdf
185,612855,,,Transmission System for Evacuation of Power from Potential Energy Renewable Zone in Khavda Area of Gujarat under Ph-IV [7GW] Part E2,Gujarat,Power Grid Corporation of India Limited [POWERGRID],2024-05,2026-05,2026-06,697,697,573.07,82,2026-06,FlashReport_June_2026.pdf
186,615342,,,Augmentation of Transformation Capacity at jam Khambhaliya PS [GIS] [SPV Name POWERGRID Jam Khambhaliya Transmission Limited],Gujarat,Power Grid Corporation of India Limited [POWERGRID],2024-10,2026-07,2027-04,329,329,51.98,18,2026-06,FlashReport_June_2026.pdf
187,615343,,,Provision of Dynamic Reactive Compensation at Khavda pooling Station 1 [KPS1] and Khavda Pooling station 3 [KPS3],Gujarat,Power Grid Corporation of India Limited [POWERGRID],2024-11,2026-11,,501,501,25.05,8.67,2026-06,FlashReport_June_2026.pdf
188,615345,,,Transmission System for Evacuation of Power from Potential Renewable Energy Zone in Khavda area of Gujarat under Phase-IV [7GW] Part B [SPV Name POWERGRID South Olpad Transmission Limited],Gujarat,Power Grid Corporation of India Limited [POWERGRID],2024-10,2026-10,2027-10,4766,4766,2111.34,36.57,2026-06,FlashReport_June_2026.pdf
189,617069,,,Augmentation of Transformation Capacity at KPS1 [GIS] and KPS2 [GIS] [Phase-V Part B1 and Part B2 Scheme] [SPV Name- POWERGRID KPS1 and 2 Augmentation Transmission Limited],Gujarat,Power Grid Corporation of India Limited [POWERGRID],2025-02,2027-02,,466,466,143.48,37,2026-06,FlashReport_June_2026.pdf
190,617182,,,Augmentation of Banaskantha [Raghanesda] PS [GIS] [POWERGRID Banaskantha Transco Limited],Gujarat,Power Grid Corporation of India Limited [POWERGRID],2025-03,2027-03,,172,172,58.48,39,2026-06,FlashReport_June_2026.pdf
191,617391,,,Augmentation of Transformation Capacity at Bhuj-II PS [GIS],Gujarat,Power Grid Corporation of India Limited [POWERGRID],2025-02,2026-11,2027-06,488.29,488.29,9.76,4.5,2026-06,FlashReport_June_2026.pdf
192,617405,,,Jamnagar Transmission Limited,Gujarat,Adani Transmission Limited,,2026-10,,4000,4000,553,19,2026-06,FlashReport_June_2026.pdf
193,617801,,,Provision of ICT Augmentation & Bus Reactor at Bhuj-II PS,Gujarat,Power Grid Corporation of India Limited [POWERGRID],2025-03,2026-12,2027-06,581.74,581.74,17.45,6,2026-06,FlashReport_June_2026.pdf
194,619026,,,KPSIII HVDC Transmission Limited,Gujarat,Adani Transmission Limited,,2029-12,,19000,19000,20,1,2026-06,FlashReport_June_2026.pdf
195,619029,,,Transmission System for Reliable Power Supply to Dholera,Gujarat,Power Grid Corporation of India Limited [POWERGRID],2024-09,2026-03,2026-12,319.42,319.42,63.88,31,2026-06,FlashReport_June_2026.pdf
196,619049,,,Khavda IVA Power Transmission Limited,Gujarat,Adani Transmission Limited,2024-08,2026-08,,4500,4500,2332.7,60,2026-06,FlashReport_June_2026.pdf
197,617179,,,Transmission Scheme for evacuation of Power from Ratle HEP [850 MW] & kiru [624 MW] Part B,Jammu and Kashmir,Power Grid Corporation of India Limited [POWERGRID],2024-07,2026-07,2027-06,218.6,218.6,3.72,1.7,2026-06,FlashReport_June_2026.pdf
198,617326,,,Implementation of Transmission Systems in the State of Jharkhand consisting of 400/220/132/33 kV transmission lines and substations under Jharkhand Consultancy Project,Jharkhand,Power Grid Corporation of India Limited [POWERGRID],2012-02,2026-03,2026-08,1842.25,1842.25,1648.05,96.3,2026-06,FlashReport_June_2026.pdf
199,612140,,,Transmission Scheme for Integration of Renewable Energy Zone [Phase II] in Koppal II [Phase A&B] and gadag II[Phase A] in Karnataka [POWERGRID KOPPAL GADAG TRANSMISSION LIMITED],Karnataka,Power Grid Corporation of India Limited [POWERGRID],2023-12,2025-12,2026-09,4445,4445,3958.72,92.35,2026-06,FlashReport_June_2026.pdf
200,616672,,,System Strengthening at Koppal-II and GadagII for integration of RE generation projects [SPV Name POWERGRID Koppal Gadag Augmentation Transmission Limited],Karnataka,Power Grid Corporation of India Limited [POWERGRID],2025-01,2027-06,,1354,1354,284.34,34.6,2026-06,FlashReport_June_2026.pdf
201,617068,,,"Augmentation of Transformation Capacity by 3x500 MVA, 400/220 KV ICTS [6th-8th] and 1x1500 MVA, 765/400 KV ICT [4th] at Bidar PS [SPV Name- POWERGRID Bidar Augmentation Transmission Limited]",Karnataka,Power Grid Corporation of India Limited [POWERGRID],2025-02,2027-06,,288,288,20.16,18,2026-06,FlashReport_June_2026.pdf
202,617184,,,Transmission Scheme for integration of Davanagere/ Chitradurga and Bellary REZ in Karnataka [POWERGRID Chitradurga Bellary REZ Transmission Limited],Karnataka,Power Grid Corporation of India Limited [POWERGRID],2025-03,2027-09,,3453,3453,483.42,21.31,2026-06,FlashReport_June_2026.pdf
203,617803,,,Transmission System Strengthening at Davanagere for Integration of RE Generation [SPV Name - POWERGRID Davanagere Power Transmission Limited],Karnataka,Power Grid Corporation of India Limited [POWERGRID],2025-09,2027-09,,379,379,17.06,2.5,2026-06,FlashReport_June_2026.pdf
204,619228,,,Transmission System Strengthening for integration of additional RE Potential at Davanagere [0.25 GW] and Bellary [2.75 GW],Karnataka,Power Grid Corporation of India Limited [POWERGRID],2026-02,2028-02,,1111,1111,13.44,1,2026-06,FlashReport_June_2026.pdf
205,619028,,,Augmentation of 1x500 MVA 400/220kV ICT [3rd] at Thrissur VSC HVDC Station in Kerala,Kerala,Power Grid Corporation of India Limited [POWERGRID],2025-08,2027-08,,173.14,173.14,2.08,1.5,2026-06,FlashReport_June_2026.pdf
206,615344,,,Transmission System for Evacuation of Power from Rajasthan REZ Ph-IV [Part-2 5.5GW] [Jaisalmer/Barmer Complex] Part H1 [POWERGRID KURAWAR TRANSMISSION LIMITED],Madhya Pradesh,Power Grid Corporation of India Limited [POWERGRID],2024-10,2026-10,2027-06,3674,3674,1637.5,45.5,2026-06,FlashReport_June_2026.pdf
207,615346,,,Transmission System for Evacuation of Power from Rajasthan REZ Ph-IV [Part-2 5.5 GW] [Jaisalmer/Barmer Complex] Part C [SPV Name POWERGRID Mandsaur Transmission Limited],Madhya Pradesh,Power Grid Corporation of India Limited [POWERGRID],2024-08,2026-08,2027-02,2708,2708,1570.64,70.96,2026-06,FlashReport_June_2026.pdf
208,617272,,,Implementation of LILO of both circuits of 400KV vindhyachal PS-Sasan D/C Line at Hindalco Switchyard,Madhya Pradesh,Power Grid Corporation of India Limited [POWERGRID],2024-06,2026-12,,370,370,129.5,52.14,2026-06,FlashReport_June_2026.pdf
209,617279,,,Transmission System for evacuation of power from Mahan Energen Limited Generating Station in Madhya Pradesh [SPV Name - POWERGRID MEL Power Transmission Limited],Madhya Pradesh,Power Grid Corporation of India Limited [POWERGRID],2025-06,2027-12,,558,558,180.9,15.11,2026-06,FlashReport_June_2026.pdf
210,617802,,,Augmentation of Transformation Capacity and Implementation of Line Bays at Mandsaur S/S for RE Interconnection [SPV Name- POWERGRID Mandsaur I RE Transmission Limited],Madhya Pradesh,Power Grid Corporation of India Limited [POWERGRID],2025-10,2028-03,,319,319,16.3,2.5,2026-06,FlashReport_June_2026.pdf
211,619024,,,Mahan Transmission Limited,Madhya Pradesh,Adani Transmission Limited,2025-03,2027-04,,3125.32,3125.32,317.79,18,2026-06,FlashReport_June_2026.pdf
212,611966,,,Transmission System for Evacuation of power from Potential RE Zone in Khavda Area of Gujarat under phase IV 7GW-Part E4,Maharashtra,Power Grid Corporation of India Limited [POWERGRID],2023-11,2025-07,2026-05,224.41,224.41,224.41,100,2026-06,FlashReport_June_2026.pdf
213,619027,,,WRNES Talegaon Power Transmission Limited,Maharashtra,Adani Transmission Limited,,2028-01,,2000,2000,18,5,2026-06,FlashReport_June_2026.pdf
214,619227,,,Network Expansion Scheme in Maharashtra for removal of Transmission constraints in Pune Region-I [765/400kV AIS Pune East],Maharashtra,Power Grid Corporation of India Limited [POWERGRID],2026-03,2028-03,,1420,1420,7.95,0.5,2026-06,FlashReport_June_2026.pdf
215,617185,,,Transmission System for Integration of Kurnool-IV REZ Phase-I [for 4.5 GW] [POWERGRID Kurnool-IV Transmission Limited],"Multi-States (Andhra Pradesh, Karnataka)",Power Grid Corporation of India Limited [POWERGRID],2025-03,2027-03,2027-09,5550,5550,1595.07,24.88,2026-06,FlashReport_June_2026.pdf
216,617806,,,Transmission System for Integration of Ananthapur 2 REZ Phase 1 for 4.5 GW. SPV Name Anantapuram 2 REZ Transmission Ltd,"Multi-States (Andhra Pradesh, Karnataka)",Sterlite Power,2024-08,2027-03,,4535.99,4535.99,1057.57,50,2026-06,FlashReport_June_2026.pdf
217,619030,,,Inter-Regional Strengthening between SR Grid and ER Grid,"Multi-States (Andhra Pradesh, Odisha)",Power Grid Corporation of India Limited [POWERGRID],2026-02,2028-08,,2722.5,2722.5,143.2,1.77,2026-06,FlashReport_June_2026.pdf
218,602223,,,Comprehensive Scheme for Strengthening of Transmission and Distribution [T&D] Systems [CSST&DS] in Arunachal Pradesh and Sikkim,"Multi-States (Arunachal Pradesh, Sikkim)",Power Grid Corporation of India Limited [POWERGRID],2014-10,2018-12,2027-03,4754.42,9129.32,8128.74,83.8,2026-06,FlashReport_June_2026.pdf
219,607709,,,NORTH EASTERN REGION POWER SYSTEM IMPROVEMENT PROJECT [NERPSIP],"Multi-States (Assam, Manipur, Meghalaya, Mizoram, Nagaland, Tripura)",Power Grid Corporation of India Limited [POWERGRID],2014-12,2018-12,2027-03,5111.33,6700,5577.75,99.1,2026-06,FlashReport_June_2026.pdf
220,617271,,,Eastern Region Expansion Scheme-43 [ERES-43],"Multi-States (Bihar, Odisha, West Bengal)",Power Grid Corporation of India Limited [POWERGRID],2024-09,2026-03,2026-09,342.69,342.69,137.07,29.73,2026-06,FlashReport_June_2026.pdf
221,617807,,,Inter-regional [NR-WR] Transmission System strengthening to relieve the loading of 765 kV Vindhyachal-Varanasi D/c line,"Multi-States (Bihar, Uttar Pradesh)",Power Grid Corporation of India Limited [POWERGRID],2025-10,2027-10,,2368,2368,138.29,2.03,2026-06,FlashReport_June_2026.pdf
222,617270,,,Eastern Region Expansion Scheme-44 [ERES-44],"Multi-States (Bihar, West Bengal)",Power Grid Corporation of India Limited [POWERGRID],2024-11,2026-05,2027-06,408.94,408.94,6.13,1.5,2026-06,FlashReport_June_2026.pdf
223,611735,,,Transmission system for evacuation of power from REZ in Rajasthan 20GW under Phase-III Part J,"Multi-States (Delhi, Rajasthan)",Power Grid Corporation of India Limited [POWERGRID],2022-12,2025-03,2026-12,331,331,227.16,67.5,2026-06,FlashReport_June_2026.pdf
224,612132,,,Transmission Scheme for Evacuation of power from REZ in Rajasthan [20 GW] under Phase-III Part D Phase I [Sikar Khetri Transmission Ltd],"Multi-States (Delhi, Rajasthan)",Power Grid Corporation of India Limited [POWERGRID],2024-02,2025-08,2026-09,2423,2423,2223.59,90.51,2026-06,FlashReport_June_2026.pdf
225,615347,,,TRANSMISSION SYSTEM FOR EVACUATION OF POWER FROM POTENTIAL RENEWABLE ENERGY ZONE IN KHAVDA AREA OF GUJARAT UNDER PHASE-V [8 GW] PART A [SPV Name POWERGRID West Central Transmission Limited],"Multi-States (Gujarat, Maharashtra)",Power Grid Corporation of India Limited [POWERGRID],2024-11,2029-05,,24819,24819,2978.28,18.11,2026-06,FlashReport_June_2026.pdf
226,615339,,,Transmission system for evacuation of power from Rajasthan REZ Ph-IV [Part- 3/6GW] [Bikaner complex] Part A [SPV Name POWERGRID Bikaner IV Transmission Limited],"Multi-States (Haryana, Punjab, Rajasthan)",Power Grid Corporation of India Limited [POWERGRID],2024-11,2026-11,2027-04,5969,5969,1880.23,30.6,2026-06,FlashReport_June_2026.pdf
227,615340,,,TRANSMISSION SYSTEM FOR EVACUATION OF POWER FROM RAJASTHAN REZ PH-IV [PART-3/ 6 GW] [BIKANER COMPLEX] PART B [SPV Name POWERGRID Siwani Transmission Limited],"Multi-States (Haryana, Rajasthan)",Power Grid Corporation of India Limited [POWERGRID],2024-11,2026-11,2027-06,5357,5357,1812.81,34.01,2026-06,FlashReport_June_2026.pdf
228,617808,,,Inter-Regional Strengthening between SR Grid and WR Grid,"Multi-States (Karnataka, Maharashtra)",Power Grid Corporation of India Limited [POWERGRID],2025-10,2027-10,,1007,1007,49.85,2.5,2026-06,FlashReport_June_2026.pdf
229,612138,,,"Transmission Scheme for Solar Energy Zone in Bidar [2500 MW], Karnataka [Bidar Transmission Ltd]","Multi-States (Karnataka, Telangana)",Power Grid Corporation of India Limited [POWERGRID],2024-02,2026-02,2026-08,1368,1368,1231.2,93.76,2026-06,FlashReport_June_2026.pdf
230,615333,,,Transmission System for Evacuation of Power from Rajasthan REZ Ph-IV [Part-2 5.5 GW] [Jaisalmer/Barmer Complex] Part D [SPV Name POWERGRID Beawar Mandsaur Transmission Limited],"Multi-States (Madhya Pradesh, Rajasthan)",Power Grid Corporation of India Limited [POWERGRID],2024-08,2026-08,2026-12,2227,2227,1024.42,46.71,2026-06,FlashReport_June_2026.pdf
231,615334,,,Transmission System for Evacuation of Power from Rajasthan REZ Ph-IV [Part-2 5.5 GW] [Jaisalmer/Barmer Complex] Part E [SPV Name POWERGRID Mewar Transmission Limited],"Multi-States (Madhya Pradesh, Rajasthan)",Power Grid Corporation of India Limited [POWERGRID],2024-08,2026-08,2027-04,3251,3251,2048.13,44.33,2026-06,FlashReport_June_2026.pdf
232,617186,,,Rajasthan REZ Ph-V [Part-1- 4 GW] [Sirohi/Nagaur] Complex [Rajasthan V Power Transmission Limited],"Multi-States (Madhya Pradesh, Rajasthan)",Power Grid Corporation of India Limited [POWERGRID],2025-03,2027-03,2027-06,5028,5028,1263.53,31.49,2026-06,FlashReport_June_2026.pdf
233,619025,,,RAJASTHAN PART I POWER TRANSMISSION LIMITED,"Multi-States (Madhya Pradesh, Rajasthan, Uttar Pradesh)",Adani Transmission Limited,2025-01,2029-07,,25000,25000,426.05,4,2026-06,FlashReport_June_2026.pdf
234,612133,,,Transmission System for Evacuation of power from Rajasthan REZ Ph-IV [Part-1] [Bikaner Complex] Part D [Neemrana Bareilly Transmission Ltd],"Multi-States (Rajasthan, Uttar Pradesh)",Power Grid Corporation of India Limited [POWERGRID],2023-12,2025-12,2026-12,3271,3271,2731.29,73.17,2026-06,FlashReport_June_2026.pdf
235,616670,,,Transmission System for evacuation of Power from Rajasthan REZ Ph-IV [Part-4 3.5 GW] Part A [SPV name POWERGRID Ghiror Transmission Limited],"Multi-States (Rajasthan, Uttar Pradesh)",Power Grid Corporation of India Limited [POWERGRID],2024-12,2026-12,2027-06,5846,5846,1753.81,37.67,2026-06,FlashReport_June_2026.pdf
236,611949,,,Transmission system for evacuation of power from REZ in Rajasthan 20 GW under Phase-III part C1,Rajasthan,Power Grid Corporation of India Limited [POWERGRID],2023-10,2025-04,2026-05,1160,1160,1148.4,99.67,2026-06,FlashReport_June_2026.pdf
237,612134,,,Transmission System for Evacuation of power from Rajasthan REZ Ph-IV [Part-1] [Bikaner Complex] Part A [Bikaner Neemrana Transmission Ltd],Rajasthan,Power Grid Corporation of India Limited [POWERGRID],2023-12,2025-12,2026-12,4741,4741,3887.62,77.65,2026-06,FlashReport_June_2026.pdf
238,615332,,,Transmission System for Evacuation of Power from Rajasthan REZ Ph-IV [Part-2 5.5 GW][Jaisalmer/Barmer Complex] Part B [SPV Name POWERGRID Sirohi Transmission Limited],Rajasthan,Power Grid Corporation of India Limited [POWERGRID],2024-08,2026-08,2027-03,3279,3279,1790.99,52.83,2026-06,FlashReport_June_2026.pdf
239,615335,,,Transmission System Strengthening for Interconnections of Bhadla-III & Bikaner III Complex [SPV Name POWERGRID BHADLA BIKANER TRANSMISSION LIMITED],Rajasthan,Power Grid Corporation of India Limited [POWERGRID],2024-08,2026-08,2027-03,1382,1382,590.11,48.83,2026-06,FlashReport_June_2026.pdf
240,615337,,,Additional Transmission System for evacuation of Power from Bhadla-III PS as part of Rajasthan REZ Phase III Scheme [20 GW] [SPV Name POWERGRID Bhadla-III Power Transmission Limited],Rajasthan,Power Grid Corporation of India Limited [POWERGRID],2024-08,2026-02,2026-09,369,369,228.78,82.1,2026-06,FlashReport_June_2026.pdf
241,615338,,,TRANSMISSION SYSTEM FOR EVACUATION OF POWER FROM RAJASTHAN REZ PH -IV [PART-2 5.5 GW] [JAISALMER/BARMER COMPLEX] PART F [SPV Name POWERGRID BARMER I TRANSMISSION LIMITED],Rajasthan,Power Grid Corporation of India Limited [POWERGRID],2024-11,2026-11,2027-06,2735,2735,1100.29,43,2026-06,FlashReport_June_2026.pdf
242,617181,,,"Augmentation at Fatehgarh-II PS, Fatehgarh-IV PS [Section-II] and Barmer-I PS [POWERGRID Fatehgarh Barmer Augmentation Transmission Limited]",Rajasthan,Power Grid Corporation of India Limited [POWERGRID],2025-03,2026-12,2027-06,404,404,29.61,16.4,2026-06,FlashReport_June_2026.pdf
243,616671,,,Transmission System under ISTS for evacuation of Power from Kudankulam Unit-3&4 [2x1000 MW] [SPV Name POWERGRID Kudankulam Tarnsmission Limited],Tamil Nadu,Power Grid Corporation of India Limited [POWERGRID],2025-01,2026-12,2027-03,548,548,208.24,20.49,2026-06,FlashReport_June_2026.pdf
244,617269,,,Transmission System for Strengthening to facilitate evacuation of power from Bhadla/Bikaner Complex,Uttar Pradesh,Power Grid Corporation of India Limited [POWERGRID],2024-12,2026-06,2026-12,212.81,212.81,9.98,11.17,2026-06,FlashReport_June_2026.pdf
245,617412,,,"Construction of One Tower of Office Complex and another Tower of Residential quarters consisting of 10Nos. Type-V, 10Nos. Type-VI & 1No.Type-VII Quarters i/c internal water supply, sanitary installation and all development and bulk services, Horticulture works on EPC Mode-I basis i/c comprehensive operation and maintenance of Civil, E&M services for 7 years after completion of original construction work for Ranga Reddy, Secunderabad, Medchal, AuditI, Audit-II Commissionerates of Central Tax at Khajaguda, Serilingampally, Hyderabad.",Telangana,Central Public Works Department - CPWD,2024-03,2027-09,,644,644,175.79,23,2026-06,FlashReport_June_2026.pdf
246,707229,,,"Integrated Command control Center [ICCC] - Construction and Development of Integrated Command Control Center with Security, Surveillance, ITMS, Connecting Port, Ship Service, Smart Solid Waste Management, Smart Public Transport System",Andaman & Nicobar,ministry of housing and urban affairs,2021-07,2023-05,2025-10,209.88,230,37.35,97,2026-06,FlashReport_June_2026.pdf
247,400188,,,Redevelopment of Seven General Pool Residential Accommodation [GPRA] Colonies in Delhi,Delhi,National Buildings Construction Corporation [NBCC],2016-07,2025-12,2025-12,32850,32841,14370.45,46.7,2026-06,FlashReport_June_2026.pdf
248,701719,,,Rehablitation in Junavadaj Area Smart City Project,Gujarat,ministry of housing and urban affairs,2016-02,2022-07,2026-07,539,539,623.44,98.5,2026-06,FlashReport_June_2026.pdf
249,701766,,,Green Building Development Project,Uttarakhand,ministry of housing and urban affairs,2019-11,2023-11,2026-12,150.97,206,56.76,40.05,2026-06,FlashReport_June_2026.pdf
250,702627,,,Patna Metro Rail Project,Bihar,Patna Metro Rail Corporation Ltd. [PMRCL],2019-02,2024-02,2027-06,13365.77,13365.8,5198.09,50.05,2026-06,FlashReport_June_2026.pdf
251,617207,,,Delhi Metro Rail Phase-IV [2 Corridors],Delhi,Delhi Metro Rail Corporation Limited [DMRC],2024-03,2029-03,,8399.81,8399.81,156.69,4.29,2026-06,FlashReport_June_2026.pdf
252,619031,,,Delhi Metro Rail Phase V A,Delhi,Delhi Metro Rail Corporation Limited [DMRC],2026-01,2028-12,,12014.91,12014.9,253.96,5.63,2026-06,FlashReport_June_2026.pdf
253,702632,,,DMRTS Phase - IV [3 Priority Corridors],Delhi,Delhi Metro Rail Corporation Limited [DMRC],2019-07,2025-03,2026-12,24948.65,24948.7,21041.39,82.2,2026-06,FlashReport_June_2026.pdf
254,702630,,,Surat Metro Rail Project,Gujarat,Gujarat Metro Rail Corporation Limited [GMRCL],2019-03,2024-03,2027-03,12020.32,12020.3,9166.71,81.1,2026-06,FlashReport_June_2026.pdf
255,619022,,,"Metro connectivity from Millennium City Centre to Cyber City with Spur to Dwarka Expressway, Gurugram.",Haryana,Gurugram Metro Rail Limited [GMRL],2023-07,2027-07,,5452.72,5452.72,159.67,4.3,2026-06,FlashReport_June_2026.pdf
256,612878,,,Bangalore Metro Rail Project - PHASE-3,Karnataka,Bengaluru Metro Rail,,2031-05,,15611,15611,0,0,2026-06,FlashReport_June_2026.pdf
257,702635,,,Construction of Bangalore Metro Rail Project Phase 2.,Karnataka,Bengaluru Metro Rail,2014-02,2021-03,2026-09,26405.14,30695.1,29812.97,95.6,2026-06,FlashReport_June_2026.pdf
258,702665,,,Construction Bangalore Metro Rail Project Phase-2A & 2B,Karnataka,Bengaluru Metro Rail,2021-06,2026-06,2026-06,14788.1,14788.1,10376.43,66,2026-06,FlashReport_June_2026.pdf
259,702664,,,Kochi Metro Rail Phase 2 Development Project,Kerala,CSPCC Projects,2022-11,2026-11,2026-11,1957.05,1957.05,752.34,38,2026-06,FlashReport_June_2026.pdf
260,702625,,,Bhopal Metro Rail Project,Madhya Pradesh,Madhya Pradesh Metro Rail Co Limited [MPMRCL],2018-11,2022-11,2028-06,6941.4,6941.4,4362.43,62.5,2026-06,FlashReport_June_2026.pdf
261,702626,,,Indore Metro Rail Project,Madhya Pradesh,Madhya Pradesh Metro Rail Co Limited [MPMRCL],2018-11,2022-11,2028-12,7500.8,7500.8,5044,65.19,2026-06,FlashReport_June_2026.pdf
262,617225,,,PCMC To Nigdi- Extension Of North South Corridor Of Phase-1,Maharashtra,Maharashtra Metro Rail Corporation Limited [MMRCL],2023-10,2027-01,,910.18,960.18,309.65,47.17,2026-06,FlashReport_June_2026.pdf
263,617226,,,Pune Metro Phase-1 Extension line towards south from Swargate to Katraj,Maharashtra,Maharashtra Metro Rail Corporation Limited [MMRCL],2024-09,2029-03,,2954.53,2954.53,88.81,6.2,2026-06,FlashReport_June_2026.pdf
264,617327,,,Thane Integral Ring Metro Rail Project,Maharashtra,Maharashtra Metro Rail Corporation Limited [MMRCL],2024-09,2029-09,,12200.1,12200.1,95.64,9.49,2026-06,FlashReport_June_2026.pdf
265,618971,,,Pune Metro Rail Project Phase-2 Corridor 2A Vanaz to Chandani Chowk and Corridor 2B Ramwadi to Wagholi/Vitthalwadi,Maharashtra,Maharashtra Metro Rail Corporation Limited [MMRCL],2025-07,2029-07,,3626.24,3626.24,4.48,1.88,2026-06,FlashReport_June_2026.pdf
266,618985,,,Pune Metro Rail Project Phase-2 Line-4 Kharadi to Khadakwasla with Spur Line 4A Nal Stop - Warje - Manikbaug,Maharashtra,Maharashtra Metro Rail Corporation Limited [MMRCL],2025-12,2030-12,,9857.85,9857.85,7.41,1.3,2026-06,FlashReport_June_2026.pdf
267,701745,,,New Suburba Station Development Project,Maharashtra,ministry of housing and urban affairs,2018-04,2022-07,,262.76,262.76,17.62,6,2026-06,FlashReport_June_2026.pdf
268,701991,,,Kalyan Station Precinct Imporvement Project,Maharashtra,ministry of housing and urban affairs,2018-04,2023-07,2026-06,600,723.7,523.76,84,2026-06,FlashReport_June_2026.pdf
269,702637,,,Mumbai Metro Line 3,Maharashtra,Mumbai Metro Rail Corporation Limited [MMRC],2013-07,2023-03,2025-08,23136,37276,33648.26,97.86,2026-06,FlashReport_June_2026.pdf
270,702658,,,Nagpur Metro Rail Phase II Development Project,Maharashtra,Maharashtra Metro Rail Corporation Limited [MMRCL],2022-12,2027-12,,6708,6708,2026.56,40.86,2026-06,FlashReport_June_2026.pdf
271,617206,,,Delhi Metro Rail Phase-IV [Rithala - Kundli Corridor],"Multi-States (Delhi, Haryana)",Delhi Metro Rail Corporation Limited [DMRC],2025-01,2029-01,,6230.99,6230.99,570.13,3.02,2026-06,FlashReport_June_2026.pdf
272,612066,,,Rajasthan Metro Rail Project Phase 1C from Badi Chaupar to Transport Nagar via Galta Gate,Rajasthan,Jaipur Metro Rail Corporation,2025-10,2027-04,,980.08,980.08,103.03,0,2026-06,FlashReport_June_2026.pdf
273,612068,,,Jaipur Metro Phase 1D Project from Mansarovar to Ajmer Road Chauraha,Rajasthan,Jaipur Metro Rail Corporation,2026-05,2026-03,,204.81,204.81,23.34,12.48,2026-06,FlashReport_June_2026.pdf
274,702668,,,Chennai Metro Rail Phase-II Development Project,Tamil Nadu,Chennai Metro Rail Limited [CMRL],2024-10,2029-08,,63246,63246,33774,53.36,2026-06,FlashReport_June_2026.pdf
275,616221,,,"Extension of Aqua Line Metro Corridor from Noida Sector-142 station to Botanical Garden, Noida of Noida Metro Rail Corporation",Uttar Pradesh,Noida Metro Rail Corporation Ltd. [NMRCL],2026-03,2030-03,,2254.35,2254.35,0,0,2026-06,FlashReport_June_2026.pdf
276,619052,,,LUCKNOW METRO RAIL PROJECT PHASE-1B EAST WEST CORRIDOR,Uttar Pradesh,Uttar Pradesh metro rail corporation [UPMRC],2025-09,2031-04,,5801.05,5801.05,0,1.5,2026-06,FlashReport_June_2026.pdf
277,702628,,,Kanpur Metro Rail Project,Uttar Pradesh,Uttar Pradesh metro rail corporation [UPMRC],2019-05,2024-05,2027-03,11076.48,11076.5,9131.15,82.5,2026-06,FlashReport_June_2026.pdf
278,702629,,,Agra Metro Rail Project,Uttar Pradesh,Uttar Pradesh metro rail corporation [UPMRC],2019-05,2024-05,2027-06,8379.62,8379.62,6081.28,72.5,2026-06,FlashReport_June_2026.pdf
279,702674,,,"ESR - 8 nos., distribution system - 216 Km, new house service connections - 38760 nos. upgrading of feeder mains, pumping station etc. - Phase II",Andhra Pradesh,Ministry of Housing & Urban Affairs,2017-02,2023-03,2026-08,172.22,172.22,88.86,82,2026-06,FlashReport_June_2026.pdf
280,702699,,,Muzaffarpur Storm Water Drainage Phase-I Project,Bihar,Ministry of Housing & Urban Affairs,2016-11,2023-10,2026-06,158.78,158.78,135.72,85,2026-06,FlashReport_June_2026.pdf
281,702734,,,Sewerage Management Scheme Part-3 Implementation,Haryana,Ministry of Housing & Urban Affairs,2017-03,2023-09,2026-09,278.01,278.01,228.49,88,2026-06,FlashReport_June_2026.pdf
282,702741,,,Dhanbad Water Supply Infrastructure Project,Jharkhand,Ministry of Housing & Urban Affairs,2017-02,2023-03,2026-06,216.55,216.55,129.16,76,2026-06,FlashReport_June_2026.pdf
283,702742,,,SAAP-3 Water Supply Infrastructure SAAP-3 Project,Jharkhand,Ministry of Housing & Urban Affairs,2017-02,2023-10,2026-06,159.31,159.31,87.5,67,2026-06,FlashReport_June_2026.pdf
284,702746,,,Augmentation and Strenghthning of Urban Water Supply Phase 1 - SAAP 3,Jharkhand,Ministry of Housing & Urban Affairs,2017-02,2023-03,2026-06,278.28,278.28,186.5,81,2026-06,FlashReport_June_2026.pdf
285,702760,,,Belgavi Improvement in Sewerage System Project,Karnataka,Ministry of Housing & Urban Affairs,2015-12,2023-07,2026-06,162.73,162.73,79.5,80,2026-06,FlashReport_June_2026.pdf
286,702793,,,Indore Water Supply Infrastructure Project,Madhya Pradesh,Ministry of Housing & Urban Affairs,2016-12,2023-03,2026-06,287.17,287.17,252.5,99,2026-06,FlashReport_June_2026.pdf
287,702808,,,Satna Sewerage Management and Treatment Infrastructure Project,Madhya Pradesh,Ministry of Housing & Urban Affairs,2015-11,2024-03,2026-08,191.56,215.89,200.32,96,2026-06,FlashReport_June_2026.pdf
288,702810,,,Singrauli Sewerage Management and Treatment Infrastructure Project,Madhya Pradesh,Ministry of Housing & Urban Affairs,2016-05,2023-03,2026-06,402.01,438.1,371.17,90,2026-06,FlashReport_June_2026.pdf
289,702833,,,Kalyan-Dombivali Water Supply Infrastructure Project,Maharashtra,Ministry of Housing & Urban Affairs,2016-07,2023-10,2026-08,194.2,194.2,136.56,75,2026-06,FlashReport_June_2026.pdf
290,702851,,,Pune Water Supply Infrastructure Project,Maharashtra,Ministry of Housing & Urban Affairs,2017-03,2023-03,2026-08,235.95,235.95,220.77,96,2026-06,FlashReport_June_2026.pdf
291,703021,,,Jalandhar Water Supply Infrastructure Project,Punjab,Ministry of Housing & Urban Affairs,2016-11,2023-08,2026-08,258.53,266.64,161.02,90,2026-06,FlashReport_June_2026.pdf
292,703057,,,Patiala Water Supply Infrastructure Part-2 Project,Punjab,Ministry of Housing & Urban Affairs,2016-11,2023-10,2026-08,287,287,213.64,99,2026-06,FlashReport_June_2026.pdf
293,702949,,,Jhansi Water Supply Infrastructure Phase-II Project,Uttar Pradesh,Ministry of Housing & Urban Affairs,2017-03,2023-07,2026-08,561.74,561.74,506.52,95,2026-06,FlashReport_June_2026.pdf
294,702958,,,Lucknow Sewerage Management Infrastructure Project,Uttar Pradesh,Ministry of Housing & Urban Affairs,,2023-03,2026-08,142.46,173.21,152.65,95,2026-06,FlashReport_June_2026.pdf
295,617280,,,"Construction of Basement + Ground Floor+ 10 Storeyed building for State of the Art Director General, GSI Building at plot No.GN-40, Sector-V, Salt Lake, Kolkata",West Bengal,Central Public Works Department [CPWD],2019-04,2026-08,,255.37,255.37,98.92,64,2026-06,FlashReport_June_2026.pdf
296,400426,,,Expansion of Malanjkhand Copper Project,Madhya Pradesh,Hindustan Copper Limited [HCL],2011-09,2020-04,2029-03,1856.36,3800,1009.9,26,2026-06,FlashReport_June_2026.pdf
297,400141,,,Expansion of Alumina Refinery Plant with addition of 5th Stream having capacity enhancement of 1.0 Million Tonee Per Annum,Odisha,National Aluminium Company Limited [NALCO],2017-04,2022-12,2026-06,4103,5677.4,4985.07,95.2,2026-06,FlashReport_June_2026.pdf
298,400299,,,Pottangi Bauxite Mines Project,Odisha,National Aluminium Company Limited [NALCO],2018-05,2025-03,2026-11,1381,1960.77,770.23,52.2,2026-06,FlashReport_June_2026.pdf
299,709831,,,SOURCING OF BAUXITE ARRANGEMENT FOR 5TH STREAM ALUMINA REFINERY FROM SOUTH BLOCK MINING LEASE OF PANCHPATMAILI MINES,Odisha,National Aluminium Company Limited [NALCO],2017-11,2025-05,2026-06,483,483,451.7,93.1,2026-06,FlashReport_June_2026.pdf
300,709832,,,25.5 MW WIND POWER PROJECT AT KAYATHAR IN TAMILNADU,Tamil Nadu,National Aluminium Company Limited [NALCO],2017-09,2025-03,2026-03,166,166,135,66.73,2026-06,FlashReport_June_2026.pdf
301,613008,,,Construction of Permanent Campus of Central Tribal University of Andhra Pradesh Phase-1,Andhra Pradesh,Central Tribal University of Andhra Pradesh,2019-09,2027-06,,305,305,67.73,44.5,2026-06,FlashReport_June_2026.pdf
302,612898,,,Construction of Permanent Campus of National Institute of Technology Arunachal Pradesh,Arunachal Pradesh,"National Institute of Technology, Arunachal Pradesh",2009-09,2026-08,2024-08,592.61,592.61,551.3,80,2026-06,FlashReport_June_2026.pdf
303,606112,,,Tezpur University Projects,Assam,Tezpur University,2019-05,2023-11,2025-12,153.71,153.71,137.84,97.97,2026-06,FlashReport_June_2026.pdf
304,606013,,,Additional Campus of NITPatna,Bihar,NIT Patna,2022-07,2024-07,2026-01,499.21,499.21,449.96,98.6,2026-06,FlashReport_June_2026.pdf
305,617877,,,Phase B Construction of Permanent Campus of IIT Bhilai,Chhattisgarh,"Indian Institute of Technology, Bhilai",2025-05,2028-10,,1188.97,1188.97,0,0,2026-06,FlashReport_June_2026.pdf
306,612851,,,"Phase 1B - Construction of Academic Block, Hostel, Residential Tower, Directors Residence and External Development works at National Institute of Technology, Delhi Campus on Engineering, Procurement and Construction basis",Delhi,National Institute of Technology Delhi,2009-09,2025-09,2026-01,333.49,336.42,327.26,99.9,2026-06,FlashReport_June_2026.pdf
307,616886,,,Delhi University Eastern Campus at Surajmal Vihar,Delhi,Delhi University,2024-09,2026-10,,373,373,30.13,13,2026-06,FlashReport_June_2026.pdf
308,612916,,,"Construction of permanent campus of Central University of Gujarat at Village kundhela, Dist. Vadodara, Gujarat.",Gujarat,Central University of Gujarat,2020-12,2025-03,2026-03,490.63,490.63,339.4,86,2026-06,FlashReport_June_2026.pdf
309,602099,,,Establishment of Permanent campus Phase 1 of IIM Sirmaur,Himachal Pradesh,"Indian Institute of Management, Sirmaur",2018-09,2023-10,2026-06,392.51,454.78,338.83,98.3,2026-06,FlashReport_June_2026.pdf
310,612128,,,Hostel blocks & dining hall block,Himachal Pradesh,"Indian Institute of Technology, Mandi",2023-03,2026-03,2026-07,166.66,166.66,122.26,84,2026-06,FlashReport_June_2026.pdf
311,612894,,,"Construction of Permanent Campus of Central University of Himachal Pradesh at Dehra, District - Kangra, [H.P.] on Engineering. Procurement and Construction [EPC Mode 1] Basis.",Himachal Pradesh,"Central University, Himachal Pradesh",2021-03,2024-11,2026-03,251.98,300.45,223.6,86,2026-06,FlashReport_June_2026.pdf
312,602098,,,"Construction of Permanent Campus for IIM Jammu Phase-1 at Jagti, Nagrota, Jammu, J&K",Jammu and Kashmir,"Indian Institute of Management, Jammu",2019-03,2023-06,2025-11,424.93,500.91,484.52,96,2026-06,FlashReport_June_2026.pdf
313,606431,,,CONSTRUCTION OF PERMANENT CAMPUS FOR IIT PALAKKAD UNDER PHASE 1A,Kerala,INDIAN INSTITUTE OF TECHNOLOGY PALAKKAD,2017-07,2022-06,2026-06,1006.45,1217.4,686.2,86.5,2026-06,FlashReport_June_2026.pdf
314,617878,,,Phase B of Construction of Permanent Campus of IIT Palakkad,Kerala,INDIAN INSTITUTE OF TECHNOLOGY PALAKKAD,2025-05,2028-10,,1527,1527,9.8,0,2026-06,FlashReport_June_2026.pdf
315,611957,,,"Phase III A works at IIT Indore [03 Hostels, 01 Studio Apartment, 01 Housing, Heavy & Sophisticated lab complex, Academic POD and Infrastructure for center of excellence]",Madhya Pradesh,"Indian Institute of Technology, Indore",2023-12,2027-02,,496.28,496.28,97.35,65,2026-06,FlashReport_June_2026.pdf
316,612885,,,Construction and Developement of National Institute of Technology Meghalaya Permanent Campus at Sohra,Meghalaya,"National Institute of Technology, Meghalaya",2009-09,2022-03,2026-10,494.52,429.7,368.98,96,2026-06,FlashReport_June_2026.pdf
317,612876,,,"Construction of Permanent Campus for NIT Mizoram at Lengpui, Aizawl",Mizoram,NIT Mizoram,2009-09,2029-12,2022-03,474.23,474.23,167.55,4,2026-06,FlashReport_June_2026.pdf
318,613013,,,Establishment of NIT Nagaland,Nagaland,NIT Nagaland,2009-09,2025-12,,275.63,275.63,263.25,98,2026-06,FlashReport_June_2026.pdf
319,610315,,,IISER BERHAMPUR,Odisha,"Indian Institutes of Science Education and Research, Behrampur",2018-10,2021-03,2026-06,1229.32,843.09,874.09,98.5,2026-06,FlashReport_June_2026.pdf
320,611961,,,Construction of IIT Bhubaneswar -Phase III,Odisha,"Indian Institute of Technology, Bhubaneshwar",2024-02,2026-11,,454.27,454.27,101.36,9.2,2026-06,FlashReport_June_2026.pdf
321,619033,,,"1000 seater Boys hostel, 500 seater Girls hostel, 1.5 MLD Sewage Treatment Plant and Faculty Residence - 72 nos. Flats",Odisha,NIT Rourkela,2023-09,2026-06,,198.97,198.97,51.73,47,2026-06,FlashReport_June_2026.pdf
322,612877,,,Establishment of NIT Puducherry Permanent Campus [Phase-I and Phase-II],Puducherry,"National Institute of Technology, Puducherry",2009-09,2024-12,2026-05,618.34,544.34,543.74,99.5,2026-06,FlashReport_June_2026.pdf
323,605292,,,"Construction of Permanent Campus of Indian Institute of Management [IIM] Amritsar, Punjab, Phase-I",Punjab,"Indian intitue of Management, Amritsar",2019-10,2023-06,2026-11,348.31,348.31,293.24,91.7,2026-06,FlashReport_June_2026.pdf
324,617221,,,"Construction of Girls Hostel 400 seater, Boys Hostel 600 seater, Academic Block, International Hostel 100 seater, VC Residence and Purchase of Equipment",Punjab,Central University of Punjab,2024-08,2027-10,,210.99,210.99,81.06,48,2026-06,FlashReport_June_2026.pdf
325,609736,,,"Construction of Sikkim University Campus Phase-I Package-II at Yangang, South Sikkim",Sikkim,Sikkim University,2020-08,2025-01,2026-03,314.06,351.74,292,96,2026-06,FlashReport_June_2026.pdf
326,612883,,,Establishment of Permanent Campus of NIT SIkkim at Khamdong-Gangtok District,Sikkim,NIT Sikkim,2024-02,2028-02,2026-12,685.76,610.76,283.56,37.6,2026-06,FlashReport_June_2026.pdf
327,609996,,,Construction of Precast housing and hostels at IIT Hyderabad,Telangana,"Indian Institute of Technology, Hyderabad",2022-09,2024-10,2026-01,262,262,216.1,89.11,2026-06,FlashReport_June_2026.pdf
328,606479,,,Banaras Hindu University [ Kayakalp of Institute of Medical Sciences],Uttar Pradesh,Banaras Hindu University,2020-06,2022-09,2026-03,246,246,209.68,99,2026-06,FlashReport_June_2026.pdf
329,611963,,,"Construction & Development of Infrastructural Facilities in the main campus of NIT Uttarakhand at Sumari, Pauri Garhwal",Uttarakhand,National Institute of Technology Uttarakhand,2020-06,2027-09,,650.85,650.85,391.87,62,2026-06,FlashReport_June_2026.pdf
330,609019,,,"HEFA projects on development of student hostels, playgrounds, departmental buildings, class room complex and other campus facilities in IIT Kharagpur",West Bengal,"Indian Institute of Technology, Kharagpur",2018-06,2023-03,2026-03,500,442,418.86,97,2026-06,FlashReport_June_2026.pdf
331,400081,,,"National Sports University [NSU], Imphal [Manipur]",Manipur,Department of Sports & Youth Affairs,2022-06,2024-08,2026-08,906.47,611.74,576.37,97.25,2026-06,FlashReport_June_2026.pdf
332,709754,,,"Construction of LPG Facilities at Kamardanga, Assam",Assam,Hindustan Petroleum Corporation Limited,2023-03,2027-07,2027-07,156.36,156.36,109.34,79.8,2026-06,FlashReport_June_2026.pdf
333,709755,,,"Setting up of new rail fed POL facility at Kamardanga, Assam",Assam,Hindustan Petroleum Corporation Limited [HPCL],2023-03,2027-07,2027-07,384.04,384.04,235.27,85.5,2026-06,FlashReport_June_2026.pdf
334,617839,,,Capacity Augmentation of Kandla LPG Import Terminal [KLIT] from 0.6 MMTPA to 2.5 MMTPA,Gujarat,Ministry of Petroleum & Natural Gas,2023-05,2026-07,2026-07,356.86,304.4,163.79,67.5,2026-06,FlashReport_June_2026.pdf
335,604833,,,"Andheri Residential Towers, Mumbai",Maharashtra,Ministry of Petroleum & Natural Gas,2017-06,2025-05,2026-06,281.35,389.67,279.72,83,2026-06,FlashReport_June_2026.pdf
336,619313,,,Setting up of 50 MW [plus/minus 5 percent] Wind Power Plant for Captive Consumption at MR,Maharashtra,MinistryofPetroleumNaturalGas,2023-05,2027-04,2027-04,483.14,483.14,360.28,65.9,2026-06,FlashReport_June_2026.pdf
337,617829,,,LPG Bottling Plant at Mualkhang,Mizoram,MinistryofPetroleumNaturalGas,2024-07,2028-10,2028-03,225.71,225.71,30.84,33,2026-06,FlashReport_June_2026.pdf
338,701343,,,Srikakulam Angul Gas Pipeline Project,"Multi-States (Andhra Pradesh, Odisha)",Ministry of Petroleum & Natural Gas,2019-09,2022-07,2026-06,2658.34,2810,2315.2,98.1,2026-06,FlashReport_June_2026.pdf
339,701349,,,Paradip-Numaligarh Crude Oil Pipeline [PNCPL] & Crude Oil Import Terminal [COIT] at Paradip,"Multi-States (Assam, Bihar, Jharkhand, Odisha, West Bengal)",Ministry of Petroleum & Natural Gas,2019-01,2024-07,2026-10,10228,12407,11036,92.9,2026-06,FlashReport_June_2026.pdf
340,400078,,,New Mundra Panipat Crude Oil Pipeline,"Multi-States (Gujarat, Haryana, Rajasthan)",Ministry of Petroleum & Natural Gas,2021-12,2024-12,2026-06,9028,9028,7482.71,94.1,2026-06,FlashReport_June_2026.pdf
341,400012,,,Kandla Gorakhpur LPG Pipeline,"Multi-States (Gujarat, Madhya Pradesh, Uttar Pradesh)",Ministry of Petroleum & Natural Gas,2018-12,2021-12,2026-06,10088,10088,8672.35,95.7,2026-06,FlashReport_June_2026.pdf
342,400301,,,Multi Product Pipeline from Irugur to Devangonthi,"Multi-States (Karnataka, Tamil Nadu)","Department of Water Resources, River Development & GR",2012-11,2017-02,2026-09,678,1732,1155.32,84.3,2026-06,FlashReport_June_2026.pdf
343,709759,,,"Petrochemical evacuation marketing terminal at Barmer, Rajasthan",Rajasthan,Hindustan Petroleum Corporation Limited [HPCL],2023-12,2026-12,2026-12,461.05,461.05,235.1,95.8,2026-06,FlashReport_June_2026.pdf
344,400043,,,Laying of POL Pipelines in Common Corridor for proposed grass root terminal at Vallur [Chennai],Tamil Nadu,Ministry of Petroleum & Natural Gas,2022-01,2026-05,2027-03,829,829,382.96,79.6,2026-06,FlashReport_June_2026.pdf
345,604852,,,"Grass-root Terminal at Mirzapur, Uttar Pradesh",Uttar Pradesh,Ministry of Petroleum & Natural Gas,2022-09,2026-11,2026-11,980.45,980.45,295.55,76.5,2026-06,FlashReport_June_2026.pdf
346,400120,,,KG-DWN-98/2 Cluster - II Development Project - NELP Block,Andhra Pradesh,MinistryofPetroleumNaturalGas,2016-03,2020-06,2026-06,34012,34012,33113.74,96.8,2026-06,FlashReport_June_2026.pdf
347,619226,,,Provision of four bitumen tanks with capacity of 5 TMT each at Visakh Refinery,Andhra Pradesh,Ministry of Petroleum and Natural Gas,2025-09,2028-03,2028-03,258.34,258.34,7.12,15.7,2026-06,FlashReport_June_2026.pdf
348,709752,,,HP-COAT [Crude to Olefins and Aromatics Technology] demo unit at Visakh Refinery,Andhra Pradesh,Hindustan Petroleum Corporation Limited,2021-09,2024-06,2027-02,160,220,152.82,93.5,2026-06,FlashReport_June_2026.pdf
349,604791,,,Numaligarh Refinery Expansion Project,Assam,Ministry of Petroleum & Natural Gas,2020-07,2024-07,2027-03,12366,25313,20127.1,86.2,2026-06,FlashReport_June_2026.pdf
350,604863,,,Development of Surface Facilities for production and evacuation of Crude Oil and Natural Gas from Nadua and East Khagorija,Assam,Ministry of Petroleum & Natural Gas,2018-01,2020-02,2026-06,682.9,726.93,599.83,94.4,2026-06,FlashReport_June_2026.pdf
351,616858,,,"Construction of Field Gas Gathering Station at Baghjan area for collection, processing & transportation of natural Gas to be produced from Baghjan Field",Assam,Ministry of Petroleum & Natural Gas,2020-12,2024-03,2026-06,430.76,430.76,348.57,94.5,2026-06,FlashReport_June_2026.pdf
352,617836,,,Coke Drum Structure Package,Assam,Ministry of Petroleum & Natural Gas,2022-12,2025-12,2026-09,635.28,635.28,543,70.8,2026-06,FlashReport_June_2026.pdf
353,619316,,,"Group Gathering Station, Lakwagaon",Assam,Ministry of Petroleum & Natural Gas,2025-10,2027-10,2027-10,495.59,495.59,20.04,7.8,2026-06,FlashReport_June_2026.pdf
354,709776,,,Augmentation/Revamping of Facilities at existing Guwahati Terminal at Betkuchi,Assam,MinistryofPetroleumNaturalGas,2022-04,2026-09,2026-09,277,323.09,234.57,84.2,2026-06,FlashReport_June_2026.pdf
355,709779,,,Capacity Expansion of Digboi Refinery from 0.65 to 1.0 MMTPA,Assam,MinistryofPetroleumNaturalGas,2022-06,2026-03,2027-07,768,740,225.2,59.4,2026-06,FlashReport_June_2026.pdf
356,709847,,,Pipeline Network Project Rudrasagar,Assam,Ministry of Petroleum & Natural Gas,2023-01,2026-04,2027-04,481.03,481.03,238.7,54.8,2026-06,FlashReport_June_2026.pdf
357,709850,,,Borholla GGS Life Extension Project [BLEP],Assam,Ministry of Petroleum & Natural Gas,2023-09,2026-05,2026-09,198.7,198.7,103.59,62.5,2026-06,FlashReport_June_2026.pdf
358,709864,,,DCU Revamp Project,Assam,NRL,2021-08,2024-07,2027-03,370,370,310.38,78.6,2026-06,FlashReport_June_2026.pdf
359,709865,,,Power Recovery Turbine [PRT] in PFCCU unit as an Energy Conservation Scheme,Assam,NRL,2023-04,2024-12,2026-12,293.5,293.5,81.84,99,2026-06,FlashReport_June_2026.pdf
360,617304,,,"Setting up of LPG Plant with Rail Unloading Facility at Hathua, Dist. Gopalganj, Bihar",Bihar,MinistryofPetroleumNaturalGas,2023-10,2027-03,2027-03,340.15,340.15,179.55,55,2026-06,FlashReport_June_2026.pdf
361,701324,,,Barauni Refinery Capacity Expansion from 6.0 to 9.0 MMTPA,Bihar,Ministry of Petroleum & Natural Gas,2020-01,2023-04,2026-08,14810,16724,74990.3,91.6,2026-06,FlashReport_June_2026.pdf
362,709777,,,Installation of Bitumen Manufacturing Unit along with allied facilities at Barauni Refinery,Bihar,MinistryofPetroleumNaturalGas,2022-01,2025-04,2027-06,389.35,340,130.89,64.6,2026-06,FlashReport_June_2026.pdf
363,709792,,,"City Gas Distribution Projects at Darbhanga, Madhubani, Supaul, Sitamarhi and Sheohar districts",Bihar,Bharat Petroleum Corporation Limited [BPCL],2022-12,2030-03,2030-03,3638,3638,489.42,33.5,2026-06,FlashReport_June_2026.pdf
364,709793,,,"City Gas Distribution Projects at Gopalganj, Siwan, West Champaran, East Champaran and Deoria districts",Bihar,Bharat Petroleum Corporation Limited [BPCL],2022-12,2030-06,2030-06,3919,3919,518.13,30.2,2026-06,FlashReport_June_2026.pdf
365,617819,,,"City Gas Distribution [CGD] Project in Kondagaon, Bastar, Sukma, Narayanpur, Bijapur & Dantewada GA",Chhattisgarh,Ministry of Petroleum & Natural Gas,2022-06,2030-06,2030-06,557.04,557.04,10.33,2.2,2026-06,FlashReport_June_2026.pdf
366,400087,,,Redevelopment of Sobhasan Complex,Gujarat,Oil and Natural Gas Corporation Limited [ONGC],2021-08,2027-03,2027-03,885.63,1347.61,1037.37,94.3,2026-06,FlashReport_June_2026.pdf
367,400167,,,Redevelopment of Santhal Field [Onshore-Mehsana Asset],Gujarat,Oil and Natural Gas Corporation Limited [ONGC],2017-02,2026-03,2026-12,1162.56,1162.56,1117.8,96.8,2026-06,FlashReport_June_2026.pdf
368,400169,,,Redevelopment of Linch Field,Gujarat,MinistryofPetroleumNaturalGas,2021-04,2025-03,2026-07,631.03,845.42,617.84,92.1,2026-06,FlashReport_June_2026.pdf
369,701329,,,Petrochemical and Lube Integration Project at Gujarat Refinery,Gujarat,Ministry of Petroleum & Natural Gas,2020-09,2024-08,2026-11,18936,17825,75182.67,89.2,2026-06,FlashReport_June_2026.pdf
370,709778,,,Installation of new Biturox Unit along with allied facilities at Gujarat Refinery,Gujarat,MinistryofPetroleumNaturalGas,2022-01,2025-08,2026-12,328.29,344.36,227.48,87,2026-06,FlashReport_June_2026.pdf
371,709838,,,Commercial Polymer Flooding Project in Bechraji field,Gujarat,Oil and Natural Gas Corporation Limited [ONGC],2022-01,2024-11,2027-05,621.4,739.02,251.74,48.2,2026-06,FlashReport_June_2026.pdf
372,709840,,,"Restoration of Gas Terminal, Phase-I [Part-A], Hazira",Gujarat,Oil and Natural Gas Corporation Limited [ONGC],2022-05,2025-02,2026-07,249.43,249.43,218.03,97.5,2026-06,FlashReport_June_2026.pdf
373,709841,,,Old Pipe Line Replacement [OPRP] Group-A,Gujarat,Oil and Natural Gas Corporation Limited [ONGC],2021-07,2025-07,2026-07,173.03,169.84,167.98,94.5,2026-06,FlashReport_June_2026.pdf
374,709842,,,"Kalol Redevelopment Project, Ahmedabad Asset",Gujarat,Oil and Natural Gas Corporation Limited [ONGC],2022-08,2027-03,2027-03,1487.41,1487.41,945.45,65,2026-06,FlashReport_June_2026.pdf
375,709845,,,"Revamping of SV Stations, Gas Terminal & Kribhco Terminal",Gujarat,Oil and Natural Gas Corporation Limited [ONGC],2022-11,2026-08,2026-08,837.34,837.34,451.61,70.1,2026-06,FlashReport_June_2026.pdf
376,604853,,,"Indian Oil Technology Development and Deployment Centre at R&D Campus-II, Faridabad",Haryana,Ministry of Petroleum & Natural Gas,2019-06,2022-12,2027-07,2281.94,3200,1921.56,65.3,2026-06,FlashReport_June_2026.pdf
377,611917,,,Poly Butadiene Rubber plant at Panipat,Haryana,Indian Oil Corporation Limited [IOCL],2022-03,2025-03,2026-12,1459,2531.44,1643.7,88.7,2026-06,FlashReport_June_2026.pdf
378,619196,,,Change of service of existing Mundra-Panipat Pipeline [Panipat - Churwa section] from Crude oil to Product,Haryana,IOCL,2025-05,2027-04,2027-03,359,359,40.86,39.6,2026-06,FlashReport_June_2026.pdf
379,701289,,,Capacity Expansion of Panipat Refinery from 15 to 25 MMTPA,Haryana,Ministry of Petroleum & Natural Gas,2021-02,2024-09,2026-12,34627,36225,27518.03,94,2026-06,FlashReport_June_2026.pdf
380,709783,,,"Installation of Multiple Effect Evaporator [MEE] for ETP-1, 2 & 4 of Panipat Refinery and Petrochemical Complex.",Haryana,MinistryofPetroleumNaturalGas,2020-12,2023-06,2026-06,165.13,247.69,186.64,91.8,2026-06,FlashReport_June_2026.pdf
381,709773,,,"City Gas Distribution Project at Jammu, Udhampur, Reasi, Samba and Kathua Districts",Jammu and Kashmir,MinistryofPetroleumNaturalGas,2022-03,2034-09,2034-09,538,538,4.3,0.6,2026-06,FlashReport_June_2026.pdf
382,610984,,,Development of Jharia CBM Block [Phase-1],Jharkhand,Oil and Natural Gas Corporation Limited [ONGC],2019-11,2024-01,2026-07,431,431,267.59,66.1,2026-06,FlashReport_June_2026.pdf
383,709785,,,Laying of Natural Gas Pipeline from Hazaribagh to Ranchi [HRPL],Jharkhand,MinistryofPetroleumNaturalGas,2023-02,2026-02,2027-03,202.07,202.07,65.3,58.1,2026-06,FlashReport_June_2026.pdf
384,612790,,,Power System Upgradation Project,Karnataka,MinistryofPetroleumNaturalGas,2023-10,2025-11,2026-09,385,385,268.2,88.7,2026-06,FlashReport_June_2026.pdf
385,616879,,,Demo Bio-ATF Project,Karnataka,Ministry of Petroleum & Natural Gas,2024-03,2027-01,2027-01,364,364,85.56,51.1,2026-06,FlashReport_June_2026.pdf
386,709774,,,Revamping/ Augmentation of facilities at existing port terminal at Mangalore,Karnataka,Ministry of Petroleum & Natural Gas,2022-01,2025-12,2027-06,463,500.62,321.59,85,2026-06,FlashReport_June_2026.pdf
387,617838,,,Augmentation of CCKPL and IDPL Pipelines capacity along with setting up of Palakkad TOP,Kerala,Ministry of Petroleum & Natural Gas,2024-09,2028-08,2028-08,1130,1130,306.1,43.2,2026-06,FlashReport_June_2026.pdf
388,709799,,,Setting up Polypropylene Unit at Kochi Refinery,Kerala,MinistryofPetroleumNaturalGas,2023-12,2027-10,2027-10,4460,4850,893.86,40.5,2026-06,FlashReport_June_2026.pdf
389,617830,,,C2/C3 Vijaipur Pata Pipeline,Madhya Pradesh,Ministry of Petroleum & Natural Gas,2024-05,2027-01,2027-01,1792,1792,510.5,70.8,2026-06,FlashReport_June_2026.pdf
390,709798,,,Ethylene Cracker Project at Bina Refinery including downstream Petrochemical Plants and expansion of Refinery,Madhya Pradesh,MinistryofPetroleumNaturalGas,2023-05,2028-05,2028-05,43367,43367,5596,30.7,2026-06,FlashReport_June_2026.pdf
391,400168,,,"500 KTA PDHPP Project, Usar",Maharashtra,Ministry of Petroleum & Natural Gas,2021-04,2025-04,2027-06,8797,11256,8741.88,91.6,2026-06,FlashReport_June_2026.pdf
392,616933,,,Lube Modernization & Bottom Upgradation Project at Mumbai Refinery,Maharashtra,Ministry of Petroleum and Natural Gas,2024-12,2028-03,2028-03,4679,4679,288.53,12.3,2026-06,FlashReport_June_2026.pdf
393,619223,,,Petro Resid Fluidized Catalytic Cracking [PRFCC] Unit and its associated facilities at Mumbai Refinery,Maharashtra,Ministry of Petroleum & Natural Gas,2025-05,2029-09,2029-09,13626,13626,81.87,6.1,2026-06,FlashReport_June_2026.pdf
394,619224,,,Augmentation of DUPL-DPPL Pipeline,Maharashtra,Ministry of Petroleum & Natural Gas,2025-06,2028-03,2028-03,844,844,0.61,7.3,2026-06,FlashReport_June_2026.pdf
395,619225,,,Installation of Compression facility at GAIL Usar,Maharashtra,Ministry of Petroleum & Natural Gas,2025-04,2027-04,2027-04,260.2,260.2,0,0,2026-06,FlashReport_June_2026.pdf
396,619328,,,ONGC-BP Redevelopment Phase-1 Scheme of Mumbai High Field,Maharashtra,Ministry of Petroleum & Natural Gas,2025-11,2027-03,2027-03,3713.4,3908,1557.5,53.2,2026-06,FlashReport_June_2026.pdf
397,709771,,,"City Gas Distribution Project at Beed, Jalgaon and Jalna Districts",Maharashtra,MinistryofPetroleumNaturalGas,2022-03,2031-09,2031-09,865,865,84.85,3.4,2026-06,FlashReport_June_2026.pdf
398,709780,,,Construction of Additional Tankages and Allied Facilities at JNPT Terminal,Maharashtra,MinistryofPetroleumNaturalGas,2022-04,2026-08,2026-08,341.43,436.14,304.75,72.4,2026-06,FlashReport_June_2026.pdf
399,709797,,,POL & LOBS Installations with Receipt Pipelines at Rasayani,Maharashtra,Bharat Petroleum Corporation Limited [BPCL],2023-05,2026-05,2026-09,2585,2585,1416.51,85.4,2026-06,FlashReport_June_2026.pdf
400,616254,,,Visakh Raipur Pipeline Project,"Multi-States (Andhra Pradesh, Chhattisgarh, Odisha)",Ministry of Petroleum and Natural Gas,2024-09,2027-09,2027-09,2212,2212,549.21,37.1,2026-06,FlashReport_June_2026.pdf
401,701346,,,North East Gas Grid,"Multi-States (Arunachal Pradesh, Assam, Manipur, Meghalaya, Mizoram, Nagaland, Sikkim, Tripura, West Bengal)",Ministry of Petroleum & Natural Gas,2020-04,2024-03,2026-07,9265,9265,6900,88,2026-06,FlashReport_June_2026.pdf
402,617827,,,"Pipeline Rehabilitation Project, Phase-II","Multi-States (Assam, Bihar, West Bengal)",Ministry of Petroleum & Natural Gas,2024-12,2029-12,2029-12,680,680,12.65,29,2026-06,FlashReport_June_2026.pdf
403,701330,,,Mehsana-Bhatinda & Bhatinda-Jammu Natural Gas Pipeline,"Multi-States (Gujarat, Haryana, Punjab, Rajasthan)",Ministry of Petroleum & Natural Gas,2011-07,2024-06,2027-03,7392,7392,6362.31,90.2,2026-06,FlashReport_June_2026.pdf
404,612853,,,Gurdaspur Jammu Pipeline,"Multi-States (Jammu and Kashmir, Punjab)",Gas Authority of India Limited [GAIL],2023-07,2026-07,2026-07,521.9,521.9,319.1,84.6,2026-06,FlashReport_June_2026.pdf
405,701228,,,Kochi - Koottanad - Bangalore - Mangalore Pipeline Phase-II,"Multi-States (Karnataka, Kerala, Tamil Nadu)",Ministry of Petroleum & Natural Gas,2009-06,2012-12,2026-09,2915,5909,4856.3,97,2026-06,FlashReport_June_2026.pdf
406,701338,,,City Gas Distribution Maharashtra Natural Gas Limited,"Multi-States (Karnataka, Maharashtra)",Ministry of Petroleum & Natural Gas,2006-01,2031-06,2031-06,5535,5535,4392.58,47,2026-06,FlashReport_June_2026.pdf
407,701344,,,Dhamra Haldia Pipeline Project,"Multi-States (Odisha, West Bengal)",Ministry of Petroleum & Natural Gas,2020-03,2022-11,2026-09,1030.65,1125,924.4,94.3,2026-06,FlashReport_June_2026.pdf
408,709794,,,"City Gas Distribution Projects at Fazilka [except area already authorized], Ganganagar and Hanumangarh districts","Multi-States (Punjab, Rajasthan)",Bharat Petroleum Corporation Limited [BPCL],2022-12,2030-06,2030-06,3207,3207,422.99,31,2026-06,FlashReport_June_2026.pdf
409,709786,,,"Augmentation/ Revamping of Dimapur Depot, Dimapur",Nagaland,MinistryofPetroleumNaturalGas,2023-08,2027-11,2027-11,227.62,227.62,27.63,41.6,2026-06,FlashReport_June_2026.pdf
410,604859,,,Integrated Para Xylene [PX] and Purified Terephthalic Acid [PTA] Project at Paradip Refinery,Odisha,Ministry of Petroleum & Natural Gas,2020-07,2024-01,2026-08,13805,11783,70820.19,94.6,2026-06,FlashReport_June_2026.pdf
411,617818,,,"City Gas Distribution [CGD] Project in Gajapati, Kandhamal, Boudh, & Sonepur GA",Odisha,Ministry of Petroleum & Natural Gas,2022-02,2031-12,2031-12,514.91,514.91,24.9,5.9,2026-06,FlashReport_June_2026.pdf
412,709800,,,"CUF POL Depot at Sadashibpur [Meramundali], Odisha",Odisha,MinistryofPetroleumNaturalGas,2021-04,2026-03,2026-06,393.54,393.54,232.3,83.5,2026-06,FlashReport_June_2026.pdf
413,400119,,,Life Extension of 48 well platforms of Mumbai High & Heera Fields,Offshore,Oil and Natural Gas Corporation Limited [ONGC],2015-12,2018-04,2026-10,3190.69,3375.9,3123.2,90,2026-06,FlashReport_June_2026.pdf
414,616950,,,PRP-VIII [Group-A],Offshore,Ministry of Petroleum & Natural Gas,2024-09,2026-02,2026-12,1486.4,1486.4,618.99,59.6,2026-06,FlashReport_June_2026.pdf
415,619314,,,Pipeline Replacement Project- PRP-IX,Offshore,Ministry of Petroleum & Natural Gas,2025-08,2027-05,2027-05,6684,6175,864.28,21.2,2026-06,FlashReport_June_2026.pdf
416,709839,,,Daman Upside Development Project,Offshore,Oil and Natural Gas Corporation Limited [ONGC],2022-06,2025-10,2026-12,4144.41,6406.9,6284.81,99.9,2026-06,FlashReport_June_2026.pdf
417,709848,,,MHN TCPP PGC BGC Project [MTPBP],Offshore,Ministry of Petroleum & Natural Gas,2022-06,2026-05,2026-12,2329.45,2354.23,1929.54,95.5,2026-06,FlashReport_June_2026.pdf
418,709849,,,PRP-VIII Group B [NH & BS Asset],Offshore,Ministry of Petroleum & Natural Gas,2024-06,2026-02,2026-12,2379.84,3165.53,2923.49,98.7,2026-06,FlashReport_June_2026.pdf
419,709851,,,Integrated Development of 4 Contract Areas under DSF-II,Offshore,Ministry of Petroleum & Natural Gas,2023-05,2027-04,2027-04,6183.79,6183.79,2023.95,43.9,2026-06,FlashReport_June_2026.pdf
420,400171,,,2G Ethanol Biorefinery at Bathinda,Punjab,MinistryofPetroleumNaturalGas,2020-05,2023-02,2026-12,1421.46,1421.46,1293.34,94,2026-06,FlashReport_June_2026.pdf
421,709770,,,City Gas Distribution Project at Pathankot District,Punjab,MinistryofPetroleumNaturalGas,2022-03,2033-09,2033-09,151,151,8.96,2,2026-06,FlashReport_June_2026.pdf
422,604795,,,CBR 9 MMTPA Project,Tamil Nadu,Chennai Petroleum Corporation Limited [CPCL],2021-09,2025-06,2028-10,31580,36354,1590.07,10.2,2026-06,FlashReport_June_2026.pdf
423,709750,,,Laying of new 28 inch Desal Water Pipeline and 10 inch Reject Water Pipeline between CPCL Manali Refinery and CPCL Desalination plant at Ennore,Tamil Nadu,Chennai Petroleum Corporation Limited [CPCL],2024-01,2025-09,2026-12,205,205,114.87,74.8,2026-06,FlashReport_June_2026.pdf
424,709796,,,City Gas Distribution Projects at the Nilgiris and Erode districts,Tamil Nadu,Bharat Petroleum Corporation Limited [BPCL],2022-12,2030-03,2030-03,3685,3685,297.76,25.5,2026-06,FlashReport_June_2026.pdf
425,617822,,,ATF Pipeline from BPCLs Malkapur POL Installation to Hyderabad International airport,Telangana,MinistryofPetroleumNaturalGas,2025-03,2027-09,2027-09,215,215,45.99,26.1,2026-06,FlashReport_June_2026.pdf
426,709837,,,"Creation of Gas Dehydration Facilities, Tripura Asset",Tripura,Oil and Natural Gas Corporation Limited [ONGC],2022-03,2024-05,2026-08,209.33,131.51,79.98,70.5,2026-06,FlashReport_June_2026.pdf
427,619191,,,Kanpur LPG Bottling Plant,Uttar Pradesh,MinistryofPetroleumNaturalGas,2025-09,2027-09,2027-09,202,202,130.8,60,2026-06,FlashReport_June_2026.pdf
428,619312,,,Bulk Loading Hub- Kanpur,Uttar Pradesh,MinistryofPetroleumNaturalGas,2025-09,2027-09,2027-09,186,186,95.21,60,2026-06,FlashReport_June_2026.pdf
429,709781,,,Revamping / Augmentation of Facilities at Mathura Bitumen Plant,Uttar Pradesh,MinistryofPetroleumNaturalGas,2022-04,2027-06,2026-12,260.12,260.12,24.1,55.7,2026-06,FlashReport_June_2026.pdf
430,709795,,,"City Gas Distribution Projects at Lakhimpur Kheri , Sitapur, Bahraich, Shravasti,Balrampur, Siddharth Nagar & Maharajganj districts",Uttar Pradesh,Bharat Petroleum Corporation Limited [BPCL],2022-12,2030-06,2030-06,16654,16654,738.62,19,2026-06,FlashReport_June_2026.pdf
431,617302,,,Durgapur - Haldia Pipeline [Section-3B of JHBDPL Project],West Bengal,Ministry of Petroleum & Natural Gas,2017-03,2020-12,2026-09,1740,2493.15,2375.1,95.2,2026-06,FlashReport_June_2026.pdf
432,617828,,,Siliguri-Jhapa Pipeline Project,West Bengal,Indian Oil Corporation Limited [IOCL],2024-09,2029-03,2029-03,267,267,2.41,14.3,2026-06,FlashReport_June_2026.pdf
433,617837,,,Siliguri Marketing Terminal [SMT] Capacity Augmentation Project,West Bengal,Ministry of Petroleum & Natural Gas,2021-11,2025-12,2026-10,484,484,315.4,88.3,2026-06,FlashReport_June_2026.pdf
434,709753,,,Haldia Panagarh Pipeline Project,West Bengal,Hindustan Petroleum Corporation Limited,2022-11,2025-11,2026-08,1010,1107,865.19,97.2,2026-06,FlashReport_June_2026.pdf
435,709772,,,"City Gas Distribution Project at East Mednipore, West Mednipore & Jhargram Districts",West Bengal,MinistryofPetroleumNaturalGas,2022-03,2031-06,2031-06,609,609,63.62,2.9,2026-06,FlashReport_June_2026.pdf
436,709791,,,City Gas Distribution Projects at Alipurduar and Cooch Behar,West Bengal,Bharat Petroleum Corporation Limited [BPCL],2022-12,2030-03,2030-03,1017,1017,232.5,43.7,2026-06,FlashReport_June_2026.pdf
437,701172,,,AIIMS Darbhanga,Bihar,PMSSY AND Institute of NATIONAL Importance,2020-09,2024-09,,1264,1264,27.81,0,2026-06,FlashReport_June_2026.pdf
438,706965,,,Establishment of new GMC Saran [Chhapara],Bihar,"Medical Education, Ministry of Health and Family Welfare",,1900-01,,189,189,113.4,0,2026-06,FlashReport_June_2026.pdf
439,706966,,,Establishment of new GMC Samastipur,Bihar,"Medical Education, Ministry of Health and Family Welfare",,1900-01,,189,189,113.4,0,2026-06,FlashReport_June_2026.pdf
440,707016,,,Establishment of new GMC Sitamarhi,Bihar,"Medical Education, Ministry of Health and Family Welfare",,1900-01,,250,250,150,0,2026-06,FlashReport_June_2026.pdf
441,707017,,,Establishment of new GMC Jhanjharpur,Bihar,"Medical Education, Ministry of Health and Family Welfare",,1900-01,,250,250,150,0,2026-06,FlashReport_June_2026.pdf
442,707018,,,Establishment of new GMC Siwan,Bihar,"Medical Education, Ministry of Health and Family Welfare",,1900-01,,250,250,150,0,2026-06,FlashReport_June_2026.pdf
443,707019,,,Establishment of new GMC Buxar,Bihar,"Medical Education, Ministry of Health and Family Welfare",,1900-01,,250,250,150,0,2026-06,FlashReport_June_2026.pdf
444,707020,,,Establishment of new GMC Jamui,Bihar,"Medical Education, Ministry of Health and Family Welfare",2019-03,2025-10,,250,500,103.21,50,2026-06,FlashReport_June_2026.pdf
445,707044,,,Establishment of new GMC Korba,Chhattisgarh,"Medical Education, Ministry of Health and Family Welfare",2023-02,2026-12,,325,322.85,178.49,54,2026-06,FlashReport_June_2026.pdf
446,707045,,,Establishment of new GMC Mahasamund,Chhattisgarh,"Medical Education, Ministry of Health and Family Welfare",2023-10,2026-05,,325,325,322.5,82,2026-06,FlashReport_June_2026.pdf
447,707046,,,Establishment of new GMC Kanker,Chhattisgarh,"Medical Education, Ministry of Health and Family Welfare",2020-02,2027-03,,325,325,36,59,2026-06,FlashReport_June_2026.pdf
448,617882,,,"Setting up IT Infrastructure including Network Security and Hosting at AIIMS, New Delhi",Delhi,PMSSY AND Institute of NATIONAL Importance,2025-09,2026-09,,358.19,358.19,53.73,35,2026-06,FlashReport_June_2026.pdf
449,617883,,,"Redevelopment of Residential colonies at Ayur Vigyan Nagar and West Ansari Nagar campuses of AIIMS, New Delhi",Delhi,PMSSY AND Institute of NATIONAL Importance,2016-10,2027-06,,4441,4441,44.44,57,2026-06,FlashReport_June_2026.pdf
450,701170,,,AIIMS Rajkot,Gujarat,PMSSY AND Institute of NATIONAL Importance,2019-01,2026-03,2026-12,1195,1195,793.03,93.85,2026-06,FlashReport_June_2026.pdf
451,707049,,,Establishment of new GMC Panchmahal,Gujarat,"Medical Education, Ministry of Health and Family Welfare",2022-09,2026-03,,325,663.5,457.34,87.5,2026-06,FlashReport_June_2026.pdf
452,707050,,,Establishment of new GMC Porbandar,Gujarat,"Medical Education, Ministry of Health and Family Welfare",2022-04,2024-09,,325,618.98,936.64,81,2026-06,FlashReport_June_2026.pdf
453,701173,,,AIIMS Majra Rewari Haryana,Haryana,PMSSY AND Institute of NATIONAL Importance,2019-02,2026-12,2026-12,1299,1646.43,717.42,64.85,2026-06,FlashReport_June_2026.pdf
454,701167,,,AIIMS Kashmir at Awantipora Jammu & Kashmir,Jammu and Kashmir,PMSSY AND Institute of NATIONAL Importance,2019-01,2025-12,2026-12,1828,2160.84,1594.22,78,2026-06,FlashReport_June_2026.pdf
455,707051,,,Establishment of new GMc Udhampur,Jammu and Kashmir,"Medical Education, Ministry of Health and Family Welfare",2019-09,2027-03,,325,325,222,75,2026-06,FlashReport_June_2026.pdf
456,707052,,,Establishment of new GMC Handwara [Distt. Kupwara],Jammu and Kashmir,"Medical Education, Ministry of Health and Family Welfare",,1900-01,,325,325,173,0,2026-06,FlashReport_June_2026.pdf
457,707021,,,Establishment of new GMC Koderma,Jharkhand,"Medical Education, Ministry of Health and Family Welfare",2023-09,2026-08,,250,504.8,271,40,2026-06,FlashReport_June_2026.pdf
458,707022,,,Establishment of new GMC Chaibasa [Singhbhum],Jharkhand,"Medical Education, Ministry of Health and Family Welfare",2018-06,2025-09,,250,454.1,65,57,2026-06,FlashReport_June_2026.pdf
459,707057,,,Establishment of new GMC Leh,Ladakh,"Medical Education, Ministry of Health and Family Welfare",,1900-01,,325,325,127,0,2026-06,FlashReport_June_2026.pdf
460,707058,,,Establishment of new GMC Rajgarh,Madhya Pradesh,"Medical Education, Ministry of Health and Family Welfare",2021-12,2024-04,,325,325,179,84,2026-06,FlashReport_June_2026.pdf
461,707059,,,Establishment of new GMC Mandla,Madhya Pradesh,"Medical Education, Ministry of Health and Family Welfare",2023-08,2026-04,,325,325,83.41,43,2026-06,FlashReport_June_2026.pdf
462,706988,,,Establishment of new GMC Gondia,Maharashtra,"Medical Education, Ministry of Health and Family Welfare",,1900-01,,189,189,113.4,0,2026-06,FlashReport_June_2026.pdf
463,706989,,,Establishment of new GMC West Garo Hills [Tura],Meghalaya,"Medical Education, Ministry of Health and Family Welfare",,1900-01,,189,189,170.1,0,2026-06,FlashReport_June_2026.pdf
464,707067,,,Establishment of new GMC Mon,Nagaland,"Medical Education, Ministry of Health and Family Welfare",,1900-01,,325,325,155,0,2026-06,FlashReport_June_2026.pdf
465,707069,,,Establishment of new GMC Kapurthala,Punjab,"Medical Education, Ministry of Health and Family Welfare",2019-11,2028-12,,325,550,0,0,2026-06,FlashReport_June_2026.pdf
466,707070,,,Establishment of new GMC Hoshiarpur,Punjab,"Medical Education, Ministry of Health and Family Welfare",2020-01,2028-12,,325,374.75,2,1,2026-06,FlashReport_June_2026.pdf
467,707039,,,Establishment of new GMC Gangtok,Sikkim,"Medical Education, Ministry of Health and Family Welfare",2018-10,2026-12,,250,635.21,667.21,92,2026-06,FlashReport_June_2026.pdf
468,701168,,,ALL India Institute of Medical Sciences-AIIMS Madurai,Tamil Nadu,PMSSY AND Institute of NATIONAL Importance,2018-12,2022-08,2026-10,1264,2021.51,522.72,52,2026-06,FlashReport_June_2026.pdf
469,701171,,,AIIMS Bibinagar,Telangana,PMSSY AND Institute of NATIONAL Importance,2018-12,2026-06,2026-06,1028,1365.95,989.98,87.32,2026-06,FlashReport_June_2026.pdf
470,707086,,,Establishment of new GMC Rudrapur,Uttarakhand,"Medical Education, Ministry of Health and Family Welfare",2022-10,2026-12,,325,325,274,60,2026-06,FlashReport_June_2026.pdf
471,707087,,,Establishment of new GMC Pithoragarh,Uttarakhand,"Medical Education, Ministry of Health and Family Welfare",2021-08,2026-12,,325,768.89,327.08,84,2026-06,FlashReport_June_2026.pdf
472,612167,,,"Construction of 350 beds + 50 Super Specialty beds ESIC Hospital Sheelanagar, Visakhapatnam, Andhra Pradesh",Andhra Pradesh,Employee's State Insurance Company [ESIC],2021-02,2025-10,2026-06,384.27,384.27,253.37,94,2026-06,FlashReport_June_2026.pdf
473,612186,,,350 Bedded [Upgradable to 500 beds] ESI Hospital at Sanand,Gujarat,Employee's State Insurance Company [ESIC],2022-06,2026-03,2027-05,558.12,558.12,55.81,21.5,2026-06,FlashReport_June_2026.pdf
474,612211,,,"Demolition, Construction and upgradation of ESI Hospital, Kalol, Gujarat from 50 beds to 150 beds.",Gujarat,Employee's State Insurance Company [ESIC],2022-08,2025-10,2026-11,205.87,205.87,51.74,50,2026-06,FlashReport_June_2026.pdf
475,612745,,,"Construction of 200 bed ESI Hospital at Bommasandra, Karnataka",Karnataka,Employee's State Insurance Company [ESIC],2015-02,2027-01,2027-05,278,278,80.52,34,2026-06,FlashReport_June_2026.pdf
476,612748,,,"Construction of 100 bed ESI Hospital and Staff Quarters [32 Nos.] at Harohalli, Karnataka",Karnataka,Employee's State Insurance Company [ESIC],2019-07,2027-02,,150.92,150.92,31.05,25.9,2026-06,FlashReport_June_2026.pdf
477,612213,,,"Construction of 200 Bedded ESIC Hospital at Butibori, Nagpur, Maharashtra.",Maharashtra,Employee's State Insurance Company [ESIC],2013-10,2025-08,2026-09,194.93,196.7,114.39,67,2026-06,FlashReport_June_2026.pdf
478,616691,,,"Upgradation & Extension of ESIC Hospital and Construction of PG Hostel / Staff Housing for ESIC Hospital at Andheri, Mumbai",Maharashtra,Employee's State Insurance Company [ESIC],2008-12,2025-08,2026-09,260.13,260.13,216.46,89,2026-06,FlashReport_June_2026.pdf
479,612513,,,"Construction of 100 Bedded ESI Hospital at Duburi, Odisha.",Odisha,Employee's State Insurance Company [ESIC],2010-12,2027-06,,164.6,164.6,16.44,7.2,2026-06,FlashReport_June_2026.pdf
480,612259,,,CONSTRUCTION OF 300 BEDDED HOSPITAL AT HARIDWAR,Uttarakhand,Employee's State Insurance Company [ESIC],2021-02,2024-10,2026-07,102.4,297.63,340.3,89,2026-06,FlashReport_June_2026.pdf
481,701565,,,Jal Marg Vikas Project,"Multi-States (Bihar, Jharkhand, Uttar Pradesh, West Bengal)",Inland Waterways Authority of India [IWAI],2018-01,2023-12,2025-12,5369.18,5061.15,4117.61,83.72,2026-06,FlashReport_June_2026.pdf
482,609424,,,"Development of Container Terminal at Tuna-Tekra, Deendayal Port on BOT Basis Under PPP Mode",Gujarat,Deendayal Port Trust,2022-10,2027-03,2027-09,4243.64,4243.64,2481,60,2026-06,FlashReport_June_2026.pdf
483,701570,,,"Replacement and revamping of pipeline projects in oil jetty area, Kandla",Gujarat,Deendayal Port Trust [DPT],2021-09,2023-09,2025-03,171,211.61,149.5,92,2026-06,FlashReport_June_2026.pdf
484,617804,,,Mechanization of Berth No.14 for handling Containers and other cargo on DBFOT basis - Phase II,Karnataka,New Mangalore Port Authority,2023-12,2027-03,,153.23,153.23,97.45,95,2026-06,FlashReport_June_2026.pdf
485,400382,,,Rewas Port Project,Maharashtra,Reliance Industries Ltd,2019-12,2023-03,,6000,6000,5999.89,88,2026-06,FlashReport_June_2026.pdf
486,701574,,,Deepening and Optimization of Inner Harbour facilities including development of Western Dock on BOT basis to handle Cape size vessels,Odisha,Paradip Port Trust [PPT],2022-05,2027-12,2028-10,3004.63,3004.63,2244.12,74,2026-06,FlashReport_June_2026.pdf
487,619229,,,"Integrated development of Outer Container Terminal and berth No. 1 though 5 NSD at KDS, SMPK on DBFOT basis through PPP mode",West Bengal,Syama Prasad Mookerjee Port Kolkata,2025-03,2028-08,,832.25,832.25,0,0,2026-06,FlashReport_June_2026.pdf
488,707215,,,National Maritime Heritage Complex [NMHC] Phase-I,Gujarat,Indian Port Rail & Ropeway Corporation Ltd. [IPRCL],2019-02,2024-03,2026-03,573,1238.05,636.91,78.92,2026-06,FlashReport_June_2026.pdf
489,707410,,,Integrated Multi Modal Logistics Hub at Nangal Chaudhary in Haryana - Other Trunk Infrastructure Development Phase 1,Haryana,National Highways & Infrastructure Development Corporation Ltd. [NHIDCL],2018-05,2023-12,2028-05,763,763,430,60,2026-06,FlashReport_June_2026.pdf
490,617727,,,Orvakal Industrial Area,Andhra Pradesh,NICDC,2024-08,2028-10,,2786,2786,278.6,12.81,2026-06,FlashReport_June_2026.pdf
491,617729,,,Kopparthy Industrial Area,Andhra Pradesh,NICDC,2024-08,2028-10,,2136,2136,39.75,5.23,2026-06,FlashReport_June_2026.pdf
492,701658,,,Krishnapatnam Node - Phase 1 - Roads and Services Development,Andhra Pradesh,National Industrial Corridor Development Corporation,2020-12,2027-02,,2139.44,2139.44,981.35,45.43,2026-06,FlashReport_June_2026.pdf
493,701657,,,Tumakuru Node - Phase 1 - Roads and Services Development,Karnataka,National Highways & Infrastructure Development Corporation Ltd. [NHIDCL],2020-12,2026-09,2027-09,1701.81,1701.81,324.12,25.67,2026-06,FlashReport_June_2026.pdf
494,701668,,,Development of Palakkad Node under extension of CBIC to Kochi,Kerala,National Industrial Corridor Development Corporation,2024-08,2029-04,,3805,3805,0,5.25,2026-06,FlashReport_June_2026.pdf
495,603210,,,Development of Jodhpur Pali Marwar Industrial Area JPMIA in Rajasthan,Rajasthan,National Industrial Corridor Development Corporation,2024-08,2028-07,,921.66,921.66,0,4.67,2026-06,FlashReport_June_2026.pdf
496,601812,,,Development of Zaheerabad Node under Hyderabad Nagpur Industrial Corridor,Telangana,National Industrial Corridor Development Corporation,2024-08,2029-02,,2360,2360,42.89,3.58,2026-06,FlashReport_June_2026.pdf
497,707419,,,IMC at Prayagraj,Uttar Pradesh,National Industrial Corridor Development Corporation,2024-08,2027-06,,658,658,75.63,22.54,2026-06,FlashReport_June_2026.pdf
498,615202,,,Capacity expansion of Deposit-14 and 14 NMZ at Kirandul,Chhattisgarh,National Mineral Development Corporation Limited [NMDC],2021-08,2028-12,2028-03,1700,1756.2,263.01,18.3,2026-06,FlashReport_June_2026.pdf
499,617243,,,Replacement of Hot Leveller No.1 of Plate Mill at Bhilai Steel Plant,Chhattisgarh,Steel Authority of India Limited [SAIL],2024-07,2026-07,,198.62,198.62,129.24,82.13,2026-06,FlashReport_June_2026.pdf
500,617255,,,"Replacement of Converter Vessels, Trunnion Rings, Support System & Installation of Secondary Emission at Bhilai Steel Plant",Chhattisgarh,Steel Authority of India Limited [SAIL],2023-10,2026-06,2026-09,471.83,471.83,257.18,70.5,2026-06,FlashReport_June_2026.pdf
501,617256,,,Rebuilding of Coke Oven Battery No.7 & 8 at Bhilai Steel Plant,Chhattisgarh,Steel Authority of India Limited [SAIL],2023-11,2025-10,2026-09,884.1,884.1,618.87,93.74,2026-06,FlashReport_June_2026.pdf
502,706811,,,NMDC Slurry Pipeline Project Phase-1,Chhattisgarh,National Mineral Development Corporation Limited [NMDC],2015-11,2023-06,2026-05,2907,5427,3639.5,95.2,2026-06,FlashReport_June_2026.pdf
503,709826,,,SCREENING PLANT-III AT KIRANDUL,Chhattisgarh,National Mineral Development Corporation Limited [NMDC],2009-01,2026-01,2027-07,2718.84,2718.84,1748.76,83.15,2026-06,FlashReport_June_2026.pdf
504,400174,,,"New Sinter Plant at BSL, SAIL",Jharkhand,Steel Authority of India Limited [SAIL],2015-03,2027-10,2027-06,1034.01,1752.3,1014.95,63.76,2026-06,FlashReport_June_2026.pdf
505,617249,,,Replacement of existing Grinders in CRM-I & II at Bokaro Steel Plant,Jharkhand,Steel Authority of India Limited [SAIL],2025-01,2027-01,,211.94,211.94,59.72,50.4,2026-06,FlashReport_June_2026.pdf
506,617250,,,Secondary Emission Control in Converters of SMS-II at Bokaro Steel Plant,Jharkhand,Steel Authority of India Limited [SAIL],2025-01,2026-10,2027-04,207.13,207.13,86.62,51.82,2026-06,FlashReport_June_2026.pdf
507,617254,,,Replacement of remaining 04 sets of Battery Cyclones with 04 Nos. of ESPs in Sinter Plant-1 at Bokaro Steel Plant,Jharkhand,Steel Authority of India Limited [SAIL],2024-03,2026-06,2027-04,260.37,260.37,125.6,50.16,2026-06,FlashReport_June_2026.pdf
508,617257,,,Rebuilding of Coke Oven Battery No.6 at Bokaro Steel Plant,Jharkhand,Steel Authority of India Limited [SAIL],2023-11,2026-11,2027-11,627.31,627.31,342.26,66.11,2026-06,FlashReport_June_2026.pdf
509,400121,,,"Construction of Screening Plant-II for Donimalai and Kumaraswamy Iron Ore Mining Complex of NMDC Limited at Ballari Dt, Karnataka.",Karnataka,National Mineral Development Corporation Limited [NMDC],2014-11,2026-08,,1043.63,1043.63,628.29,65,2026-06,FlashReport_June_2026.pdf
510,612781,,,Rebuilding of COB 4 at Durgapur Steel Plant,West Bengal,Steel Authority of India Limited [SAIL],2023-09,2026-12,2027-09,916.78,916.78,234.05,35.36,2026-06,FlashReport_June_2026.pdf
511,617242,,,Installation of New Bar Mill at Durgapur Steel Plant,West Bengal,Steel Authority of India Limited [SAIL],2024-07,2027-06,,2115.44,2115.44,828.94,66.02,2026-06,FlashReport_June_2026.pdf
512,617246,,,Up-gradation of Blast Furnace No. 3 at Durgapur Steel Plant,West Bengal,Steel Authority of India Limited [SAIL],2024-09,2026-06,2027-10,758.09,758.09,286.36,41.68,2026-06,FlashReport_June_2026.pdf
513,617248,,,Third Ladle Furnace in Secondary Refinery Unit at IISCO Steel Plant,West Bengal,Steel Authority of India Limited [SAIL],2024-11,2026-07,2026-11,227.96,227.96,103.97,74.55,2026-06,FlashReport_June_2026.pdf
514,617251,,,Revamping of Air Pollution Control Systems of SP-1 at Durgapur Steel Plant,West Bengal,Steel Authority of India Limited [SAIL],2024-07,2026-05,2026-08,196.4,196.4,65.5,32.21,2026-06,FlashReport_June_2026.pdf
515,617338,,,Stamp Charge Battery No.12 Battery Proper at IISCO Steel Plant,West Bengal,Steel Authority of India Limited [SAIL],2025-01,2028-07,,2518.39,2518.39,415.31,26.7,2026-06,FlashReport_June_2026.pdf
516,400298,,,Nadikudi - Srikalahasti New Line,Andhra Pradesh,South Central Railway [SCR] - II,2012-03,2027-05,2028-03,2312,5932,3119.31,55.02,2026-06,FlashReport_June_2026.pdf
517,611754,,,GUNTAKAL WEST-MALLAPPA GATE RAIL OVER RAIL - ROR TRACK,Andhra Pradesh,South Central Railway [SCR] - II,2023-07,2026-07,,293.3,293.3,272.72,0.24,2026-06,FlashReport_June_2026.pdf
518,611927,,,Kurnool - Setting up facilities for coach midlife rehabilitation workshop,Andhra Pradesh,WPO/Patna,2014-01,2023-12,,560.72,560.72,276.66,65,2026-06,FlashReport_June_2026.pdf
519,612827,,,Flyover between Pendurthi and Simhachalam North to avoid surface crossing at Simhachalam 7.135 km PB 73 of 2023 24 NR,Andhra Pradesh,East Coast Railway [ECoR] - II,2023-04,2027-04,,183.65,183.65,17.25,16,2026-06,FlashReport_June_2026.pdf
520,616697,,,3rd & 4th line between Vadlapudi -Gate Jn. cabin and Tie line between Gate Junction to Gangavaram port,Andhra Pradesh,East Coast Railway [ECoR] - II,2023-04,2026-06,,154.28,154.28,69.59,80,2026-06,FlashReport_June_2026.pdf
521,617210,,,Tiupati Katpadi 104.39 kms,Andhra Pradesh,South Central Railway [SCR] - II,2025-04,2029-03,,1215.56,1215.56,62.2,0.06,2026-06,FlashReport_June_2026.pdf
522,617216,,,3rd Line between Gudur Renigunta 83.17 Km,Andhra Pradesh,South Central Railway [SCR] - II,2024-10,2027-03,,877.34,877.34,206.02,0.17,2026-06,FlashReport_June_2026.pdf
523,619326,,,Nidadavolu-Duvvada 3rd & 4th Lines,Andhra Pradesh,South Central Railway [SCR] - II,2026-04,2032-01,,9889.24,9889.24,0,0.01,2026-06,FlashReport_June_2026.pdf
524,705253,,,Kurnool Coach Midlife Rehabilitation Project,Andhra Pradesh,South Central Railway [SCR] - II,2016-05,2020-12,2026-12,563,560.72,959.27,75.01,2026-06,FlashReport_June_2026.pdf
525,705436,,,Kotapalli - Narasapur New Line,Andhra Pradesh,South Central Railway [SCR] - II,2009-03,2028-03,2028-03,2501,2501,1417.7,30.02,2026-06,FlashReport_June_2026.pdf
526,705633,,,Guntur-Guntakal Doubling Project,Andhra Pradesh,South Central Railway [SCR] - II,2017-03,2025-12,2026-12,3733,4295,5552.65,94.05,2026-06,FlashReport_June_2026.pdf
527,705648,,,Vijaywada-Gudur 3rd Line,Andhra Pradesh,RVNL - II,2016-08,2024-11,2026-03,6654,6654,6213.64,96,2026-06,FlashReport_June_2026.pdf
528,618986,,,Furkating-New Tinsukia[194 Km],Assam,Northeast Frontier Railway [NFR],2025-09,2029-06,,3633.58,3633.58,0,0,2026-06,FlashReport_June_2026.pdf
529,705572,,,Doubling of New Bonggigaon to Kamakhya via Goalpara - 176 km,Assam,Northeast Frontier Railway [NFR],2016-09,2026-03,2026-03,4060,4961,3831.06,95.16,2026-06,FlashReport_June_2026.pdf
530,706922,,,Guwahati-Dibrugarh via Tinsukia & Simaluguri-Dibrugarh,Assam,Central Organisation for Railway Electrification [CORE],2020-09,2020-09,2024-06,890.36,889.36,391.73,89,2026-06,FlashReport_June_2026.pdf
531,706940,,,"Mariani-Jorhat, Tinsukia-Dangri and Makum -TirapTrack Electrification Project",Assam,GM/C/ NFR,2018-09,2024-05,,183.99,183.99,0,0,2026-06,FlashReport_June_2026.pdf
532,706942,,,Harmuty-Murkongselek Branch Line Electrification Project,Assam,GM/C/ NFR,2018-09,2024-05,,237.52,237.52,0,0,2026-06,FlashReport_June_2026.pdf
533,400254,,,Sakri -Hasanpur [via Harnagar - Kusheshwar Asthan] New Railway line,Bihar,East Central Railway [ECR] - I,2023-12,2024-12,2027-03,735.2,735.2,589.37,84.2,2026-06,FlashReport_June_2026.pdf
534,617231,,,Construction of Bulb line at Nabinagar Ankorah of East Central Railway,Bihar,East Central Railway [ECR] - I,2024-06,2028-06,,611.74,611.74,0,0,2026-06,FlashReport_June_2026.pdf
535,617239,,,Doubling of Narkatiaganj Raxaul Sitamarhi Darbhanga & Sitamarhi Muzaffarpur 256 KM,Bihar,East Central Railway [ECR] - I,2024-11,2029-11,2030-03,4079.95,4079.95,9.93,0,2026-06,FlashReport_June_2026.pdf
536,705364,,,Khagaria-Kusheshwar Asthan [42Km] new line project,Bihar,East Central Railway [ECR] - I,2019-04,2024-12,2027-03,614,1384.16,491.56,55.7,2026-06,FlashReport_June_2026.pdf
537,705366,,,Hajipur-Sagauli New line,Bihar,East Central Railway [ECR] - I,2007-10,2020-03,2027-06,2067,2087,2182.46,75.6,2026-06,FlashReport_June_2026.pdf
538,705368,,,Araria Supaul New BG Line,Bihar,East Central Railway [ECR] - I,2018-06,2024-03,2027-01,1605,2514,1725.95,46.9,2026-06,FlashReport_June_2026.pdf
539,705373,,,"Fatuha-Islampur incl. MM for extn.of NL from Neora to Daniawan , Daniawan to Biharsharif, Biharsharif to Barbigha , Barbigha to Shekhpura",Bihar,East Central Railway [ECR] - I,2002-08,2023-03,2025-08,1473,2882,2712.19,98.2,2026-06,FlashReport_June_2026.pdf
540,705450,,,Jogbani-Biratnagar New Rail Line project,Bihar,Indian Railway Construction International Limited [IRCON],2010-06,2022-03,2026-12,402,486,369.48,86.5,2026-06,FlashReport_June_2026.pdf
541,705526,,,Samastipur-Darbhanga Doubling Railway Project,Bihar,East Central Railway [ECR] - I,2015-11,2025-03,2025-10,519,519,412.58,100,2026-06,FlashReport_June_2026.pdf
542,705527,,,Sagauli-Valmiknagar,Bihar,East Central Railway [ECR] - I,2018-03,2025-12,2025-12,1216,2222,2102.51,93,2026-06,FlashReport_June_2026.pdf
543,705528,,,Muzaffarpur-Sugauli,Bihar,East Central Railway [ECR] - I,2018-03,2024-06,2026-06,1586,1586,1509.67,99,2026-06,FlashReport_June_2026.pdf
544,706759,,,Rampur Dumra-Tal-Rajendrapul Additional Bridge and Railway Line Doubling,Bihar,Indian Railway Construction International Limited [IRCON],2016-03,2024-12,2025-12,2373.64,1700.24,1581.96,98.5,2026-06,FlashReport_June_2026.pdf
545,706860,,,Barauni-Bachwara [16 km] - 3rd & 4th line incl. Barauni yard remodelling [32 km],Bihar,East Central Railway [ECR] - I,2022-10,2025-08,2026-10,645,645,54.13,56.9,2026-06,FlashReport_June_2026.pdf
546,900874,,,JHAJHA - BATIA,Bihar,East Central Railway [ECR] - I,2023-03,2028-03,2030-01,588.18,588.18,2.38,0.1,2026-06,FlashReport_June_2026.pdf
547,400220,,,Kharsia-Dharamjaygarh with Spur line [East Corridor-Phase 1],Chhattisgarh,Indian Railway Construction International Limited [IRCON],2016-03,2018-09,2026-12,3055,3798.06,2790.19,95.15,2026-06,FlashReport_June_2026.pdf
548,400291,,,Doubling of Kirandul-Jagdalpur Line [150 km],Chhattisgarh,East Coast Railway [ECoR] - II,2013-02,2020-03,2027-04,1589,1798,1691.27,96.17,2026-06,FlashReport_June_2026.pdf
549,602792,,,Gauge Conversion of Kendri-Dhamtari including Abhanpur - Rajim Branch line 67.20 Kms - 2nd Material Modification to Raipur Titlagarh doubling.,Chhattisgarh,SECR,2011-07,2025-02,2026-06,1171,1171,448.77,100,2026-06,FlashReport_June_2026.pdf
550,612815,,,4th line between Nipania Bhatapara 14.4 Km,Chhattisgarh,South East Central Railway [SECR] - II,2022-12,2027-03,,170.49,170.49,9.98,15,2026-06,FlashReport_June_2026.pdf
551,617200,,,KHARSIA- NAYA RAIPUR-PARMALKASA 5th and 6th Line [278KM],Chhattisgarh,CAO/C/SECR,2025-04,2031-03,,7853.84,7853.84,0.64,0,2026-06,FlashReport_June_2026.pdf
552,617374,,,"Dallirajhara - Rowghat New Rail Line Project, Phase-I",Chhattisgarh,Rail Vikas Nigam Limited,2009-07,2025-03,2026-02,1516.45,1881.26,2154.73,98,2026-06,FlashReport_June_2026.pdf
553,705433,,,Dallirajhra- Rowghat New Railway Line - Phase I [95 km],Chhattisgarh,Rail Vikas Nigam Limited,2009-07,2025-09,2025-12,1628,1628,1440.85,82,2026-06,FlashReport_June_2026.pdf
554,705444,,,Gevra Road-Pendra Road New Railway Line [135 km],Chhattisgarh,Indian Railway Construction International Limited [IRCON],2014-04,2022-03,2026-12,4970,7448.52,5327.55,83.36,2026-06,FlashReport_June_2026.pdf
555,706854,,,Boridand - Ambikapur Doubling Line Project,Chhattisgarh,South East Central Railway [SECR] - II,2022-06,2030-06,2030-06,1376,1576.72,312.72,30,2026-06,FlashReport_June_2026.pdf
556,709815,,,4TH LINE - BHATAPARA-HATHBAND [8.8 KM] [PB-72/NR/2022-23],Chhattisgarh,SECR,2022-09,2027-01,2027-12,177.03,177.03,12.3,18,2026-06,FlashReport_June_2026.pdf
557,709816,,,4TH LINE - BHILAI-BHILAI NAGAR [8.8 KM] [PB-72/NR/2022-23],Chhattisgarh,SECR,2022-09,2027-02,2027-02,177.34,177.34,32.49,11,2026-06,FlashReport_June_2026.pdf
558,709818,,,4TH LINE RAJNANDGAON-DONGARHGARH [31.2 KM] [PB-72/NR/2022-23],Chhattisgarh,SECR,2022-09,2027-01,2027-01,328.34,328.34,96.2,36,2026-06,FlashReport_June_2026.pdf
559,709819,,,3RD AND 4TH LINE - SARAGBUNDIA AND MADWARANI,Chhattisgarh,SECR,2022-09,2026-12,2026-12,167.64,167.64,28.01,11,2026-06,FlashReport_June_2026.pdf
560,613785,,,Redevelopment of New Delhi Railway Station and construction of associated infrastructure,Delhi,Rail Land Development Authority,2023-01,2028-12,,4744,4744,355.8,6,2026-06,FlashReport_June_2026.pdf
561,617379,,,Development of New Bijwasan Railway Terminal,Delhi,Northern Railways,2008-02,2020-03,2026-12,446.21,446.21,565.7,80,2026-06,FlashReport_June_2026.pdf
562,705583,,,Anand Vihar-Tilak Bridge 3rd & 4th line,Delhi,CAO/C/NR,2013-03,2023-03,2027-12,667,667,333.72,23,2026-06,FlashReport_June_2026.pdf
563,706865,,,Chandargaon - Cansaulium Rail Flyover Project [16 Km],Goa,South Western Railway [SWR] - II,,2031-03,,1892,1892,0,0,2026-06,FlashReport_June_2026.pdf
564,611918,,,Kosamba Umarpada 70 Km,Gujarat,PCE/WR,2023-07,2027-03,,468,468,44.62,9,2026-06,FlashReport_June_2026.pdf
565,611943,,,New Broad Gauge line between Naliya to Jakhau Port,Gujarat,Western Railway [WR] - II,2023-02,2028-01,2028-02,410.26,410.26,11.3,5,2026-06,FlashReport_June_2026.pdf
566,611945,,,Petlad-Bhadran 22.5 km,Gujarat,CAOCWR WR mor,2022-05,2030-05,2030-05,307.11,307.11,18.9,17,2026-06,FlashReport_June_2026.pdf
567,611970,,,Samlaya Timba Road 54 km,Gujarat,PCE/WR,2023-02,2030-03,2030-03,670.17,670.17,47.46,12,2026-06,FlashReport_June_2026.pdf
568,611971,,,Samni Jambusar 24 km,Gujarat,PCE/WR,2022-05,2030-03,2030-03,350,349.93,80.49,31,2026-06,FlashReport_June_2026.pdf
569,611974,,,Western Railway Samakhiali Gandhidham Quadrupiling 53 Kms,Gujarat,Western Railway [WR] - II,2023-08,2026-12,2027-12,1430,1430,582.1,45,2026-06,FlashReport_June_2026.pdf
570,611977,,,Dahod Creation of Infrastructure facilities for 9000 HP Electric locomotives Manufacturing at,Gujarat,PCE/WR,2022-05,2025-02,,487,487,222.88,53,2026-06,FlashReport_June_2026.pdf
571,611978,,,Dahod Rolling Stock Workshop Provision of Infrastructure for CBS at,Gujarat,PCE/WR,2022-11,2025-03,,158,158,51.87,10,2026-06,FlashReport_June_2026.pdf
572,611979,,,Sabarmati Setting up of Maintenance Facilities for Train Sets Phase ii,Gujarat,Western Railway [WR] - II,2023-01,2025-06,2026-05,250,250,185.02,88,2026-06,FlashReport_June_2026.pdf
573,612072,,,4th LINE BETWEEN BAREJADI NANDEJ-SANAND-AHMEDABAD BYPASS,Gujarat,Western Railway WR - II,2023-02,2027-03,2028-07,961.67,961.67,524.6,22,2026-06,FlashReport_June_2026.pdf
574,613786,,,"Redevelopment of Ahmedabad railway station and associated infrastructure on engineering, procurement and construction mode",Gujarat,Rail Land Development Authority,2023-01,2028-03,,2379,2379,984.21,32.5,2026-06,FlashReport_June_2026.pdf
575,616983,,,Kosamba Umarpada GC PROJECT,Gujarat,Ministry of Railways-,2023-07,2027-06,,467.58,467.58,70.54,16,2026-06,FlashReport_June_2026.pdf
576,617880,,,Desalpar-Hajipir-Luna and Vayor-Lakhpat New Line,Gujarat,Western Railway [WR] - II,2025-09,2028-09,,2526.47,2526.47,0,0,2026-06,FlashReport_June_2026.pdf
577,618972,,,Devbhumi Dwarka [Okha] - Kanalus Doubling,Gujarat,Western Railway [WR] - II,2025-12,2028-12,,1456.77,1456.77,0.28,0,2026-06,FlashReport_June_2026.pdf
578,705458,,,Miyagam-Karjan-Dabhoi-Samlaya [GC],Gujarat,Western Railway [WR] - II,2017-01,2021-03,2026-12,483.88,1039.13,723.52,45,2026-06,FlashReport_June_2026.pdf
579,706757,,,Modasa-Shamlaji Road Railway Line Project,Gujarat,Western Railway WR - II,2012-09,2025-03,2026-03,262,262,387.82,64,2026-06,FlashReport_June_2026.pdf
580,706763,,,Rajkot - Kanalus Doubling Project [111.2 Kms],Gujarat,Western Railway WR - II,2021-10,2026-10,2026-06,1080.58,1080.58,969.78,82,2026-06,FlashReport_June_2026.pdf
581,709812,,,NADIAD-PETLAD [37.26 KM],Gujarat,Railway,2022-05,2030-06,2030-06,461.91,461.91,186.9,8,2026-06,FlashReport_June_2026.pdf
582,709813,,,NEW BG LINE INTERSECTION [5 NOS] BETWEEN GERATPUR-SANAND & BOTAD-AHMEDABAD [16.51 KM],Gujarat,Western Railway [WR] - II,2022-10,2028-06,2027-10,437.21,437.21,117.95,22,2026-06,FlashReport_June_2026.pdf
583,611884,,,Bhiwani - Dobh Bahali Doubling Project [42.30 Km],Haryana,North Western Railway [NWR],2023-02,2028-02,2028-02,471,471,273.41,73,2026-06,FlashReport_June_2026.pdf
584,617832,,,Koderma-Arigada Doubling 133.38 Km of East Central Railway,Jharkhand,East Central Railway [ECR] - I,2025-06,2029-12,,2887.11,2887.11,0.1,0,2026-06,FlashReport_June_2026.pdf
585,705747,,,Parasnath-Madhuban-Giridih new line,Jharkhand,East Central Railway [ECR] - I,2019-03,2024-03,2026-03,902.86,902.86,0,0.1,2026-06,FlashReport_June_2026.pdf
586,705765,,,Gomoh - Flyover for DN trains,Jharkhand,East Central Railway [ECR] - I,2018-01,2026-03,2026-03,686,686,634.71,66.7,2026-06,FlashReport_June_2026.pdf
587,705785,,,Lodhma - Piska - Link Line bypassing Hatia/Ranchi with Y connection,Jharkhand,South Eastern Railway [SER] - I,2021-08,2026-06,2027-05,473,473,349.31,10,2026-06,FlashReport_June_2026.pdf
588,706837,,,Pradhan Kuntha Jn Line Doubling Project,Jharkhand,East Central Railway [ECR] - I,2022-11,2027-11,2027-11,349.22,349.22,145.57,72,2026-06,FlashReport_June_2026.pdf
589,400023,,,Construction of New BG line between Hassan to Belur [27 Km],Karnataka,South Western Railway [SWR] - II,2019-03,2028-04,2030-03,749,749,3.43,0.5,2026-06,FlashReport_June_2026.pdf
590,703585,,,Yeshvanthpur - Channasandra Doubling Project [21.70 Km],Karnataka,Karnataka Rail Infrastructure Development Company Limited [K-RIDE],2019-04,2024-03,2026-03,314.1,683.57,173.5,56.8,2026-06,FlashReport_June_2026.pdf
591,705434,,,New Railway Line between Ginigera and Raichur [165.57 km],Karnataka,South Western Railway [SWR] - II,2008-03,2019-03,2027-03,2565,3034.98,2412.11,71,2026-06,FlashReport_June_2026.pdf
592,705464,,,Bangalore-Satyamanglam New Line Project [260 Km] - Part Hejjala - Chamarajanagar [142 Km],Karnataka,South Western Railway [SWR] - II,1999-02,2031-12,,1382.78,1382.78,0,0,2026-06,FlashReport_June_2026.pdf
593,705490,,,Gadag-Wadi New Railway Line [257 km],Karnataka,South Western Railway [SWR] - II,2013-04,2027-03,2027-12,2842,6700,1604.89,36.5,2026-06,FlashReport_June_2026.pdf
594,705492,,,Kadur - Chickamagalur - Sakleshpur [93km],Karnataka,South Western Railway [SWR] - II,2014-01,2025-06,2025-12,825,825,789.58,84.8,2026-06,FlashReport_June_2026.pdf
595,705493,,,Hubli-Ankola New Line Project [164.44 km],Karnataka,South Western Railway [SWR] - II,1999-01,2005-03,2030-03,5174,5174,180.48,4.7,2026-06,FlashReport_June_2026.pdf
596,705495,,,Bagalkot-Kudachi New Railway Line [142 km],Karnataka,South Western Railway [SWR] - II,2013-10,2027-03,2027-01,1378,1649,809.24,36.5,2026-06,FlashReport_June_2026.pdf
597,705496,,,Tumkur-Chitradurga-Davangere New Rail Line Project [191 km],Karnataka,South Western Railway [SWR] - II,2013-10,2019-03,2027-12,1876,1876,602.36,16,2026-06,FlashReport_June_2026.pdf
598,705663,,,Bangalore-Whitefield-Bangalore City-Krishnarajapuram [23.08 km] - Quadrupling,Karnataka,South Western Railway [SWR] - II,2018-02,2026-02,2026-02,493,493,337.37,85.9,2026-06,FlashReport_June_2026.pdf
599,705761,,,SHIMOGA - SHIKARIPURA - RANEBENNUR [96 Km],Karnataka,South Western Railway [SWR] - II,2019-09,2027-12,2028-06,1454,1454,102.64,13.9,2026-06,FlashReport_June_2026.pdf
600,705762,,,Construction of New BG line between Hassan [Alur] to Belur [ Km 27.34],Karnataka,CAOC/SWR SWR mor,2019-06,2027-04,2027-12,748.86,748.86,3.64,0,2026-06,FlashReport_June_2026.pdf
601,705941,,,Bangalore Suburban Railway Project,Karnataka,Karnataka Rail Infrastructure Development Company Limited [K-RIDE],2020-10,2026-12,2030-03,15767,15767,3277.99,20.02,2026-06,FlashReport_June_2026.pdf
602,706835,,,Belgaum-Dharwad via Kittur [73.10Km],Karnataka,South Western Railway [SWR] - II,2020-09,2027-12,2029-03,1591,1591,0.38,0,2026-06,FlashReport_June_2026.pdf
603,705638,,,Kumbalam-Turavur doubling project [15.59 Km],Kerala,Ministry of Railways,2023-04,2027-03,2027-03,813,802.8,151.83,35,2026-06,FlashReport_June_2026.pdf
604,705639,,,Ernakulam-Kumbalam doubling project [7.71 Km],Kerala,SR-ERS,2023-04,2028-03,2027-02,601,595.39,313.97,28,2026-06,FlashReport_June_2026.pdf
605,705480,,,"Lalitpur-Satna, Rewa-Singrauli & Mahoba-Khajuraho",Madhya Pradesh,North Central Railway,2007-01,2027-03,2027-12,8914,8914,6889.55,74,2026-06,FlashReport_June_2026.pdf
606,705659,,,Satna-Rewa Railway Line Doubling Project,Madhya Pradesh,West Central Railway [WCR] - II,2015-11,2026-03,2026-03,500,584,573.8,88,2026-06,FlashReport_June_2026.pdf
607,705660,,,Doubling of Katni - Singrauli Railway Line [261 km],Madhya Pradesh,Indian Railway Construction International Limited [IRCON],2016-03,2025-12,2025-12,2445,4377,3368.46,81.25,2026-06,FlashReport_June_2026.pdf
608,705661,,,Katni Grade Separator/Bye Pass,Madhya Pradesh,Indian Railway Construction International Limited [IRCON],2016-03,2024-09,2026-09,1248,1248,1850.38,95,2026-06,FlashReport_June_2026.pdf
609,705763,,,Indore - Budni New Railway Line [198 kms],Madhya Pradesh,RVNL - II,2019-08,2030-09,2030-09,7474,7474,2879.62,41,2026-06,FlashReport_June_2026.pdf
610,705933,,,Nimach-Ratlam Doubling [133 Km],Madhya Pradesh,Western Railway [WR] - II,2021-10,2027-10,2027-10,1095.88,1095.88,1284.91,100,2026-06,FlashReport_June_2026.pdf
611,400019,,,DHULE [BORVIHIR] - NARDANA NEW LINE [50.60 KMS],Maharashtra,Central Railway,2019-01,2026-12,2027-09,492.76,1170.83,560.32,38,2026-06,FlashReport_June_2026.pdf
612,400271,,,Wardha-Nanded Via Yavatmal New BG Line,Maharashtra,Central Railway [CR] - II,2017-12,2025-03,2026-12,3445,3445,3002.93,50,2026-06,FlashReport_June_2026.pdf
613,611751,,,AURANGABAD-ANKAI - DOUBLING PROJECT 98.25 Km,Maharashtra,South Central Railway [SCR] - II,2023-05,2027-03,,960.64,960.64,1375.55,2.03,2026-06,FlashReport_June_2026.pdf
614,612845,,,Gauge Conversion of Pachora-Jamner with Extension upto Malkapur [Bodwad] [84.34 Kms],Maharashtra,Central Railway [CR] - II,2022-08,2028-07,,955.39,955.39,13.99,10,2026-06,FlashReport_June_2026.pdf
615,613015,,,Redevelopment of Chhatrapati Shivaji Maharaj Terminus [CSMT] and construction of associated infrastructure,Maharashtra,Rail Land Development Authority,2023-04,2027-03,,1813,1813,873.99,25,2026-06,FlashReport_June_2026.pdf
616,617201,,,Gondia-Balharshah [Chanda Fort] Doubling [240 Km],Maharashtra,South East Central Railway,2025-04,2031-03,,4373.04,4373.04,1.79,2,2026-06,FlashReport_June_2026.pdf
617,617215,,,Doubling between Parbhani Parli Vaijanath stations 64.71 Km,Maharashtra,South Central Railway [SCR] - II,2023-12,2028-03,,769.93,769.93,197.62,0.2,2026-06,FlashReport_June_2026.pdf
618,617361,,,Babupeth - Sasti New Rail Line [13.114 KMs],Maharashtra,CentralRailway,2024-10,2028-03,,362.81,362.81,0.48,0,2026-06,FlashReport_June_2026.pdf
619,617364,,,Double Chord line Between Nilaje-Kopar,Maharashtra,CentralRailway,2025-01,2028-07,,338.33,205,55.83,60,2026-06,FlashReport_June_2026.pdf
620,705356,,,Ahmednagar - Beed - Parli - Vaijnath New Broad Gauge Line Railway Project [261.3 km],Maharashtra,Central Railway [CR] - II,1999-01,2026-03,2026-03,2538.67,4957.27,5233.2,93,2026-06,FlashReport_June_2026.pdf
621,705357,,,Baramati Lonand New Line Project,Maharashtra,Central Railway,2016-03,2027-03,2027-03,138.48,1843.9,1039.72,60,2026-06,FlashReport_June_2026.pdf
622,705479,,,Wadsa-Gadchiroli,Maharashtra,South East Central Railway,2017-05,2027-03,2027-03,1886,1886,846.22,68,2026-06,FlashReport_June_2026.pdf
623,705497,,,Wardha - Yavatmal Nanded Railway Line Project,Maharashtra,Central Railways,2008-02,2026-12,,3445.34,4030.69,4053.03,47,2026-06,FlashReport_June_2026.pdf
624,705498,,,3rd Line Kalyan - Kasara [67.35 Kilometres],Maharashtra,Central Railway,2015-09,2026-12,2026-12,792.89,1395.79,1088.38,73,2026-06,FlashReport_June_2026.pdf
625,705500,,,3rd Line Wardha - Sewagram - Nagpur,Maharashtra,Central Railway [CR] - II,2015-09,2025-12,2026-10,540.02,916.53,842.78,88,2026-06,FlashReport_June_2026.pdf
626,705502,,,3rd Line Wardha - Ballarshah [132 Kilometres],Maharashtra,Central Railway [CR] - II,2016-03,2025-12,2026-02,1384.72,2033.59,1841.71,86,2026-06,FlashReport_June_2026.pdf
627,705504,,,Doubling of Daund Manmad Line [247.6 km],Maharashtra,Central Railway,2017-10,2025-12,2026-03,2081.27,3267.06,3111.8,92,2026-06,FlashReport_June_2026.pdf
628,705505,,,4th Line Wardha - Nagpur [78.7 Kilometres],Maharashtra,Central Railway [CR] - II,2017-04,2025-12,2026-10,637.95,1214.69,1061.23,88,2026-06,FlashReport_June_2026.pdf
629,705506,,,3rd Line Manmad - Jalgaon [160 Kilometres],Maharashtra,Central Railway [CR] - II,2017-05,2024-12,2025-11,1035.16,1870,1843.54,100,2026-06,FlashReport_June_2026.pdf
630,705735,,,Solapur-tuljapur-Osmanabad,Maharashtra,Central Railway,2018-08,2027-03,2028-03,904.92,3295.74,1277.63,22,2026-06,FlashReport_June_2026.pdf
631,705799,,,Nagpur- Nagbhir Railway Line Gauge Conversion Project,Maharashtra,MRIDC,2019-10,2025-12,2025-12,1400,1400,1472,80,2026-06,FlashReport_June_2026.pdf
632,706779,,,Mumbai Urban Transport Project [MUTP] - PHASE II,Maharashtra,Mumbai Rail Vikas Corporation Ltd.[MRVC],2008-05,2014-03,2027-12,8087,8087,7559.14,90,2026-06,FlashReport_June_2026.pdf
633,706780,,,Mumbai Urban Transport Project [MUTP] Phase-IIIA,Maharashtra,Mumbai Rail Vikas Corporation Ltd.[MRVC],2019-04,2027-12,2027-12,33690,33690,3854.46,25,2026-06,FlashReport_June_2026.pdf
634,706781,,,Mumbai Urban Transport Project Phase-III,Maharashtra,Mumbai Rail Vikas Corporation Ltd.[MRVC],2016-11,2022-03,2026-12,10947,10947,6880.48,75,2026-06,FlashReport_June_2026.pdf
635,705391,,,Jiribam-Imphal new line project,Manipur,Northeast Frontier Railway [NFR],2013-03,2026-12,2029-06,14323,21885.9,16327.07,73.05,2026-06,FlashReport_June_2026.pdf
636,705396,,,Byrnihat-Shillong New Rail Line- 108 km,Meghalaya,Northeast Frontier Railway [NFR],2011-04,2021-03,2027-03,8324.28,8342.28,266.12,2.04,2026-06,FlashReport_June_2026.pdf
637,705491,,,Marikuppam - Kuppam New Line Project [23.70 Km],"Multi-States (Andhra Pradesh, Karnataka)",South Western Railway [SWR] - II,2012-04,2026-06,2026-06,297,297,147.99,21.5,2026-06,FlashReport_June_2026.pdf
638,705494,,,Rayadurg-Tumkur via Kalyandurg New Line [207 km],"Multi-States (Andhra Pradesh, Karnataka)",South Western Railway [SWR] - II,2008-03,2015-09,2028-02,2496,2496,1943.23,73,2026-06,FlashReport_June_2026.pdf
639,705610,,,"Renigunta, Wadi & Gooty Bypass Railway Project","Multi-States (Andhra Pradesh, Karnataka)",South Central Railway [SCR] - II,2016-04,2025-12,2026-03,302,543,636.74,89.04,2026-06,FlashReport_June_2026.pdf
640,617212,,,Doubling between Mudkhed Medchal & Mahbubnagar Dhone section 417.88 Km,"Multi-States (Andhra Pradesh, Maharashtra, Telangana)",South Central Railway [SCR] - II,2023-08,2029-03,2029-08,4686.09,4686.09,640.06,21,2026-06,FlashReport_June_2026.pdf
641,400253,,,Vizianagaram - Titlagarh 3rd line [272 Km including By - pass line of 7.68 KM],"Multi-States (Andhra Pradesh, Odisha)",RVNL - II,2016-06,2025-12,2026-12,4803,6669.91,6260.17,99,2026-06,FlashReport_June_2026.pdf
642,705512,,,Doubling of Kottavalasa-Koraput Rail Line [189 KM],"Multi-States (Andhra Pradesh, Odisha)",East Coast Railway [ECoR] - II,2015-12,2022-03,2028-03,2500,2500,2217.87,73,2026-06,FlashReport_June_2026.pdf
643,400275,,,Tindivanam-Nagari New Line Project [184.5 km],"Multi-States (Andhra Pradesh, Tamil Nadu)",Ministry of Railways,2008-07,2025-09,2028-03,3631,3631,1335.29,16.85,2026-06,FlashReport_June_2026.pdf
644,616857,,,Doubling between Motumari Vishnupuram - 88.81 Km and Rail over Rail - RoR at Motumari - 10.877 Km,"Multi-States (Andhra Pradesh, Telangana)",South Central Railway [SCR] - II,2024-02,2029-03,,1595.55,1595.55,264.89,2.05,2026-06,FlashReport_June_2026.pdf
645,617211,,,Doubling of Guntur Bibinagar 239 Km,"Multi-States (Andhra Pradesh, Telangana)",South Central Railway [SCR] - II,2023-08,2029-03,,2853.23,2853.23,357.74,2.6,2026-06,FlashReport_June_2026.pdf
646,617214,,,Rail Connectivity to Errupalem Amravati Namburu 57 Km,"Multi-States (Andhra Pradesh, Telangana)",South Central Railway [SCR] - II,2024-11,2027-03,,2047.4,2047.4,208.57,0.17,2026-06,FlashReport_June_2026.pdf
647,705612,,,Kazipet-Vijayawada 3rd line with electrification [220 km],"Multi-States (Andhra Pradesh, Telangana)",South Central Railway [SCR] - II,2013-03,2025-02,2025-12,1953,3363,5192.51,95.02,2026-06,FlashReport_June_2026.pdf
648,705632,,,Vijayawada - Kazipet Byepass line,"Multi-States (Andhra Pradesh, Telangana)",South Central Railway [SCR] - II,2016-04,2025-01,2025-12,647,904,1249.39,93.6,2026-06,FlashReport_June_2026.pdf
649,705401,,,Murkongselek-Pasighat,"Multi-States (Arunachal Pradesh, Assam)",Northeast Frontier Railway [NFR] - II,2011-02,2025-03,2026-12,435,1250,887.87,72,2026-06,FlashReport_June_2026.pdf
650,705394,,,Tetlia-Byrnihat New Railway Line,"Multi-States (Assam, Meghalaya)",Northeast Frontier Railway [NFR],2010-08,2011-11,2027-06,1304.62,1304.62,1258.8,86.16,2026-06,FlashReport_June_2026.pdf
651,616701,,,Lumding Furkating Doubling Project 140 km,"Multi-States (Assam, Nagaland)",Northeast Frontier Railway [NFR],2024-02,2028-02,,2123.7,2123.7,141.06,12.5,2026-06,FlashReport_June_2026.pdf
652,705392,,,Dimapur [Dhansiri]-Sukhobi Kohima [Zubza] NL [82.5 Km],"Multi-States (Assam, Nagaland)",Northeast Frontier Railway [NFR] - II,2015-08,2025-03,2029-12,6663,6663,6748.9,46.5,2026-06,FlashReport_June_2026.pdf
653,705794,,,New Delhi- Howrah Speed Booster[160Kmph] Project,"Multi-States (Bihar, Delhi, Jharkhand, Uttar Pradesh, West Bengal)",PCE/NCR,2019-09,2024-03,,6684.81,6684.81,127.03,0,2026-06,FlashReport_June_2026.pdf
654,616699,,,Multi tracking of Son Nagar-Andal 374.53 rkm & 814.38 tkm,"Multi-States (Bihar, Jharkhand)",East Central Railway [ECR] - I,2023-08,2028-03,,12333.57,12333.6,882.77,18,2026-06,FlashReport_June_2026.pdf
655,705375,,,Koderma-Tilaiya New Line,"Multi-States (Bihar, Jharkhand)",East Central Railway [ECR] - I,2004-11,2025-02,2026-02,1626,2486.62,2221.76,95.6,2026-06,FlashReport_June_2026.pdf
656,705385,,,Pirpainti - Jasidih [100.52 Km] New BG line,"Multi-States (Bihar, Jharkhand)",Eastern Railway [ER] - I,2014-03,2028-03,2028-03,2555,2555,1117.17,61.9,2026-06,FlashReport_June_2026.pdf
657,611669,,,NER Provision of Automatic Block Signalling on Gorakhpur Cantt[Excl] Chhapra Gramin & Burhwal Jn [Excl] Sitapur Jn section of high density routes,"Multi-States (Bihar, Uttar Pradesh)",North Eastern Railway [NER],2022-05,2027-03,2028-03,380.47,380.47,258.65,25,2026-06,FlashReport_June_2026.pdf
658,617224,,,Gorakhpur-Valmikinagar Doubling project,"Multi-States (Bihar, Uttar Pradesh)",NER,2023-08,2027-12,,1120,1120,442.7,32,2026-06,FlashReport_June_2026.pdf
659,705562,,,Chhapra-Ballia Patch Doubling,"Multi-States (Bihar, Uttar Pradesh)",North Eastern Railway [NER],2013-03,2025-02,2026-05,963,1046,918.18,96,2026-06,FlashReport_June_2026.pdf
660,617245,,,Katihar Kumedpur & Katihar Mukuria BG Doubling Project,"Multi-States (Bihar, West Bengal)",Northeast Frontier Railway [NFR],2022-08,2026-08,2027-02,942.64,942.64,656.16,66,2026-06,FlashReport_June_2026.pdf
661,618978,,,Gondia - Dongargarh 4th line [84 Km],"Multi-States (Chhattisgarh, Maharashtra)",South Eastern Central Railway,2025-10,2030-10,,2222.53,2222.53,0.35,1,2026-06,FlashReport_June_2026.pdf
662,705617,,,Rajnandgaon - Nagpur [Kalumna] Third Railway Line [228.30 km],"Multi-States (Chhattisgarh, Maharashtra)",South East Central Railway [SECR] - II,2016-09,2024-12,2026-06,3545,3545,3678.97,96,2026-06,FlashReport_June_2026.pdf
663,617390,,,Sardega -Bhalumuda New Double line [37.24 Km],"Multi-States (Chhattisgarh, Odisha)",SECR,2024-09,2028-03,,1281.81,1281.81,130.14,5,2026-06,FlashReport_June_2026.pdf
664,705511,,,Jagdalpur-Koraput,"Multi-States (Chhattisgarh, Odisha)",East Coast Railway [ECoR] - II,2015-12,2024-03,2026-12,1547,1547,1403.9,92.55,2026-06,FlashReport_June_2026.pdf
665,705616,,,Jharsuguda-Bilaspur Fourth Railway Line [206 km],"Multi-States (Chhattisgarh, Odisha)",SECR,2016-09,2024-10,2026-03,2140,2979,2302.69,97,2026-06,FlashReport_June_2026.pdf
666,705728,,,Mumbai-Ahmedabad High Speed Rail Project- 508 km,"Multi-States (Dadra & Nagar Haveli and Daman & Diu, Gujarat, Maharashtra)",National High Speed Rail Corporation [NHSRC],2015-03,2027-08,2029-12,108000,108000,90966.89,60.87,2026-06,FlashReport_June_2026.pdf
667,705793,,,Raising of speed to 160 kmph/200 kmph on existing New Delhi-Mumbai route incl. Vadodara-Ahmedabad,"Multi-States (Delhi, Gujarat, Madhya Pradesh, Maharashtra, Rajasthan)",PCE/WR,2019-09,2024-03,2026-03,6806.44,8095.12,9480.86,66.32,2026-06,FlashReport_June_2026.pdf
668,705650,,,Hospet - Tinaighat - Vasco Rail Doubling Project,"Multi-States (Goa, Karnataka)",RVNL - II,2010-03,2027-03,2027-12,5060,5060,5511.03,86.14,2026-06,FlashReport_June_2026.pdf
669,706950,,,Hospet-Hubli-Vasco da Gama Line Electrification Project,"Multi-States (Goa, Karnataka)",RVNL,2015-07,2023-03,2026-06,744.49,1122.62,1163.32,99.7,2026-06,FlashReport_June_2026.pdf
670,705237,,,Western Dedicated Freight Corridor,"Multi-States (Gujarat, Haryana, Maharashtra, Rajasthan, Uttar Pradesh)",DFCCIL,2008-02,2022-03,2025-12,51101,124005,124623,96,2026-06,FlashReport_June_2026.pdf
671,705453,,,"New line Dahod-Indore via Sardarpur, Jabuwa and Dhar","Multi-States (Gujarat, Madhya Pradesh)",Western Railway [WR] - II,2012-06,2027-02,2027-02,456.07,3516.77,4166.4,55,2026-06,FlashReport_June_2026.pdf
672,705454,,,Chhota Udaipur - Dhar New Line Project [157 km],"Multi-States (Gujarat, Madhya Pradesh)",Western Railway [WR] - II,2008-11,2025-12,2025-12,1794,1794,1828.91,80.5,2026-06,FlashReport_June_2026.pdf
673,611452,,,MUMBAI CENTRAL VIRAR VADODARA AHMEDABAAD TRAIN PROTECTION SYSTEM 500 RKM,"Multi-States (Gujarat, Maharashtra)",Western Railway,2019-09,2025-12,2026-12,311,311,263.42,93,2026-06,FlashReport_June_2026.pdf
674,400022,,,Taranga Hill-Abu Road via Ambaji,"Multi-States (Gujarat, Rajasthan)",North Western Railway [NWR],2022-07,2030-07,2030-07,2798,2798,2616.51,45,2026-06,FlashReport_June_2026.pdf
675,616842,,,LUNI- SAMDARI- BHILDI DOUBLING,"Multi-States (Gujarat, Rajasthan)",North Western Railway [NWR],2024-02,2027-07,,3085.59,3085.59,962.77,36,2026-06,FlashReport_June_2026.pdf
676,705424,,,Chandigarh-Baddi New Rail Line- 36 km,"Multi-States (Haryana, Himachal Pradesh)",Northen Railway [NR],2018-02,2026-12,2026-12,1540,1540.13,606.07,44,2026-06,FlashReport_June_2026.pdf
677,611861,,,Rewari - Kathuwas Doubling Project [27.72 Km],"Multi-States (Haryana, Rajasthan)",North Western Railway [NWR],2023-02,2027-06,2027-06,352,352,342.83,80,2026-06,FlashReport_June_2026.pdf
678,705410,,,Nangal Dam-Talwara New Broad Gauge Line [84 KM] and Taking Over Siding Mukerian-Talwara [29 KM],"Multi-States (Himachal Pradesh, Punjab)",Northen Railway [NR],1983-03,2025-12,2027-12,2018,2018,2398.08,85.5,2026-06,FlashReport_June_2026.pdf
679,705428,,,Bhanupalli-Bilaspur-Beri New Railway Line Project,"Multi-States (Himachal Pradesh, Punjab)",RVNL - II,2009-03,2026-12,2027-12,13447,13447,7781.89,64,2026-06,FlashReport_June_2026.pdf
680,705628,,,Doubling of Hatia [Ranchi]-Bondamunda Rail Line - 159 km,"Multi-States (Jharkhand, Odisha)",South Eastern Railway - JH,2016-03,2025-06,2026-06,3029,3029.04,2649.22,94,2026-06,FlashReport_June_2026.pdf
681,616588,,,Buramara-Chakulia new line [59.96 km],"Multi-States (Jharkhand, Odisha, West Bengal)",South Eastern Railway [SER] - I,2024-08,2029-12,,1459.13,1459.13,9.16,0,2026-06,FlashReport_June_2026.pdf
682,616227,,,Chandil - Anara - Damodar - 3rd line [121.26 km],"Multi-States (Jharkhand, West Bengal)",CAO/C/SER,2024-09,2029-09,,1932.01,1932.01,3.97,0,2026-06,FlashReport_June_2026.pdf
683,705668,,,KHARAGPUR-ADITYAPUR THIRD RAIL LINE- 132 KM,"Multi-States (Jharkhand, West Bengal)",RVNL - I,2016-09,2025-03,2026-06,3250,3250,3294.29,98,2026-06,FlashReport_June_2026.pdf
684,703586,,,Baiyyappanahalli - Hosur Doubling Project [48 km],"Multi-States (Karnataka, Tamil Nadu)",Karnataka Rail Infrastructure Development Company Limited [K-RIDE],2019-04,2024-03,2026-01,498.7,748.7,713.85,88.3,2026-06,FlashReport_June_2026.pdf
685,705635,,,Trivandrum- Kanyakumari,"Multi-States (Kerala, Tamil Nadu)",Southern Railway [SR] - I,2017-08,2025-03,2028-06,1432,3785.45,3213.64,58,2026-06,FlashReport_June_2026.pdf
686,705457,,,Ratlam-Mhow-Khandwa-Akola Gauge Conversion,"Multi-States (Madhya Pradesh, Maharashtra)",Western Railway [WR] - II,2008-04,2027-03,2028-09,1656.25,6499.86,4606.71,83,2026-06,FlashReport_June_2026.pdf
687,705507,,,Itarsi - Nagpur Third Railway Line [280 km],"Multi-States (Madhya Pradesh, Maharashtra)",Central Railway [CR] - II,2016-09,2027-03,2027-12,2449.91,2506.68,2195.77,55,2026-06,FlashReport_June_2026.pdf
688,617406,,,RATLAM- DUNGARPUR VIA BANSWARA NEW LINE PROJECT,"Multi-States (Madhya Pradesh, Rajasthan)",North Western Railway [NWR],2015-10,2028-03,,2417.24,2417.24,7.7,8,2026-06,FlashReport_June_2026.pdf
689,705419,,,Gwalior - Seopurkala with extension to Kota [Gauge Conversion],"Multi-States (Madhya Pradesh, Rajasthan)",North Central Railway,2011-03,2025-03,2026-02,2913,2913,2270.23,95,2026-06,FlashReport_June_2026.pdf
690,705764,,,Nimach-Badi Sadri New Rail Line Project,"Multi-States (Madhya Pradesh, Rajasthan)",Western Railway [WR] - II,2017-04,2026-03,2026-06,495,825,294.57,60,2026-06,FlashReport_June_2026.pdf
691,705667,,,Mathura-Jhansi Third Railway Line [274 Km],"Multi-States (Madhya Pradesh, Rajasthan, Uttar Pradesh)",RVNL - II,2015-12,2024-12,2026-12,5961,5961,5195.18,96.71,2026-06,FlashReport_June_2026.pdf
692,705598,,,Jhansi - Bina Third Railway Line [153 Km],"Multi-States (Madhya Pradesh, Uttar Pradesh)",CAO/C/NCR,2016-09,2022-03,2026-03,2002,2002,1960.31,98,2026-06,FlashReport_June_2026.pdf
693,705608,,,Jhansi-Khairar-Manikpur & Khirar-Bhimsen,"Multi-States (Madhya Pradesh, Uttar Pradesh)",North Central Railway,2018-03,2026-03,2026-03,4330,4330,3102.72,73,2026-06,FlashReport_June_2026.pdf
694,705613,,,Third Line [new] between Kazipet - Balharshah with electrification [201.04 Km],"Multi-States (Maharashtra, Telangana)",South Central Railway [SCR] - II,2016-09,2025-01,2025-11,2595,3071,4154.83,94.8,2026-06,FlashReport_June_2026.pdf
695,705629,,,Narayangarh-Bhadrak 3rd line,"Multi-States (Odisha, West Bengal)",South Eastern Railway [SER] - I,2019-03,2025-12,2027-01,2400,3425.32,2713.19,82,2026-06,FlashReport_June_2026.pdf
696,400223,,,Nagapattinam-Tiruturaipundi and Karaikal-Peralam New Line,"Multi-States (Puducherry, Tamil Nadu)",Ministry of Railways,2008-07,2027-03,2028-03,713,981,645.24,81,2026-06,FlashReport_June_2026.pdf
697,705432,,,Sivok-Rangpo New Rail Line,"Multi-States (Sikkim, West Bengal)",Indian Railway Construction International Limited [IRCON],2009-10,2015-05,2027-12,7877,11775,11090.47,80,2026-06,FlashReport_June_2026.pdf
698,602797,,,"Sainthia, Sitarampur, Mughalsarai, Allahabad & Etawah - Bypass Line Project","Multi-States (Uttar Pradesh, West Bengal)",Eastern Railway [ER] - I,2017-08,2027-03,2027-03,461.64,461.64,296.61,33,2026-06,FlashReport_June_2026.pdf
699,400006,,,Jharsuguda-Barpali-Sardega Ph II Works- Rail Connectivity for Coal Loading Bulb at Barpali.,Odisha,South Eastern Railway [SER] - I,2021-10,2025-10,2026-12,808.99,808.99,743.46,40,2026-06,FlashReport_June_2026.pdf
700,400045,,,Proposed 6 nos Road Over Bridge [ROB] at different locations under MCL Talcher Under Deposit Scheme.,Odisha,East Coast Railway [ECoR] - II,2022-08,2025-03,2025-01,168.32,168.32,69.85,82,2026-06,FlashReport_June_2026.pdf
701,400047,,,Doubling of Lingaraj SILO connectivity of NTPC line and augmentation of NTPC exchange yard and NTPC Block Cabin.,Odisha,East Coast Railway [ECoR] - II,2022-08,2024-12,2026-12,210,210,41.17,53,2026-06,FlashReport_June_2026.pdf
702,400048,,,Doubling of lines connecting the loading spurs in Talcher Yard.,Odisha,East Coast Railway [ECoR] - II,2022-09,2024-12,2027-06,186.21,186.21,105.07,88,2026-06,FlashReport_June_2026.pdf
703,400232,,,Brundamal-Jharsuguda- flyover connection for joining downline,Odisha,East Coast Railway [ECoR] - II,2014-01,2026-12,2026-12,297,297,237.83,67,2026-06,FlashReport_June_2026.pdf
704,612834,,,3rd & 4th line between Sarla - Sason [8 km] [PB 73/2023-24/NR],Odisha,East Coast Railway [ECoR] - II,2023-04,2025-12,,252,252,117.97,92,2026-06,FlashReport_June_2026.pdf
705,615915,,,Rourkela-Bondamunda A-Cabin 5th line [9.6 km],Odisha,CAO/C/SER,2022-09,2026-03,2026-11,244.99,244.99,146.07,45,2026-06,FlashReport_June_2026.pdf
706,616586,,,Bangriposi-Gorumahisani new line [ 85.60 km ],Odisha,CAO/C/SER,2024-08,2029-12,,2269.49,2269.49,7.14,0,2026-06,FlashReport_June_2026.pdf
707,616587,,,Badampahar-Kendujhargarh new line [82.06 km],Odisha,CAO/C/SER,2024-08,2029-12,,1875.72,1875.72,2.35,0,2026-06,FlashReport_June_2026.pdf
708,616694,,,Flyover between Siju and Paradeep coaching Yard to avoid Surface crossing of trains,Odisha,East Coast Railway [ECoR] - II,2023-04,2028-07,,200.77,200.77,37.26,5.5,2026-06,FlashReport_June_2026.pdf
709,616695,,,Paradeep - Badabandha 3rd & 4th Line / 18.51kms,Odisha,East Coast Railway [ECoR] - II,2023-08,2028-11,,300.15,300.15,2.47,10.5,2026-06,FlashReport_June_2026.pdf
710,616839,,,Naupada-Gunupur - New line upto Theruvali [73.62 km],Odisha,Indian Railway,2024-08,2029-12,,1165.89,1165.89,0,0,2026-06,FlashReport_June_2026.pdf
711,618995,,,New Line between Junagarh - Nabarangpur [116.21 Km],Odisha,Indian Railway,2024-08,2030-08,,2864.51,2864.51,1.06,0,2026-06,FlashReport_June_2026.pdf
712,705358,,,Khurda-Bolangir New Broad Gauge Rail Link [301km],Odisha,East Coast Railway [ECoR] - II,1994-03,2026-12,2026-12,3792,5089,5789.53,92.5,2026-06,FlashReport_June_2026.pdf
713,705359,,,Talcher-Bimlagarh New Railway Line,Odisha,East Coast Railway [ECoR] - II,2004-03,2025-03,2029-03,1928,1928,2127.3,57,2026-06,FlashReport_June_2026.pdf
714,705510,,,Bhadrak-Nergundi Third Line,Odisha,East Coast Railway [ECoR] - II,2015-10,2024-11,2026-01,1284,1284,1379.6,95.8,2026-06,FlashReport_June_2026.pdf
715,705513,,,Koraput - Singapur Railway Doubling,Odisha,East Coast Railway [ECoR] - II,2015-12,2027-12,2028-03,2362,2362,2007.83,67.67,2026-06,FlashReport_June_2026.pdf
716,705514,,,Jarapada- Budhapank with flyover at Talcher road 3rd and 4th Line,Odisha,East Coast Railway [ECoR] - II,2015-11,2018-11,2028-03,1000,810.02,478.83,59,2026-06,FlashReport_June_2026.pdf
717,705515,,,3rd & 4th Railway Line Project from Salegaon to Budhapank via Rajathgarh.,Odisha,East Coast Railway [ECoR] - II,2013-07,2026-03,2026-03,1173,2092,2138.09,90,2026-06,FlashReport_June_2026.pdf
718,705741,,,Jeypore-Navarangpur New Rail Line Project,Odisha,East Coast Railway [ECoR] - II,2017-07,2028-07,2029-12,748,748,15.91,2.13,2026-06,FlashReport_June_2026.pdf
719,706898,,,Khurda Road - Balangir Electrification of Railway Track Project,Odisha,Ministry of Railways,2018-09,2021-03,,267.61,267.61,0,0,2026-06,FlashReport_June_2026.pdf
720,709811,,,GANDHAMARDAN IRON ORE MINES TO GOALDIH STATION/12.76kms,Odisha,East Coast Railway [ECoR] - II,2022-09,2027-09,2027-09,190,189.93,3.4,5,2026-06,FlashReport_June_2026.pdf
721,705362,,,"Jaynagar-Bijalpura, incl. extn. Bet, Bijalpura-Bardibas [Nepal]",Offshore,East Central Railway [ECR] - I,2015-08,2022-03,2026-03,819,819,580.51,75,2026-06,FlashReport_June_2026.pdf
722,705298,,,North Region Video Surveillance Project,PAN India,RCIL,2020-06,2024-03,,274.39,274.39,0,48,2026-06,FlashReport_June_2026.pdf
723,607653,,,Ludhiana Mullanpur 21Km Doubling Railway project,Punjab,CAO/C/NR,,2024-06,2027-02,234.78,234.78,61.39,99,2026-06,FlashReport_June_2026.pdf
724,705783,,,Ludhiana- Killa Raipur Railway Doubling Project,Punjab,Railway,2019-03,2025-03,2027-02,237.64,238,137.05,57,2026-06,FlashReport_June_2026.pdf
725,611855,,,Devgarh Madariya - Nathdwara Gauge Conversion [82.54 Km] part of Marwar - Mavli Gauge Conversion [152 Km],Rajasthan,North Western Railway [NWR],2023-01,2027-01,,968.92,968.92,745.15,73,2026-06,FlashReport_June_2026.pdf
726,611929,,,Maintenance cum workshop depot for Vande Bharat Sleeper Trains as per conditions under WTA 527,Rajasthan,WPO/Patna,2022-09,2024-12,,166.86,166.86,0,0,2026-06,FlashReport_June_2026.pdf
727,616841,,,PUSHKAR- MERTA CITY NEW LINE,Rajasthan,North Western Railway [NWR],2024-02,2026-12,2028-12,799.64,799.64,224.71,8,2026-06,FlashReport_June_2026.pdf
728,616843,,,AJMER- CHANDERIYA DOUBLING,Rajasthan,North Western Railway [NWR],2024-02,2027-06,2028-03,1634.79,1634.79,489.56,22,2026-06,FlashReport_June_2026.pdf
729,617403,,,SADULPUR - CHURU DOUBLING PROJECT,Rajasthan,North Western Railway [NWR],2024-01,2026-06,,468.64,468.64,197.84,95,2026-06,FlashReport_June_2026.pdf
730,617404,,,POKHRAN - RAMDEVRA New Line,Rajasthan,North Western Railway [NWR],2025-04,2028-03,,189.21,189.21,55.58,2,2026-06,FlashReport_June_2026.pdf
731,617408,,,NATHDWARA- NATHDWARA TOWN NL,Rajasthan,North Western Railway [NWR],2019-03,2027-03,,166.33,166.33,112.55,15,2026-06,FlashReport_June_2026.pdf
732,705482,,,Dholpur - Sirmuttra Gauge Conversion,Rajasthan,North Central Railway,2022-03,2019-02,2027-02,747,747,509.8,49.7,2026-06,FlashReport_June_2026.pdf
733,705752,,,Gudha-Thatha Mithri Construction of Railway Track Project,Rajasthan,North Western Railway [NWR],2019-04,2026-11,2026-11,819.48,967.06,405.39,95,2026-06,FlashReport_June_2026.pdf
734,705912,,,Sawai Madhopur-Jaipur Railway Line Project,Rajasthan,North Western Railway [NWR],2024-02,2027-03,,1203.89,1203.89,240.33,19,2026-06,FlashReport_June_2026.pdf
735,705919,,,Agra Fort-Bandikui Doubling Line Project,Rajasthan,CAO/C/NCR,2022-06,2027-06,2027-06,1390,1390,529.92,56,2026-06,FlashReport_June_2026.pdf
736,706836,,,Dedicated Test Track for RDSO /Phase-II Project,Rajasthan,North Western Railway [NWR],2021-11,2026-03,,466.42,466.42,538.22,98,2026-06,FlashReport_June_2026.pdf
737,706866,,,Sawaimadhopur Bye Pass Line Project,Rajasthan,North Western Railway [NWR],2022-12,2026-03,2027-05,304,304,93.09,77,2026-06,FlashReport_June_2026.pdf
738,400280,,,Phase II extension of MRTS from Velachery to St Thomas Mount,Tamil Nadu,Ministry of Railways,2007-11,2025-07,2025-09,734,734.01,486.53,99.9,2026-06,FlashReport_June_2026.pdf
739,613002,,,Redevelopment of Chennai Egmore Station,Tamil Nadu,Ministry of Railways,2022-05,2026-03,,842,842,340,0,2026-06,FlashReport_June_2026.pdf
740,705244,,,Coach Production Factory Upgradation Project,Tamil Nadu,CPM/ICF,2017-12,2021-12,,520,520,192.25,0,2026-06,FlashReport_June_2026.pdf
741,616856,,,Doubling between Bhadrachalam Road and Dornakal,Telangana,South Central Railway [SCR] - II,2023-08,2029-04,,770.12,770.12,87.94,0.06,2026-06,FlashReport_June_2026.pdf
742,617409,,,Railway Manufacturing Unit,Telangana,RVNL - II,2016-07,2026-12,2026-03,521.36,521.36,492.12,91,2026-06,FlashReport_June_2026.pdf
743,705252,,,Kazipet Wagon Overhauling Project,Telangana,RVNL,2017-09,2023-12,,385,385,0,0,2026-06,FlashReport_June_2026.pdf
744,705437,,,Manoharabad-Kothapalli New Rail Line [151 km],Telangana,South Central Railway [SCR] - II,2016-07,2027-03,2027-12,1160,2781,3073.41,72.02,2026-06,FlashReport_June_2026.pdf
745,400204,,,Bahraich-Shravasti-Balrampur-Siddharthnagar -Santkabir nagar,Uttar Pradesh,North Eastern Railway [NER],2018-10,2030-10,2030-10,4939.78,4939.78,1086.23,13.1,2026-06,FlashReport_June_2026.pdf
746,400205,,,Sahjanwa-Dohrighat,Uttar Pradesh,North Eastern Railway [NER],2019-08,2029-03,2029-03,1319.75,1319.75,544.89,4.2,2026-06,FlashReport_June_2026.pdf
747,617213,,,Varanasi-Pt. Deen Dayal Upadhyaya multitracking 15km including construction of new Rail-cum-Road Bridge across Ganga River.,Uttar Pradesh,Northern Railways,2024-10,2029-10,,2464.46,2464.46,96.98,3.93,2026-06,FlashReport_June_2026.pdf
748,617252,,,Anandnagar - Ghugli via Maharajganj New line 52.7 km,Uttar Pradesh,Construction NER,2023-10,2028-03,,958.27,958.27,640.17,24,2026-06,FlashReport_June_2026.pdf
749,617284,,,Chunar-Chopan doubling project,Uttar Pradesh,North Central Railway,2023-08,2028-03,,1423.96,1423.96,151.57,18.5,2026-06,FlashReport_June_2026.pdf
750,617333,,,Surface triangle line bet. Bhadura stn and new crossing stn Karma,Uttar Pradesh,East Central Railway [ECR] - I,2022-10,2027-02,,199.96,199.96,7.67,0.6,2026-06,FlashReport_June_2026.pdf
751,617370,,,Doubling between Jaunpur Jn - Zaffarabad 6.28 km,Uttar Pradesh,M/S SRC company Infra Private Limited,2023-03,2027-01,,180.66,180.66,65.54,27.55,2026-06,FlashReport_June_2026.pdf
752,705567,,,Burhwal Gonda 3rd line,Uttar Pradesh,North Eastern Railway [NER],2017-11,2025-03,2026-05,1016,1118,1058.77,88.5,2026-06,FlashReport_June_2026.pdf
753,705588,,,Janghai-Pratapgarh- Amethi,Uttar Pradesh,CAO/C/II/NR,2017-11,2025-03,2026-03,722,1194,1729.27,70,2026-06,FlashReport_June_2026.pdf
754,705766,,,Lalitpur-Birari with flyover at Lalitpur- 16 Km,Uttar Pradesh,North Central Railway,2017-03,2024-12,2026-01,304.44,356,283.67,86,2026-06,FlashReport_June_2026.pdf
755,705771,,,Allahabad-Bamhrauli Flyover Construction & 4th Railway Line Project,Uttar Pradesh,North Central Railway,2019-04,2026-03,2026-03,494,494,410.3,80,2026-06,FlashReport_June_2026.pdf
756,705772,,,"Mughalsarai-Allahabad, 3rd line",Uttar Pradesh,North Central Railway,2015-12,2026-12,2027-03,2649,2649.44,2024.65,74,2026-06,FlashReport_June_2026.pdf
757,705774,,,Aligarh -Daud Khan Flyover Construction & 3rd Railway Line Project,Uttar Pradesh,CAO/C/NCR,2019-04,2025-01,2027-03,758,779.49,511.12,83,2026-06,FlashReport_June_2026.pdf
758,705777,,,Bhandai - Flyover for Etawah bound down train- 10 Km,Uttar Pradesh,North Central Railway [NCR] - II,2020-07,2026-02,2027-02,250.18,250.18,163.27,9,2026-06,FlashReport_June_2026.pdf
759,705780,,,Bhatni-Aurnihar with electrification excluding Indara-Mau,Uttar Pradesh,RVNL - I,2018-03,2024-12,2026-06,2529,2529.46,2171.72,96.7,2026-06,FlashReport_June_2026.pdf
760,705782,,,Barabanki-Malhaur 3rd & 4th Railway Line Project,Uttar Pradesh,Ministry of Railways,2019-01,2025-03,2026-08,407,407,417.22,78,2026-06,FlashReport_June_2026.pdf
761,705918,,,Allahabad division - Aligarh - Harduaganj Flyover,Uttar Pradesh,North Central Railway,2020-04,2026-10,2027-03,1457,1457,400.19,36,2026-06,FlashReport_June_2026.pdf
762,705429,,,Rishikesh-Karnaprayag New Rail Line- 125 km,Uttarakhand,RVNL - II,2016-11,2025-12,2028-12,38953,38953,28828.18,77.5,2026-06,FlashReport_June_2026.pdf
763,400247,,,Kalinarayanpur-Krishnanagar Doubling Alongwith Krishnanagar - Chapra New Line And Naihati-Ranaghat 3rd Line.,West Bengal,Eastern Railway [ER] - I,2015-07,2027-02,2028-03,1000,1000,1066.85,76,2026-06,FlashReport_June_2026.pdf
764,400273,,,Tarakeshwar-Bishnupur New Line [82.47 km],West Bengal,Eastern Railway [ER] - I,2001-03,2019-03,2026-02,1189,1542,1390.59,96.9,2026-06,FlashReport_June_2026.pdf
765,400277,,,Dum Dum Airport-New Garia via Rajarhat-Construction of Metro Railway,West Bengal,RVNL - II,2010-03,2025-12,2027-12,8964,8964,8984.66,87,2026-06,FlashReport_June_2026.pdf
766,612096,,,Construction of Balurghat-Hilli new BG Line,West Bengal,Northeast Frontier Railway [NFR],2010-12,2027-03,2027-03,1209,1181.57,518.15,18,2026-06,FlashReport_June_2026.pdf
767,617345,,,SER Upgradation of maintenance infrastructure at Shalimar into Vande Bharat Chair Car maintenance cum workshop depot.,West Bengal,South Eastern Railway - JH,2024-03,2026-10,,226.87,226.87,86.69,50,2026-06,FlashReport_June_2026.pdf
768,705730,,,Joka-BBD Bag new metro project,West Bengal,RVNL - II,2010-03,2026-12,2029-12,4835,10362,5098.73,51,2026-06,FlashReport_June_2026.pdf
769,706776,,,Noapara-Barasat via Bimanbandar - Construction of Metro railway [18 km],West Bengal,"Metro Railway, Kolkata",2010-11,2026-08,2029-03,4830,4830,3350.62,32.2,2026-06,FlashReport_June_2026.pdf
770,706777,,,Baranagar-Barrackpore and Dakshineshwar- Construction of Metro Railway,West Bengal,RVNL - II,2010-03,2026-12,2030-12,2298,2734,429.56,17,2026-06,FlashReport_June_2026.pdf
771,619184,,,"Rehabilitation and up-gradation and completion of balance works of the section from Km 107.760 km to 129.445 km After Middle strait to Humphrey, Km 130.600 to 138.300 After Humphrey to Kadamtala of NH-4 Intermediate/2-Lane with hard shoulder in the Union Territory of Andaman & Nicobar Islands on EPC basis Package- IIIA",Andaman & Nicobar,NHIDCL,2018-02,2025-09,2026-12,207.45,376.48,0,81.32,2026-06,FlashReport_June_2026.pdf
772,619185,,,Rehabilitation and up-gradation and completion of balance work of section from Km 155.00 to Km 181.00 End of Jarwa to Rangat of NH -4 Total length 26 Km to Intermediate Lane/2-lane with hard shoulders in the UT of A&N Islands on EPC basis - Package-III.B Balance work,Andaman & Nicobar,NHIDCL,2018-02,2025-10,2027-03,183.56,333.12,0,50.15,2026-06,FlashReport_June_2026.pdf
773,619186,,,Construction of Balance works of Major Bridge over Middle Strait Creek between Km.106.590 to km108.553 of NH-04 connecting South Andaman & Baratang Island in the Union Territory of Andaman & Nicobar Islands on EPC basis,Andaman & Nicobar,NHIDCL,2015-03,2026-02,2026-12,262.96,371.88,0,12.98,2026-06,FlashReport_June_2026.pdf
774,617949,,,Tadipatri Bypass Km 0000 to Km 6285 of 4-Lane on NH-67 in Anantapuramu district of AP state under NHO on EPC Mode under Annual Plan 2022-23,Andhra Pradesh,MoRTH,2023-03,2026-03,2026-03,159.66,159.66,75.64,100,2026-06,FlashReport_June_2026.pdf
775,617984,,,"Gudivada Town 2 RoB, and Road improvement NH-165",Andhra Pradesh,MoRTH,2022-03,2025-05,2027-03,317.22,317.22,0,75.2,2026-06,FlashReport_June_2026.pdf
776,617985,,,Widening to two lane with paved shoulders from Km 0/0 to 64/020 Pamarru to Akiveedu,Andhra Pradesh,MoRTH,2020-03,2023-11,2027-05,529.54,588.65,0,74.41,2026-06,FlashReport_June_2026.pdf
777,617986,,,Kurnool/Kadapa Border-Jammalamadugu section of NH-167K i.e. Design Ch. Km 248010 to km 269900 to 2,Andhra Pradesh,MoRTH,2023-03,2026-12,2026-12,292.63,292.63,0,95.77,2026-06,FlashReport_June_2026.pdf
778,617987,,,Nandyala-Kurnool/Kadapa Border section of NH-167K i.e. Km 186/000 to Km 250/000Design Ch.186000 to 248010 to 2LPS,Andhra Pradesh,MoRTH,2024-10,2027-09,2027-09,691.81,691.81,0,46.45,2026-06,FlashReport_June_2026.pdf
779,617988,,,Sangameswaram - Atmakuru section from Km 96 to Km 124 & Velegodu- Nandyal section including Nandyal Bypass from Km 143/6 to 185/9 NH-167K,Andhra Pradesh,MoRTH,2024-10,2027-07,2027-07,776.17,644.14,0,35.6,2026-06,FlashReport_June_2026.pdf
780,617991,,,"Rehabilitation and up-gradation of NH-167 from Km 14/900 to Km70/000 Design Ch. 14/900 to 69/700 Chintakunta to Adoni section to two lane with paved shoulders in the State of Andhra Pradesh under Corridor Approach through Engineering, Procurement",Andhra Pradesh,MoRTH,2016-11,2019-05,2026-12,290.15,290.15,141.83,91.9,2026-06,FlashReport_June_2026.pdf
781,618013,,,4-laning of Puttaparthi-Koduru Section of NH-342,Andhra Pradesh,MoRTH,2022-10,2025-11,2026-08,1318.59,909.19,464.06,90.19,2026-06,FlashReport_June_2026.pdf
782,618037,,,Rehabilitation and Up-gradation of existin of road from 2-lane to 2-lane with paved shoulders from km. 0.00 to km 53.590 total length-53.590 km of Raychoti to Vempalli section of NH-440 in the State of Andhra Pradesh on EPC mode.,Andhra Pradesh,MoRTH,2021-12,2024-05,2026-09,439.82,359.52,213.04,86.54,2026-06,FlashReport_June_2026.pdf
783,618052,,,Gorantla - Hindupur section from Km 120/300 to 165/000 of NH716G in the State of Andhra Pradesh,Andhra Pradesh,MoRTH,2024-10,2027-08,2027-08,808.7,808.7,0,28.78,2026-06,FlashReport_June_2026.pdf
784,618053,,,Muddanur to B. Kothapalli section of NH-716G from Km. 0/000 to Km. 56/500 56.500 Km in the State of Andhra Pradesh on EPC mode Job no. 741,Andhra Pradesh,MoRTH,2024-10,2027-08,2027-08,1019.97,1019.97,0,30.55,2026-06,FlashReport_June_2026.pdf
785,618101,,,Kondamodu to Perecherla Section Design Ch. Km 000 to Km 49917 of NH-167AG to to 4LPS,Andhra Pradesh,MoRTH,2024-10,2027-04,2027-04,881.61,881.61,0,37.95,2026-06,FlashReport_June_2026.pdf
786,618103,,,Rehabilitation and upgradation from Km 22300 to 58635 of MudireddyPalle to Kadapa/Nellore Border via porumamilla Section of NH 167 Two Lane with paved Shoulder in,Andhra Pradesh,MoRTH,2022-03,2026-04,2026-07,279.29,279.29,168.7,90.33,2026-06,FlashReport_June_2026.pdf
787,618125,,,Rehabilitation and upgradation of NH 326A from km 0/0 to 41/979 excluding km 2/255 to 3/372 and km 36/820 to 38/275 Odisha border to Narasamapeta to two lane with paved Shoulders in the State of Andhra Pradesh under NHO on EPC Mode,Andhra Pradesh,MoRTH,2018-03,2020-03,2025-10,228.32,228.32,0,100,2026-06,FlashReport_June_2026.pdf
788,618193,,,Widening of Existing Road to Two Lane with Paved Shoulder Configuration from Km 0.00 to 26.000 & Km 45.200 To 59.622 Of NH 365BB in the State of Andhra Pradesh Under Annual Plan 2023-24 through EPC Mode,Andhra Pradesh,MoRTH,2024-01,2026-12,2026-12,368.63,368.63,62.43,22.55,2026-06,FlashReport_June_2026.pdf
789,618194,,,Rehabilitation and upgradation of New NH 544DD from design Chainage Km. 56/000 to 102/20 of Kalyandrg - Molakalmuru Section,Andhra Pradesh,MoRTH,2018-03,2020-02,2025-09,294.13,285.29,312.4,98.52,2026-06,FlashReport_June_2026.pdf
790,618236,,,Rehabilitation and Up-gradation of Dhindi - Digamarru section from Km 126/510 to Km 135/740 of NH -214 New NH -216 and digamarru -Losari section from Km 0/000 tp Km 34/230 of NH-214 A New Nh-216 to two lane with paved shoulder in the state of AP-NH,Andhra Pradesh,MoRTH,2016-02,2018-05,2023-11,316.06,288.76,222.43,100,2026-06,FlashReport_June_2026.pdf
791,618238,,,Rehabilitation and Up-gradation of Thimmapuram to Gurajanapalli section from Km 26/150 to Km 41/161 of NH - 214 New NH - 216 to two lane with paved shoulder in the state of Andhra Pradesh under NHDP-IV,Andhra Pradesh,MoRTH,2016-08,2018-07,2026-09,350.61,432.91,233.93,98.2,2026-06,FlashReport_June_2026.pdf
792,618239,,,"Rehabilitation & Upgradation of NH214 New NH-216 from Km 34/230 to Km 84/550 Losari to Machavaram Section to two lane with paved shoulder in the state of Andhrapradesh under NHDP-IV through Engineering, Procurement& Construction EPC mode.",Andhra Pradesh,MoRTH,2016-03,2018-09,2025-07,445.22,459.37,0,98.6,2026-06,FlashReport_June_2026.pdf
793,618254,,,Construction of Paderu bypass Km 0000 to Km 13000 of 2- lane with paved shoulder on NH-516E,Andhra Pradesh,MoRTH,2023-03,2026-07,2026-12,244.43,244.43,21.96,13,2026-06,FlashReport_June_2026.pdf
794,618255,,,Two laning with paved shoulders of Lambasingi to Paderusection of NH 516E,Andhra Pradesh,MoRTH,2020-04,2025-11,2027-03,361.24,358.05,145.94,43.22,2026-06,FlashReport_June_2026.pdf
795,618256,,,"Rehabilitation and Upgradation to 2-lane with paved should ders Sir, configuration of Chaprathipalem to Lambasingi section Km 165500 to Km 205000 of NH-516E in the State of Andhra Pradesh under Green National Highways Corridor Project GNHCP with the loan assistance of World Bank on EPC mode",Andhra Pradesh,MoRTH,2020-08,2024-10,2026-07,311.22,311.22,211.05,91.25,2026-06,FlashReport_June_2026.pdf
796,618257,,,Rehabilitation and Upgradation to 2-lane with paved shoulders configuration of Koyyuru to Chaprathipalem section Km 120000 to Km 165500 of NH-516E in the State of Andhra Pradesh under Green National Highways Corridor Project GNHCP with the loan assistance of World Bank on EPC mode,Andhra Pradesh,MoRTH,2020-08,2024-07,2026-07,349.29,349.29,264.81,100,2026-06,FlashReport_June_2026.pdf
797,618412,,,Construction of i Connecting Road from Z-Morh Tunnel to Zojila Tunnel Road Length 18.475km and ii 14.150 Km long 2-L Bi-directional single tube Zoji-la Tunnel across Zojila Pass on Sonamarg - Kargil section from Km 82 to Km 118 of NH-01 under PMDP,Andhra Pradesh,NHIDCL,2018-01,2026-09,2028-02,6808.69,6808.69,3549.07,68.8,2026-06,FlashReport_June_2026.pdf
798,618475,,,Bangalore Chennai Expressway Phase-II Pkg-II from km.96.000 to Km 127.000 Baireddypalle to Bangarupalem section,Andhra Pradesh,NHAI,2021-02,2025-06,2026-10,2548.04,2548.04,1327.64,93.32,2026-06,FlashReport_June_2026.pdf
799,618476,,,Bangalore Chennai Expressway Phase-II Pkg-III from km.127.000 to Km 156.000 Bangarupalem to Gudipala section,Andhra Pradesh,NHAI,2020-11,2024-10,2026-08,1407.33,1407.33,868.61,99.46,2026-06,FlashReport_June_2026.pdf
800,618524,,,Construction of 6 lane elevated corridor including its approaches from Km. 629880 to Km. 634470 Design Chainage of NH-16 in Ranasthalam Town portion in the state of Andhra Pradesh on EPC Mode under NHO.,Andhra Pradesh,NHAI,2024-07,2027-03,2027-08,257.98,192.85,55.83,35.63,2026-06,FlashReport_June_2026.pdf
801,618525,,,Construction of flyover at Gammon Junction at Km.903.265 on NH16 including vent at Diwancheruvu junction at Km.902.308 Blackspot ID No.AP03299 in Andhra Pradesh on EPC mode under NHO,Andhra Pradesh,NHAI,2025-03,2027-10,2027-10,326.61,223.29,43.67,18.79,2026-06,FlashReport_June_2026.pdf
802,618526,,,6L of Gundugolanu Design km 1023.280 to Kalaparru Design km 1050.680 of NH-5 New NH-16,Andhra Pradesh,NHAI,2018-10,2021-07,2026-08,665.59,665.59,643.95,95.73,2026-06,FlashReport_June_2026.pdf
803,618579,,,6L of Anandapuram Pendurthi Anakapalli Section from km. 681.000 to km. 731.780 of NH-16,Andhra Pradesh,NHAI,2018-01,2021-07,2026-07,2527,2957.25,2376.08,100,2026-06,FlashReport_June_2026.pdf
804,618629,,,Nandigama Bypass and Kanchikacherla bypass,Andhra Pradesh,NHAI,2017-11,2019-06,2026-09,416.07,444.58,387.77,98.47,2026-06,FlashReport_June_2026.pdf
805,618633,,,4L of Kadapa China Orampadu section of NH-716 Package I of Kadapa-Renigunta section,Andhra Pradesh,NHAI,2022-12,2028-03,2028-03,1732.66,1732.66,105.77,2.3,2026-06,FlashReport_June_2026.pdf
806,618682,,,6L Korlam-Kantakapalle Section of NH-130CD Road from Km 421.100 to Km 445.100 Pkg-3,Andhra Pradesh,NHAI,2021-02,2024-02,2026-07,1112.7,1127.63,849.97,99.5,2026-06,FlashReport_June_2026.pdf
807,618700,,,Renigunta - Poyya - Naidupeta km 124.60 to km 183.4 of NH 71,Andhra Pradesh,NHAI,2020-03,2024-01,2026-09,1863.09,2510.14,1677.08,98.6,2026-06,FlashReport_June_2026.pdf
808,618712,,,6L Access Controlled Greenfield Highway from Kodur Ch. 0000 to Vanavolu Ch. 24300 of [NH-544G] Package-1,Andhra Pradesh,NHAI,2023-01,2026-02,2027-03,912.94,798.25,357.89,86.63,2026-06,FlashReport_June_2026.pdf
809,618713,,,6L Access Controlled Greenfield Highway from Yerragudipadu Ch. 129000 to Audireddipalle Ch. 160000 of [NH 544G] Package-6,Andhra Pradesh,NHAI,2023-02,2026-02,2027-11,1200.42,1019.69,282.03,45.04,2026-06,FlashReport_June_2026.pdf
810,618714,,,6L Access Controlled Greenfield Highway from Nallacheruvu palli Ch. 96300 to Yerragudipadu Ch. 129000 of [NH-544G] Package-5,Andhra Pradesh,NHAI,2022-02,2026-02,2027-06,1253.26,1095.78,388.46,65.04,2026-06,FlashReport_June_2026.pdf
811,618715,,,6L Access Controlled Greenfield Highway from Odulapalle Ch. 72000 to Nallacheruvu- palli Ch. 96300 of [NH-544G]Package-4,Andhra Pradesh,NHAI,2023-01,2026-02,2027-04,1058.9,946.1,403.17,75.92,2026-06,FlashReport_June_2026.pdf
812,618716,,,6L Access Controlled Greenfield Highway from Vankarakunta Ch. 45700 to Odulapalle Ch. 72000 of [NH-544G]Package-3,Andhra Pradesh,NHAI,2022-12,2026-03,2027-03,992.91,888.07,320.05,77.21,2026-06,FlashReport_June_2026.pdf
813,618717,,,6L Access Controlled Greenfield Highway from Vanavolu Ch. 24300 to Vankarakunta Ch. 45700 of [NH-544G] Package-2,Andhra Pradesh,NHAI,2023-01,2026-03,2027-02,750.81,626.91,250.23,86.13,2026-06,FlashReport_June_2026.pdf
814,618718,,,6L Access Controlled Greenfield Highway from Kavulakuntla Ch. 196000 to Narayanmpet Ch. 203500Package-09,Andhra Pradesh,NHAI,2023-02,2027-02,2027-12,1092.18,956.4,200.13,47.73,2026-06,FlashReport_June_2026.pdf
815,618719,,,6L Access Controlled Greenfield Highway from Mallapalle Ch. 176000 to Kavulakuntla Ch. 196000 Package-08,Andhra Pradesh,NHAI,2023-02,2026-02,2027-07,909.02,751.81,289.88,60.57,2026-06,FlashReport_June_2026.pdf
816,618720,,,6L Access Controlled Greenfield Highway from Audireddipalle Ch. 160000 to Mallapalle Ch. 176000Package-07,Andhra Pradesh,NHAI,2023-02,2026-03,2027-04,987.1,848.06,338.11,70.51,2026-06,FlashReport_June_2026.pdf
817,618721,,,6L Access Controlled Greenfield Highway from Chandrasekharapuram Ch. 228000 to Polavaram Ch. 260000of [NH-544G] Package-11,Andhra Pradesh,NHAI,2023-02,2026-02,2027-08,1292.65,1110.33,337.78,60.8,2026-06,FlashReport_June_2026.pdf
818,618749,,,Khammam-Devarapalle Pkg V [4L Access Controlled Greenfield from Gurvaygudem village to Devarapalle village Design Chainage 132664 to 162126,Andhra Pradesh,NHAI,2020-12,2024-09,2026-07,711.94,926.48,566.96,100,2026-06,FlashReport_June_2026.pdf
819,618759,,,4L PS Mydukur - Badvel from Km 585.820 to Km 630.960 of NH-67,Andhra Pradesh,NHAI,2022-05,2025-09,2026-10,1063.57,1103.87,585.5,90.4,2026-06,FlashReport_June_2026.pdf
820,618777,,,4L of Pileru to Kalur Section from Km 55.900 to Km 92.800 & Km 94.500 to Km 95.717 of NH-71Package-II,Andhra Pradesh,NHAI,2022-03,2025-11,2026-08,1877.47,592.85,246.41,98.84,2026-06,FlashReport_June_2026.pdf
821,618778,,,4L of Madanapalle to Pileru Section from Km 0.000 to Km 55.900 of NH-71Package-I,Andhra Pradesh,NHAI,2022-02,2025-01,2026-07,1877.47,1994.1,1182.65,94.9,2026-06,FlashReport_June_2026.pdf
822,618803,,,Development of 4L Road from Samarlakota to Achampeta Junction as part of Kakinada Port Connectivity to NH-16 Rajanagaram Junction in East Godavari District,Andhra Pradesh,NHAI,2022-09,2025-08,2026-12,645.63,750.2,680.06,92.1,2026-06,FlashReport_June_2026.pdf
823,618804,,,Dedicated Port road to Krishnapatnam Port Package-I from Km. 0.000 to Km. 18.000,Andhra Pradesh,NHAI,2018-03,2020-12,2027-03,348.72,341.36,303.73,78.95,2026-06,FlashReport_June_2026.pdf
824,618805,,,6L Connectivity to Port Road from Sabbavaram Sheelanagar-NH516C,Andhra Pradesh,NHAI,2024-12,2028-02,2028-02,977.33,977.33,127.79,6.3,2026-06,FlashReport_June_2026.pdf
825,618806,,,Improvement of 4L road to 6L road and 4L dedicated Port Roads for the Port connectivity road from Convent junction to Sheelanagar Junction,Andhra Pradesh,NHAI,2023-01,2026-02,2026-12,685.99,680.21,478.52,79,2026-06,FlashReport_June_2026.pdf
826,618807,,,"4L Greenfield Road connecting North and South industrial cluster of Khandaleru Creek near Krishnapatnam port at Thamminapatnam to Mollur from Km 0.0 to Km 16.046, Part I & 6L extension of dedicated port road of NH-67 Km 18.0 to Km 19.3, Part II",Andhra Pradesh,NHAI,2022-08,2025-09,2027-01,609.43,559.98,552.88,81.81,2026-06,FlashReport_June_2026.pdf
827,618826,,,4 Laning of NH-544D from Km 0.000 to km 37.000 of Anantapur- Muchukota section Pkg-1,Andhra Pradesh,NHAI,2022-10,2025-07,2026-08,907.76,905.98,468.12,91.97,2026-06,FlashReport_June_2026.pdf
828,618827,,,4 Laning of NH-544D from Km 37.000 to km 69.000 of Muchukota- Bugga section Pkg-2,Andhra Pradesh,NHAI,2022-10,2025-08,2026-12,1097.57,1055.23,466.89,82.05,2026-06,FlashReport_June_2026.pdf
829,618920,,,Access Controlled Highway of 4 Lane with Paved Shoulders from TN/AP Border Design Chainage Km 6151 to Puttur Design Chainage Km 81540 of NH-716 & 6 Lane with Paved Shoulders from Mallavaram to Renigunta,Andhra Pradesh,NHAI,2024-03,2026-12,2027-03,1346.82,1260.37,188.66,39.57,2026-06,FlashReport_June_2026.pdf
830,619076,,,Six Laning of Vijayawada Bypass from Chinna Avutapalli to Gollapudi in Vijayawada - Gundugolanu Section from km. 0.00 to km. 30.00 Pkg-III,Andhra Pradesh,NHAI,2020-01,2023-02,2026-09,1581.24,1883.71,1024.75,98.2,2026-06,FlashReport_June_2026.pdf
831,619102,,,4 L of China Orampadu-Renigunta section of NH-716 Package-II of Kadapa- Renigunta section,Andhra Pradesh,NHAI,2022-12,2028-03,2028-03,1500.11,1500.11,120.46,0,2026-06,FlashReport_June_2026.pdf
832,619111,,,6L Jakkuva Korlam Section of NH-130CD Road from km 396.800 to km 421.100 Pkg 2,Andhra Pradesh,NHAI,2021-02,2024-03,2026-07,840.51,840.51,573.89,99.5,2026-06,FlashReport_June_2026.pdf
833,619112,,,6L Kantakapalle Sabbavaram Section of NH-130CD Road from Km 445.100 to Km 464.662 Pkg-4,Andhra Pradesh,NHAI,2021-02,2024-10,2026-12,1012.57,1012.57,702.32,84,2026-06,FlashReport_June_2026.pdf
834,619123,,,6L Access Controlled Greenfield Highway from Narayanmpet Ch. 203500 to Chandrasekharpuram Ch. 228000Package-10,Andhra Pradesh,NHAI,2023-02,2026-02,2027-07,813.66,678.21,223.05,66.12,2026-06,FlashReport_June_2026.pdf
835,619124,,,6L Access Controlled Greenfield Highway from Polavaram Ch. 260000 to Marripudi Ch. 285500 of [NH-544G]Package-12,Andhra Pradesh,NHAI,2023-02,2026-02,2027-05,747.29,626.83,242.62,70.2,2026-06,FlashReport_June_2026.pdf
836,619125,,,6L Access Controlled Greenfield Highway from Somavarappadu Ch.314.600 to Muppavaram Ch.343240 of [NH-544G] Package-14,Andhra Pradesh,NHAI,2023-02,2026-02,2027-10,1103.9,943.66,259.07,44.56,2026-06,FlashReport_June_2026.pdf
837,619126,,,6L Access Controlled Greenfield Highway from Marripudi Ch. 285500 to Somavarappadu Ch. 314600 of [NH-544G] Package-13,Andhra Pradesh,NHAI,2023-02,2026-02,2027-04,976.41,798.71,370.82,73,2026-06,FlashReport_June_2026.pdf
838,619140,,,6L of Naidupeta Junction - Turpukanupur Section from km 57.046 to km 91.927,Andhra Pradesh,NHAI,2022-08,2025-10,2027-10,1398.84,965.58,374.07,48.9,2026-06,FlashReport_June_2026.pdf
839,619141,,,Construction of four lane access controlled highway from Chillakuru cross road to Turpu KanupurPart 1 of Package - II km 0.000 131.500 of NH - 16 to km 23.770 on New NH-516W including six lane flyover and approaches on NH-16 length km 1.050 and six lane access controlled from Turpu Kanupur to Port South Gate Part 2 of Package - II km 23.770 to km 35.015 on New NH-516W in the state of Andhra Pradesh on HAM Mode under Bharatmala Pariyojana Phase I,Andhra Pradesh,NHAI,2022-08,2025-12,2026-03,864.2,844.39,358.97,54.11,2026-06,FlashReport_June_2026.pdf
840,619160,,,Balance works in AP Portion and punch list items in TN & AP portion of NH-205,Andhra Pradesh,NHAI,2022-10,2025-01,2026-01,166.52,113.46,98.52,100,2026-06,FlashReport_June_2026.pdf
841,617892,,,Construction of 2-lane road of Potin to Pangin section of NH-13 from Km 163.59 to Km 206.66 Package-5 on EPC Mode in the State of Arunachal Pradesh under Arunachal Pradesh Package of Roads and Highways of SARDP-NE [Job No SARDP-NE/P- P/Pkg-A/NH-13/Ar.Pr./PWD/2018-19/116],Arunachal Pradesh,MoRTH,2019-03,2023-11,2026-07,450.65,450.65,345.01,96.61,2026-06,FlashReport_June_2026.pdf
842,618033,,,4-Laning of Itanagar to Bandardewa section of NH-415from km 40430 to km 51735 Package-Bon EPC Mode in the state of Arunachal Pradesh Job NO. 415/Ar. P/2020- 21/031,Arunachal Pradesh,MoRTH,2020-06,2024-12,2026-07,496.47,496.47,171.91,51.37,2026-06,FlashReport_June_2026.pdf
843,618401,,,"Construction of Intermediate Lane with Hard Shoulder of Hunli to Hayuliang Package- III from design Km 60.000 to Km 121.500 Design Length 61.500 km, Greenfield Section of Frontier Highway NH-913 in the State of Arunachal Pradesh on EPC Mode Pkg-3",Arunachal Pradesh,NHIDCL,2024-02,2028-07,2028-07,1418.67,1418.67,0,1.7,2026-06,FlashReport_June_2026.pdf
844,618402,,,"Construction of Intermediate Lane with Hard Shoulder of Hunli to Hayuliang from Design Km 0.000 to Km 53.000 Design Length 53.000 km, Greenfield Section of Frontier Highway NH-913 in the State of Arunachal Pradesh on EPC Mode Package-I",Arunachal Pradesh,NHIDCL,2024-02,2028-02,2028-03,1262.43,1262.43,245.19,18.1,2026-06,FlashReport_June_2026.pdf
845,618403,,,Construction of Intermediate Lane Road with hard shoulder from design Km 0.000 to Km 17.387 Total length 17.387 km of Hunli to Ithun Bridge section on NH-913 Frontier Highway in State of Arunachal Pradesh on EPC mode under NHO-NE,Arunachal Pradesh,NHIDCL,2024-02,2027-01,2027-01,275.5,275.5,0,54.11,2026-06,FlashReport_June_2026.pdf
846,618404,,,Construction of lntermediate Lane Road with hard shoulder from design chainage Km 0.000 to Km 53.040 Existing Length68.500 Km & Total Design length 53.04 km of Tato to Monigong section of NH-913 Frontier Highway on Nafra Bomdila to Vijaynagar along China border in state of Arunachal pradesh on EPC mode,Arunachal Pradesh,NHIDCL,2023-12,2027-11,2027-11,625.61,625.61,0,21.97,2026-06,FlashReport_June_2026.pdf
847,618405,,,"Construction of Intermediate Lane of Pango to Jorging Road from 0000 to Design Km Design Km 40000 Design Length 40.00 Km, Pkg-l, Greenfield Alignment in the State of Arunachal Pradesh on EPC mode Pkg-1",Arunachal Pradesh,NHIDCL,2024-01,2027-07,2027-07,898.19,898.19,0,39.8,2026-06,FlashReport_June_2026.pdf
848,618433,,,Construction of Balance work of 2-Lane with PS of Joram Koloriang Road from existing Km122.600 to km138.00 [Design Km108.724 to Km123.714] in Arunachal Pradesh on EPC Mode under SARDP-NE Pkg-7,Arunachal Pradesh,NHIDCL,2017-02,2022-04,2026-04,184.89,184.89,0,99.69,2026-06,FlashReport_June_2026.pdf
849,618434,,,Roing-Hunli Road Greenfield Alignment Project,Arunachal Pradesh,NHIDCL,2017-02,2022-03,2026-10,1718.59,1718.59,189.24,82.32,2026-06,FlashReport_June_2026.pdf
850,618445,,,Construction of 2-Laning with hard shoulders of Demwe-Brahmakund section of NH- 13 from Ch.0.00 km to 18.464 km on EPC under SARDP-NE NHO-NE -Balance Work,Arunachal Pradesh,NHIDCL,2020-08,2027-12,2027-12,353.9,353.9,0,19.55,2026-06,FlashReport_June_2026.pdf
851,619014,,,"lmprovement and Widening to 2 lane with paved Shoulder of NH-15 old NH-52 from Existing Km 770.600 Design Km 24.819 to Existing km 805.750 Design Km 59.885 Kamlang T-Junction to Chowkham, Existing Length 35.150 Km, Design Length-35.066 Km in the state of Arunachal Pradesh on EPC mode Pkg-2",Arunachal Pradesh,NHIDCL,2023-12,2028-02,2028-02,316.73,316.73,0,11.74,2026-06,FlashReport_June_2026.pdf
852,619248,,,"lmprovement and Widening to 2-lane with Paved Shoulder of NH-13 & 15 Old NH-52 from Existing Km 745.60 Design Km 0.000 to Existing km 770.600 Design Km 24.819 Brahmakund T-junction to Kamlang T-Junction, Existing Length 25.00 Km, Design Length 24.819 Km in the state of Arunachal Pradesh on EPC mode Pkg-1",Arunachal Pradesh,NHIDCL,2023-12,2028-06,,441.41,441.41,0,0,2026-06,FlashReport_June_2026.pdf
853,617895,,,Construction of Mangaldoi Bypass NH-15 starting at Ch 26400 and terminating at Ch 41505 under Rangia NH Division L 15.105 Km in the State of Assam. Job No. 15/AS/2021-22/234,Assam,MoRTH,2022-03,2025-04,2026-12,535.03,535.03,209.27,75.82,2026-06,FlashReport_June_2026.pdf
854,617896,,,"Construction of 4 lane Gauripur Bypass Starting bfrom Km 852.56 of NH- 31Dumardoha Pt-II and Terminating at Km 862.17 Baladmara via. Khudimari Pt.- II, Fulkumari, Charaldanga, Sajuakuti,Geramari Pt.-III and finally meeting at km 862.17 of NH-17New/ NH-31Old in the State of Assam under EPC Mode Job no. 31/AS/ 2023- 24/265",Assam,MoRTH,2024-03,2026-10,2026-10,421.15,421.15,0,20.8,2026-06,FlashReport_June_2026.pdf
855,618034,,,Construction of 2 lane Barpeta Bypass from Km 77900Baradi to Km 86150 Deurikuchi Length8.25Km on NH-427 in the state of Assam under EPC ModeJob No.427/AS/2022-23/245,Assam,MoRTH,2023-03,2026-08,2026-08,173.65,173.65,11.38,20,2026-06,FlashReport_June_2026.pdf
856,618159,,,"Construction of new 2 Lane with paved shoulders of NH Standards from km 0.080 to km 11.690 L11.610 km in Majuli and from km 19.715 to km 27.484 L 7.769 km in Jorhat on the newly declared NH 715K and construction of 1.10 km flyover on NH-715 with its approaches and service roads L1.10 km, Total Length 20.479 km in the State of Assam Job No. 715K/AS/2023-24/256",Assam,MoRTH,2024-02,2027-03,2027-03,382.1,382.1,26.05,6.3,2026-06,FlashReport_June_2026.pdf
857,618160,,,"Construction of 2 lane Major Bridge including approaches over Brahmaputra between Majuli on North Bank and Jorhat on South Bank from km. 11.690 to km. 19.715 length of bridge 6,812.5m Package - II on NH-715K in the state of Assam Job no. 715/AS/2020-21/213",Assam,MoRTH,2025-03,2027-12,2027-12,1019.17,1019.17,0,3.25,2026-06,FlashReport_June_2026.pdf
858,618282,,,4-L Bilasipara-Guwahati Package-10,Assam,NHIDCL,2023-03,2026-06,2027-03,1264.9,1264.9,603.33,64.48,2026-06,FlashReport_June_2026.pdf
859,618283,,,4-L Bilasipara-Guwahati Package-9,Assam,NHIDCL,2023-03,2026-06,2027-03,1000.27,1000.27,490.64,59.78,2026-06,FlashReport_June_2026.pdf
860,618284,,,Widening/Improvement to 4-Lane with paved shoulder from Km 99930 to Km 143680 Design Chainage 96000 to 139750 of Paikan to Dhupdhara Sahar of Bilasipura- Guwahati Road on NH-17 in the state of Assam on EPC mode under Bharatmala Pariyojana in Economic Corridors Project Length 43.750km under NHO-NE Package- 8,Assam,NHIDCL,2023-03,2026-12,2026-12,1457.59,1457.59,926.96,85.87,2026-06,FlashReport_June_2026.pdf
861,618286,,,Construction of New 2-Lane Bridge with its approaches from km 0000 to Km 4385 across River Brahmaputra on NH-17 at Jogighopa in Assam on EPC mode,Assam,NHIDCL,2021-09,2024-11,2026-12,746.76,746.76,426.91,81.07,2026-06,FlashReport_June_2026.pdf
862,618287,,,"Widening/Improvement to 4-Lane with paved Shoulder from Ch. 25.633 Km to Ch. 52.470 Km Design Ch. 21.850 Km to Ch.48.670 Km for Package-2 of Bilasipura- Guwahati road NH-17 Section Near Mowatari, before Chapar Bypass to Tulungia junction with NH-17 in the state of Assam on HAM mode under NHO-NE Package-2",Assam,NHIDCL,2023-11,2027-06,2027-06,1338.61,1338.61,0,12.45,2026-06,FlashReport_June_2026.pdf
863,618288,,,"Widening/lmprovement to 4-Lane with Paved Shoulder from Ch.5.580 Km to Ch.25.633 Km Design Ch.0.000 Km to Ch.17.737km Km 901.100 to Km 921.145 of old NH-31 of Bilasipara- Guwahati road NH-17 Section Near Chirakuta to near Mowatari, before Chapar Bypass in the state ol Assam on HAM mode Package-1",Assam,NHIDCL,2024-02,2027-08,2027-08,1081.15,1081.15,0,32.59,2026-06,FlashReport_June_2026.pdf
864,618289,,,Construction and up gradation to 4-Lane of existing two lane with paved shoulder from Hapachara to Tulungia road of NH-117 of existing Km 0.00 to km 14.050 and Design Km 0.000 to km 14.660 under BMP on EPC mode,Assam,NHIDCL,2020-03,2022-12,2026-03,224.85,224.85,209.94,97.76,2026-06,FlashReport_June_2026.pdf
865,618308,,,Construction of 4-Lane Panchgram Bypass from Design Chainage km 15500 on NH- 37 Old NH-53 at Kalinagar Pt.-I Village to Design Chainage km 27300 at crossing with NH-6 Old NH-44 Near Siddeswar Pt.-I Village on Silchar - Churaibari stretch in the State of Assam on EPC Mode under Bharatmala Pariyojana in Economic Corridors Silchar- Churaibari Package-2,Assam,NHIDCL,2023-03,2027-02,2027-02,676.18,728.97,0,57.17,2026-06,FlashReport_June_2026.pdf
866,618309,,,Widening/lmprovement to 4-Laning and Greenfield alignment with Paved shoulder of Silchar-Badarpur Churaibari section of NH-37 & NH-8 from Design chainage 38.600 End point of proposed Badarpur Bypass to Km. 62.800 Start point of proposed Nilambazar/Cheragi Bypass in the state of Assam on HAM Mode Package-4,Assam,NHIDCL,2024-02,2027-08,2027-08,1319.55,1319.55,0,25.16,2026-06,FlashReport_June_2026.pdf
867,618310,,,Widening/lmprovement to 4-L of Karimgani - sutarkandi section of NH 37 from design Ch 0020 Start of proposed Karimganj Bypass from NH -8 to design Chainage Km 14380 near Sutarkandi Spur Connectivity to Indo/Bangladesh Border on Silchar- Churaibari in the State of Assam on HAM Mode Package-7,Assam,NHIDCL,2024-02,2027-02,2027-02,791.79,791.79,0.06,41.88,2026-06,FlashReport_June_2026.pdf
868,618311,,,Widening/lmprovement to 4-Lane with Paved shoulder for existing as well as Greenfield alignment of Badarpur Churaibari section of NH-8 from Design chainage 87.700 Chandkhira to Km. 106.500 Churaibari section Assam-Tripura border in the state of Assam on HAM Mode Package-6,Assam,NHIDCL,2024-03,2027-03,2027-03,870,870,0,40.99,2026-06,FlashReport_June_2026.pdf
869,618312,,,Widening/lmprovement to 4-Lane with Paved Shoulder from existing road and Greenfield alignment form Design Ch. 62.800 start of proposed Nilambazar/Cheragi Bypass to Design Ch. 87.700 near Chandkhira Village of NH-8 on Silchar-Churaibari in the state of Assam on HAM Mode Package-5,Assam,NHIDCL,2024-02,2027-10,2027-10,1258.13,1258.13,0,14.04,2026-06,FlashReport_June_2026.pdf
870,618313,,,Widening/lmprovement of Existing 2 lane to 4-Laning of Karimganj-Silchar section of NH-37 from Design Ch 0.000 near Silchar ISBT to Design Ch 15.970 near Kalinagar Pt I on NH-37 in Assam on HAM Mode Pkg-1,Assam,NHIDCL,2024-03,2027-09,2027-09,1181.55,1181.55,0,41.26,2026-06,FlashReport_June_2026.pdf
871,618314,,,4-Laning of Dhanehari Lailapur / Vairengte section from Existing Chainage km 12920 to km 43000 of NH 306 Design Chainage km 20000 to km 49360 on Silchar - Vairengte Sairang road in the State of Assam under Bharatmala Pariyojna on EPC mode. Project Length 29.360 km under NHO-NE Package-2,Assam,NHIDCL,2023-03,2026-08,2026-08,1716.21,1716.21,970.37,81.65,2026-06,FlashReport_June_2026.pdf
872,618315,,,4-Laning of Silchar - Dhanehari section from Existing Chainage km 263800 of NH 37 to km 12920 of NH 306 Design Chainage km 0000 to km 20000 on Silchar - Vairengte - Sairang road in the State of Assam under Bharatmala Pariyojna on EPC mode Package-1,Assam,NHIDCL,2023-02,2026-07,2026-07,1256.9,1256.9,575.03,59.65,2026-06,FlashReport_June_2026.pdf
873,618325,,,Dillai to Lahorijan Package-7,Assam,NHIDCL,2021-11,2024-07,2026-04,204.1,204.1,142.21,0,2026-06,FlashReport_June_2026.pdf
874,618326,,,Widening/Improvement to 4-Lane with Paved Shoulder from KM 38500 to Km 51246 Design Chainage 38500 to 50959 with proposed Daboka Bypass of Daboka- Parokhaowa of NH 29 on EPC under NHO-NE Package-1,Assam,NHIDCL,2023-01,2025-11,2026-06,516.88,516.88,0,99.7,2026-06,FlashReport_June_2026.pdf
875,618331,,,lmprovement to 4-Lane with Paved Shoulder from existing km 260000 Design Ch.4560 km to existing km Ch.233000 D. Ch.24560 of Silchar near Nutan Dayapur village - Budha Nagar Section Length-20.00 Km of NH-37 under Package Silchar- Jiribam Pkg-1 in the state of Assam on HAM Mode,Assam,NHIDCL,2024-01,2028-01,2028-01,957.95,957.95,165.23,47.27,2026-06,FlashReport_June_2026.pdf
876,618339,,,Widening/Improvement to 2-Lane Lane with Paved Shoulder from km 16900 Bogapani to km 27150 Golai Goan on existing Dibrugarh to Ledo section with proposed Digboi Bypass Green Field and Brownfield 2-LanePS of NH-315 OLD NH-38 in Tinsukia District under NHO- NE Package-4,Assam,NHIDCL,2023-01,2025-12,2026-12,356.65,356.65,80.08,20.45,2026-06,FlashReport_June_2026.pdf
877,618340,,,Widening/Improvement to 4-Lane with Paved Shoulder from km 626030 Nalani hulla Gaon to km 650450 Chotahapjan on existing Tinsukhia -Makum Bypass of NH-15 OLD NH-37 and Strengthening of existing NH-315 OLD NH-38 from Km 0000 Chotahapjan to Km 16900 Bogapani section 2-Lane PS in Assam on EPCMode under NHO-NE Package-3,Assam,NHIDCL,2023-01,2025-05,2026-10,458.59,458.59,249.84,88.99,2026-06,FlashReport_June_2026.pdf
878,618351,,,Widening & Upgradation to 2 lanes with paved shoulders road from Tamenglong to Mahur NH-137 in the State of Assam starting from km 156.489 near P. Leikul to km 176.410 near Borowapu on EPC mode under NHO-NE Assam portion Package-10,Assam,NHIDCL,2023-03,2025-08,2026-09,890.33,693.15,604.86,90.5,2026-06,FlashReport_June_2026.pdf
879,618352,,,Widening & Upgradation to 2 lanes with paved shoulders road from Tamenglong to Mahur NH-137 in the State of Assam starting from km 136.500 near Hejaichak to km 156.489 near P. Leikul Package-9 on EPC mode under NHO-NE Package-9,Assam,NHIDCL,2023-03,2025-08,2026-07,860.37,614.43,559.69,87.5,2026-06,FlashReport_June_2026.pdf
880,618353,,,Widening & Upgradation to 2-lanes with paved shoulders road from Tamenglong to Mahur NH-137 in the State of Assam starting from km 116.480 near Hangrum to km 136.500 near Hejaichak Package-8 on EPC mode under NHO-NE Package 8,Assam,NHIDCL,2023-03,2025-08,2026-09,904.04,904.04,557.37,85.2,2026-06,FlashReport_June_2026.pdf
881,618354,,,Wideinig & Upgradation to 2-lanes with paved shoulders road from Tamenglong to Mahur NH-137 in the State of Assam starting from km 96.870 near Jiri River to km 116.550 near Hangrum Package-7 on EPC mode Package7,Assam,NHIDCL,2023-12,2026-03,2026-12,846.82,846.82,0,90.36,2026-06,FlashReport_June_2026.pdf
882,618371,,,"Widening/Improvement to 4-Lane with Paved Shoulder configuration of existing single lane road from Srirampur near Bhairiguri Village to Kachukhana Harichara Paglagaunj Package-I of Srirampur - Dhubri Section of NH-127B from existing Km 0.000 to Km 28.050 Design Km 0.000 to Km 27.650, Design Length27.650 Km under JICA ODA Loan assistance Phase-V -Balance work",Assam,NHIDCL,2022-03,2026-11,2026-11,613.89,613.89,384.24,89.5,2026-06,FlashReport_June_2026.pdf
883,618373,,,"Construction of 4-Lane Bridge including approaches over River Brahmaputra between Dhubri on North Bank,Assam and Phulbari on south Bank,Meghalaya on NH-127B under JICA ODA Loan assistance Phase-III",Assam,NHIDCL,2019-05,2028-09,2028-09,4997.04,4997.04,3033.59,77.14,2026-06,FlashReport_June_2026.pdf
884,618435,,,4-Laning from Rangagara to Kaliabor Tiniali from km 297.00 to km 315.315 of NH-37 on EPC basis under SARDP-NE in state of Assam,Assam,NHIDCL,2016-01,2020-04,2026-07,386.51,386.51,360.25,97.13,2026-06,FlashReport_June_2026.pdf
885,618436,,,4-Laning of Jamugurihat to end of Biswanath Chariali By-Pass from Km 182.000 to Km 208.000 of NH-52 on EPC mode in state of Assam under SARDP-NE,Assam,NHIDCL,2015-03,2019-06,2025-07,599,599,434.89,100,2026-06,FlashReport_June_2026.pdf
886,618437,,,"Construction of Balance Work of 4-Laning of NH-37 Section between End of Moran Bypass to Bogibeel junction near Lapetketa Km. 561.700-Km. 580.875 under SARDP- NE, Phase 'A' in the State of Assam on EPC mode Pkg-I Road works & Toll Plaza",Assam,NHIDCL,2016-01,2025-03,2025-08,274.34,274.34,96.67,100,2026-06,FlashReport_June_2026.pdf
887,618438,,,"4-Laning of NH-37 Section between Demow to End of Moran Bypass From Km. 534.800 to Km. 561.700 including Emergency Landing Facility ELF under SARDP-NE, Phase 'A' in the State of Assam on EPC mode",Assam,NHIDCL,2016-01,2024-07,2025-08,385.57,385.57,685.73,100,2026-06,FlashReport_June_2026.pdf
888,618439,,,"Construction of Balance Work of 4-Laning of the Section from Jorhat to Jhanji of NH- 37 Old from Km 453000 to Km 463000 10.000 Km, under SARDP- NE under EPC Mode in the state of Assam Pkg-I Road Works",Assam,NHIDCL,2024-01,2024-08,2026-06,478.3,478.3,0,96.79,2026-06,FlashReport_June_2026.pdf
889,618440,,,"Construction of Balance Work of 4-Laning of the Section from Jhanji to Demow of NH- 37 Old from Km 490.800 to Km 534.800, under SARDP- NE on EPC Mode in the state of Assam Pkg- IV Structures & Toll Plaza",Assam,NHIDCL,2016-01,2025-10,2026-07,187.09,100.22,0,58.19,2026-06,FlashReport_June_2026.pdf
890,618441,,,"Construction of Balance Work of 4-Laning of the Section from Jhanji to Demow of NH- 37 Old from Km 490.800 to Km 501.800 11.000 Km, under SARDP- NE under EPC Mode in the state of Assam Pkg-I Road Works",Assam,NHIDCL,2016-01,2025-09,2026-07,467.79,476.5,0,87.33,2026-06,FlashReport_June_2026.pdf
891,618442,,,"Construction of Balance Work of the 4-Laning of the Section from Jorhat to Jhanji of NH-37 Old from Km 477.000 to Km 490800 13.800 Km, under SARDP- NE under EPC Mode in the state of Assam Pkg-III Road Works",Assam,NHIDCL,2024-01,2024-08,2026-06,358.72,358.72,398.28,100,2026-06,FlashReport_June_2026.pdf
892,618443,,,"Construction of Balance Work of the 4-Laning of the Section from Jorhat to Jhanji of NH-37 Old from Km 463.00 to Km 477.000 14.000 Km, under SARDP- NE under EPC Mode in the state of Assam Pkg-II Road Works",Assam,NHIDCL,2024-01,2024-08,2026-03,438.44,438.44,0,95.86,2026-06,FlashReport_June_2026.pdf
893,618444,,,"Construction of Balance Work of the 4-Laning of the Section from Jorhat to Jhanji of NH-37 Old from Km 453.000 to Km 490.800, under SARDP- NE , under EPC Mode in the state of Assam Pkg-IV Structures & Toll Plaza",Assam,NHIDCL,2024-01,2024-08,2026-07,279.01,279.01,398.54,94.73,2026-06,FlashReport_June_2026.pdf
894,618454,,,"Earthwork in Formation, Road Work, Construction of Bridges, Blanketing, P. Way Linking works including Supply of P. Way Fittings and Track Ballast in connection with Construction of Railway Siding from Jogighopa Railway Station to MMLP at Jogighopa from Ch. 00 to 3760 on Item Rate basis Package -3, Railway Siding from Jogighopa Railway Station to MMLP",Assam,NHIDCL,2020-02,2022-06,2024-09,693.97,693.97,41.78,93.23,2026-06,FlashReport_June_2026.pdf
895,618455,,,Development of External Trunk Connectivity and Internal Infrastructure Works at Multi Model Logistics ParkMMLP at Jogighopa in the State of Assam on EPC Mode Package-I Road and Utility Works,Assam,NHIDCL,2020-02,2022-04,2024-09,693.97,693.97,310.1,100,2026-06,FlashReport_June_2026.pdf
896,618934,,,Guwahati Ring Road in the State of Assam,Assam,NHAI,2024-08,2030-01,2030-01,5729.47,5729.47,328.42,0,2026-06,FlashReport_June_2026.pdf
897,618958,,,2L with ES of Yagyi - Kalewa section from Milepost 40/0 to Milepost 115/5 in Myanmar,Assam,NHAI,2017-12,2023-06,2027-07,1200.14,1200.14,0,52,2026-06,FlashReport_June_2026.pdf
898,619013,,,"Construction of Balance Work of 4-Laning of the Section from Jhanji to Demow of NH- 37 Old from Km 501.800 to Km 514.800 13.000 Km, under SARDP- NE under EPC Mode in the state of Assam Pkg-II Road Works",Assam,NHIDCL,2014-10,2026-01,2026-07,508.76,542.87,111.01,73.88,2026-06,FlashReport_June_2026.pdf
899,619057,,,Construction of 4-Lane Badarpur Bypass from Design Chainage km 27300 at crossing with NH-6 Old NH-44 Near Siddeswar Pt.-I Village to Design Chainage km 38600 on NH-37 Old NH-44 at Kandigram Chaita Village on Silchar - Churaibari stretch in the State of Assam on EPC Mode under Bharatmala Pariyojana in Economic Corridors Silchar- Churaibari Pkg-3,Assam,NHIDCL,2023-02,2026-08,2026-08,574.26,574.26,318.82,71.09,2026-06,FlashReport_June_2026.pdf
900,619060,,,"Construction of Balance Work of 4-Laning of the Section from Jhanji to Demow of NH- 37 Old from Km 514.800 to Km 534.800 20.000 Km, under SARDP- NE under EPC Mode in the state of Assam Pkg-III Road Works",Assam,NHIDCL,2014-10,2025-09,2026-07,344.71,619.7,54.48,72,2026-06,FlashReport_June_2026.pdf
901,619089,,,Balance work of 4L of NarimbangloJatinga Junction- Harangajoroad section from Km 0.000 to Km 49.230 of NH-27,Assam,NHAI,2022-03,2026-01,2026-07,1909.98,2745.74,1386.87,94.59,2026-06,FlashReport_June_2026.pdf
902,617897,,,Construction of proposed 4Lane Revelgunj bypass NH-19 in the State of Bihar on EPC mode connecting NH 19 to 85 origin,Bihar,MoRTH,2022-03,2025-07,2026-10,295.24,295.24,44.18,86.02,2026-06,FlashReport_June_2026.pdf
903,617958,,,Widening & Strenthening from km132.895 to km 190.15 NH-80,Bihar,MoRTH,2021-03,2024-11,2026-08,566.1,566.1,292.35,95.1,2026-06,FlashReport_June_2026.pdf
904,617961,,,Gaya-Hisua-Rajgir-Nalanda-Biharsharif section km0.00 to 92.935 NH-82,Bihar,MoRTH,2014-01,2019-11,2026-10,1408.85,2138.16,0,97,2026-06,FlashReport_June_2026.pdf
905,617966,,,Rehabilitation and Upgrading to 2 lanes/2-lane with paved shoulders configuration and strengthening of of Birpur and Bihpur Section from km 0.0 to Km 106 of NH 106 under phase I of National Highways Interconnectivity Improvement Projects NHIIP ICB No. NHIIP-BR-106-7 [NHIIP-BR-106-7],Bihar,MoRTH,2014-01,2019-10,2026-07,780.77,961.33,0.04,99.74,2026-06,FlashReport_June_2026.pdf
906,617969,,,Construction of 4 Lane ROB and its approaches at the level crossing LC No 29 B of Km 29 Ekangarsarai at NH 110 New NH 33 & Railway Km 32.63 at Fatwa FUT Islampur IPR section in the state of Bihar on EPC mode.,Bihar,MoRTH,2023-03,2026-07,2026-12,201.08,201.08,0.01,62,2026-06,FlashReport_June_2026.pdf
907,618004,,,Construction of Bhabhua Bypass from Ch. 10800Design Ch. 10800 to Ch. 19860 Design Ch. 18150 and Chand Bypass from Ch. 38060 Design Ch. 36250 to Ch. 40460 Design Ch. 38650 and widening of existing road to 2 - lane with Paved shoulder from Ch. 40460 Design Ch. 38650 to Ch. 46860 Design Ch. 45050 of NH-219 Total length- 16.150 Kmunder EPC mode in the state of Bihar,Bihar,MoRTH,2022-02,2027-12,2027-12,179.86,179.86,2.37,2,2026-06,FlashReport_June_2026.pdf
908,618005,,,Sheohar-Sitamarhi Section km 40.000 to 79.400 km Lot-I,Bihar,MoRTH,2016-02,2018-05,2026-09,178.85,278.53,0,98.65,2026-06,FlashReport_June_2026.pdf
909,618073,,,Improvement to Two lane with Paved Shoulder from Junction of NH22 near Hajipur to Junction of NH -122 at Bachhwara via Mahnar and Mohiuddin Nagar from Km 0.00 to Km 29.730 of NH 122 B in the State of Bihar.,Bihar,MoRTH,2024-02,2026-02,2027-02,226.16,226.16,0,53,2026-06,FlashReport_June_2026.pdf
910,618074,,,Pre construction activity of NH 122B from km 0 to 72.348 and Improvement to two lane with paved shoulders of NH 122B from km 29.730 to km 72.348 in state of Bihar under EPC mode,Bihar,MoRTH,2022-02,2024-11,2026-08,624.43,624.43,154.25,95,2026-06,FlashReport_June_2026.pdf
911,618080,,,Improvement to two lane with paved shoulders of BH WB Border Amdabad Manihari section from design Km 0.000 to Km 23.945 of NH 131 A Total length 23.945 Km under EPC mode in the state of Bihar,Bihar,MoRTH,2022-01,2026-11,2027-06,353.27,353.27,0,7,2026-06,FlashReport_June_2026.pdf
912,618120,,,construction of Four-Lane of chausa-Buxar Bypass from Km 45.000 to Km 65.915 Package - 2 in the State of Bihar on EPC Mode.,Bihar,MoRTH,2022-09,2028-01,2028-01,1060.16,1060.16,0,4,2026-06,FlashReport_June_2026.pdf
913,618121,,,Improvement to two lane with paved shoulders of NH-319A from km 0 to km 45 in state of Bihar under EPC mode,Bihar,MoRTH,2022-02,2024-12,2026-09,427.29,427.29,198.15,93,2026-06,FlashReport_June_2026.pdf
914,618126,,,"Pre-Construction activities from Km 134.000 to Km 190.233 of NH-333A and Construction of 4 no. of Bypasses at Katoria, Lakhpura, Banka & Panjwara total length-14.359 Km to two lane with paved shoulders standard in State of Bihar.",Bihar,MoRTH,2022-11,2026-12,2027-03,479.37,479.37,67.37,58.1,2026-06,FlashReport_June_2026.pdf
915,618146,,,Estimate for Improvement to two lane with paved shoulder from Ramnagar to Roseda from km 3.500 to 43.000 of NH 527 E on EPC mode in State of Bihar,Bihar,MoRTH,2022-01,2026-04,2027-04,495.16,495.16,0,37,2026-06,FlashReport_June_2026.pdf
916,618228,,,construction of a new 4 lane Parallel to existing MG Setu with its approaces from km 0.00 to km 14.500 across river Ganga on NH-19 at Patna in the state of Bihar.,Bihar,MoRTH,2019-02,2024-09,2027-09,2926.42,2926.42,0,74.93,2026-06,FlashReport_June_2026.pdf
917,618234,,,Construction of a new 4-lane major bridge across river Kosi at Phulaut including Rehabilitation and upgradation of existing Birpur and Bihpur section of NH-106 from km 106.000 to km 136.000 to 2-lane with paved shoulders in the State of Bihar on EPC mode,Bihar,MoRTH,2018-09,2024-06,2027-02,1478.4,1478.4,901.32,97.5,2026-06,FlashReport_June_2026.pdf
918,618246,,,Construction of New 4-Lane Bridge Parallel to existing Vikramashila Setufrom km 8920 to Km 13375including approach road 35m Naugachhia side &53 m Bhagalpur sideacross River Ganga on newly declared NH-131B at Bhagalpur in the State of Bihar,Bihar,MoRTH,2020-07,2027-05,2029-03,1110.23,1110.23,0,51.91,2026-06,FlashReport_June_2026.pdf
919,618250,,,Construction of 6-Lane Elevated / Extra Dose Cable Bridge on River Ganga parallel to & Western side of Digha-Sonepur Rail cum-Road Bridge of NH 139W in the State of Bihar,Bihar,MoRTH,2024-01,2027-11,2028-12,3064.45,3064.45,0,17.24,2026-06,FlashReport_June_2026.pdf
920,618251,,,"Improvement and Up gradation to four lane with Paved shoulder configuration from Existing Km 0000 to Km 39500 design km 0500 to Km 40342, Design length km of NH 227A near Mehrauna GhatUP Bihar Border to Siwan on the state of Bihar on Hybrid Annuity Model HAM basis",Bihar,MoRTH,2023-03,2028-03,2028-03,1661.25,1661.25,0.83,7.89,2026-06,FlashReport_June_2026.pdf
921,618569,,,Balance work - WB-10 Gandak Bridge Km 402.00 to Km 440.00 Devanpur - Kotwa,Bihar,NHAI,2021-11,2024-01,2027-02,210.05,358.3,181.96,64.05,2026-06,FlashReport_June_2026.pdf
922,618571,,,Permanent rectification of 3 nos. of black spots in project Highway NH-27 of U.P border - Dewapur - Kotwa section from Km.360.915 to km.440.000 Total Length of 79.085 Km of NH-27& Permanent rectification of 5 nos. of black spots of project Highway NH-27 of Kotwa - Mehsi - Muzaffarpur Section from km.440.000 to km.520.000 Total length 80.00Km,Bihar,NHAI,2022-04,2025-12,2026-10,227.25,321.23,233.7,83,2026-06,FlashReport_June_2026.pdf
923,618725,,,6L Greenfield Varanasi-Ranchi-Kolkata Highway from Pachmon village to Anarbansalea village From KM. 116000 to KM. 151200 Package-6,Bihar,NHAI,2023-03,2027-09,2027-09,1915.99,1920.21,405.1,23.77,2026-06,FlashReport_June_2026.pdf
924,618726,,,6L Greenfield Varanasi-Ranchi-Kolkata Highway from junction with Chandauli- Chainpur Road near Khainti village to junction with Bhabhua-Adhaura road near Palka village from Km. 27.000 to Km. 54.000 Pkg-2,Bihar,NHAI,2023-03,2027-10,2027-10,1240.93,1341.52,244.38,25.37,2026-06,FlashReport_June_2026.pdf
925,618727,,,6L Greenfield Varanasi-Ranchi-Kolkata Highway from junction with Bhabhua-Adhaura road in Bhairopur village to Konki village From KM. 54.000 to KM. 90.000Pkg-3,Bihar,NHAI,2023-03,2027-10,2027-10,1576.94,1711.44,313.1,22,2026-06,FlashReport_June_2026.pdf
926,618738,,,6L Bridge and its approaches across River Ganga as Part of Patna Ring Road NH- 131G starting from Km 8.480 near Sherpur to Km 23.000 near Dighwara,Bihar,NHAI,2022-09,2027-09,2029-03,6291.69,3351.62,733.93,21.21,2026-06,FlashReport_June_2026.pdf
927,618739,,,4L Greenfield Alignment of Amas to Shivrampur from 0.000 Km. to 55.002 Km. of NH 119 D Pkg-I,Bihar,NHAI,2022-02,2025-03,2027-07,1390.92,1427.43,604.49,54.1,2026-06,FlashReport_June_2026.pdf
928,618740,,,4L Greenfield Alignment of Shivrampur to Ramnagar from Km. 55.002 to Km. 109.300 of NH 119 D Pkg-II,Bihar,NHAI,2022-02,2025-07,2027-11,1494.31,1546.07,664.55,50.15,2026-06,FlashReport_June_2026.pdf
929,618741,,,4L Greenfield Alignment from Kalyanapur to Tal Dashraha of NH-119D Pkg-III,Bihar,NHAI,2022-03,2025-02,2028-03,1857.58,1969.3,929.35,33.48,2026-06,FlashReport_June_2026.pdf
930,618742,,,"Construction of 6-lane Greenfield corridor from Ramnagar to Kacchi Dargah NH-119D from Km 109700 to Km 122300, including widening of the existing NH-31 from Km 196700 to Km 198600, as part of the Amas-Darbhanga.",Bihar,NHAI,2025-01,2028-04,2028-04,1113.46,1113.46,12.43,0.5,2026-06,FlashReport_June_2026.pdf
931,618775,,,Ara Bypass,Bihar,NHAI,2025-03,2027-04,2027-04,226.32,226.32,5.62,24.84,2026-06,FlashReport_June_2026.pdf
932,618790,,,Construction of four laning of Bakarpur- Manikpur road section starting from village Chitarsenpur km 0000 and terminating at SH-74 near Manikpur 38814 at NH-139W under Bharatmalapariyona,Bihar,NHAI,2023-03,2027-04,2027-09,1422.37,1537.99,623.75,46.1,2026-06,FlashReport_June_2026.pdf
933,618791,,,4L PS under NH configuration of Manikpur-Sahebganj of NH-139W,Bihar,NHAI,2024-10,2027-12,2027-12,1538.76,1538.76,564.37,26.6,2026-06,FlashReport_June_2026.pdf
934,618840,,,Simaria Km. 206.050 to Khagaria Km. 266.282,Bihar,NHAI,2015-12,2019-04,2026-10,664.02,891.64,813.98,97.72,2026-06,FlashReport_June_2026.pdf
935,618841,,,4L Elevated Section and at-grade improvements at Begusarai town Simaria - Khagaria section from Km. 221.047 to Km. 225.302 of NH-31,Bihar,NHAI,2021-10,2024-12,2026-08,491.04,348.38,348.04,95.72,2026-06,FlashReport_June_2026.pdf
936,618861,,,Bakhtiyarpur-Rajauli Pkg-II from km. 54.405 to km.101.630,Bihar,NHAI,2020-09,2023-07,2026-07,897.45,1397.47,914.25,97.85,2026-06,FlashReport_June_2026.pdf
937,618862,,,Bakhtiyarpur-Rajauli Pkg-III from km. 101.630 to km.152.520,Bihar,NHAI,2020-09,2024-06,2026-07,2156.22,3046.61,1815.2,99.14,2026-06,FlashReport_June_2026.pdf
938,618902,,,Maheshkunt-Saharsa-Purnea Pkg I km 0.00 to km. 90.00 of NH-107,Bihar,NHAI,2017-02,2021-12,2026-09,662.44,1311.22,1125.2,90.07,2026-06,FlashReport_June_2026.pdf
939,618903,,,Maheshkunt -Saharsa-Purnea Pkg II,Bihar,NHAI,2017-03,2020-12,2026-09,1028.28,1244.09,1220.65,94,2026-06,FlashReport_June_2026.pdf
940,618904,,,Chhapra - Hajipur from km. 143.200 to km. 209.200,Bihar,NHAI,2010-07,2013-07,2026-04,2127.86,2171.6,526.04,89.81,2026-06,FlashReport_June_2026.pdf
941,618905,,,Widening with additional 3L abetting Chhapra Bypass Section of NH-19 from Km. 143.200 to Km. 159.255 Pkg-1,Bihar,NHAI,2024-02,2026-08,2026-10,470.5,528.48,287.52,73.26,2026-06,FlashReport_June_2026.pdf
942,618914,,,"4L Elevated Corridor and at-grade improvements from Design Ch0000 to Design Ch 19870 of Danapur Bihta Section, Design Ch0000 to Design Ch0231 connecting the existing RoB near Danapur station ,1.35 Km ramps and at-grade improvements to 4- lane section on Danapur side and Upgradation of existing Two lane carriageway to Four Lane carriageway from Design Ch19870 to Design Ch23500 of Bihta - Koilwar section",Bihar,NHAI,2022-10,2026-09,2027-08,4432.97,2625.4,1517.29,61.12,2026-06,FlashReport_June_2026.pdf
943,618917,,,4L Greenfield starting from NH-30 near Saristabad Patna to Nathupur Project end point of Patna-Gaya-Dobhi Section of NH-83,Bihar,NHAI,2023-07,2025-08,2026-09,488.24,419.66,101.06,87.03,2026-06,FlashReport_June_2026.pdf
944,618926,,,4L of Siwan- Masrakh section of Ram Janki Marg from Km 230.385 to Km 281.391 of NH-227A,Bihar,NHAI,2022-08,2026-11,2028-11,1431.36,1927.04,502.89,10.33,2026-06,FlashReport_June_2026.pdf
945,618953,,,Umagaon-Saharsa Package-IV Koshi Bridge & approach Road - Bheja-Bakaur,Bihar,NHAI,2019-02,2023-08,2027-03,1199.58,1223.94,1308,91.99,2026-06,FlashReport_June_2026.pdf
946,618954,,,Umagaon - Saharsa Package - I Combined Umagaon-Kaluahi0.000KM to 21.609Km of NH227LSaharghat-Rahika0.000 Km to 26.130KM of NH227JRahika-Rampatti 0.00 KM to 15.00KM of NH527ABideshwarsthan-Bheja0.000KM to 25.915KM of NH527A.,Bihar,NHAI,2022-08,2027-07,2027-07,1473.2,1703.02,641.88,21.5,2026-06,FlashReport_June_2026.pdf
947,618955,,,2L PS of Majhauli to Charout section from km. 0.00 to km. 63.655,Bihar,NHAI,2018-01,2021-11,2026-07,638.29,1067.51,1096.09,99.8,2026-06,FlashReport_June_2026.pdf
948,618956,,,Construction of Major Bridge over Baghmati and Lakhandei River along with Approaches from Design km.16.500 to km.21.500,Bihar,NHAI,2024-02,2027-04,2028-03,498.97,380.3,43.95,25.03,2026-06,FlashReport_June_2026.pdf
949,619127,,,4L of Greenfield Alignment from Km. 47.000 to Km. 89.210 of Balbhadarpur to Bela Nawda Section of NH-119D,Bihar,NHAI,2022-03,2026-03,2028-03,2185.75,2118.46,717.01,29.13,2026-06,FlashReport_June_2026.pdf
950,619136,,,Rehabilitation and Upgradation of Chorma - Bairgania Section of National Highway No 227F to 2 lane with paved shoulders from Design Ch.0.000 to Ch. 34.566,Bihar,NHAI,2022-06,2026-01,2026-07,610.78,628.65,336.7,100,2026-06,FlashReport_June_2026.pdf
951,619152,,,Bakhtiyarpur Km 153.300 to Mokama Km 197.900,Bihar,NHAI,2015-12,2019-12,2026-07,1182.94,1898.84,1797.43,99.95,2026-06,FlashReport_June_2026.pdf
952,619166,,,Umagaon-Saharsa Package-V Bakaur-Parsarma-Bangaon-Bariyahi & Spur to Mahishi,Bihar,NHAI,2022-10,2025-12,2026-08,768.35,968.42,503.02,99.5,2026-06,FlashReport_June_2026.pdf
953,619289,,,4L of Munger Mirzachauki section from Munger to Kharia village junction from Km 69520 to Km 95580 Pkg-1,Bihar,NHAI,2021-01,2024-03,2026-10,1659.81,1696.66,670.56,82.72,2026-06,FlashReport_June_2026.pdf
954,619301,,,Construction of Approach Road to Rail-cum- Road Bridge across river Ganga at Munger Ghat NH-333 B,Bihar,NHAI,2013-07,2021-05,2026-07,537.88,633.91,573.9,99.99,2026-06,FlashReport_June_2026.pdf
955,619305,,,4L of Munger Mirzachauki section from start of existing Bhagalpur bypass to Rasulpur from Km 125000 to Km 157350 Pkg-3,Bihar,NHAI,2021-01,2024-04,2026-12,1769.5,2024.59,672.67,77.3,2026-06,FlashReport_June_2026.pdf
956,619306,,,4L of Munger Mirzachauki section from Km 95580 to Km 125000 Pkg-2,Bihar,NHAI,2021-02,2024-03,2026-07,1020.84,1235.65,633.41,95.31,2026-06,FlashReport_June_2026.pdf
957,619317,,,4L of Hajipur-Muzaffarpur Section of the existing NH-77 from Km. 0000 Ramashish Chowk to Km. 46300 and new bypass starting at Km. 46300 and connecting NH-28 of E-W Corridor at Km. 515045,Bihar,NHAI,2010-08,2013-02,2026-08,2723.39,2906.78,2160.8,99.45,2026-06,FlashReport_June_2026.pdf
958,617908,,,Bemetara Bypass NH 30,Chhattisgarh,MoRTH,2024-01,2027-04,2027-04,161.96,161.96,0,42,2026-06,FlashReport_June_2026.pdf
959,617919,,,Construction of 4 Nos Grade separtor between km. 281.000 to km. 307.600 km. 286.400 kumhari km. 299.000 Transport Nagar km. 302.000 Power House km. 304.000 Chandra Moura Chowk to km. 305.000 supeia of NH-53 old NH-06 Raipur - Durg 4 Lane on EPC mode in the state of chhattisgarh job NO. NH-53old NH-06 CG- 2017-18-56,Chhattisgarh,MoRTH,2018-03,2021-01,2025-08,349.03,349.03,0,97.9,2026-06,FlashReport_June_2026.pdf
960,617971,,,Up-gradation to Two/Four lane with paved shoulder Configuration of Kondagaon- Narayanpur from design ch. 0.00 - 48.693 Design Length 47.493 Km. 1.20 Km. retained on NH-130D under EPC mode in the State Chhattisgarh.,Chhattisgarh,MoRTH,2022-12,2027-03,2027-03,322.4,322.4,1.14,70,2026-06,FlashReport_June_2026.pdf
961,617972,,,Upgradation to Two lane with Paved Shoulder Configuration of Narayanpur Kasturmeta pkg-II from design ch. 48.693 to 70.453 design length21.760 Km. on NH-130D under EPC mode in the state of Chhattisgarh.,Chhattisgarh,MoRTH,2022-12,2026-06,,200.67,200.67,0,0,2026-06,FlashReport_June_2026.pdf
962,618014,,,"Upgradation of Ambikapur-Ramanujganj-Garwa road of NH-343, Package-III, Badki mahri village to Ramanujganj section from existing km 80.600 to km 110.330 Design Ch. 85.370 to Ch. 114.800 of total length 29.430 km to two lane with paved shoulders udner corridor scheme under EPC Mode in the of Chhattisgarh",Chhattisgarh,MoRTH,2022-03,2026-10,2026-10,199.05,199.05,52.96,33.58,2026-06,FlashReport_June_2026.pdf
963,618015,,,"Upgradation of Keonchi - Ratanpur Road of NH 45 Package-I, from design chainage km 237.860 to km 273.200 of length 35.340 km to two lane with paved shoulders under Corridor scheme on EPC mode in the state of Chhattisgarh.",Chhattisgarh,MoRTH,2022-03,2026-01,2026-12,225.41,228.93,77.46,60,2026-06,FlashReport_June_2026.pdf
964,618016,,,"Upgradation of Ambikapur Ramanujganj - Garhwa Road NH 343 of Package-I, Rajpuri Khurd Village to Padih Village section from existing km 7.830 to km 57.650 Design Ch. 13.700 to Ch. 62.700 of total length 49.00 km to two lane with paved shoulders under EPC mode in the state of Chhattisgarh",Chhattisgarh,MoRTH,2022-03,2027-05,2027-05,397.44,397.44,56.95,26.26,2026-06,FlashReport_June_2026.pdf
965,618017,,,"Upgradation of Keonchi - Ratanpur Road of NH 45 Package-II, from design chainage km 278.75 to km 321.348 of length 42.598 km to two lane with paved shoulders under Corridor scheme on EPC mode in the state of Chhattisgarh.",Chhattisgarh,MoRTH,2022-03,2026-01,2026-12,286,286,87.54,60,2026-06,FlashReport_June_2026.pdf
966,618018,,,Upgradation of Bilaspur-Takhatpur-Mungeli-Pandariya-Pondi Road on N.H.-130A Package IIIA Takhatpur By-pass from existing Ch. 26.542 to 32.093 [Design Ch. 18.700 to 25.900] & Mungeli By-pass from existing Ch. 45.786 to 56.275 [Design Ch. 29.600 to 51.600] and Package IIIB Pandariya By-Pass from existing Ch. 82.582 to 87.133 [Design Ch. 77.900 to 81.1000 & Pondi By-pass from existing Ch. 103.166 to 104.756 [Design Ch. 97.000 to 103.395] to two lane with paved shoulder configuration in the,Chhattisgarh,MoRTH,2022-03,2025-07,2026-12,351.19,351.19,11.63,11,2026-06,FlashReport_June_2026.pdf
967,618589,,,Durg-Raipur Bypass Section Package - 1 from km. 0.00 to km. 44.50 near Tendesara to near Khatti Village,Chhattisgarh,NHAI,2022-06,2025-07,2027-03,1828,1656.73,1016.41,74.93,2026-06,FlashReport_June_2026.pdf
968,618590,,,Durg-Raipur-Arang Package - 2 from km. 44.50 to km. 92.23 near Khatti Village to near Aurang,Chhattisgarh,NHAI,2022-06,2025-05,2027-03,1958.9,1561.97,1000.81,73.96,2026-06,FlashReport_June_2026.pdf
969,618639,,,4L of Bilaspur to Urga km 0.00 to 70.2 of NH-130A,Chhattisgarh,NHAI,2020-04,2024-03,2026-07,1855.59,2523.86,1468.47,94.81,2026-06,FlashReport_June_2026.pdf
970,618640,,,4L of Urga - Pathalgaon from Km. 70.200 to km. 157.745 of NH-130A,Chhattisgarh,NHAI,2022-03,2026-08,2026-08,2261.3,2860.36,1050.51,80.05,2026-06,FlashReport_June_2026.pdf
971,618646,,,4L of Pathalgaon-Kunkuri-CG/JH Border section of NH-43 from Km. 00.000 to Km.104.250,Chhattisgarh,NHAI,2024-08,2029-04,2029-04,3147.07,3147.07,0.03,0,2026-06,FlashReport_June_2026.pdf
972,618673,,,Development of 6L of Jhanki Sargi Section Road from km 0.000 to km 42.800 of NH- 130CD Pkg-CG-1,Chhattisgarh,NHAI,2021-11,2024-09,2027-02,1368.19,1129.14,715.25,99.35,2026-06,FlashReport_June_2026.pdf
973,618674,,,Development of 6L Sargi Basanwahi Section from km 42.800 to km 99.500 of NH- 130CD Pkg-CG-2,Chhattisgarh,NHAI,2021-12,2025-01,2026-07,1470.73,1461.81,757.59,100,2026-06,FlashReport_June_2026.pdf
974,618675,,,Development of 6L of Basanwahi Marangpuri Section from km 99.500 to km 124.661 of NH-130-CD,Chhattisgarh,NHAI,2022-03,2025-10,2027-03,1307.16,1303.63,481.63,66.8,2026-06,FlashReport_June_2026.pdf
975,618957,,,4 laning of Champa - Korba from km 0.00 to km 38.2,Chhattisgarh,NHAI,2021-02,2024-01,2026-07,1002.33,1304.47,944.63,98.75,2026-06,FlashReport_June_2026.pdf
976,619039,,,"Balance Works of Rehabilitation and Up gradation of NH-43 New NH-30 from Krn 162120 to Krn 173500 Length 11.380 Km. Keshkal Bypass 4-Lane with Paved shoulder in the State Of Chhattisgarh under NHDP-IV through Engineering, Procurement & Construction EPC Basis",Chhattisgarh,MoRTH,2025-06,2028-06,,307.96,307.96,0,0,2026-06,FlashReport_June_2026.pdf
977,619103,,,4/6 Laning of Raipur-Simga Pkg-I from km. 0.00 to km. 48.58,Chhattisgarh,NHAI,2015-10,2018-04,2026-07,1096.52,1172.36,905.25,100,2026-06,FlashReport_June_2026.pdf
978,619167,,,4 Laning with PS of Pathrapalli-Katghora km 53.3 to km 92.6 Pkg-II of Bilaspur Kathghora,Chhattisgarh,NHAI,2019-12,2022-12,2026-07,865.1,1275.26,851.38,93.1,2026-06,FlashReport_June_2026.pdf
979,619347,,,Balance Work Estimate of Rehabilitation and Up-gradation of NH- 43 from Km. 468.600 to Km. 531.250 Pathalgaon to kunkuri Section to two-lane with paved shoulder in the State of Chhattisgarh on SBD mode under NHO under Annual plan 2025-26,Chhattisgarh,MoRTH,2026-03,2028-06,,201.16,201.16,0,0,2026-06,FlashReport_June_2026.pdf
980,619183,,,Widening of Existing Road from Intermediate Lane 2-lane to 4-lane Between Km 19.994 to Km 35.180 of NH-848A Rakholi-Khadoli-Velugam Section in U.T. of Dadra and Nagar Haveli and Daman and Diu,Dadra & Nagar Haveli and Daman & Diu,MoRTH,2022-10,2026-06,2026-07,198.06,239.57,75.95,80,2026-06,FlashReport_June_2026.pdf
981,618509,,,Development of 6L UER II [Package - I] NH-1 Near Bakoli till Karala Kanjhawala Road from km. 0.70 to km.15.00,Delhi,NHAI,2020-07,2023-10,2026-06,2089.94,2203.45,1825.54,99.99,2026-06,FlashReport_June_2026.pdf
982,619090,,,8L of Dwarka Expressway Pkg-II RuB near Dwarka Sector 21-DL/HR Border from 5.300 Km.to 9.500 Km. of NH-248BB,Delhi,NHAI,2018-01,2021-10,2026-06,2067.67,2670.22,2341.79,100,2026-06,FlashReport_June_2026.pdf
983,619202,,,Dwarka Expressway from Km -0.600 to Km 5.300 - Pkg-I Shivmurti Chowk-RuB near Dwarka Sector 21,Delhi,NHAI,2018-03,2022-09,2026-06,2144.67,3929.5,3329.23,98.8,2026-06,FlashReport_June_2026.pdf
984,617941,,,4-Laning from End of Zuari approaches to Start of Margao Bypass section of NH-66 from Km 536.800 to Km 543.450,Goa,MoRTH,2024-07,2028-02,2028-02,398.25,398.25,0,0.5,2026-06,FlashReport_June_2026.pdf
985,617942,,,Construction of Six lane Elevated Corridor from Km. 508.000 to Km. 513.150 including approaches on NH-66,Goa,MoRTH,2023-04,2026-04,2026-10,641.46,641.46,0,97.1,2026-06,FlashReport_June_2026.pdf
986,617943,,,4-laning of Navelim to Cuncolim Section of NH-66 from Km 554.245 to Km 561.480 on HAM Mode,Goa,MoRTH,2024-12,2028-10,2028-10,746.75,746.75,0,0,2026-06,FlashReport_June_2026.pdf
987,618609,,,Construction of 4L Flyover from MES College Junction to Bogmalo Junction on NH- 566 from Km. 7.106 to Km. 10.460 and 4L VUP at Queeny Nagar Junction from Km. 3.330 to Km. 4.550,Goa,NHAI,2024-01,2026-07,2027-05,463.08,316.28,168.21,57.3,2026-06,FlashReport_June_2026.pdf
988,617906,,,Up-gradation of Dhoraji-Jamkandorna-Kalavad Section of NH-927D from Design Chainage km 0/00 to km 58/115 to Two lane with PS configuration in the State of Gujarat on EPC,Gujarat,MoRTH,2022-10,2027-01,2027-01,246.6,291.19,0,35,2026-06,FlashReport_June_2026.pdf
989,617916,,,Work of 6 laning/Construction of elevated corridor from km 0/0 to 10/170 Narol Junction to Sarkhej junction including 4 lane Shastri Bridge on Sabarmati river on NH 47 in the State of Gujarat on HAM mode,Gujarat,MoRTH,2024-03,2028-02,2028-02,1295.39,1295.39,0,30,2026-06,FlashReport_June_2026.pdf
990,617926,,,Construction of new 4 lane major bridge with approaches on Sabarmati River near Dharoi at Km. 82/00 to 86/00 Design length 3.300 km on NH-58 in the State of Gujarat on Hybrid Annuity Mode HAM,Gujarat,MoRTH,2024-03,2027-08,2027-08,398.4,398.4,0,44,2026-06,FlashReport_June_2026.pdf
991,617927,,,Widening to 2LPS between Km 0/0 to 56/0 Khokhara Gujarat Border Vijayanagar Antrasuba Mathasur road of NH 58 in the State of Gujarat,Gujarat,MoRTH,2024-03,2027-09,2027-09,699.19,699.19,0,35,2026-06,FlashReport_June_2026.pdf
992,617928,,,"Widening 2 lane to 4-lane from KM 92/320 to Km 115/320 Vav Chokdi-Satlasana to to Vrundavan Chokdi, Kheralu on NH-58 in the State of Gujarat.",Gujarat,MoRTH,2022-03,2026-03,2026-07,151.13,171.27,0,98,2026-06,FlashReport_June_2026.pdf
993,617976,,,Work of development and construction of elevated corridorfrom km 38/660 to km 42/690 Iscon junction to start point of approach of sanand flyover of NH-147 in the sate of Gujarat,Gujarat,MoRTH,2023-03,2026-06,2026-08,530.2,530.2,58.29,90,2026-06,FlashReport_June_2026.pdf
994,618022,,,Upgradation to two lane with paved Shoulder Configuaration from Km. 0/00 to 47/000 of NH 351 Mahuva to Badhada section in the State of Gujarat,Gujarat,MoRTH,2022-12,2025-08,2026-12,173.06,219.08,22.63,74,2026-06,FlashReport_June_2026.pdf
995,618107,,,Upgradation of Mehsana-Visnagar-vadnagar-Kheralu-Idar section from km 0/00 to 81/300 of NH 168G Mehsana to Idar in the State of GujaratTotal Length 81.300 Km on Hybrid Annuity Mode HAM,Gujarat,MoRTH,2024-02,2028-06,2028-06,1155.21,1155.21,378.6,16,2026-06,FlashReport_June_2026.pdf
996,618108,,,Up-gradation and strengthening to 2lanePS from Km 95/500 to km 129/775 of Nh 168G Idar-Bhiloda-Samlaji in the state of Gujarat Length 34.275 km,Gujarat,MoRTH,2022-09,2025-12,2026-12,237.28,237.28,0,63,2026-06,FlashReport_June_2026.pdf
997,618459,,,Delhi-Vadodara Greenfield Alignment NH-148N Pkg-26 Ch.696890 to Ch.726390,Gujarat,NHAI,2020-09,2024-08,2027-02,1555.2,1556.4,1273.31,81.6,2026-06,FlashReport_June_2026.pdf
998,618460,,,Delhi-Vadodara Greenfield Alignment NH-148N Pkg-28 Ch.756052 to Ch.781282,Gujarat,NHAI,2020-09,2023-11,2026-04,1263.38,1266.98,934.98,100,2026-06,FlashReport_June_2026.pdf
999,618462,,,Delhi-Vadodara Greenfield Alignment NH-148N Pkg-31 Ch.824920 to Ch.844382 [Junction near Pratap nagar Village - Junction near Dodka Village],Gujarat,NHAI,2019-11,2023-05,2026-06,1644.85,1651.14,1297.47,100,2026-06,FlashReport_June_2026.pdf
1000,618463,,,Vadodara Mumbai Expressway Kim to Ankleshwar Phase IA - Pkg V,Gujarat,NHAI,2018-02,2021-10,2026-07,1324.84,2807.48,1471.27,91.34,2026-06,FlashReport_June_2026.pdf
1001,618466,,,Vadodara Mumbai Expressway Jujuwa - Gandeva from Km. 154.600 to Km. 190.000 Phase-I Package-VIII,Gujarat,NHAI,2023-07,2026-03,2026-11,3834.24,3820.2,197.98,4.85,2026-06,FlashReport_June_2026.pdf
1002,618467,,,Vadodara Mumbai Expressway Karvad - Jujuwa from Km. 128.000 to Km. 154.600 Phase-I Package-IX,Gujarat,NHAI,2023-07,2025-10,2027-07,2594.17,2587.04,226.62,21.75,2026-06,FlashReport_June_2026.pdf
1003,618503,,,Ahmedabad - Dholera Pkg III from km. 48.52 to km. 71.06 [Vejallka Village - Start of DSIR zone],Gujarat,NHAI,2020-05,2023-07,2026-07,1034.04,1155.41,1125.55,100,2026-06,FlashReport_June_2026.pdf
1004,618504,,,Ahmedabad - Dholera Pkg IV from km. 71.06 to km. 109.019 [Start of DSIR zone - Adhelai Village],Gujarat,NHAI,2020-05,2023-12,2026-07,1181.76,1358.73,1222.65,97.99,2026-06,FlashReport_June_2026.pdf
1005,618507,,,"Balance work of Six Laning of Shamlaji-Motachiloda from Km. 401.200 to Km.494.410 section Design Chainage Km.447.385 to Km 540.595, Length- 93.210 Km of old NH-8 NH-48 in the state of Gujarat on single Percentage Item Rate Contract",Gujarat,NHAI,2024-06,2025-06,2026-07,466.8,501.48,577.31,91.8,2026-06,FlashReport_June_2026.pdf
1006,618508,,,Construction of Additional Structures including Approaches in Vadodara Surat Section of NH48 between existing Km. 108.000 to Km. 250.000,Gujarat,NHAI,2024-03,2027-01,2027-06,907.39,907.39,346.17,48.73,2026-06,FlashReport_June_2026.pdf
1007,618564,,,6L with PS of Samakhiyali to Santalpur section from km. 339.700 to Km. 430.100 of NH-27,Gujarat,NHAI,2023-01,2025-12,2027-03,1553.76,34.34,28.59,64.52,2026-06,FlashReport_June_2026.pdf
1008,618615,,,Sanchore - Santalpur from km 99.000 - km 130.073 of NH-754K AJ-RGBS-Package-4,Gujarat,NHAI,2020-02,2023-03,2026-07,778.15,835.55,764,99.7,2026-06,FlashReport_June_2026.pdf
1009,618616,,,4L of Dhrol bypass section of NH-151A Approx. length 5.7 Km & widening upto 4 laning of missing link of Amran section of NH-151A Approx. length 6.55 Km from existing Ch. 42000 to 48500 of ongoing Dhrol-Bhadra-Pipaliya section of NH-151A,Gujarat,NHAI,2024-03,2027-02,2027-02,625.58,455.54,140.05,32.1,2026-06,FlashReport_June_2026.pdf
1010,618787,,,"Upgradation to 4L PS from Bhimasar, Junction of NH-41 to Anjar- Bhuj upto Airport Junction from Km 0.000 to Km 65.478 of NH-341",Gujarat,NHAI,2022-03,2025-06,2027-03,1373.06,1687.25,837.7,96,2026-06,FlashReport_June_2026.pdf
1011,618833,,,Kodinar - Veraval Package VI from km. 221.610 to km. 263.00 of NH-8E & km. 120.900 to km. 121.150 of NH-8D,Gujarat,NHAI,2016-02,2020-07,2026-07,894.01,1127.42,730.04,98.79,2026-06,FlashReport_June_2026.pdf
1012,618901,,,4L PS Divided Carriageway from Patan Near Rajpur to Gojariya From Km 52.000 to Km 128.940 of NH-68,Gujarat,NHAI,2021-12,2025-03,2026-10,1181.34,1098.23,923.85,87.12,2026-06,FlashReport_June_2026.pdf
1013,618930,,,4L PS from Ch. 94.030 in Jabugam Village to Ch. 132.320 in Dhamasiya Village of NH-56 Pkg-III,Gujarat,NHAI,2023-03,2027-11,2027-11,1188.46,898,147.42,23.82,2026-06,FlashReport_June_2026.pdf
1014,618931,,,4L PS from Ch. 179.780 in Bitada/Movi Village to Ch. 208.900 in Nasarpore Village of NH-56 Pkg-V,Gujarat,NHAI,2023-03,2027-11,2027-11,764.02,566.96,79.56,7.59,2026-06,FlashReport_June_2026.pdf
1015,619061,,,Construction of 4 lane with PS Idar-Badoli bypass section from design km 81/300 to km 95/500 of NH 168G in the State of Gujarat,Gujarat,MoRTH,2025-03,2028-05,2028-05,705.09,705.09,0,4,2026-06,FlashReport_June_2026.pdf
1016,619087,,,Widening to 6L of Existing 4L Jetpur - Gondal - Rajkot Section from Km. 117.600 to Km. 185.00 on NH-27,Gujarat,NHAI,2022-03,2025-09,2027-01,2070.44,1390.29,1048.83,73.08,2026-06,FlashReport_June_2026.pdf
1017,619145,,,Four Laning of Una to Kodinar from km. 180.478 to km. 221.610 Package-V,Gujarat,NHAI,2016-02,2019-08,2026-07,877.71,1126.66,1008.77,100,2026-06,FlashReport_June_2026.pdf
1018,619146,,,Kagvadar - Una Package-IV,Gujarat,NHAI,2016-02,2019-09,2026-07,750.53,955.78,833.12,97.93,2026-06,FlashReport_June_2026.pdf
1019,619197,,,Delhi-Vadodara Greenfield Alignment NH-148N Pkg-27 Ch.729.700 to Ch.756.052,Gujarat,NHAI,2020-09,2024-02,2026-06,1185.69,1259.27,1037.33,97.21,2026-06,FlashReport_June_2026.pdf
1020,618482,,,Delhi-Amritsar-Katra Expressway Phase-I Pkg-I from Jussur Kheri on NH-KMP Expressway to Junction with Rohtak-Panipat road NH-709 near Rukhi Paani village Km 0000 to Km 34000,Haryana,NHAI,2020-12,2023-12,2026-07,1866.49,2429.9,1609.72,99.91,2026-06,FlashReport_June_2026.pdf
1021,618483,,,Delhi-Amritsar-Katra Expressway Phase-I Pkg-II from Junction with Rohtak-Panipat road NH-709 near Rukhi Paani village to Junction with Jind-Panipat road NH-352A near Gangana village Km 34000 to Km 60800,Haryana,NHAI,2020-12,2024-01,2026-07,1533.87,1792.53,1176.23,99.89,2026-06,FlashReport_June_2026.pdf
1022,618506,,,"Construction of Additional Structures, Improvement of Service Road & Maintenance of Six Lane Gurgaon-Jaipur Section of NH-48 old NH-8 between km 42700 to km 107100 in the State of Haryana",Haryana,NHAI,2024-05,2027-05,2027-05,401.74,240.02,116.43,56.05,2026-06,FlashReport_June_2026.pdf
1023,618580,,,Gohana - Sonipat PKG-2,Haryana,NHAI,2019-01,2022-07,2026-07,1275.31,1957.44,1225.85,97.86,2026-06,FlashReport_June_2026.pdf
1024,618788,,,4L Greenfield Jalbhera Shahbad section from km. 0.000 to km. 22.850 of NH-152G,Haryana,NHAI,2022-03,2025-05,2026-08,927.22,1173.66,544.51,87.05,2026-06,FlashReport_June_2026.pdf
1025,618792,,,4L Bhiwani-Hansi road section of NH-148B,Haryana,NHAI,2022-11,2025-12,2026-08,1330.23,1144.21,455.02,99.5,2026-06,FlashReport_June_2026.pdf
1026,618936,,,Jagadhari - Tajewala from Km -0.175 to 32.337 km of NH-344,Haryana,NHAI,2022-03,2025-02,2027-03,1269.5,919.43,708.89,67.8,2026-06,FlashReport_June_2026.pdf
1027,619080,,,4L PS of Ambala Ring Road of New NH-44,Haryana,NHAI,2023-02,2025-10,2026-09,1093.35,1225.41,590.67,88.77,2026-06,FlashReport_June_2026.pdf
1028,619092,,,4L of Jind-Gohana road Package-1 from km. 0.00 to km. 40.601 of NH-352 A under NHO,Haryana,NHAI,2019-01,2022-07,2026-07,994.22,1606.82,1064.47,99.97,2026-06,FlashReport_June_2026.pdf
1029,619132,,,4/6L of Gurgaon - Pataudi - Rewari from km. 0.00 to km.43.87 of NH-352W,Haryana,NHAI,2020-05,2023-11,2026-08,1810.04,1917.5,1267.19,76.98,2026-06,FlashReport_June_2026.pdf
1030,619201,,,Karnal ring road Lot-4/Pkg-1,Haryana,NHAI,2022-11,2025-08,2026-10,1741.45,2041.54,831.11,96.42,2026-06,FlashReport_June_2026.pdf
1031,618051,,,Rehabilitation and Upgrading of NH-707 OLD 72-B Package - 2 Hewna to Ashyari,Himachal Pradesh,MoRTH,2020-04,2023-03,2025-12,242.8,220.95,145.49,98.38,2026-06,FlashReport_June_2026.pdf
1032,618215,,,"Improvement/construction of existing CL-5 Road to NH Intermediate lane specification with hard shoulder from Km 166.000 to 203.77 net Length 37.770 kms of NH-505 Sumdo-Kaza-Gramphoo road in the state of Himachal Pradesh on EPC mode under project Deepak, BRO",Himachal Pradesh,MoRTH,2021-06,2027-06,2027-06,274.36,194,0,22.26,2026-06,FlashReport_June_2026.pdf
1033,618216,,,"Improvement/construction of existing CL-5 Road to NH Intermediate lane specification with hard shoulder from Km 133.000 to 166.000 net Length 33.000 kms of NH-505 Sumdo-Kaza-Gramphoo road in the state of Himachal Pradesh on EPC mode under project Deepak, BRO",Himachal Pradesh,MoRTH,2021-03,2026-06,2027-09,230.55,203.15,31.4,23.24,2026-06,FlashReport_June_2026.pdf
1034,618217,,,Improvement/construction of existing Class-5 Road to NH Intermediate lane specification with hard shoulder from existing Km 76/340 to 134/940 Design chainage from Km 76/300 to 133/000 net Length 56.700 kms of NH-505 Sumdo-Kaza- Gramphoo road in the state of Himachal Pradesh Package I,Himachal Pradesh,MoRTH,2021-03,2026-05,2027-08,314.67,244.15,93.27,60.02,2026-06,FlashReport_June_2026.pdf
1035,618230,,,Rehabilitation and Upgradation to 2-lane configuration of Kalwahn-Mandi Section km 208.950 to 250.592 of NH-70 in the State of Himachal Pradesh under Green National Highways Corridor Project GNHCP with the loan assistance of World Bank on EPC mode.Package-3,Himachal Pradesh,MoRTH,2020-08,2025-04,2026-12,314.32,314.32,0,70.39,2026-06,FlashReport_June_2026.pdf
1036,618231,,,Rehabilitation and Upgradation to 2-lane configuration of Hamirpur-Karnohal Section km 141.00 to 181.00 of NH-70 in the State of Himachal Pradesh under Green National Highways Corridor Project GNHCP with the loan assistance of World Bank on EPC mode.Package-1,Himachal Pradesh,MoRTH,2020-08,2024-12,2026-09,371.93,371.93,198.34,93.61,2026-06,FlashReport_June_2026.pdf
1037,618232,,,Rehabilitation and Upgradation to 2-lane configuration of Karnohal- Kalwahn Section km 181.00 to 208.950 of NH-70 in the State of Himachal Pradesh under Green National Highways Corridor Project GNHCP with the loan assistance of World Bank on EPC mode.Package-2,Himachal Pradesh,MoRTH,2020-08,2026-05,2026-12,251.62,190.02,75.89,58,2026-06,FlashReport_June_2026.pdf
1038,618253,,,Construction of missing link from Birhu to Lathiani from Km 35/550 Design chainage Km 0.000 to Km 42/800 Design Chainage Km 8.153on NH-503A including Lathiani Bridge on back water of Govindsagar and its approaches in Himachal Pradesh.,Himachal Pradesh,MoRTH,2023-06,2029-03,2029-03,870.95,896.86,0,0,2026-06,FlashReport_June_2026.pdf
1039,618850,,,Nerchowk km 190.000 to Pandoh including Pandoh bypass km221.305,Himachal Pradesh,NHAI,2016-03,2020-07,2026-07,1464.12,1651.67,1567.12,100,2026-06,FlashReport_June_2026.pdf
1040,618851,,,Pandoh bypass 221.305 to Takoli 242.000 of NH-21 in the state of Himachal Pradesh,Himachal Pradesh,NHAI,2017-06,2021-09,2027-03,3419.95,4465.94,2881.19,95.65,2026-06,FlashReport_June_2026.pdf
1041,618852,,,4L Sundar Nagar Bypass from Km.173.900 to Km.179.600 of NH-21,Himachal Pradesh,NHAI,2022-02,2024-06,2026-07,191.11,192.11,182.26,100,2026-06,FlashReport_June_2026.pdf
1042,618878,,,Rehabilitation and Upgradation to 4L configuration & Strengthening of Sihuni to Rajol from Km 51.000 to Km 72.000 of NH-154 Package-IIA,Himachal Pradesh,NHAI,2022-03,2025-09,2026-09,696.65,776.59,493.1,98.58,2026-06,FlashReport_June_2026.pdf
1043,618879,,,Rehabilitation and Upgradation to 2L PS configuration & Strengthening of Padhar to Bijni section from Km 180.000 to Km 202.815 of NH-154 Pkg-VA,Himachal Pradesh,NHAI,2022-06,2026-11,2026-11,930.86,930.86,665.28,99.19,2026-06,FlashReport_June_2026.pdf
1044,618880,,,Rehabilitation and Up-gradation to 4L configuration & Strengthening of Thanpuri to Paror section from Km 85.135 to Km 100.840 of NH-154 Pkg-IIC,Himachal Pradesh,NHAI,2022-07,2025-12,2027-04,815.68,666.79,486.73,54.91,2026-06,FlashReport_June_2026.pdf
1045,618881,,,4L PS bijni to mandi section from Km 202.815 to Km 208.000 of NH-20 New NH-154 of Pathankot-Mandi Package-VB,Himachal Pradesh,NHAI,2023-02,2027-09,2027-09,1113.02,1112.39,525.23,34.57,2026-06,FlashReport_June_2026.pdf
1046,618888,,,Rehabilitation and Up-gradation of existing road to 2L PS from End of Hamirpur Bypass near Chilbahal to Bhangbar section from Km. 138.295 to Km.175.270 of NH- 88 Pkg-IV,Himachal Pradesh,NHAI,2022-03,2025-04,2026-08,1146.19,1358.62,987.23,95.72,2026-06,FlashReport_June_2026.pdf
1047,618889,,,"4L of Bhangbar Near Ranital to Kangra Bypass Section of Old NH-88 New NH- 303,503 up to Intersection with NH-154 from Km 175.270 to Km 193.400 Pkg-VB",Himachal Pradesh,NHAI,2021-03,2024-12,2026-09,1322.95,1829.49,1101.15,97.45,2026-06,FlashReport_June_2026.pdf
1048,618890,,,2L PS of Hamirpur Bypass from Km 121.175 to Km.138.295 of NH-103&3,Himachal Pradesh,NHAI,2022-08,2025-10,2026-09,739.39,754.82,369.59,93.25,2026-06,FlashReport_June_2026.pdf
1049,618891,,,4L PS from Kalar Bala Village to Nauni Chowk of NH 205 from Km 41.000 to Km 58.450,Himachal Pradesh,NHAI,2024-01,2027-05,2027-09,1244.43,786.91,117.5,30.43,2026-06,FlashReport_June_2026.pdf
1050,618892,,,"4 Lane with Paved Shoulder from Dareota Village to Kalar Bala NH 205, Design Chainage -Km 33185 to Km 41000, Design Length-7.815 Km Package-IIB",Himachal Pradesh,NHAI,2025-06,2028-06,2028-06,992.85,992.85,5.15,0,2026-06,FlashReport_June_2026.pdf
1051,618921,,,4L of Kathlighat to Shakral Village from Km 128.835 to Km 146.300 of NH- 5 Shimla Bypass - Pkg I,Himachal Pradesh,NHAI,2022-03,2026-04,2027-07,1703.48,2648.8,1139.72,63.14,2026-06,FlashReport_June_2026.pdf
1052,618922,,,4L of Shakral Village to Dhalli Section from Km 146.300 to Km 156.560 Shimla Bypass - Pkg II and Shimla connectivity from Km 0.000 to Km 0.725 of NH-5,Himachal Pradesh,NHAI,2022-04,2027-03,2027-12,1956.26,2880.72,1452.65,63.17,2026-06,FlashReport_June_2026.pdf
1053,619003,,,Solan - Kaithlighat Section of NH-22 Now NH-5 from Km. 106.139 to Km.129.05,Himachal Pradesh,NHAI,2018-03,2021-05,2026-11,881.74,1519.53,1345.12,90.11,2026-06,FlashReport_June_2026.pdf
1054,619153,,,4L of HP/Punjab Border - Mo from km. 11.00 to km. 42.00 of Old NH-20 New NH-154 Package-IA,Himachal Pradesh,NHAI,2021-03,2024-05,2026-10,1002.11,1363.04,819.71,67.66,2026-06,FlashReport_June_2026.pdf
1055,618038,,,Construction of Shopian Bypass on NH-444 taking off from existing chainage Km 36500 and re-joining at km 47588 of existing Chainage New Design Ch. From km 28000 to km 36925 as 2- lane with paved shoulder in the UT of Jammu & Kashmir on EPC mode.,Jammu and Kashmir,MoRTH,2024-03,2028-01,,224.44,224.44,0,3,2026-06,FlashReport_June_2026.pdf
1056,618201,,,"Widening and strengthening to 2 lane with paved shoulder from existing Ch. Km 56720 to Km 100820 and Design Ch. From Km 62600 to Km 106360 Total Length43.760 Km on SRINAGAR -BARAMULA URINH-01 in the UT of Jammu & Kashmir under project BEACON, Border Roads Organization BRO on EPC mode.",Jammu and Kashmir,MoRTH,2023-09,2026-11,2027-06,702.1,702.1,0,51,2026-06,FlashReport_June_2026.pdf
1057,618202,,,Construction of 2 lane with paved shoulders Baramulla Bypass Greenfield bypass from existing Ch. Km 47020 to Km 56720 and Design Ch. From 48500 to 62600 Total length 14.100 km on road Srinagar Baramulla Uri NH-01 in the UT of Jammu & Kashmir under Project.Package-III,Jammu and Kashmir,MoRTH,2023-03,2026-09,2027-07,992.43,992.43,98.99,46.8,2026-06,FlashReport_June_2026.pdf
1058,618203,,,"Construction of 4 lane with paved shoulder Pattan bypass Greenfield bypass from existing Ch. Km 24320 to Km 33760 and Design Ch. from Km 24400 to Km 35300, total length 10.900 km on road SrinagarBaramulla Uri NH-01 in the UT of Jammu & Kashmir under Project BEACON, Border Roads Organization BRO on EPC mode. Package-II",Jammu and Kashmir,MoRTH,2023-03,2026-07,2027-02,980.21,980.21,131.91,57,2026-06,FlashReport_June_2026.pdf
1059,618204,,,Construction of realignment between Pandrass- Pashkyun Total length 27.10 km on road Zozila-Kargil -Leh NH-1 to 2 lane specifications i.e. Drass alignment 9.30 km Kharboo realignment 6.30 km & Kargil alignment 11.50 km under project Vijayak BRO in the UT of Ladakh on EPC Mode,Jammu and Kashmir,MoRTH,2021-11,2025-06,2027-07,426.15,426.15,112.2,54.89,2026-06,FlashReport_June_2026.pdf
1060,618205,,,"Construction of 4 lane with paved shoulder from Existing Ch. 14200 to 24320 Design Ch. 14200 to 24400, Ch. 33760 to 42780 Design Ch. 35300 to 44294 & Ch. 43440 to 47020 Design Ch. 44958 to 48500 Delina Flyover including construction of flyover length 1.704 km of total length 22.736 kms in AOR of 760 BRTF on road SRINAGAR BARAMULA URI NH-01 in the UT of Jammu & Kashmir under project BEACON, Border Roads Organization BRO Package-IJob No NH-1-J&K-2022-23-110",Jammu and Kashmir,MoRTH,2022-06,2025-08,2026-08,823.46,823.46,292.48,85.5,2026-06,FlashReport_June_2026.pdf
1061,618206,,,Widening and Strengthening of Rafiabad-Kupwara-Chowkibal-Tangdhar-Chamkot NH- 701 road from design Ch. From 0000 to 51000 to two lanes with paved shoulders under Project Beacon in the UT of Jammu & Kashmir on EPC mode Package-I.,Jammu and Kashmir,MoRTH,2024-03,2027-05,,1404.94,1404.94,143.99,41.7,2026-06,FlashReport_June_2026.pdf
1062,618221,,,Rehabilitation and upgradation to 2 lane with paved shoulder from existing chainage Km 166.100 to Km 192.98 design chainage Km 146.700 to Km 162.800 including construction of Bhimber Gali Tunnel Total Length of Tunnel 1.100 Km under 31 BRTF on Akhnoor-Poonch Roads on EPC mode NH-144A Package-VII,Jammu and Kashmir,MoRTH,2021-09,2026-07,2027-07,734.64,734.64,0,50.03,2026-06,FlashReport_June_2026.pdf
1063,618222,,,Widening and Strengthening up gradation to 2 lane with paved shoulder from existing chainage Km 192.98 to Km 229.820 design chainage Km 162.800 to Km 198.18 under 31 BRTF on Akhnoor-Poonch Road NH-144A in the UT of Jammu and Kashmir under Project Sampark Border Roads Organisation BRO on EPC Mode Package-VIII Job No NH-144A-J&K-2022-2023-111,Jammu and Kashmir,MoRTH,2022-10,2026-01,2026-12,562.45,562.45,158.52,71.27,2026-06,FlashReport_June_2026.pdf
1064,618223,,,Rehabilitation and up-gradation to 2 lane with paved shoulder from existing chainage km 64535 to km 85385 Design chainage km 55800 to km 74350 under 13 TF on Akhnoor-Poonch road NH-144A under Project Sampark BRO in the UT of Jammu & Kashmir on EPC mode Package-III Job no NH-144A-J&K-2019-20-79,Jammu and Kashmir,MoRTH,2020-03,2023-09,2026-12,152.93,152.93,77.62,90.06,2026-06,FlashReport_June_2026.pdf
1065,618224,,,Rehabilitation and up-gradation to 2 lane with paved shoulder from existing chainage km 49150 to km 64535 Design chainage km 46.450 to km 55.800 including construction of Sungal Tunnel Total length of Tunnel 2.79 km under 13 TF on Akhnoor-Poonch road NH-144A under Project Sampark BRO in the UT of Jammu & Kashmir on EPC mode Package-II Job no NH-144A-J&K-2019-20-78,Jammu and Kashmir,MoRTH,2020-03,2024-08,2026-07,796.97,796.97,440.97,92.1,2026-06,FlashReport_June_2026.pdf
1066,618225,,,Rehabilitation and up-gradation to 2 lane with paved shoulder from existing chainage km 134950 to km 166100 Design chainage km 116980 to km 146700 under 31 TF on Akhnoor-Poonch road NH-144A in the UT of Jammu & Kashmir under Project Sampark BRO on EPC mode Package-VI Job no NH-144A-J&K-2021-22-106,Jammu and Kashmir,MoRTH,2021-07,2024-07,2026-12,395.25,395.25,156.58,89.2,2026-06,FlashReport_June_2026.pdf
1067,618226,,,Rehabilitation and upgradation to 2 lane with paved shoulder from existing chainage Km 30.053 to Km 49.150 design chainage Km 30.000 to Km 46.450 including Kandi Tunnel under 31 BRTF on Akhnoor-Poonch Road NH-144A Under Project Sampark in the UT of Jammu & Kashmir EPC modePackage-I Job no NH-144A-J&K-2020-21-83.,Jammu and Kashmir,MoRTH,2020-07,2024-11,2026-09,272.49,272.49,160.08,95.27,2026-06,FlashReport_June_2026.pdf
1068,618394,,,Up-gradation to 2-lane with Paved Shoulder from Km 12.850 to Km20.300 of 7.450Km length on Goha-Khellani section and a link road to Goha village of 2.016 km on NH- 244 in UT of Jammu and Kashmir on EPC Mode Pkg-1,Jammu and Kashmir,NHIDCL,2020-07,2022-04,2026-10,228.39,225.37,176.58,94.26,2026-06,FlashReport_June_2026.pdf
1069,618395,,,"Construction & Upgradation to 2-lane with paved shoulder from Design Ch. Km 51700 at Premnagar km 66315 to Km 66535 New Thatri at Start of Km 83rd, Tunnel Km 82665 of 14.835 Km design length on Chenani-Sudhmahadev-Goha Khellani- Kishtwar-Vailoo Donipawa-Ashajipora section of NH-244 in the UT of J&K on EPC Mode under NHO-Gen Pkg - 2",Jammu and Kashmir,NHIDCL,2021-03,2023-02,2026-10,512.43,512.43,164.66,53.49,2026-06,FlashReport_June_2026.pdf
1070,618397,,,Widening and Up-gradation to 2-Lane with Paved Shoulder of configuration and geometric improvement from Km 0.000 to Km 16.990 on Chenani Sudhmahadev section of NH-244 in UT of Jammu and Kashmir to be executed on EPC basis,Jammu and Kashmir,NHIDCL,2018-03,2020-11,2025-12,255.9,255.9,242.42,94.06,2026-06,FlashReport_June_2026.pdf
1071,618398,,,Up-gradation to 2-lane with Paved Shoulder from Km 20.300 to Km 29.030 of 8.730 Km length on Goha-Khellani section on NH-244 in UT of Jammu and Kashmir on EPC Mode Package II,Jammu and Kashmir,NHIDCL,2020-07,2022-04,2026-06,210.79,210.79,190.26,96.95,2026-06,FlashReport_June_2026.pdf
1072,618399,,,Construction of Kishtwar bypass with 2 lane with paved shoulder from Design Km. 80.675 Dulhasti to km 95.550 Bandarkoot of 14.88 km & a link road to Kishtwar town from 0000 to 1.871 of length1.871 Km on Khellani - Kishtwar - Chattroo section in UT of Jammu and Kashmir on EPC Mode Pkg-4,Jammu and Kashmir,NHIDCL,2021-03,2023-08,2027-06,859.67,859.67,360.47,50.64,2026-06,FlashReport_June_2026.pdf
1073,618400,,,Construction & Upgradation to 2-lane with paved shoulder from Design Km 67.805 at the end of Km 83rd Tunnel near Dhrabshalla Ex. Km 83905 to Km 80.675 start of Kishtwar Bypass - Dulhasti Ex. Km 970751 of 12.870 Km length on chenani- Sudhmahadev-Goha Khellani-Kishtwar-vailoo-Donipawa-Ashajipora seition of NH-244 in the UT of J&K on EPC Mode under NHO-Gen Pkg-3,Jammu and Kashmir,NHIDCL,2021-03,2022-12,2025-08,398.51,398.51,120.09,98.55,2026-06,FlashReport_June_2026.pdf
1074,618406,,,Up-gradation to 4-lane with Paved Shoulder of Jammu-Akhnoor road section of NH- 144A from Ganesh Vihar Km 6.000 to Khati Chowk Km 26.350 in UT of Jammu and Kashmir on EPC basis Pkg-3A,Jammu and Kashmir,NHIDCL,2018-03,2021-07,2026-11,322.49,322.49,388.64,92.21,2026-06,FlashReport_June_2026.pdf
1075,618407,,,Jammu-Akhnoor Road Pkg-I,Jammu and Kashmir,NHIDCL,2018-03,2025-01,2026-10,245.3,245.3,97.2,75.29,2026-06,FlashReport_June_2026.pdf
1076,618494,,,Delhi-Amritsar-Katra Expressway Phase-II Pkg-XV [Junction with Hiranagar Road near village Gurha Baildaran to Junction with Jammu Ring Road NH-244A near Jakh village from Km 468100 to Km 503250],Jammu and Kashmir,NHAI,2021-10,2024-09,2026-12,2714.95,3716.56,1833.59,89.52,2026-06,FlashReport_June_2026.pdf
1077,618495,,,4/6L Access Control Expressway from Design Chainage Km 515.000 to 528.300 Kunjwani to Sidhra Section of NH-44 and from Design Chainage Km 550.900 to Km 566.520 Domel to Katra Section Phase II-Package XVII,Jammu and Kashmir,NHAI,2022-06,2025-06,2027-08,2894.74,2894.74,996.74,66.17,2026-06,FlashReport_June_2026.pdf
1078,618496,,,Delhi-Amritsar-Katra Expressway Phase-II Pkg-XVI Existing Jakh Vijaypur-Kunjwani section of NH-44 including spur Connectivity to Jammu Airport NH-144A [Km 503500 to km 514500],Jammu and Kashmir,NHAI,2021-09,2024-09,2026-09,1821.72,2522.56,1237.76,94.14,2026-06,FlashReport_June_2026.pdf
1079,618497,,,Delhi Amritsar Katra Expressway Phase-II Pkg XVIII Development and Upgradation of Four lane Access Control Expressway from Design Chainage KM 530.00 to KM 545.300 Sidhra to Domel Section of NH-44,Jammu and Kashmir,NHAI,2022-12,2025-11,2027-06,975.38,975.38,606.46,67.5,2026-06,FlashReport_June_2026.pdf
1080,618541,,,4L Ring road/bypass around Srinagar city from km 0.000 to km 42.100 Phase-I,Jammu and Kashmir,NHAI,2021-03,2024-02,2026-10,2919.96,2604.76,1829.2,88.5,2026-06,FlashReport_June_2026.pdf
1081,618542,,,4L of existing Wayul Ganderbal Pandach Soura section of old NH-1 as a part of Srinagar Ring Road Phase IIA,Jammu and Kashmir,NHAI,2024-12,2028-05,2028-05,827.98,827.98,262.83,0,2026-06,FlashReport_June_2026.pdf
1082,618543,,,4L of twin tube tunnel configuration including approaches from Marog to Digdol from Km.154.210 to Km.158.650 North Bound and from Km.155.940 to Km.160.260 South Bound of Ramban to Banihal Pkg-I of Old NH-1A New NH-44,Jammu and Kashmir,NHAI,2021-07,2025-08,2027-12,1912.17,1034.3,404.01,30.5,2026-06,FlashReport_June_2026.pdf
1083,618544,,,"4L twin tube tunnel including approaches from Digdol to Khuni Nallah North Bound connecting with existing major bridge on NB and South Bound connecting with Tunnel T4 ,Single tube tunnel of Ramban to Banihal Pkg-II of Old NH-1A New NH-44",Jammu and Kashmir,NHAI,2021-07,2024-06,2026-09,1401.87,1020.99,1053.1,87.1,2026-06,FlashReport_June_2026.pdf
1084,618545,,,"4L of Km.165.092 to Km.171.855 North Bound and from Km.166.895 to Km.173.638 South Bound, excl. certain reaches of North Bound and South Bound of Ramban to Banihal Pkg-III of Old NH-1A New NH-44",Jammu and Kashmir,NHAI,2021-07,2024-08,2027-06,614.48,444.76,306.05,42.8,2026-06,FlashReport_June_2026.pdf
1085,618547,,,2L NH-1 from km 8.660 to km 33.775 Sumbal to Wayul to 4L dual carriageway NH standard as part of Srinagar Ring Road PhaseII [Design Ch. 41.907 to Ch. 66.609],Jammu and Kashmir,NHAI,2022-11,2026-06,2027-06,961,643.64,459.97,53.28,2026-06,FlashReport_June_2026.pdf
1086,618549,,,Construction of twin tube tunnels on Jammu Kashmir Ring Road NH-244A Between Design Ch. 50600 to 51700 and design Ch. 53535 to 55700 on EPC mode under residual NHDP component of Bharatmala Pariyojna,Jammu and Kashmir,NHAI,2022-11,2025-06,2026-12,242.65,731.59,677.46,83.87,2026-06,FlashReport_June_2026.pdf
1087,618550,,,Corridor Efficiency Improvement including removal of black spots in Lakhanpur - Samba section of NH-44 from Chainage Km. 16.300 to Km. 74.100,Jammu and Kashmir,NHAI,2022-06,2024-06,2026-12,855.74,215.68,203.36,74.63,2026-06,FlashReport_June_2026.pdf
1088,618967,,,Upgradation and Strengthening of Chenani to Nashri Section via Patnitop of NH244 from Km 0.000 to Km 39.100,Jammu and Kashmir,NHAI,2024-03,2026-08,2027-03,295.06,295.06,176.11,64.18,2026-06,FlashReport_June_2026.pdf
1089,619038,,,Construction/upgradation to 2-lane with paved shoulder from Design Km 95.55 Bandarkoot to Km. 111.06 Chattroo of 15.52 Km length on Khellani-Kishtwar-Chattroo section on NH-244 in UT of Jammu and Kashmir on EPC Mode Pkg-5,Jammu and Kashmir,NHIDCL,2021-03,2023-02,2026-03,497.09,497.09,270.8,99.97,2026-06,FlashReport_June_2026.pdf
1090,618060,,,Widening and Strengthening of existing paveemnt to two lane with paved shoulders from km 116.00 to km 176.355 of NH-75E in the State of Jharkhand on EPC mode.,Jharkhand,MoRTH,2022-01,2024-07,2026-07,315.21,315.21,143.35,87,2026-06,FlashReport_June_2026.pdf
1091,618084,,,Widening to 2-lane with paved shoulder from km 0.00 to 44.00 Kuru-Ghaghra section of NH-143A including re-construction of culverts and bridges.,Jharkhand,MoRTH,2020-02,2023-08,2026-09,153.01,133.67,100.77,95,2026-06,FlashReport_June_2026.pdf
1092,618123,,,Widening and Strengthening/Reconstruction to Two Lane with Paved Shoulder/ Two Lane with paved shoulders with service road from km 0000 to km 42250 excluding design Ch. 03220 to 04200 & 28350 to 29060 of NH-320G in the state of Jharkhand under EPC mode,Jharkhand,MoRTH,2022-03,2025-08,,423.18,423.18,5.46,0.01,2026-06,FlashReport_June_2026.pdf
1093,618127,,,Construction of 2- Lane with paved shoulder from km 56.45 Dharampur More to 93.050 Pakur of NH-333A in the State of Jharkhand on EPC mode,Jharkhand,MoRTH,2023-03,2027-05,2027-05,255.73,255.73,10.06,10.4,2026-06,FlashReport_June_2026.pdf
1094,618242,,,Widening and Reconstruction to 4-lane/4-lane with service road including structures from Pokharia More at Km 47.600 Ex. Km 50.230 to Govindpur at km 62.949 Ex. Km 65.325 of Nh-419 in the State of Jharkhand on EPC mode.,Jharkhand,MoRTH,2022-05,2026-01,2027-01,300.46,300.46,86.07,52.14,2026-06,FlashReport_June_2026.pdf
1095,618534,,,Construction of Six lane elevated flyover including reconstruction/rehabilitation of existing pavement from Km 426230 to Km 430500 Length 4.27 Km at Nirsa in the Barwa Adda Panagarh section of NH-19 from Km.398.240 to Km.521.120 including Panagarh Bypass in the State of Jharkhand on EPC Mode.,Jharkhand,NHAI,2025-01,2028-08,2028-08,470.75,470.75,0.04,0,2026-06,FlashReport_June_2026.pdf
1096,618535,,,Construction of Six lane elevated flyover including reconstruction/rehabilitation of existing pavement from Km 406100 to Km 411150 Length 5.05 Km at Gobindpur area in the Barwa Adda Panagarh section of NH-19 from Km.398.240 to Km.521.120 including Panagarh Bypass in the State of Jharkhand on EPC Mode.,Jharkhand,NHAI,2025-01,2028-03,2028-03,687.77,442.52,66.59,16.1,2026-06,FlashReport_June_2026.pdf
1097,618641,,,4 Lane of CG/JH Border-Gumla from km 0.000 to km 32.370 of NH-43 in the State of Jhrkhand,Jharkhand,NHAI,2024-08,2028-02,2028-02,1325.8,1325.8,292.91,5.73,2026-06,FlashReport_June_2026.pdf
1098,618642,,,4L of Palma to Gumla from km. 26.00 to km. 89.170 of NH-23,Jharkhand,NHAI,2020-03,2024-03,2026-07,1882.93,1895.75,1369.19,99.89,2026-06,FlashReport_June_2026.pdf
1099,618644,,,4L of Ormanjhi-Gola section from Km 81.450 to Km 53.600 of NH- 320BPKG-II,Jharkhand,NHAI,2022-02,2025-06,2026-12,1214.93,1462.19,993.58,86.57,2026-06,FlashReport_June_2026.pdf
1100,618645,,,4L of Gola-BokaroJaina More section from Km 53.600 to Km 21.110 of NH-320PKG-1,Jharkhand,NHAI,2022-02,2025-06,2026-10,1007.97,1030.64,609.9,78.1,2026-06,FlashReport_June_2026.pdf
1101,618729,,,6 Lane Greenfield Varanasi- Ranchi- Kolkata Highway from Donoreshan village to junction with NH-20 in Bongabar village from km 288.600 to km 325.500 Pkg -11,Jharkhand,NHAI,2023-03,2028-07,,1856.12,1856.12,261.76,0,2026-06,FlashReport_June_2026.pdf
1102,618730,,,6 Lane Greenfield Varanasi- Ranchi- Kolkata Highway from Deoria village to Donoreshan village from km 253.000 to km 288.600 Pkg -10,Jharkhand,NHAI,2023-03,2028-05,2028-05,1546.27,1546.27,82.65,3.96,2026-06,FlashReport_June_2026.pdf
1103,618733,,,6L Greenfield Varanasi- Ranchi- Kolkata Highway from junction with NH-20 in Bongabar village to junction with NH-30 in Lepo village from km 325.500 to km 358.500 Pkg -12,Jharkhand,NHAI,2023-03,2028-07,,1525.52,1525.52,218.27,0,2026-06,FlashReport_June_2026.pdf
1104,618736,,,4L Elevated corridor of Kalimandir-Dimna Chowk-Baliguma Jamshedpur Section of NH-33 New NH-18 from km 241940 to km 251961 Length 10.021 km,Jharkhand,NHAI,2024-03,2027-03,2027-03,936.26,832.2,310.35,46.79,2026-06,FlashReport_June_2026.pdf
1105,618737,,,Grade separated Interchanges at Km. 113.730 junction with Ranchi Hazaribagh Road & Km. 139.225 junction with Ranchi Jamshedpur road on 4L Ranchi Bypass of NH-33,Jharkhand,NHAI,2025-01,2027-12,2027-12,303.53,5.58,4.98,0,2026-06,FlashReport_June_2026.pdf
1106,618830,,,4L from Km 147.450 Bhogu to Km 196.870 Sankha on NH-75 Sec-III,Jharkhand,NHAI,2022-10,2025-11,2027-03,1517.87,1652.09,1103,76.95,2026-06,FlashReport_June_2026.pdf
1107,618831,,,4L from Km 95.400 Udaipura to Km 147.450 Bhogu on NH-75 Sec-II,Jharkhand,NHAI,2023-03,2026-10,2027-03,1436.8,1301.54,419.61,27.9,2026-06,FlashReport_June_2026.pdf
1108,618832,,,4L from Km 55.00 Kuru to Km 95.400 Udaipura on NH-75 Sec-I,Jharkhand,NHAI,2024-02,2028-01,2028-01,1274.82,1274.82,231.62,9.66,2026-06,FlashReport_June_2026.pdf
1109,618863,,,Barhi-Koderma Section of NH31 km 0.00 - km 27.5,Jharkhand,NHAI,2017-02,2024-08,2026-07,662.44,826.59,824.95,98.5,2026-06,FlashReport_June_2026.pdf
1110,618947,,,4L of NH-80 from km 215.00 to km 260.00 Mirza Chauki to Farkka Pkg-I,Jharkhand,NHAI,2018-03,2023-07,2026-10,1504.8,1508.21,1029.73,91.83,2026-06,FlashReport_June_2026.pdf
1111,618949,,,4L of Basukinath- Deoghar Section of NH-114A,Jharkhand,NHAI,2022-09,2025-12,2026-08,1444.94,1553.76,723.48,90.02,2026-06,FlashReport_June_2026.pdf
1112,618950,,,Construction of Bypass to NH-114A Connecting NH-333 and NH-133 Deoghar Bypass from design km 0.000 to design Km 49.000,Jharkhand,NHAI,2024-11,2028-01,2028-01,1565.47,1565.47,55.24,9,2026-06,FlashReport_June_2026.pdf
1113,619005,,,Construction of bypass around Chatra Town on NH-22 old NH-99 in the state of Jharkhand under EPC Mode,Jharkhand,MoRTH,2023-03,2028-01,2026-01,235.42,199.2,0.86,12,2026-06,FlashReport_June_2026.pdf
1114,617935,,,"Construction of Elevated corridor from Km. 135.650 to 136.300 on 63, from Km. 249 to Km. 250.050 on old NH-4 and from Km. 192.910 to Km. 193.350 on NH-218 from decongestion of traffic in Ranichennamma circle in Hubli city in the state of Karnataka on EPC basis",Karnataka,MoRTH,2020-08,2024-06,2026-11,298,349.49,232.09,65,2026-06,FlashReport_June_2026.pdf
1115,617950,,,Construction of Srinivasapura Bypass from existing Km 453.890 Design Ch. 0000 to existing Km 461.450 Design Ch 10080 on NH-69 in the State of Karnataka Under NH O in EPC mode under Annual Plan 2022-23 NH-69-KNT-2022-23-966 dated 22.11.2022,Karnataka,MoRTH,2022-11,2027-01,2027-01,204.42,204.42,0,20,2026-06,FlashReport_June_2026.pdf
1116,617951,,,Construction of Chintamani Bypass from Design Ch.0000 Existing Ch.428880 to Design Ch.15400 Existing Ch.444010 on NH-69 in the State of Karnataka in EPC Mode under NHO Annual Plan 2022-23. NH-69-KNT-2022-23-989 dated 24.03.2023,Karnataka,MoRTH,2023-03,2027-07,2027-07,314.55,314.55,4.03,10,2026-06,FlashReport_June_2026.pdf
1117,617955,,,Widening to two lane with paved Shoulders from Km 40.00 to Km 75.00 Existing chainages of Mangalore - Tumkur section of NH-73 in the State of Karnataka on EPC Mode under Annual Plan 2021-22 Job No NH-73-KNT-2021-22-945,Karnataka,MoRTH,2022-03,2025-03,2026-12,718.52,718.52,308.99,84,2026-06,FlashReport_June_2026.pdf
1118,617989,,,Construction of Major Bridge at Km.180.865 across river Krishna on NH 167 Hagari Jadcherla section,Karnataka,MoRTH,2019-03,2021-11,2027-04,157.32,187.61,103.33,69,2026-06,FlashReport_June_2026.pdf
1119,617997,,,Widening of existing 2 lane to 4 lane with paved shoulder from Designed km 25.15 to km 56.70 Except Km 52.70 to 53.50 of NH-169 Nellisara Camp to Thirthahalli of NH- 169 on Shimoga-Mangalore section in the state of Karnataka on EPC mode under Annual plan 2022-23 NH-169-KNT-2022-23-978 dated 08.03.2023,Karnataka,MoRTH,2023-03,2028-02,2028-02,538.71,538.71,14.63,6,2026-06,FlashReport_June_2026.pdf
1120,617998,,,Widening to existing 2 lane with paved Shoulder to 4 Lane with paved shoulder from design Km 153.00 to 168.27 Mala Gate to Karkala of NH -169 on Shimoga - Mangalore section in the state of Karnataka on EPC mode under Annula Plan 2021-22 Job No. NH-169-KNT-2021-22-949,Karnataka,MoRTH,2022-03,2025-02,2026-11,177.94,177.94,115.6,83,2026-06,FlashReport_June_2026.pdf
1121,617999,,,Widening to 2LPS from Km 67 to Km 115 on Kadur-Hosadurga section NH 173 in the state of Karnataka NH-173-KNT-2022-23-980 dated 13.03.2023,Karnataka,MoRTH,2023-03,2026-05,2027-04,471.62,471.62,91.74,69.54,2026-06,FlashReport_June_2026.pdf
1122,618000,,,Widening to 2-Lane with Paved Shoulders from Km 116.800 to 149.070Design Changes on Hosadurga - Holalkere Section of NH-173 in the State of Karnataka on EPC mode under Annual Plan 2021-22 Job no. NH-173-KNT-2021-22-946,Karnataka,MoRTH,2022-03,2024-02,2026-06,170.34,147.39,106.96,100,2026-06,FlashReport_June_2026.pdf
1123,618027,,,Widening to 2LPS from Km 71.00 to 104.00 Existing chainages Sarjapur to Pattadkallu on Bhanapur to Gaddanakeri section NH-367 in the State of Karnataka under NHO on EPC mode under Annual Plan 2022-23 NH-367-KNT-2022-23-972 dated 08.02.2023,Karnataka,MoRTH,2023-02,2026-03,2026-12,445.62,445.62,0,90,2026-06,FlashReport_June_2026.pdf
1124,618028,,,"Construction of Bypass at Kuknoor, Yelburga, Gajendragada of Bhanapur Gaddanakeri section of NH-367 in the State of Karnataka under NHO on EPC mode under Annual Plan 2022-23. NH-367-KNT-2022-23-973 dated 08.02.2023",Karnataka,MoRTH,2023-02,2027-06,2027-06,333.96,333.96,63.57,36,2026-06,FlashReport_June_2026.pdf
1125,618029,,,Widening to 4 lane from Km. 133.00 to 158.04 design Chainage Km. 130.88 to 155.145 Shirur Cross to Gaddankeri of NH-367 in the State of Karnataka on EPC mode. Job No. NH-367-KNT-2021-22-930,Karnataka,MoRTH,2022-01,2025-01,2027-03,350.69,312.06,199.09,81.62,2026-06,FlashReport_June_2026.pdf
1126,618030,,,Widening to 2 lane with paved shoulder from Km. 103.225 Pattadakal to Km. 133.00 Shirur cross of NH-367 in the state of Karnataka on EPC Mode.Job No. NH-367-KNT- 2021-22-934,Karnataka,MoRTH,2022-02,2024-05,2026-12,264.14,264.14,3.78,0,2026-06,FlashReport_June_2026.pdf
1127,618031,,,Balance work of Construction of Two/Four lane with paved shoulder from Km 422.000 to 523.600 Chitradurga to Shivamogga of NH-13 in the state of Kanataka on EPC mode.,Karnataka,MoRTH,2021-01,2025-12,2026-08,516.96,516.96,121.75,98,2026-06,FlashReport_June_2026.pdf
1128,618086,,,"Widening to Two Lane with Paved Shoulders from KB Cross to Chunchanahalli ie., Design Ch. 485240 Km Existing Km 494.000 to Design Ch. 523393 Km Existing km 533.152 & From Design Ch. 530393 Existing Km 540.175 to Design Ch. 534476 Existing Km 544.200 at Nelligere of NH-150A on EPC mode under Annual Plan 2022-23 NH-150A-KNT-2022-23-977 dated 08.03.2023",Karnataka,MoRTH,2023-03,2027-01,2027-01,617.28,617.28,7.59,48.5,2026-06,FlashReport_June_2026.pdf
1129,618087,,,Widening to intermediate/two lane to 2 lane with paved shoulder from Existing chanages Km 112.750 to 142.00 Liingasur to Mudabal cross & from Km. 147.070 to Km. 149.070 Maski city limit of Jewargi Chamrajnagar setion of NH-150A in the state of Karnataka on EPC mode. Job No. NH-150A-KNT-2021-22-951,Karnataka,MoRTH,2022-03,2024-07,2026-08,255.88,255.88,182.8,96,2026-06,FlashReport_June_2026.pdf
1130,618095,,,Widening to Two Lane with Paved Shoulders from Km 0.00 Design Chainage 0.00 to Km 23.338 Design Chainage 23310 of NH-166E MH/KNT Border- Kanamadi- Bijjargi- Tikota section in the state of Karnataka in EPC Mode under Annual plan 2022-23 NH- 166E-KNT-2022-23-974,Karnataka,MoRTH,2023-02,2026-03,2027-03,196.05,196.05,0,71,2026-06,FlashReport_June_2026.pdf
1131,618109,,,Widening to 4 lane from Km 51.60 to 76.20 Hebri to Parkala and from Km 85.20 to 88.90 Karavali junction to Malpe of Thirthahalli-Udupi-Malpe Section of NH-169A in the State of Karnataka on EPC Mode under Annual plan 2021-22 Job No. NH-169A- KNT-2021-22-927,Karnataka,MoRTH,2022-01,2024-12,2026-11,355.72,355.72,215.43,88.33,2026-06,FlashReport_June_2026.pdf
1132,618147,,,Widening to 2 Lane with Paved Shoulders from design Km 103.200 Existing Km 103.200 to design Km 116.700 Existing Km 118.470 on AP/KNT Border to Sira Section of NH-544E in the State of Karnatakaon EPC mode under Annual plan 2022- 23,Karnataka,MoRTH,2023-01,2025-09,2026-08,166.58,166.58,42.48,65,2026-06,FlashReport_June_2026.pdf
1133,618148,,,Widening to 4LPS of NH-548B from Km 80.000 Near Murgundi to Km 140.200 Near Chikkodi excluding length from Km 118.450 to Km 128.450 in the State of Karnataka under NH O on EPC Mode under Annual Plan 2022-23 - Package 1 NH-548B-KNT- 2022-23-979 dated 09.03.2023,Karnataka,MoRTH,2023-03,2028-04,2028-04,785.79,785.79,6.15,0,2026-06,FlashReport_June_2026.pdf
1134,618149,,,Widening to two lane with paved shoulders from Km 0.00 to 102.310 Design Chainage of NH-548B Murrum-Maharashtra Border in the State of Karnataka,Karnataka,MoRTH,2023-02,2027-01,2027-01,957.09,957.09,288.15,60.21,2026-06,FlashReport_June_2026.pdf
1135,618151,,,Widening to 4LPS of NH-548B from Km 118.450 Near Shirguppi to Km 128.450 Near Ankali in the State of Karnataka under NH O on EPC Mode Under Annual Plan 2022- 23 NH-548B-KNT-2022-23-982,Karnataka,MoRTH,2023-03,2029-05,,1084.29,1084.29,0,0,2026-06,FlashReport_June_2026.pdf
1136,618184,,,Construction of 2 Lane with paved shoulder from km 55.6 to km 90.7 existing chainages of NH-766C complete Realignment of 13.76 km with 2 major Bridges across Sharavathi Backwaters on EPC mode under Annual Plan 2022-23 in the state of Karnataka NH-766C-KNT-2022-23 dated 14.10.2022,Karnataka,MoRTH,2023-01,2026-02,2027-12,313.56,313.56,151.04,65,2026-06,FlashReport_June_2026.pdf
1137,618185,,,Widening to 2LPS from Km 0.000 to 37.850 Except Ex. Km 24.45 to 27.20 of NH-766c Byndoor-Ranebennur Section in the state of Karnataka on EPC Mode under Annual Plan 2022-23 NH-766C-KNT-2022-23-969 dated 30.12.2022,Karnataka,MoRTH,2022-12,2027-08,2027-08,394.95,394.95,0,12,2026-06,FlashReport_June_2026.pdf
1138,618189,,,Widening to two lane with paved shoulder of NH-73New spur road Ujire - Dharmasthala - Periyashanthi in the State of Karnataka under NHO on HAM Mode Job No. NH-73Spur-KNT-2023-24-996,Karnataka,MoRTH,2024-01,2027-11,2027-11,613.65,613.65,0,23.16,2026-06,FlashReport_June_2026.pdf
1139,618517,,,4/6L of Bangalore - Pune Section of bypass connecting Dharwad - Hubli from km. 403.80 to km. 433.20,Karnataka,NHAI,2021-12,2025-09,2027-05,1135.39,763.36,744.25,83.19,2026-06,FlashReport_June_2026.pdf
1140,618518,,,Davanagere - Haveri of NH-48 Old NH-4 from km. 260.00 to km. 338.923,Karnataka,NHAI,2017-01,2020-07,2026-09,1454.67,1805.84,1273.49,98.87,2026-06,FlashReport_June_2026.pdf
1141,618520,,,4L of km 0.00 to km 42.00 of Dobbaspet to Doddaballapura Bypass section of NH-648 old NH-207] [Bangalore Ring Road Pkg 1],Karnataka,NHAI,2020-08,2023-04,2026-08,1438.74,1786.57,1228.99,99.2,2026-06,FlashReport_June_2026.pdf
1142,618630,,,6L of MH/KN Border Nimbal Village to KN/TS Border Singnodi Village from Km. 26.000 to Km. 97.000 in Gulbarga of NH-150C Pkg-II,Karnataka,NHAI,2022-02,2025-06,2026-11,2355.56,1923.3,964.75,79.87,2026-06,FlashReport_June_2026.pdf
1143,618649,,,4 Lane with PS from Des. Ch 228.500 to Des. Ch. 273.400 of Belgaum-Hungund- Raichur Section of NH 748 A Package-6,Karnataka,NHAI,2023-03,2026-11,2027-06,1246.15,1012.78,381.27,53.8,2026-06,FlashReport_June_2026.pdf
1144,618650,,,4 Lane with PS from Des. Ch 89.900 to Des. Ch. 136.100 of Belgaum-Hungund- Raichur Section of NH-748A Package-3,Karnataka,NHAI,2024-01,2027-04,2028-02,1363.9,1219.62,302.3,22.5,2026-06,FlashReport_June_2026.pdf
1145,618651,,,4 Lane with PS from Des. Ch 43.800 to Des. Ch. 89.900 of Belgaum-Hungund- Raichur Section of NH-748A Package-2,Karnataka,NHAI,2024-02,2027-02,2027-07,1427.88,1293.94,594.55,48.8,2026-06,FlashReport_June_2026.pdf
1146,618697,,,4LPS Access Controlled Highway of Bellary Bypass Balance work from Ch. 254750 to Ch. 266837 and construction of 4LPS from Ch. 277.690 to Ch. 278.690 at D. Hirehal Village Balance work of NH 150A of Bellary Byrapura Section,Karnataka,NHAI,2024-02,2026-07,2027-10,626.01,284.05,112.21,38.08,2026-06,FlashReport_June_2026.pdf
1147,618702,,,4L of Addahole Near Gundya to Bantwal Cross section Pkg-02 from Design Km 270.270 to Design km 318.55 including flyover at Kalladka Town including approaches from Km. 311.57 to Km. 313.67 of NH-75 Old NH-48,Karnataka,NHAI,2020-12,2023-11,2026-12,1660.19,1318.24,1451.9,94.21,2026-06,FlashReport_June_2026.pdf
1148,618706,,,Bangalore-Nidagatta Pkg. I,Karnataka,NHAI,2018-02,2021-11,2026-07,3496.01,4087.42,4315.22,99.19,2026-06,FlashReport_June_2026.pdf
1149,618707,,,Additional works under BM1 to ensure road safety under 6L of Bengaluru Mysuru Access control with close toll from Km.17.300 to Km.136.300 of NH-275,Karnataka,NHAI,2024-11,2028-01,2028-05,738.37,738.37,17.91,9.67,2026-06,FlashReport_June_2026.pdf
1150,618709,,,4L of Left-Over Works of Hospet-Bellary -Karnataka/AP border from Km.280.080 Dec.Ch. to Km.375450Des.Ch. of NH-63 New-67,Karnataka,NHAI,2023-03,2025-05,2028-04,1340.15,992.6,922.07,91.67,2026-06,FlashReport_June_2026.pdf
1151,618799,,,Belakeri Port to Kumta - Sirsi road from km 0.00 - km 4.265 of Belekeri Port Road Link Rd. and km 4.965 - km 60.00 of SH-69,Karnataka,NHAI,2018-03,2022-12,2026-08,456.79,456.79,471.29,94.98,2026-06,FlashReport_June_2026.pdf
1152,618870,,,4L PS from near Hemmige Village Periyapatna - Hassan Road Jn. to near Hunsur - KR Nagar Jn section from Km. 144.900 to Km. 169.000 of NH-275 Pkg. III,Karnataka,NHAI,2023-02,2027-04,2028-01,883.62,1726.65,437.77,24.27,2026-06,FlashReport_June_2026.pdf
1153,618871,,,4L PS from Near Guddehosur to Start of Kushalnagara Bypass to near Hemmige Village Periyapatna - Hassan Road Jn from Km. 122.200 to Km. 144.900 of NH-275 Pkg. II,Karnataka,NHAI,2023-02,2027-12,2028-04,909.86,896.42,313.21,13.61,2026-06,FlashReport_June_2026.pdf
1154,618872,,,4L PS from near Hunsur - KR Nagar Junction to near Yalachahalli village KR Nagara - Yelawala Road Junction fcrom Km 169.000 to Km 195.550 of NH-275 Pkg-IV,Karnataka,NHAI,2023-02,2027-04,2028-03,1062.76,952.03,272.54,18.13,2026-06,FlashReport_June_2026.pdf
1155,618873,,,4L PS from near Yalachahalli village KR Nagara - Yelawala Road junction to Srirangapatna Bypass Near Paschima Vahini from km 195.550 to Km 214.535 of NH- 275 Pkg-V,Karnataka,NHAI,2023-01,2027-04,2028-03,1272.71,1203.2,462.59,16.45,2026-06,FlashReport_June_2026.pdf
1156,618887,,,4L of Bettadahalli- Shivamogga section from Km.170.415 to km. 226.750 of NH-206 Tumkur- Shivamogga Pkg-IV,Karnataka,NHAI,2019-01,2023-10,2027-03,2082.98,2545.11,1621.81,83.78,2026-06,FlashReport_June_2026.pdf
1157,618896,,,4L of Sannur to Bikarnakatte section from Km 691.350 to Km 736.362 of NH-169 Karkala - Mangalore Package-III,Karnataka,NHAI,2021-03,2024-10,2027-04,1386.41,2038.71,1213.06,76.1,2026-06,FlashReport_June_2026.pdf
1158,619065,,,4L Expressway from Km 26.400 to km 53.500 of Malur to Bangarpet section of Bangalore-Chennai Expressway Phase-I Package-II,Karnataka,NHAI,2020-12,2023-09,2026-09,1745,1729.63,1103.13,99.8,2026-06,FlashReport_June_2026.pdf
1159,619071,,,Tumkur - Nelamangala 6L,Karnataka,NHAI,2021-03,2025-08,2027-03,2032.15,1664.2,1069.89,61.16,2026-06,FlashReport_June_2026.pdf
1160,619072,,,Bangalore/TN border to Hoskote,Karnataka,NHAI,2022-02,2025-02,2026-11,1181.68,1297.76,1150.16,94.89,2026-06,FlashReport_June_2026.pdf
1161,619073,,,4L of 42.000 to km 80.00 of Dodaballapur Bypass to Hoskote section of NH-648 Old NH-207 [Bangalore Ring Road Pkg 2],Karnataka,NHAI,2020-02,2023-02,2026-08,1317.74,1846.52,1304.65,99.2,2026-06,FlashReport_June_2026.pdf
1162,619096,,,Goa / Karnataka Km.93.700 to Kundapur Km.283.30,Karnataka,NHAI,2012-07,2016-08,2026-07,1644.92,1990.99,1848.87,97.94,2026-06,FlashReport_June_2026.pdf
1163,619106,,,4 Lane with PS from Des. Ch 182.300 to Des. Ch. 228.500 of Belgaum-Hungund- Raichur Section of NH 748 A Package-5,Karnataka,NHAI,2023-03,2026-11,2027-08,1141.88,868.65,254.24,37.9,2026-06,FlashReport_June_2026.pdf
1164,619107,,,4 Lane with PS from Des. Ch 136.100 to Des. Ch. 182.300 of Belgaum-Hungund- Raichur Section of NH-748A Package-4,Karnataka,NHAI,2024-02,2027-09,2028-04,1311.41,1123.35,227.3,13.18,2026-06,FlashReport_June_2026.pdf
1165,619108,,,4 Lane with PS from Des. Ch 0.000 to Des. Ch. 43.800 of Belgaum-Hungund-Raichur Section of NH-748A Package-1,Karnataka,NHAI,2024-02,2027-06,2027-10,1452.43,1256.55,490.31,38.45,2026-06,FlashReport_June_2026.pdf
1166,619117,,,Hassan km 184.912 to Maranahally km 230.060 of NH - 75 in Karnataka,Karnataka,NHAI,2015-12,2019-03,2026-07,1021.57,1091.4,1068.77,97.8,2026-06,FlashReport_June_2026.pdf
1167,619120,,,Nidagatta-Mysore Pkg II,Karnataka,NHAI,2018-02,2022-06,2026-07,2919.8,4113.89,3713.89,99.19,2026-06,FlashReport_June_2026.pdf
1168,619138,,,Yekkambi-Haveri,Karnataka,NHAI,2021-09,2024-03,2028-01,309.9,309.9,94.8,24.7,2026-06,FlashReport_June_2026.pdf
1169,619150,,,BRT Tiger Reserve Boundary Km.287.500 to Bangalore Section Km.458.420 of NH- 209 in Karnataka,Karnataka,NHAI,2016-04,2019-08,2026-07,2082.69,2859.93,2242.71,99.7,2026-06,FlashReport_June_2026.pdf
1170,619164,,,Belgaum-Khanapur Pkg I Km 0.000-Km 30.800 of NH-4A,Karnataka,NHAI,2018-03,2021-09,2027-03,1214.3,1195.74,917.82,75.63,2026-06,FlashReport_June_2026.pdf
1171,619211,,,6L of MH/KN Border Nimbal Village to KN/TS Border Singnodi Village from Km. 97.000 to Km. 162.500 in Yadgir of NH-150C Pkg-III,Karnataka,NHAI,2022-03,2025-10,2026-11,2104.7,2065.83,983.95,73.9,2026-06,FlashReport_June_2026.pdf
1172,619214,,,4L of Channarayapatna Bypass and Hassan Bypass with structures in Devihalli - Hassan section,Karnataka,NHAI,2020-04,2023-01,2026-10,688,684.54,600.43,82.34,2026-06,FlashReport_June_2026.pdf
1173,619218,,,4L Tumkur-Shimoga Pkg-I from Mallasandra to Karadi village of NH-206 from Km. 12.300 to Km. 65.195,Karnataka,NHAI,2018-02,2021-10,2026-07,1364.14,1692.12,1336.5,100,2026-06,FlashReport_June_2026.pdf
1174,619219,,,4L of Tumkur-Shimoga Pkg-II from Km 65.195 Karadi to Km 121.900 Banawara of NH-206,Karnataka,NHAI,2018-02,2021-10,2026-12,1505.85,1989.89,1297.99,99.98,2026-06,FlashReport_June_2026.pdf
1175,619220,,,Tumkur-Shimoga Pkg-III from Km 121.900 Banawara to Km 170.415 Bettadahalli of Old NH-206,Karnataka,NHAI,2018-02,2023-03,2026-12,1444.5,1834.81,872.92,98,2026-06,FlashReport_June_2026.pdf
1176,618070,,,Widening to 2 Lanes with paved shoulders from Km.87/000 to 133/720 Nattukal to Thanau Jn. in Palakkad of NH-966 Old NH-213 on EPC mode Basis under NHO Annual Plan 2016-17 in the state of Kerala,Kerala,MoRTH,2017-02,2019-08,2026-06,294.28,315.63,0,98,2026-06,FlashReport_June_2026.pdf
1177,618595,,,6L of Chengala - Neeleshwaram from km. 56.200 to km. 93.468,Kerala,NHAI,2020-06,2024-04,2027-03,1746.45,2538.06,1447.31,90.82,2026-06,FlashReport_June_2026.pdf
1178,618596,,,6L of Taliparamba to Muzhappilangad from Km 134.650 to Km 170.6 of NH-66,Kerala,NHAI,2020-08,2024-05,2028-01,2714.6,3557.65,2020.24,83.4,2026-06,FlashReport_June_2026.pdf
1179,618597,,,6L of Azhiyur-Vengalam from km. 189.200 to km. 230.400 of NH-66,Kerala,NHAI,2020-10,2024-07,2028-03,3205.77,3898.46,2406.73,60.07,2026-06,FlashReport_June_2026.pdf
1180,618598,,,6L Minor Bridge Paloli Palam at km. 203.160 & Major Bridge Morad at km. 204.895 and allied works,Kerala,NHAI,2020-03,2022-06,2026-07,210,216.94,190.46,100,2026-06,FlashReport_June_2026.pdf
1181,618599,,,6L of Ramanatukkara Junction to start of Valanchery bypass section of NH-66,Kerala,NHAI,2021-01,2024-07,2026-07,4924.11,4919.46,3635.17,100,2026-06,FlashReport_June_2026.pdf
1182,618600,,,6L of Valanchery bypass to Kappirikkad of NH 66 from km. 298500 to km 335850,Kerala,NHAI,2021-02,2024-07,2026-07,4023.94,4023.94,2476.49,100,2026-06,FlashReport_June_2026.pdf
1183,618601,,,6L of Kappirikkad to Thalikulam section from km 335.85 to km 369.015 of NH - 66 old NH-17,Kerala,NHAI,2021-06,2025-01,2027-06,4225.59,4225.59,3329.11,95.27,2026-06,FlashReport_June_2026.pdf
1184,618602,,,6L of Thalikulam to Kodugallur section from km 369.015 to km 397.850 of NH - 66 old NH-17,Kerala,NHAI,2021-06,2025-02,2027-06,4302.06,4302.06,3312.67,94.55,2026-06,FlashReport_June_2026.pdf
1185,618603,,,6L of Kodugallur to Edapppally section from km 397.750 to km 423.780 of NH - 66 old NH-17,Kerala,NHAI,2021-11,2025-04,2027-05,3465.82,3606.2,2171.55,70.99,2026-06,FlashReport_June_2026.pdf
1186,618604,,,Aroor-Thuravoor Thekku,Kerala,NHAI,2022-08,2026-01,2026-12,2429.52,2382.83,1791.8,91.27,2026-06,FlashReport_June_2026.pdf
1187,618605,,,Thuravoor Thekku-Paravoor,Kerala,NHAI,2021-09,2024-09,2027-05,2878.97,2638.67,2495.62,80.85,2026-06,FlashReport_June_2026.pdf
1188,618606,,,Paravoor-Kottankulangara,Kerala,NHAI,2021-12,2025-02,2027-03,3273.61,3200.24,2858.39,71.2,2026-06,FlashReport_June_2026.pdf
1189,618607,,,Kottankulangara- Start of Kollam Bypass,Kerala,NHAI,2021-06,2024-10,2027-03,2842.14,3680.49,2373.25,73.89,2026-06,FlashReport_June_2026.pdf
1190,618708,,,Widening/Development of Existing NH-85 from Km 0.000 to Km 124.636 section to 2L/LPS section in the state of Kerala on EPC Mode under Bharatmala Pariyojana,Kerala,NHAI,2022-09,2025-06,2027-03,1187.47,1265.47,778.5,66.88,2026-06,FlashReport_June_2026.pdf
1191,619098,,,Kozhikode Bypass Calicut Bypass Vengalam Jn. to Ramanattukara Jn.,Kerala,NHAI,2018-02,2023-02,2026-07,1424.77,2139.18,1064.53,98.75,2026-06,FlashReport_June_2026.pdf
1192,619206,,,6L of Perole Nileshwar town to Taliparamba from Km 94.248 to Km 134.650 of NH-66,Kerala,NHAI,2020-06,2024-01,2027-03,3041.65,3867.66,2526.41,86.65,2026-06,FlashReport_June_2026.pdf
1193,619207,,,Start of Kollam Bypass - Kadambattukonam,Kerala,NHAI,2021-06,2025-03,2027-06,2641.37,3309.06,1990.7,81.8,2026-06,FlashReport_June_2026.pdf
1194,619208,,,Kadambattukonam-Kazhakuttom,Kerala,NHAI,2021-12,2025-01,2027-05,3635.64,3526.33,2124.09,44.34,2026-06,FlashReport_June_2026.pdf
1195,618408,,,Kargil Zanskar Road,Ladakh,NHIDCL,2021-03,2023-01,2026-08,398.37,398.37,325.95,95.02,2026-06,FlashReport_June_2026.pdf
1196,618409,,,Widening & Up-gradation to 2 lane with Paved shoulder of NH-301 Kargil- Zanskar Road from Design km 57.000 Ex. Km. 57.905 to Km 87.000 Ex. Km. 88.2491 of 30.000 Km length Pkg-lll,Ladakh,NHIDCL,2021-03,2023-01,2026-07,381.01,381.01,299.33,89.3,2026-06,FlashReport_June_2026.pdf
1197,618410,,,Widening & Up-gradation to 2 lane with paved shoulder of NH-301 Kargil- Zanskar Road from Design Km .30.040 Ex. Km. 30.000 to Design Km 57.000 Ex. Km. 57.905 of 26.960 Km length Pkg-II,Ladakh,NHIDCL,2021-03,2023-01,2026-10,404.89,404.89,359.99,84.68,2026-06,FlashReport_June_2026.pdf
1198,617909,,,Construction of Rewa Bypass to 4-lane with paved shoulder along with service road from Ratahara Chowk to Chorhata Chowk Road section of NH-30 from km 00.000 to 19.200 in the State of Madhya Pradesh on Hybrid Annuity Mode HAM.,Madhya Pradesh,MoRTH,2024-03,2027-02,2027-02,648.05,648.05,0,50,2026-06,FlashReport_June_2026.pdf
1199,617911,,,Rehabilitation and upgradation Umaria to Shahdol section of NH-78 from Existing Km. 68/4 to Km. 142/2 to 2LPS including construction of Birshinghpur and Shahdol Bypass on EPC mode under NHDP-IVA,Madhya Pradesh,MoRTH,2015-03,2017-07,2026-08,511.83,613.16,0,94.5,2026-06,FlashReport_June_2026.pdf
1200,617914,,,Upgradation and reconstruction of Shahpura-Dindori Section of NH 45 from Km 103.700 Design to Km 164.580 Design including 3 bypasses Total length 60.88km to Two lane with paved shoulder configuration along with One time improvement in 03 nos of bypassed built-up areas in a total length of 12.341 km in the State of Madhya Pradesh on EPC mode,Madhya Pradesh,MoRTH,2022-03,2025-12,2027-06,241.23,250.09,0,32.52,2026-06,FlashReport_June_2026.pdf
1201,617915,,,Upgradation of Dindori-Sagartola-kabichabutra MP-CG border section of NH -45 from km 000Design to km 77.00 Design to Two lane with paved shoulder configration along with one time improvement in 04 nos. of bypaased built-up areas in a total length of 9.1 km in the state of Madhya Pradesh on EPC mode.,Madhya Pradesh,MoRTH,2022-01,2025-09,2026-07,329.14,319.09,0,100,2026-06,FlashReport_June_2026.pdf
1202,618019,,,Upgradation & widening of Jharkheda- Berasia - Dholkhedi from design km 0000 to km 87900 Design length 87.90km of NH-346 including 3 nos. bypasses of 13.10 Km in the State of Madhya Pradesh under EPC mode.,Madhya Pradesh,MoRTH,2022-03,2025-05,2026-09,365.21,365.21,0,89,2026-06,FlashReport_June_2026.pdf
1203,618020,,,"Rehabilitation & Upgradation of KurwaiMungaoliChanderi Road section of NH-346, from Design Chainge 0.000 to 81.300 Km Total length 83.1 km to Two lane with paved shoulder configuration along with One time improvement in 07 nos of bypassed built- up areas in a total length of 22.615 km in the state of Madhya Pradesh on EPC mode.",Madhya Pradesh,MoRTH,2022-03,2025-02,2026-12,386.49,386.49,164.41,67.57,2026-06,FlashReport_June_2026.pdf
1204,618021,,,Up-gradation of Pichhore- Dinara section of NH-346 from Km 292.750 to 334.550 to two lane with paved shoulders in the state of Madhya Pradesh on EPC mode,Madhya Pradesh,MoRTH,2024-02,2027-06,2027-06,425.97,425.97,0,31.29,2026-06,FlashReport_June_2026.pdf
1205,618035,,,Rehabilitation & Upgradation of existing intermediate lane to two Lane with paved shoulder from km. 0.600 Gulganj bypass on NH-34 to km. 43.00 Barna River length 42.400 km. on Gulganj-Amanganj-Pawai-Katni NH43 Extn. in the state of Madhya Pradesh on EPCmode.,Madhya Pradesh,MoRTH,2023-03,2026-05,2026-12,275.4,275.4,0,54.25,2026-06,FlashReport_June_2026.pdf
1206,618036,,,Upgradation and reconstruction of existing intermediate lane to two Lane with paved shoulder configuration from km. 43.00 Barna River to km. 77.00 ken river length 34.00 km. on Gulganj-Amanganj-Pawai-Katni NH43 Extn. along with One time improvement in 01 no. of bypassed built-up area in a total length of 1.585 km in the state of Madhya Pradesh on EPCmode.,Madhya Pradesh,MoRTH,2023-03,2026-11,2027-03,315.55,315.55,0,40.02,2026-06,FlashReport_June_2026.pdf
1207,618043,,,Upgradation and reconstruction of Dindori - Mandla Section of NH 543 from Km 77100 Design to Km 170580 Design Total length 93.48km to Two lane with paved shoulder configuration along with One time improvement in 04 nos of bypassed built-up areas in a total length of 7.23 km in the state of Madhya Pradesh on EPC mode,Madhya Pradesh,MoRTH,2022-03,2026-07,2026-09,492.12,523.71,0,88,2026-06,FlashReport_June_2026.pdf
1208,618044,,,Upgradation of Shahdol- Sagartola Section of NH 543 from km 0000 to km 69400 to 2 lane with paved shoulders under Hybrid Annuity Mode HAM in the State of Madhya Pradesh,Madhya Pradesh,MoRTH,2024-02,2028-03,,851.4,851.4,0,0,2026-06,FlashReport_June_2026.pdf
1209,618068,,,"Construction of Kaithi-Padaria Kala bypass, Patna-Tamoli bypass, Jaso bypass and Nagod bypass total length 15.44 Km to 2-lane with paved shoulders flexible pavement on NH-943 in the State of Madhya Pradesh on EPC Mode.",Madhya Pradesh,MoRTH,2022-03,2025-10,2026-12,158.36,158.36,0,60,2026-06,FlashReport_June_2026.pdf
1210,618085,,,Upgradation of Nasrullagani-Rehti-Budhni Scction to 2-lane with paved shoulder from Km 0150 to Km 50500 of NH-146B in the state of Madhya Pradesh on EPC mode.,Madhya Pradesh,MoRTH,2021-12,2024-10,2026-08,305.12,293.74,0,89.07,2026-06,FlashReport_June_2026.pdf
1211,618129,,,"Construction of Kasrawad bypass, Selani bypass, Khargone bypass & Bistan bypass Total length. 31.950 km Section of NH-347 C to Two lane with paved shoulder configuration in the State of Madhya Pradesh on EPC mode.",Madhya Pradesh,MoRTH,2023-03,2026-12,2026-12,467.93,467.93,0,86.03,2026-06,FlashReport_June_2026.pdf
1212,618156,,,"Construction of Morena bypass, Ambah bypass & Porsa bypass Totat length 27.16 km Section of NH-552 Ext. to TWo lane with paved shoulder configuration in the state of Madhya Pradesh on EPC mode",Madhya Pradesh,MoRTH,2023-02,2026-10,2026-10,492.66,492.66,0,73.5,2026-06,FlashReport_June_2026.pdf
1213,618157,,,Construction of Ater realignment & Bhind bypass Total length. 21.50 km Section of NH-552Extn. to Two lane with paved shoulder configuration in the State of Madhya Pradesh on EPC mode.,Madhya Pradesh,MoRTH,2023-03,2026-06,2026-12,348.06,348.06,0,79,2026-06,FlashReport_June_2026.pdf
1214,618158,,,"Upgradation of Goras to Shyampur Road section of NH-552 Ext., from Design Chainge 48.400 to 111.800 Km Total length 63.40 km to two lane with paved shoulder configuration along with One time improvement of 8.91 km in the state of Madhya Pradesh on EPC mode",Madhya Pradesh,MoRTH,2023-03,2026-12,2026-12,416.96,416.96,0,15.49,2026-06,FlashReport_June_2026.pdf
1215,618170,,,Construction of Two lane with paved shoulder configuration of Shujalpur Bypass section of NH-752C from km 33100 Design to km. 42570 Design total design length 10.470 km in the State of Madhya Pradesh on EPC mode.,Madhya Pradesh,MoRTH,2023-03,2025-09,2026-12,214.07,214.07,0,41.59,2026-06,FlashReport_June_2026.pdf
1216,618171,,,"Work of Upgradation of Jirapur-Pachore Road including Pachore, Jirapur, Chhapiheda & Khujner Bypasses from 0000 to 58790 Design Length 58.79 Km section of NH-752C to 2LPS in the State of Madhya Pradesh under EPC mode",Madhya Pradesh,MoRTH,2022-03,2026-01,2026-12,352.69,352.69,0,57.26,2026-06,FlashReport_June_2026.pdf
1217,618619,,,Bypass on Western side of Gwalior City,Madhya Pradesh,NHAI,2025-03,2028-01,2028-01,998.95,998.95,195.11,0,2026-06,FlashReport_June_2026.pdf
1218,618620,,,"Additional works 2VUPs, MR-10 junction flyover and underpass in Six lane Indore- Dewas section of NH-52 in the state of Madhya Pradesh on EPC Mode",Madhya Pradesh,NHAI,2022-08,2024-07,2027-03,207.77,211.27,142.54,79.72,2026-06,FlashReport_June_2026.pdf
1219,618621,,,Indore - Edlabad Pkg-II [Tejajinagar to Balwara],Madhya Pradesh,NHAI,2022-03,2025-01,2026-10,1162.8,1530.82,811.16,87.3,2026-06,FlashReport_June_2026.pdf
1220,618622,,,4L of Indore - Boregaon Pkg-III [Balwara to Dhangaon] from km. 42.260 to km. 82.660 of NH347BG & 753L,Madhya Pradesh,NHAI,2021-01,2024-04,2026-10,1001.69,888.81,825.56,90.5,2026-06,FlashReport_June_2026.pdf
1221,618623,,,4L Boregaon Buzurg to Shahpur Pkg I of Boregaon Buzurg to Muktainagar of NH 753L,Madhya Pradesh,NHAI,2022-11,2026-01,2026-10,1504.37,1132.34,527.34,90.1,2026-06,FlashReport_June_2026.pdf
1222,618654,,,4L Greenfield Rudhi to Deshgaon Pkg V of Betul-Khandwa/Deshgaon,Madhya Pradesh,NHAI,2022-11,2025-10,2027-08,521.21,469.68,199.48,63.79,2026-06,FlashReport_June_2026.pdf
1223,618655,,,2L PS of Roshni to Ashapur Section of NH-347B from Design KM Ch. 89.900 to 114.000 KM Package III of Betul Khandwa,Madhya Pradesh,NHAI,2024-03,2026-08,2026-08,200.99,120.75,126.72,98.26,2026-06,FlashReport_June_2026.pdf
1224,618661,,,4L from km 0.000 to 42.040 Bhopal Ratnaigiri Tiraha to Vidisha Morikodi,Madhya Pradesh,NHAI,2024-10,2027-11,2027-11,1032.3,1038.18,178.3,17.11,2026-06,FlashReport_June_2026.pdf
1225,618662,,,4L Vidisha Gyaraspur section of NH-146 from Design Chainage km 59475 existing chainage km 81240 to Design Chainage km 88361 existing chainage km 110.315,Madhya Pradesh,NHAI,2024-10,2028-03,2028-03,980.2,980.2,96.41,11.1,2026-06,FlashReport_June_2026.pdf
1226,618663,,,i 4L Vidisha to Hinotiya from km 0.000 to Km 27.000 Vidisha Mehulwa-Talbehat Pkg- I Section of NH- 346 and ii 4L Vidisha to Morikori from Km 39.000 to 59.476 section of NH-146,Madhya Pradesh,NHAI,2022-09,2025-12,2026-12,1003.87,941.12,398.13,90.04,2026-06,FlashReport_June_2026.pdf
1227,618664,,,Berkhedi to Godpehra on NH-44 Sagar link road,Madhya Pradesh,NHAI,2022-02,2024-11,2026-12,524.84,471.31,385.96,92.05,2026-06,FlashReport_June_2026.pdf
1228,618666,,,4- Laning of Mohari to Satai Ghat section NH-934 from Km 50300 to Km 89875 Total length 39.575 km Package-2 in the State of Madhya Pradesh on EPC Mode,Madhya Pradesh,NHAI,2022-08,2026-08,2026-08,710.92,539.08,505.77,95.66,2026-06,FlashReport_June_2026.pdf
1229,618667,,,4L of near Satai Ghat to Chowka section of NH-34 from D. Ch. 89.875 to D. Ch. 145.000 Package-3,Madhya Pradesh,NHAI,2024-10,2027-10,2027-10,1005.59,882.21,193.1,34.92,2026-06,FlashReport_June_2026.pdf
1230,618671,,,4-lanning of Rahatgarh to Berkhedi section of NH-146 from Design Ch 124470 to Ch. 134.549,Madhya Pradesh,NHAI,2025-03,2027-12,2027-12,618.33,342.69,53.13,12.07,2026-06,FlashReport_June_2026.pdf
1231,618672,,,4-lanning of Gyaraspur to Rahatgarh section of NH-146 from Design Ch. 88361 to Ch 124470 in the state of MP on HAM mode,Madhya Pradesh,NHAI,2024-10,2027-11,2027-11,903.44,592.44,169.75,33.14,2026-06,FlashReport_June_2026.pdf
1232,618684,,,Outer Ring Road of Jabalpur Town from Manegaon to NH-45 Pkg-2,Madhya Pradesh,NHAI,2022-11,2026-03,2027-03,917.26,786.47,512.57,75.61,2026-06,FlashReport_June_2026.pdf
1233,618685,,,Outer Ring Road of Jabalpur Town from NH45 to Kushner Pkg-3,Madhya Pradesh,NHAI,2022-09,2026-03,2026-12,911.24,773.23,552,79.8,2026-06,FlashReport_June_2026.pdf
1234,618686,,,Outer Ring Road of Jabalpur Town from Kushner to Amjhar Road including Airport Connectivity Pkg-IV,Madhya Pradesh,NHAI,2022-08,2026-03,2026-11,612.94,509.82,363.91,79.63,2026-06,FlashReport_June_2026.pdf
1235,618687,,,Outer Ring Road of Jabalpur Town from Barela to Manegaon Pkg-1,Madhya Pradesh,NHAI,2022-09,2025-03,2026-08,652.33,651.88,483.18,89.72,2026-06,FlashReport_June_2026.pdf
1236,618688,,,Outer Ring Road of Jabalpur Town from Amjhar Road including Airport Connectivity to barela Pkg-V,Madhya Pradesh,NHAI,2024-10,2027-10,2027-10,794.7,539.9,84.37,30.26,2026-06,FlashReport_June_2026.pdf
1237,618694,,,Indore - Harda Pkg-I [Indore to Raghav Garh from km. 0.25 to km. 26.903],Madhya Pradesh,NHAI,2022-01,2024-10,2026-07,1011.29,813.03,687.94,93.84,2026-06,FlashReport_June_2026.pdf
1238,618735,,,4L of Chandesara to Khedakhajuriya from Km. 0.000 to - 750 & Km 0.000 to km 41.400 of NH-148NG Pkg-I,Madhya Pradesh,NHAI,2021-12,2024-05,2026-09,909.84,976.55,587.8,99,2026-06,FlashReport_June_2026.pdf
1239,618751,,,2L PS of Hinotiya-Mehulwa section of NH-346 from Km. 27.000 to Km 75.700 Vidisha Mehulwa-Talbehat Pkg-II Section of NH- 346,Madhya Pradesh,NHAI,2022-10,2025-09,2027-03,581.65,592.71,273.54,69.04,2026-06,FlashReport_June_2026.pdf
1240,618762,,,Itarsi Km. 63.000 to Betul Km. 137.000 of NH-69 in Madhya Pradesh,Madhya Pradesh,NHAI,2017-08,2020-02,2026-07,950.27,788.33,663.67,100,2026-06,FlashReport_June_2026.pdf
1241,618784,,,Balance works of 4 lane divided carriageway of Missing Link section of NH-39 Rewa Bypass from junction with NH 30 near Bela to Junction with MPRDC ring road near Silpara on SH 9 design length 13.100 km on EPC Mode under Bharatmala Pariyojana in the State of Madhya Pradesh,Madhya Pradesh,NHAI,2023-08,2026-04,2027-01,355.36,355.36,238.95,84.44,2026-06,FlashReport_June_2026.pdf
1242,618932,,,Construction of 6 lane Indore western bypass from km 0000 to Km 34000 Pkg -l in the State of Madhya Pradesh on Hybrid Annuity Mode under NHO,Madhya Pradesh,NHAI,2024-02,2027-12,2027-12,1534.7,1472.68,655.83,22.96,2026-06,FlashReport_June_2026.pdf
1243,618933,,,Construction of 6 lane Indore western bypass from km 34000 to Km 64000 Pkg-II in the state of Madhya Pradesh on Hybrid Annuity Mode under NHO,Madhya Pradesh,NHAI,2024-03,2028-02,2028-02,1430.56,1430.56,662.12,17.5,2026-06,FlashReport_June_2026.pdf
1244,618962,,,4L of Budhni to Shahganj Bypass End Package-III of NH-146B from Km. 73.750 to Km. 102.000,Madhya Pradesh,NHAI,2024-03,2027-08,2027-05,1102.97,770.21,174.55,27.25,2026-06,FlashReport_June_2026.pdf
1245,618963,,,Construction work of 4-laning of Shahganj bypass end to Badi Package-IV of NH-146B from design km 102.000 to design km 142.357 Design length 40.357 km,Madhya Pradesh,NHAI,2024-02,2027-03,2027-03,784.14,836.64,318.15,50.13,2026-06,FlashReport_June_2026.pdf
1246,618964,,,4 Laning of Sandalpur to Nasrullaganj Pkg-1 section of NH-146B Length 43.2 Km.,Madhya Pradesh,NHAI,2025-03,2028-01,2028-01,1425.98,1425.98,197.48,10.9,2026-06,FlashReport_June_2026.pdf
1247,618966,,,Six laning with both sides Service Road of Ayodhya Bypass from Design Km 0000 near Ashram Tiraha on NH-46 to Km 16439 end at Ratnagiri Tiraha on Nh-146,Madhya Pradesh,NHAI,2024-02,2027-08,2027-08,1123.17,1103.22,141.71,20.09,2026-06,FlashReport_June_2026.pdf
1248,619007,,,Upgradation of Sarvardewla to Pal MP/MH Border Road section of NH-347 C from Design Chainge km 81.600 to 137.400 Total length 55.80 km to two lane with paved shoulder configuration along with One time improvement of 1 .95 km in the State of Madhya Pradesh on EPC mode.,Madhya Pradesh,MoRTH,2023-03,2028-01,,461.23,461.23,0,0,2026-06,FlashReport_June_2026.pdf
1249,619100,,,Dhangaon - Borgaon section km 81.000 to km 139.000 [Indore - Edlabad Pkg IV],Madhya Pradesh,NHAI,2020-01,2023-08,2026-08,866,1185.04,746.36,99.8,2026-06,FlashReport_June_2026.pdf
1250,619114,,,Indore - Harda Pkg-II [Raghavgarh to Nanasa from km. 29.30 to km. 92.30],Madhya Pradesh,NHAI,2023-01,2026-03,2027-11,1081.51,1146.63,369.26,40.25,2026-06,FlashReport_June_2026.pdf
1251,617912,,,Construction of 6 lane flyover from Khapari ROB to Mihan Interchange design chainage km 8760 to 11450 L- 2.69 km and upgradation of existing 4L PS road to 6LPS with service road by flexible pavement design chainage km 11450 to 14500 L- 3.05 [total project length 5.74 km] in section of Nagpur - Hyderabad NH-44 Old NH-7 in Nagpur district in the state of Maharashtra on HAM mode.,Maharashtra,MoRTH,2024-03,2027-10,2027-10,619.55,619.55,0,8.24,2026-06,FlashReport_June_2026.pdf
1252,617932,,,Construction of New Four Lane Bypass to Parbhani City Parwa to Asola Km 463/265 to Km 481/180 Design Ch. 19220 to Ch. 34434 Length-15.214 Km section of NH-61 on EPC mode in the State of Maharashtra.,Maharashtra,MoRTH,2022-03,2024-10,2026-10,496.64,496.64,0,70.14,2026-06,FlashReport_June_2026.pdf
1253,617934,,,Nasratpur to Barasgaon section of NH-61 2L / 4L PS from Km.514/00 to 558/200,Maharashtra,MoRTH,2017-07,2019-09,2026-08,406.54,406.54,0,95.84,2026-06,FlashReport_June_2026.pdf
1254,617937,,,Udgir Raavi Degloor Aadampur phata to Sagroli fata,Maharashtra,MoRTH,2024-11,2028-04,,809.77,809.77,0,12,2026-06,FlashReport_June_2026.pdf
1255,617938,,,Rehabilitation And Upgradation to four lane with paved shoulder configuration from km 24350 to km 61875 Jawale - Borgaon Kale of NH-63 in the State of Maharashtra on EPC mode under Annual Plan 2024-25 Total length - 37.525 Km.,Maharashtra,MoRTH,2024-12,2027-03,2027-03,574.18,574.18,7.49,20,2026-06,FlashReport_June_2026.pdf
1256,617945,,,Balance work of NH-66 from design Km 84/00 to Km 87/100 Indapur Bypass and Km 91/600 to Km 99/100 Mangaon Bypass to four lane with paved shoulder in State of Maharashtra under NHO on EPC Mode.,Maharashtra,MoRTH,2025-03,2027-04,2027-04,354.21,354.21,0,66.44,2026-06,FlashReport_June_2026.pdf
1257,617946,,,Kashedi to Parshuram Ghat section of NH-66 from Km 161/600 - Km 205/400 - 4L PS,Maharashtra,MoRTH,2016-03,2020-02,2025-12,1142.62,1142.62,0,97.5,2026-06,FlashReport_June_2026.pdf
1258,617947,,,Arawali Kante section of NH-17New NH-66 4L PS from Km.241/300 to 281/300,Maharashtra,MoRTH,2016-03,2019-11,2026-03,1006.99,1443.09,0,80.06,2026-06,FlashReport_June_2026.pdf
1259,617948,,,Kante - Wakad section of NH-66 4L PS from Km.281/300 to 332/200,Maharashtra,MoRTH,2016-03,2019-11,2025-11,1117.75,2020.56,375.93,90.14,2026-06,FlashReport_June_2026.pdf
1260,617965,,,Kopargaon to Savali Vihir section,Maharashtra,MoRTH,2022-06,2024-07,2026-08,195.38,195.38,0,90.5,2026-06,FlashReport_June_2026.pdf
1261,617978,,,"Rehabilitation, upgradation & widening of existing highway to 2L/4LPS Rigid Pavement of NH 160 section- Phaltan to Mhaishal near Karnataka Border including Tasgaon Bypass, from existing chainage Km 301/430 to Km 458/415 in the State of Maharashtra- Package-II & Package III combined- starting from existing chainage Km 341/300 to Km 394/130 and design chainage Km 340/250 at Dahiwadi Village to Km 392/950 ending at Vita Village in the State of Maharashtra on EPC Mode.",Maharashtra,MoRTH,2024-03,2027-05,2027-05,631.76,631.76,187.59,85,2026-06,FlashReport_June_2026.pdf
1262,617979,,,"Rehabilitation, upgradation & widening of existing highway to 2L/4LPS Rigid Pavement of NH 160 section- Phaltan to Mhaisal near Karnataka Border including Tasgaon Bypass, from existing chainage Km 301/430 to Km 458/415 in the State of Maharashtra. Package-I starting from existing chainage Km 301/430 at Phaltan Village Junction of Phaltan Baramati Road Design Chainage -301/430km & ending at existing chainage Km 341/300 Dahiwadi Village Bus Stop Design chainage Km 340466km in the S",Maharashtra,MoRTH,2024-03,2027-05,2026-11,533.76,533.76,0,72.05,2026-06,FlashReport_June_2026.pdf
1263,618042,,,"Rehabilitation/ Upgradation of existing Highway to four lane standards in Kurkheda town from km.413257 to km 410775, Two lane in Shankarpur Gurnuli km 42400 to km 43100 section and Reconstruction of Major Bridge at Ch. 448558 Bhuti Nallah and Ch. 411695 Sati River bridge, Minor Bridge at Ch. 411477 and Ch. 405800 Lendhari Bridge of NH 543 Bhamhapuri-wadsa-kurkheda-korchi-Deori-Amgaon road on EPC mode in the State of Maharashtra",Maharashtra,MoRTH,2022-03,2025-05,2026-12,163.86,163.86,0,42.78,2026-06,FlashReport_June_2026.pdf
1264,618047,,,"Widening, Reconstruction & Up-gradation to 2 lane with Paved Shoulder/Four Lane configuration for the work of Ahmednagar to Sabalkhed & Ashti to Chinchpur Section of NH-561 from Design km 2915 to km 37728 & Design km 55100 to km 70000 in the State of Maharashtra on EPC mode. Length 49.713 km",Maharashtra,MoRTH,2024-03,2027-05,2027-05,657.16,657.16,0,83.46,2026-06,FlashReport_June_2026.pdf
1265,618049,,,Up-gradation to 2/4 lane with paved shoulder configuration of NH-652 from Tuljapur Naldurg-Akkalkot road Chainage from Km. 00.000 to km 30.982 in the State of Maharashtra on EPC mode.,Maharashtra,MoRTH,2024-03,2026-07,2026-08,183.41,183.41,64.87,98,2026-06,FlashReport_June_2026.pdf
1266,618059,,,Construction of four-lane Concrete Road from Police Headquarter Gondia City to Rawanwadi Village Birsi Airport Junction from design km 0.000 to km 15.781 existing km 39/720 of NH-753 to existing Km 8/400 of NH 543 on sections from Kohmara- Goregaon- Police HeadquarterKaranja - Collector Office Square - Balaghat T Point- Rawanwadi- Rajegaon of NH-753 and NH-543 in Gondia District in the state of Maharashtra. Total Length of the project 15.781 Km.,Maharashtra,MoRTH,2023-02,2025-08,2026-10,328.11,328.11,0,34.15,2026-06,FlashReport_June_2026.pdf
1267,618061,,,"Strengthening, Widening & Up-gradation of newly declared NH-761 from NH- 61Junction-BelheAlkutiDevibhoyareNighojShirur, from Design chainage Km 0.000 to Km 37.970 from Single/Intermediate/2L to 2LPS in the State of Maharashtra on EPC Mode Length 37.970 Km",Maharashtra,MoRTH,2024-03,2026-09,2026-09,386.16,386.16,57.06,62.5,2026-06,FlashReport_June_2026.pdf
1268,618065,,,"Rehabilitation/Upgradation of existing Highway to 2LPS/4 lane of Dhawali to Rajoli from Design Km.149476 to 163476 existing Km.150000 to 164000, Pandhasala to Mohadongri from design Km.170476 to 181476 existing Km.171000 to 182000, Ambeshivni Fata to Bodli from design Km.183476 to 185476 existing Km.184000 to 186000 and Made Tukum to Gadchiroli from design Km.188476 to 189476 existing Km.188000 to 18900 having length 28 km of NH-930 of Dhawali to Gadchroli road in the",Maharashtra,MoRTH,2022-03,2025-09,2026-10,316.44,316.44,0,34.1,2026-06,FlashReport_June_2026.pdf
1269,618088,,,Nandurshingote to Kolhar,Maharashtra,MoRTH,2024-09,2026-12,2026-12,325.79,325.79,23.01,37.74,2026-06,FlashReport_June_2026.pdf
1270,618089,,,Rehabilitation & Up-gradation of Mudkhed to Nanded section from Km. 372000 to Km 388400 of NH 161A i.e. Nanded-Bhokar-Himayatnagar-Kinwat-Mahur-Arani Road Design chainage from Km 372000 Mudkhed to Km 387650 Nanded of NH 161A Length 15.65 Km to 2/4Lane with paved shoulders configuration in the State of Maharashtra on EPC mode.,Maharashtra,MoRTH,2022-03,2025-04,2026-10,206.54,206.54,0,65.14,2026-06,FlashReport_June_2026.pdf
1271,618094,,,Pen to Khopoli 2LPS,Maharashtra,MoRTH,2018-03,2019-12,2025-12,369.39,369.39,333.1,86.3,2026-06,FlashReport_June_2026.pdf
1272,618096,,,Rehabilitation and Up-gradation to 2 lane road with paved shoulders configuration for the balance work of 13 km length on Helwak-Patan-Karad section Km. 85000 to 133 417 of NH-166E in the state of Maharashtra on EPC mode.,Maharashtra,MoRTH,2024-02,2026-04,2026-12,181.45,181.45,0,87,2026-06,FlashReport_June_2026.pdf
1273,618097,,,Guhagar - Rampur - 2L-PS - km 0/00 Guhagar to 26/230 Rampur and 40/00 Mirjoli to 53/600 Sati on NH-166E,Maharashtra,MoRTH,2017-01,2019-06,2025-08,407.2,407.2,0,91.89,2026-06,FlashReport_June_2026.pdf
1274,618098,,,"Upgradation of exhisting 2 lane flexible pavement to 2 lane paved shoulders rigid pavement from design chainage Km 66.00 to Design Km 82.440 Start of Kolhapur Municipal corporation near Phulewadi to kale, design length 16.440 Km section on Talere Gaganbawada-Kolhapur road NH 166G in the state of Maharashtra on EPC mode",Maharashtra,MoRTH,2021-03,2024-05,2026-08,167.97,167.97,0,93.75,2026-06,FlashReport_June_2026.pdf
1275,618133,,,Strengthening and Widening of road Sakoli- Wadsa-Armori-Gadchiroli-Ashti- Allapalli - Sironcha National highway NH 353C in Km 262/00 to 321/00 including 16 minor Bridges and 2 Major Bridge Total length 59 Km section from repanpalli to sironcha in Gadchiroli Dist in the State of Maharashtra.,Maharashtra,MoRTH,2021-03,2024-05,2027-03,280.57,280.57,0,65,2026-06,FlashReport_June_2026.pdf
1276,618134,,,Rehabilitation /Upgradation from Lagam to Alapalli section Desing Km. 199/400 to km 227/400 Length 28.0 Km to 2 lane with Paved Shoulders/ 4 lane configuration section of NH-353 C Sakoli-Wadsa-Armori-Gadchiroli-Ashti-Alapalli Sironcha in Gadchiroli District on EPC mode in the state of Maharashtra.,Maharashtra,MoRTH,2023-02,2026-09,2026-09,459.39,459.39,0,81.42,2026-06,FlashReport_June_2026.pdf
1277,618137,,,Rehabilitation and Up-gradation of Jarud - Sirsala section of NH-361F km 59500 to km11500 to Two lane with paved shoulder/ Four Lane in the state of Maharashtra on EPC mode Length 55.5 Km.,Maharashtra,MoRTH,2024-03,2027-05,2027-05,540.35,540.35,139.11,63.67,2026-06,FlashReport_June_2026.pdf
1278,618138,,,"Widening, Reconstruction & Up-gradation to 2 lane with Paved Shoulder/Four Lane configuration for the work of Sautada to Shirapur Section of NH-561 from Design km 86300 to km 125589 in the state of Maharashtra on EPC mode. Design length 39.289 km",Maharashtra,MoRTH,2024-03,2026-11,2026-11,349.57,349.57,0,54.04,2026-06,FlashReport_June_2026.pdf
1279,618139,,,Rehabilitation and Up-gradation of Gangakhed Loha section of NH-361F from Km 169/00 to 210/00 to two lane with paved shoulder/ four lane configuration in the state of Maharashtra on EPC mode Length - 41.00 Km.,Maharashtra,MoRTH,2024-03,2026-09,2026-09,355.12,355.12,0,43.46,2026-06,FlashReport_June_2026.pdf
1280,618150,,,Rehabilitation and Up-gradation of i. Deogaon phata to Digras phata Ch. 0/000 to 15/000 & Selu to Borgavhan Ch 20/900 to 35/800 [Length 29.9km] ii. Injegaon Dhamoni to Pohner Phata Ch.58/200 to Ch. 83/700 [Length25.5 km] and iii. Pohner phata to Pathri Design Ch. 42/700 to 58/200 [Length 15.5 km] sections of NH-548B to Two lane with paved shoulder configuartion in the state of Maharashtra on EPC mode Total project length 70.9 Km.,Maharashtra,MoRTH,2024-03,2027-05,2027-05,761.83,761.83,0,15,2026-06,FlashReport_June_2026.pdf
1281,618152,,,Mhaswad to Tembhurni section of NH-548C - 2L PS,Maharashtra,MoRTH,2017-01,2019-07,2026-08,488.6,488.6,0,96.19,2026-06,FlashReport_June_2026.pdf
1282,618153,,,Satara to Mhaswad,Maharashtra,MoRTH,2017-01,2019-08,2026-08,653.46,653.46,7.34,98.08,2026-06,FlashReport_June_2026.pdf
1283,618154,,,"Rehabilitation & upgradation of Jamkhed to Sautada Section of NH548 D from km 195.375 to km 208.774, Length 13.399 Km to 2L PS /4L configuration with rigid pavement in the state of Maharashtra on EPC mode.",Maharashtra,MoRTH,2022-03,2024-07,2026-06,157.62,157.62,0,68.93,2026-06,FlashReport_June_2026.pdf
1284,618155,,,Development/Widening of Talegaon Chakan Shikrapur Nhavara Section of NH-548D from existing chainage km. 54/000 to 82/300 and Design chainage Km. 54/000 to 82/120 Shikrapur to Nhavara Section to 2LPS/4L Configuration on EPC Mode in the State of Maharashtra.,Maharashtra,MoRTH,2024-03,2026-07,2026-09,396.17,396.17,95.2,76.2,2026-06,FlashReport_June_2026.pdf
1285,618172,,,Paithan - Shirur section 2LPS Km 0.0 to 55.00,Maharashtra,MoRTH,2017-03,2019-06,2026-10,341.8,341.8,0,82,2026-06,FlashReport_June_2026.pdf
1286,618173,,,Shirur-Kharda section from 55937 km to 114486 km to 2LPS/4L,Maharashtra,MoRTH,2017-02,2019-06,2026-08,381.77,381.77,0,83.93,2026-06,FlashReport_June_2026.pdf
1287,618174,,,Rehabilitation and Upgradation to two lane with paved shoulder configuration of NH- 752G from Sakri to Pimpalner Section Design Ch km 0000 to Ch km 21411 in the state of Maharashtra on EPC Mode. Length 21.411 km.,Maharashtra,MoRTH,2024-03,2026-10,2026-10,226.58,226.58,0,100,2026-06,FlashReport_June_2026.pdf
1288,618175,,,Rehabilitation and Upgradation of Satana to Mangrul Chandwad Section of NH752 G Design Ch Km 64.000 to Ch Km 101.140 two lane with paved shoulder/four lane configuration in the state of Maharashtra on EPC mode.,Maharashtra,MoRTH,2022-03,2025-05,2026-08,428.8,428.8,0,93.46,2026-06,FlashReport_June_2026.pdf
1289,618176,,,Rehabilitation and upgradation from ch km 50/200 to 56/800 and km 62/600 to 100/403 of Kolde to Visarwadi Near Junction with NH-6 section of NH 752G total length 44.40 to two-lane with paved shoulder / four lanes in the State of Maharashtra on EPC mode.,Maharashtra,MoRTH,2025-03,2028-01,,349.08,349.08,25.6,35.45,2026-06,FlashReport_June_2026.pdf
1290,618177,,,Pal Phata Phulambri - Khultabad 2LPS,Maharashtra,MoRTH,2018-03,2019-12,2025-12,227.19,227.19,0,95.29,2026-06,FlashReport_June_2026.pdf
1291,618178,,,Widening and strengthening of Gangakhed to Kingaon section of NH-752K in Km 38/750 to 72/304 Flexible Pavement Length33.554 km to 2-lane configuration on EPC mode in the State of Maharashtra.,Maharashtra,MoRTH,2024-02,2026-06,2026-10,162.67,162.67,0,72,2026-06,FlashReport_June_2026.pdf
1292,618179,,,Rehabilitation and Upgradation of Shewali phata to Kalambhir section i.e. Km 0443 to Km 4500 & Nizampur to Chadwel section i.e. Km 13485 to Km 26265 Length16.317 Km excluding 2 Major Bridges with approaches Km 13735 to Km 14095 & Km 19660 to Km 20030 of NH 753B to 2LPS Configuration in the State of Maharashtra on EPC Mode.,Maharashtra,MoRTH,2024-03,2026-02,2026-07,181.58,181.58,0,97,2026-06,FlashReport_June_2026.pdf
1293,618180,,,Pune raigarh District Border To Mangaon Ch 69000 to 103775 NH-753F,Maharashtra,MoRTH,2018-03,2019-12,2026-07,223.46,223.46,0,89.08,2026-06,FlashReport_June_2026.pdf
1294,618188,,,Rehabilitation and Up-gradation to 2 lane with paved shoulder configuration of Mahud Sangola road NH 965 G 159400 to 161900and 162400 to 183960 Design Chainage from km. 32/300 to km. 34/800 and km. 35/800 to km. 56/860 Rigid Pavement on EPC mode in the State of Maharashtra.,Maharashtra,MoRTH,2023-02,2025-05,2026-07,253.78,253.78,0,99.75,2026-06,FlashReport_June_2026.pdf
1295,618198,,,Balance work of Rehabilitation and Up-gradation to 2-lane road with paved shoulders configuration for NH- 965DD from Pacharal-Mandangad-Mhapral-Rajewadi Upto Junction of NH-66 Ch-22700 to 75100 Km and Ambadave connector Birth place of Dr. Babasaheb Ambedkar Ch-0000 to 7325 Km length Km 59.725 in the state of Maharashtra on EPC mode. Balance Work,Maharashtra,MoRTH,2018-03,2024-01,2026-08,388.93,341.69,0,93.07,2026-06,FlashReport_June_2026.pdf
1296,618199,,,"Rehabilitation, Upgradation & Widening of existing Highway to Rigid Pavement 2 Lane with Paved Shoulder of NH 965DD from Lonand Shirval-Bhor Mandangad-Pchral Section ShindewadiPhata to Varandah Ghat Dist Border from Km 33/550 to 92/550 in the state of Maharashtra on EPC mode.",Maharashtra,MoRTH,2023-02,2026-07,2026-10,723.13,723.13,0,53.5,2026-06,FlashReport_June_2026.pdf
1297,618469,,,Vadodara Mumbai Expressway Phase II - Pkg XIII [Km. 26.582 to Km. 50.700] Shirsad - Masvan,Maharashtra,NHAI,2020-06,2024-02,2026-07,3536.9,4679.54,1844.7,90.86,2026-06,FlashReport_June_2026.pdf
1298,618470,,,Vadodara Mumbai Expressway Phase II - Pkg XIV [Km. 3.000 to Km. 20.200 of Spur] Shirsad - Akloli,Maharashtra,NHAI,2021-05,2024-05,2026-07,2058.79,2324.72,634.54,98,2026-06,FlashReport_June_2026.pdf
1299,618471,,,Vadodara Mumbai Expressway Phase II - Pkg XV [Km. 20.200 to Km. 43.000 of Spur] Akloli - Amne,Maharashtra,NHAI,2021-05,2024-05,2026-07,2610.88,2918.39,622.23,91.5,2026-06,FlashReport_June_2026.pdf
1300,618472,,,Vadodara Mumbai Expressway Phase II - Pkg XVI [Km. 43.000 to Km. 69.800 of Spur] Amne - Bhoj,Maharashtra,NHAI,2021-06,2024-10,2026-07,4051.8,4315.56,982.89,90.7,2026-06,FlashReport_June_2026.pdf
1301,618473,,,Vadodara Mumbai Expressway Phase II - Pkg XVII [Km. 69.800 to Km. 79.783 of Spur] Bhoj - Morbe,Maharashtra,NHAI,2021-09,2025-07,2026-07,2208.68,2463.02,889.44,85.79,2026-06,FlashReport_June_2026.pdf
1302,618511,,,Upgradation & rehabilitation of Service Roads on both sides in urban areas of Pune City on PuneSatara section of NH48,Maharashtra,NHAI,2025-01,2027-06,2027-06,604.59,388.78,66.29,22.96,2026-06,FlashReport_June_2026.pdf
1303,618512,,,Tunnel at Khambataki Ghat Section and its approaches from existing Km. 771.730 to existing Km. 782.000,Maharashtra,NHAI,2017-11,2022-02,2026-10,907.03,816.12,677.98,89.16,2026-06,FlashReport_June_2026.pdf
1304,618513,,,6L of Kagal-Satara section from Km 592.500 to Km 658.000 of NH-48 Pkg-I,Maharashtra,NHAI,2021-12,2025-01,2027-02,2111.95,1435.46,634.07,45.47,2026-06,FlashReport_June_2026.pdf
1305,618514,,,6L of Kagal-Satara section from Km 658.000 to Km 725.000 of NH-48 Pkg-II,Maharashtra,NHAI,2021-12,2024-12,2026-12,2330.71,317.4,205.24,73.96,2026-06,FlashReport_June_2026.pdf
1306,618557,,,4L of Indora Chowk to Pachpaoli and Agrasen Chowk - Ashoka Chowk,Maharashtra,NHAI,2023-03,2026-06,2026-07,1038.84,918.53,685.21,84,2026-06,FlashReport_June_2026.pdf
1307,618585,,,6L of Gonde Km. 439.038 to Pimpri Sado Km. 459.905 section of NH-848 Old NH-3,Maharashtra,NHAI,2024-02,2027-04,2027-11,856.93,718.84,142.38,38,2026-06,FlashReport_June_2026.pdf
1308,618586,,,Improvement and strengthening of existing 2 lane stretch to 2-Lane with PS 1.5m on both sides on Ghoti-Sinnar section of NH-160A using Thin White Topping 200mm thick in the State Of Maharashtra on EPC Mode,Maharashtra,NHAI,2025-03,2026-06,2026-08,254.78,147.64,115.05,77,2026-06,FlashReport_June_2026.pdf
1309,618588,,,4L Mitigation Measure structures on CH/MH Border to Wainganga Bridge Section of NH-6 New NH-53,Maharashtra,NHAI,2021-02,2023-11,2026-07,540.24,468.92,464.28,99.79,2026-06,FlashReport_June_2026.pdf
1310,618594,,,Balance work of 4L Panvel to Indapur section of NH-66 Old NH- 17 from km 0.000 Panvel to km 42.300 Kasu,Maharashtra,NHAI,2022-12,2024-10,2026-07,329.82,196.87,185.79,96.89,2026-06,FlashReport_June_2026.pdf
1311,618626,,,Four laning from Dive Ghat Km. 220.900 to Hadapsar Km. 234.150 of Mohol Alandi section Pkg VI of NH-965,Maharashtra,NHAI,2023-12,2026-10,2027-04,819.52,400,122.8,64.95,2026-06,FlashReport_June_2026.pdf
1312,618627,,,Construction of 7 Nos of Standalone safety structures/works at different locations on various NHs,Maharashtra,NHAI,2025-01,2027-01,2027-01,168.52,112.03,26.55,33.35,2026-06,FlashReport_June_2026.pdf
1313,618628,,,Strengthening of Existing Alignment of Pandharpur Town Part Bypassed Section of NH 965 from KM 36.230 to KM 44.230 from Chh. Shivaji Maharaj Chowk to Wakhari,Maharashtra,NHAI,2022-08,2025-10,2027-03,150.21,87.59,65.36,48,2026-06,FlashReport_June_2026.pdf
1314,618653,,,Loha-Waranga Section of NH-361 from km 187.800 to km 244.369,Maharashtra,NHAI,2018-03,2021-03,2026-12,1236.08,3466.58,1503.55,96.22,2026-06,FlashReport_June_2026.pdf
1315,618693,,,Bodhre - Dhule,Maharashtra,NHAI,2021-02,2024-07,2026-08,1344.78,1292.7,785.93,97.69,2026-06,FlashReport_June_2026.pdf
1316,618754,,,Upgradation of 2L/4L with Paved Shoulder of Shirwal-Lonand Section from KM 159900 To KM 188025 of NH-965DD Section I and 2L With Paved Shoulder of Lonand-Satara Section from KM 51500 To KM 96246 Of NH-965D Section II in Satara District in the State of Maharashtra on EPC Mode under NHO-,Maharashtra,NHAI,2025-03,2027-06,2027-06,538.11,307.24,160.27,41.08,2026-06,FlashReport_June_2026.pdf
1317,618766,,,Up-gradation to Four Lane with Paved Shoulder configuration of the highway starting from existing km 88.400 Savali Vihir to km 163.400 start of Ahmednagar bypass Design Length 75.000 km section of NH-160 in the State of Maharashtra under Bharatmala Pariyojana on EPC Mode,Maharashtra,NHAI,2024-10,2027-04,2027-04,862,617.93,298.23,48.55,2026-06,FlashReport_June_2026.pdf
1318,618836,,,4L of Ratnagiri - Kolhapur section from km 67.140 to km 112.340 of NH-166 Pkg II,Maharashtra,NHAI,2022-02,2025-05,2027-03,1985.38,1798,1235.29,79.98,2026-06,FlashReport_June_2026.pdf
1319,618837,,,4L of Ratnagiri - Kolhapur section from km 112.340 to km 145.300 of NH-166 PkgIII,Maharashtra,NHAI,2022-02,2025-05,2027-03,1939.23,1910.41,1078.85,67.57,2026-06,FlashReport_June_2026.pdf
1320,618937,,,4L of Nagpur-Katol Section from Km. 13.00 to Km. 62.900 of NH-353J,Maharashtra,NHAI,2021-02,2023-10,2026-10,1166.96,1432.82,1182.28,81.54,2026-06,FlashReport_June_2026.pdf
1321,618939,,,Construction of Standalone Flyover cum ROB from Design Ch.66.600 to Design Ch.68.800 in Gadchandur Town on NH-353B,Maharashtra,NHAI,2025-02,2027-07,2027-07,191.31,107.76,33.97,36.99,2026-06,FlashReport_June_2026.pdf
1322,619008,,,Rehabilitation and Up gradation of Charthana Jintur Section of NH 752 I Km 25100 to 47100 to 2 Lane with Paved Shoulder configuration Flexible Pavement in the state of Maharashtra on EPC mode. Reg- Resubmission of Annual Plan Estimate.,Maharashtra,MoRTH,2025-03,2027-07,2026-07,157.69,157.69,0.01,51,2026-06,FlashReport_June_2026.pdf
1323,619042,,,"Construction of six lane Flyover at Katraj junction at Km, 3/880 of NH 548-DD Vadgaon - Katraj - Kondhwa - Mantarwadi Chowk - Loni Kalbhor - Theur Phata - Lonikand Road in Pune Dist of the State of Maharashtra. On Engineering Procurement and construction EPC Basis mode L.1.326 Km,",Maharashtra,MoRTH,2021-02,2026-02,2023-02,163.51,163.51,0,83.19,2026-06,FlashReport_June_2026.pdf
1324,619069,,,Satara Km 725.000 to Pune Km 865.350 of NH - 4 New NH - 48 in Maharashtra,Maharashtra,NHAI,2009-09,2022-05,2026-10,361.72,425.51,384.55,99.05,2026-06,FlashReport_June_2026.pdf
1325,619095,,,Balance works of 4L Panvel Indapur section of NH66 old NH17 from km 42.300 kasu to km 84.600 Indapur,Maharashtra,NHAI,2022-06,2024-05,2026-07,546.44,472.1,420.7,81.63,2026-06,FlashReport_June_2026.pdf
1326,619149,,,4L of Ratnagiri - Kolhapur section of NH-166 from km 0.000 to km 19.769 and km 31.000 to km 67.140 Pkg I,Maharashtra,NHAI,2022-02,2024-11,2026-11,1774.03,2108.41,1427.82,93.75,2026-06,FlashReport_June_2026.pdf
1327,619163,,,4L of Baramati to Indapur Pkg-II from km. 41.400 to km. 84.550 of NH-965G Saint Tukaram Marg,Maharashtra,NHAI,2021-01,2023-09,2026-12,1471.32,1297.48,1071,86.2,2026-06,FlashReport_June_2026.pdf
1328,619198,,,Vadodara Mumbai Expressway Phase II - Pkg XII [Km. 50.700 to Km. 77.000] Masvan - Ganjad,Maharashtra,NHAI,2020-08,2024-03,2026-07,1711.38,2388.52,979.41,99.38,2026-06,FlashReport_June_2026.pdf
1329,619203,,,Vadape to Thane from km 539.202 to km 563.000 section of NH-3 new NH-848,Maharashtra,NHAI,2018-03,2021-07,2026-07,1252.92,1371.27,491.81,80.78,2026-06,FlashReport_June_2026.pdf
1330,619204,,,"Capacity Augmentation in the stretch of Pimpri Sado Vadape section of NH848 Km. 460900 to Km. 537000 by Construction of Slip/Service Road on either side at various locations total length 25.140 Km LHSRHS, Flyover 2 x 25m at Borivali Junction Km. 528550 & LVUP 1 x 15m at Sherekarpada Km. 528800",Maharashtra,NHAI,2025-12,2027-10,2027-10,372.03,372.03,0,1,2026-06,FlashReport_June_2026.pdf
1331,619210,,,Dharampuri-Lonand from km. 117.00 to 166.40 Pkg-IV on Mohol-Alandi Section,Maharashtra,NHAI,2021-01,2023-09,2026-07,1411.71,1358.68,1471.41,97.4,2026-06,FlashReport_June_2026.pdf
1332,619298,,,Construction of 6 Lane Elevated corridor from KM 612582 to KM 617540 including construction of Service Roads in Kolhapur City on NH -48 in the State of Maharashtra on EPC mode under NHO,Maharashtra,NHAI,2026-02,2029-06,2029-06,1039,1039,0,0,2026-06,FlashReport_June_2026.pdf
1333,619299,,,Construction of a 6-Lane Elevated Corridor from Km 593766 to Km 596620 Including Construction of Service Roads in Kagal City on NH-48 in the State of Maharashtra on EPC Mode.,Maharashtra,NHAI,2026-03,2028-06,2028-06,357.99,357.99,0,0,2026-06,FlashReport_June_2026.pdf
1334,619300,,,Construction of Four Lane Nagpur-Katol section of NH-353J including Mitigation Structures from Design Ch. 37000 to Ch. 45990 Tiger Corridor-I Mitigation Structures from Design Ch. 37000 to Ch. 45990 Tiger Corridor-I in the State of Maharashtra on EPC Mode,Maharashtra,NHAI,2026-01,2027-12,2027-12,300.68,300.68,0,0,2026-06,FlashReport_June_2026.pdf
1335,618298,,,Widening/Improvement of existing 2-Lane road to 4-Lane Divided Highway from Sekmai to Nilakuthi section of Imphal-Kohima Road Design Chainage from Km 297700 to Km 308729 of NH-39 New NH-02 in state of Manipur on EPC mode Pkg-5B,Manipur,NHIDCL,2021-03,2023-01,2026-09,211.7,211.7,254.22,93.54,2026-06,FlashReport_June_2026.pdf
1336,618299,,,Improvement/Up-gradation of existing 2-Lane Road to 4-Lane Divided Highway from Daili to Kuraopokpi section of Imphal-Kohima road NH-02 Design Chainage from Km 274610 to Km 287000 in the state of Manipur on EPC mode Pkg-4B,Manipur,NHIDCL,2020-09,2026-06,2027-01,268.98,268.98,0,56.16,2026-06,FlashReport_June_2026.pdf
1337,618300,,,Improvement/Up-gradation of existing 2-Lane Road to 4-Lane Divided Highway from Taphukuki to Daili section of Imphal-Kohima road NH-02 Design Chainage from Km 262175 to Km 274610 in the state of Manipur on EPC mode Pkg-4A,Manipur,NHIDCL,2020-09,2022-04,2026-08,379.39,379.39,312.58,91.39,2026-06,FlashReport_June_2026.pdf
1338,618301,,,Widening/Improvement of existing 2-lane to 4-Lane Divided Highway from Kuraopokpi to Sekmai section of Imphal-Kohima Road Design Ch. km 287.00 to 297.700 of NH-39 New NH-02 in state of Manipur on EPC mode Pkg-5A,Manipur,NHIDCL,2020-09,2026-08,2026-08,228.97,228.97,114.62,48.31,2026-06,FlashReport_June_2026.pdf
1339,618302,,,Widening/Improvement to 2-lane with earthen shoulder of Yaingangpokpi - Finch corner road section of NH-202 from Km 16.900 to Km 30.970 of NH-202 in the state of Manipur on EPC mode Package-2,Manipur,NHIDCL,2020-03,2022-06,2026-08,256.04,256.04,0,98.12,2026-06,FlashReport_June_2026.pdf
1340,618303,,,Widening/Improvement to 2-lane with earthen shoulder of Yaingangpokpi - Finch corner road section of NH-202 from Km 0.000 to Km 16.900 of NH-202 in the state of Manipur on EPC mode Package-1,Manipur,NHIDCL,2020-03,2022-06,2026-08,222.77,222.77,0,88.96,2026-06,FlashReport_June_2026.pdf
1341,618304,,,"Widening/Improvement to 2 Lane with earthen shoulder of Jessami to Laynen bridge Nagaland border section of NH-29 of Imphal -Ukhrul - Jessami Economic Corridor from km 0.000 to km 11.009 in the State of Manipur on EPC mode under Bharatmala Pariyojana, under NHO-NE Package-7",Manipur,NHIDCL,2023-03,2026-06,2027-02,164.89,164.89,127.59,26.67,2026-06,FlashReport_June_2026.pdf
1342,618305,,,Widening/Improvement to 2 lane with earthen shoulder of Marrem Khullen to Jessami section of NH-202 of Imphal - Ukhrul - Jessami Economic Corridor from Design Chainage km 95.700 to km 140.180 in the State of Manipur on EPC mode under Bharatmala Pariyojana under NHO-NE Package-6,Manipur,NHIDCL,2023-03,2026-12,2027-08,554.66,554.66,221.02,24.43,2026-06,FlashReport_June_2026.pdf
1343,618306,,,"Widening/Improvement to 2 lane with earthen shoulder of Choithar to Marrem Khullen section of NH-202 of Imphal Ukhrul Jessami Economic Corridor from Design Chainage km 53.110 to km 95.700 in the State of Manipur on EPC mode under Bharatmala Pariyojana, under NHO-NE Package-5",Manipur,NHIDCL,2023-03,2027-03,2027-08,564.05,564.05,172.98,14.5,2026-06,FlashReport_June_2026.pdf
1344,618333,,,Widening to 2 lane with Paved shoulder of lmphal to Jiribam section of NH-37 from Design Ch. from km 169570 Near Nungkao vlllage under Tamenglong District to km 205974 near Jiribam Bridge under Jiribam district under NHO-NE PKG-7,Manipur,NHIDCL,2023-01,2025-12,2026-12,760.16,760.16,424.3,92.52,2026-06,FlashReport_June_2026.pdf
1345,618334,,,Widening to 2 Lane with Paved shoulder of lmphal to Jiribam section of NH-37 from Design Ch. from km 131.280 to km 169.570 on EPC mode in Manipur under NHO- TSP PKG-6,Manipur,NHIDCL,2021-12,2025-02,2026-09,504.76,504.76,325.89,95.2,2026-06,FlashReport_June_2026.pdf
1346,618335,,,Widening to 2 Lane with Paved shoulder of lmphal to Jiribam section of NH-37 from Design Ch. from Km 101280 Near Khongsang Village to Km 131280 near Puilon Kambiron Village on EPC Mode in Manipur PKG-5,Manipur,NHIDCL,2021-12,2024-05,2026-08,410.68,410.68,345.66,90.61,2026-06,FlashReport_June_2026.pdf
1347,618336,,,Widening to 2 -Lane with Paved shoulder of Imphal to Jiribam section of NH-37 from Design Chainage 66.110 km to 101.280 Km Existing Chainage km 67.496 to km 103.557 on EPC Mode in Manipur PKG-4,Manipur,NHIDCL,2021-09,2023-12,2026-07,579.63,579.63,404.8,85.98,2026-06,FlashReport_June_2026.pdf
1348,618337,,,Widening to 2 -Lane with Paved shoulder of Imphal to Jiribam section of NH-37 from Design Chainage 33.000 km to 66.390 Km Existing Chainage from km 33.395 to km 67.496 on EPC Mode in Manipur PKG-3,Manipur,NHIDCL,2021-03,2023-03,2026-03,467,467,593.44,86.33,2026-06,FlashReport_June_2026.pdf
1349,618338,,,Widening to 2-Lane with Paved shoulder of Imphal to Jiribam section of NH-37 from Design Chainage 15.940 km to 33.120 Km Existing Chainage Km 15.946 to Km 33.395 Total length17.180 Km in the State of Manipur on EPC mode PKG-2 - Balance Works & Rectification works,Manipur,NHIDCL,2021-03,2026-03,2026-08,195.14,195.14,161.96,92.99,2026-06,FlashReport_June_2026.pdf
1350,618344,,,Widening to 2-lane with Hard shoulder of Churachandpur to Tuivai Section of NH- 102B from Design Chainage 69.875 Km to 121.769 Km in the State of Manipur on EPC mode Package-3,Manipur,NHIDCL,2021-03,2023-08,2026-12,673.27,673.27,563.27,84.72,2026-06,FlashReport_June_2026.pdf
1351,618345,,,Widening to 2-lane with Hard shoulder of Churachandpur to Tuivai Section from Km 48.587 to Km 69.875 in the State of Manipur on EPC mode under NHO Package-2B,Manipur,NHIDCL,2020-06,2022-08,2026-08,365.53,365.53,195.73,88.2,2026-06,FlashReport_June_2026.pdf
1352,618346,,,Widening to 2-lane with Hard shoulder of Churachandpur to Tuivai Section of NH- 102B from km 32.835 to km 48.587 in the State of Manipur on EPC mode under NHO Package-2A,Manipur,NHIDCL,2020-04,2022-06,2026-07,232.99,232.99,155.44,100,2026-06,FlashReport_June_2026.pdf
1353,618347,,,Widening to 2-lane with Hard shoulder of Churachandpur to Tuivai Section of NH- 102B from km 13.747 to km 32.835 in the State of Manipur on EPC mode under NHO Package-1B,Manipur,NHIDCL,2020-04,2022-06,2026-07,241.52,241.52,164.85,100,2026-06,FlashReport_June_2026.pdf
1354,618348,,,Balance work of Widening to 2 Two lane with hard shoulder of Churachandpur to Tuivai section of NH-102B from km 130.000 to km 141.029 Package-4B in the State of Manipur on EPC Mode,Manipur,NHIDCL,2020-06,2026-11,2026-11,177.76,177.76,97.93,7.45,2026-06,FlashReport_June_2026.pdf
1355,618349,,,Balance work of Widening to 2 Two lane with hard shoulder of Churachandpur to Tuivai section of NH-102B from Design Chainage km 118850 to km 130000 Package- 4A in the State of Manipur on EPC Mode,Manipur,NHIDCL,2020-04,2026-08,2026-08,204.12,204.12,0,24.66,2026-06,FlashReport_June_2026.pdf
1356,618355,,,"Construction of of 2 -Lane with paved shoulders road from Tamenglong-Tousem- Lisang-Mahur Road NH-137 starting near Dialong Village from km 10.000 at Dialong to km 31.430 near Old Tamenglong , near Barak River on EPC Mode Package-2",Manipur,NHIDCL,2021-07,2023-03,2026-03,483.87,483.87,372.1,95.28,2026-06,FlashReport_June_2026.pdf
1357,618356,,,Construction of 2 -Lane with paved shoulders road from Tamenglong to Mahur in the state of Manipur from km 31.430 at Old Tamenglong to km 43.480 ending near Phelong on EPC Mode Package-3,Manipur,NHIDCL,2021-03,2022-12,2026-04,234.08,234.08,201.13,98.5,2026-06,FlashReport_June_2026.pdf
1358,618357,,,Construction of 2 -Lane with paved shoulders road from Tamenglong to Mahur NH- 137 in Manipur starting from km 54.180 near Azuram to km 80.630 near Mandeu on EPC Mode Package 5,Manipur,NHIDCL,2021-09,2023-05,2026-01,477.86,477.86,330.12,84.87,2026-06,FlashReport_June_2026.pdf
1359,618358,,,Construction of 2 -Lane with paved shoulders road from Tamenglong to Mahur NH- 137 starting from km 80.630 near Mandeu to km 96.870 near Jiri River on EPC Mode Package-6,Manipur,NHIDCL,2021-09,2023-05,2025-12,311.18,311.18,231.08,87.3,2026-06,FlashReport_June_2026.pdf
1360,618387,,,Construction of 2-laning with Hard shoulder of Ukhrul Tolloi - Tadubi section of NH- 102A from Design Chainage km 9450 to km 50850 in the State of Manipur on EPC mode under NHO-NE Package-2,Manipur,NHIDCL,2023-03,2026-03,2026-12,578.98,578.98,267.11,80.02,2026-06,FlashReport_June_2026.pdf
1361,618388,,,Construction of 2-laning with Hard shoulder road of Ukhrul - Tolloi - Tadubi section of NH-102A from Design Chainage 50.850 km to 81.870 km in the State of Manipur on EPC mode under NHO-TSP Package -3,Manipur,NHIDCL,2021-09,2025-01,2026-07,315.56,315.56,251.46,91.11,2026-06,FlashReport_June_2026.pdf
1362,618389,,,Construction of 2-laning with Hard shoulder road of Ukhrul - Tolloi - Tadubi section of NH-102A from Design Chainage 81.870 km to 105.825 km in the State of Manipur on EPC mode under NHO-TSP Package -4,Manipur,NHIDCL,2021-09,2024-02,2026-08,310.76,310.76,255.6,97,2026-06,FlashReport_June_2026.pdf
1363,618415,,,"Improvement of existing road to 2 laning with Hard Shoulders of Maram-Peren section Package-1B, length- 17.660 km from Design Chainage 22.340 km to 40.000 km on NH-129A in the State of Manipur on EPC mode",Manipur,NHIDCL,2021-02,2022-12,2026-03,188.36,188.36,0,100,2026-06,FlashReport_June_2026.pdf
1364,618416,,,"Improvement of existing road to 2 laning with Hard Shoulders of Maram -Peren section Package-1A, length- 22.340Km from Design Chainage 0.000 km to 22.340 km on NH-129A in the State of Manipur on EPC mode",Manipur,NHIDCL,2021-02,2022-12,2027-03,226.32,226.32,189.26,75.08,2026-06,FlashReport_June_2026.pdf
1365,617885,,,Rehabilitation and Up-gradation of Nongstoin Wahkaji section of Project Road Km 0000 to Km 43060 to Intermediate Lane with earthern shoulder under SARDP-NE Phase-A in the State of Meghalaya on EPC mode. Job No- SARDP-NE ong-Don- Maw/MG/2020-21/294,Meghalaya,MoRTH,2020-08,2023-08,2026-07,302.88,302.88,187.77,99.1,2026-06,FlashReport_June_2026.pdf
1366,618076,,,Improvement and Widening two lannig with paved Shoulder of NH 127B from km 31.500 Goeragre to km 63.224 Package-II in state of Meghalaya,Meghalaya,MoRTH,2023-12,2027-05,,504,350.67,0,2.5,2026-06,FlashReport_June_2026.pdf
1367,618294,,,Improvement and Widening of National Highway No. 127B Darugiri - Songsak - Williamnagar Junction Section to two lane with paved shoulder from design Km 0000 to Km 36635 Design length 36.635 Km existing Km 112000 to Km 151060 of NH-1278 under Bharatmala Pariyojana Lot-1 Pkg-1B Meghalaya portion,Meghalaya,NHIDCL,2023-03,2027-09,2027-09,801.07,801.07,176.12,26.08,2026-06,FlashReport_June_2026.pdf
1368,618295,,,Improvement/Widening of New NH-217 Dainadubi-Darugiri section to Two lane with paved shoulder in Meghalaya from design Km 0000 to Km 40840 existing Km 8600 to Km 53000 of Old NH-62 under BMP Lot-1 Pkg-1B Meghalaya portion,Meghalaya,NHIDCL,2023-03,2027-03,2027-03,705.83,705.83,0,45.52,2026-06,FlashReport_June_2026.pdf
1369,618374,,,Improvement/Widening to 2-L with Paved Shoulder/ 4-Laning of NH-40 section from Km 151330 to Km 163400 design Km 63.530 to Km 71.520 including Dawki Bridge of length 368 m between Shillong-Dawki under JICA ODA Loan assistance Phase-II Pkg- 5 -Balance work,Meghalaya,NHIDCL,2020-07,2026-11,2026-11,284.21,284.21,170.81,41.92,2026-06,FlashReport_June_2026.pdf
1370,618375,,,Improvement/Widening to 2-Lane with Paved Shoulder from design Km 45.760 to Km 63.530 between Shillong-Dawki under JICA ODA Loan assistance Phase-II -Balance work Pkg-4,Meghalaya,NHIDCL,2020-07,2026-04,2026-10,445.51,445.51,42.39,53.21,2026-06,FlashReport_June_2026.pdf
1371,618376,,,Improvement/Widening to 2-Lane with Paved Shoulder between Shillong-Dawki road up to Bangladesh Border from design Km 10.670 to Km 37.550 under JICA ODA Loan assistance Phase-II -Balance Work-Pkg-2,Meghalaya,NHIDCL,2020-07,2026-08,2026-12,525.67,525.67,0,51.02,2026-06,FlashReport_June_2026.pdf
1372,618377,,,Improvement/Widening to 2-L with Paved Shoulder/4-L from Km 81740 to Km 93490 design Km 0000 to Km 10670 of NH-40 New NH-106 & 206 section & 4-L from design Km 0.00 to Km 0.930 of NH-44 section between Shillong-Dawki under JICA ODA Loan assistance Phase-II -Balance Work Pkg-1,Meghalaya,NHIDCL,2020-07,2025-10,2026-06,351.12,351.12,0,100,2026-06,FlashReport_June_2026.pdf
1373,618418,,,Rehabilitation and up gradation of Nongstoin-Rambrai-Kyrshai road up to Meghalaya- Assam border from Km 0.335 to km 34.039 to 2-Lane under NHO - NE in the State of Meghalaya Package-1,Meghalaya,NHIDCL,2021-09,2024-05,2026-12,359.86,359.86,299.18,83.02,2026-06,FlashReport_June_2026.pdf
1374,618419,,,"Construction of 2-Lane with paved shoulders of Shillong Western Bypass starting from NH-06 near Ladumsaw existing Km 60.900 of old NH40 to NH106 old NH 44E Package-III, from km 24700 to km 38256 under SARDP-NE PHASE A in the state of Meghalaya on EPC Mode Greenfield alignment",Meghalaya,NHIDCL,2023-03,2026-09,2026-09,562.48,562.48,254.54,52,2026-06,FlashReport_June_2026.pdf
1375,618420,,,"Construction of 2 lane with paved shoulder of Shillong Western Bypass starting from NH-06 near Ladumsaw existing km 60.900 of old NH-40 to NH-106 old NH-44E, Package-II km 12800 to km 24700 under SARDP-NE Phase A in the State of Meghalaya on EPC Mode",Meghalaya,NHIDCL,2023-03,2026-09,2026-09,686.03,686.03,435.15,49.82,2026-06,FlashReport_June_2026.pdf
1376,618421,,,"Construction of 2-Lane with paved shoulder of Shillong Western Bypass starting from NH-06 near Ladumsaw Existing km 60.900 of old NH-40 to NH106 old NH-44E, km 0000 to km 12800 Package-I under SARDP-NE PHASE A in the State of Meghalaya on EPC Mode Greenfield alignment",Meghalaya,NHIDCL,2023-03,2026-09,2026-09,620.3,620.3,304.5,73.13,2026-06,FlashReport_June_2026.pdf
1377,618316,,,4-Laning of Vairengte - Chhimluang section Package-3 of NH-306 from Existing Chainage km 43000 to Km 59700 Design Chainage km 46000 to km 60850 on Silchar - Vairengte- Sairang road in the State of Mizoram under Bharatmala Pariyojna under NHO-NE. Package-1&2 in Assam state,Mizoram,NHIDCL,2021-12,2027-01,2026-12,491.39,491.39,237.85,17.86,2026-06,FlashReport_June_2026.pdf
1378,618317,,,4-Laning of chhimluang-Kolasib from section pkg-4 of NH-306 & NH-6 existing chainage km 59700 to km 86000 design chainage km 61000 to km 77500 on Silchar- vairengte-sairang road in the state of Mizoram under Bharatmala Pariyojna on EPC mode Vairengte - Sairang Pkg-4,Mizoram,NHIDCL,2021-12,2027-01,2026-12,561.91,561.91,0,17.12,2026-06,FlashReport_June_2026.pdf
1379,618318,,,4-Laning of Kolasib - Sethawn section Package-5 of NH-6 from Existing Chainage km 86000 to km 107850 Design Chainage km 77500 to km 95500 on silchar - vairengte - sairang road under Bharatmala Pariyojna on EPC mode under NHO-NE Vairengte - Sairang Pkg-5,Mizoram,NHIDCL,2021-11,2027-07,2027-06,720.4,720.4,247.14,11.86,2026-06,FlashReport_June_2026.pdf
1380,618319,,,"4-Laning of Sethawn - N. Kawnpui section Package-6 of NH-6 from Existing Chainage km 107850 to km 126315 Design Chainage km 95500 to km 111850 on Silchar- Vairengte- Sairang road, Vairengte - Sairang Pkg-6",Mizoram,NHIDCL,2021-12,2027-01,2026-12,595.65,595.65,173.14,6.72,2026-06,FlashReport_June_2026.pdf
1381,618320,,,Construction of 4-Laning of N. Kawnpui N. Mualvum Mualkhang via Khamrang Village section Package-7 of NH-6 from Existing Chainage km 127200 to km 142000 Design Chainage km 111850 to km 123400 on Silchar - Vairengte - Sairang road in the State of Mizoram on EPC mode,Mizoram,NHIDCL,2024-02,2028-10,,866.32,866.32,0,18.9,2026-06,FlashReport_June_2026.pdf
1382,618321,,,Construction of 4-Laning of West Serawlg-Sairang section of NH-6 from Existing Chainage km 142000 to km 158900 Design Chainage km 123400 to km 136260 on Silchar - Vairengte - Sairang road in the State of Mizoram under Bharatmala Pariyojna on EPC mode under NHO-NE Package-8,Mizoram,NHIDCL,2024-02,2028-11,,875.79,875.79,0,13.95,2026-06,FlashReport_June_2026.pdf
1383,618323,,,Construction of Twin Tube Uni-directional Aizawl Bypass Tunnel of 2.5 km and its approaches of 2.1 km from km 10.600 to km 15.200 on Sarrang - Phaibawk section of NH-6 in the State of Mizoram on EPC Mode under NHO-NE Package-2,Mizoram,NHIDCL,2024-01,2028-12,,1313.28,1313.28,0,0,2026-06,FlashReport_June_2026.pdf
1384,618324,,,Construction of 2-lane Aizawl Bypass from km 15.200 to km 34.500 Package-3 on Sairang - Phaibawk section of NH-6 in the State of Mizoram under Bharatmala Pariyojna on EPC Mode under NHO-NE,Mizoram,NHIDCL,2023-02,2028-11,,720.72,720.72,0,15.1,2026-06,FlashReport_June_2026.pdf
1385,618362,,,Construction of 2-laning with hard shoulder of Lunglei to Chhumkhum from Design Chainage Km 0.000 to Km 37.420 of NH-302 [Lunglei-Tlabung] Package-A,Mizoram,NHIDCL,2021-03,2022-12,2026-11,698.45,698.45,552.89,64.78,2026-06,FlashReport_June_2026.pdf
1386,618363,,,Construction of 2-laning with hard shoulder configuration of Chhumkhum to Tlabung from Design Chainage Km 37.420 to Km 74.950 of NH-302 in Mizoram under Bharatmala Pariyojana on EPC mode [Pkg-B],Mizoram,NHIDCL,2021-06,2023-01,2026-12,740.58,740.58,494.49,61.34,2026-06,FlashReport_June_2026.pdf
1387,618379,,,Widening and Up-gradation to 2- Lane with Paved Shoulder Configuration and geometric improvement from Km. 208. 000 to Km 250.000 Package-5 on Aizawl Tuipang Section of NH-54 in the State of Mizoram Package-5,Mizoram,NHIDCL,2019-09,2023-04,2026-06,752.89,752.89,125.64,95.35,2026-06,FlashReport_June_2026.pdf
1388,618380,,,Widening and Up-gradation to 2- Lane with Paved Shoulder Configuration and geometric improvement from Km. 125. 000 to Km 166 Package-3 on Aizawl Tuipang Section of NH-54 in the State of Mizoram Package-3,Mizoram,NHIDCL,2019-09,2023-04,2026-06,867.09,867.09,159.55,97.51,2026-06,FlashReport_June_2026.pdf
1389,618383,,,Widening and up-gradation to 2-lane with paved shoulder configuration and geometric improvements from km 339.00 to km 380.00 Siaha on Aizawl-Tuipang section under JICA ODA Loan assistance Phase-I Package-8,Mizoram,NHIDCL,2019-09,2023-09,2026-06,637.06,637.06,101.89,99.82,2026-06,FlashReport_June_2026.pdf
1390,618452,,,"2-laning of Zorinpui - Longmasu section of NH-502A from km 0.000 to km 28.244 in the State of Mizoram on EPC mode under NHO-NE, stretch of IMBR",Mizoram,NHIDCL,2023-02,2026-12,2027-07,781.85,781.85,48.14,4.71,2026-06,FlashReport_June_2026.pdf
1391,619010,,,Up-gradation to 2 lane with paved shoutders of Pawlrang - Rulchawm section- of NH- 102B of Aizawl - Imphal Economic Corridor from Existing Chainage km 72.030 to km 104.129 including 2.459 km re-alignment section from Tuivai River to Rulchawm connecting km 48.150 of NH-6 [Design Chainage km 68.170 to km 98.579] in the State of Mizoram under Bharatmala Pariyojna on EPC mode under NHO-NE Package-3 Keifang- Tuivai Pkg-3,Mizoram,NHIDCL,2021-12,2025-05,2026-07,500.88,500.88,442.08,99.52,2026-06,FlashReport_June_2026.pdf
1392,619321,,,Balance work of widening to two laning/re-alignment and geometric improvement from Km. 11000 to Km. 114618 with rectification of damaged stretches and provision of protection works in vulnerable location of NH-44 in the State of Mizoram.,Mizoram,MoRTH,2025-10,2028-05,,170.96,170.96,0,2,2026-06,FlashReport_June_2026.pdf
1393,619199,,,Bangalore Chennai Expressway Phase-II Pkg-I from km.71.000 to Km 96.000 Bethamangala in the state of Karnataka to Byreddypalli,"Multi-States (Andhra Pradesh, Karnataka)",NHAI,2020-12,2024-10,2022-10,1410.01,1410.01,736.08,99.05,2026-06,FlashReport_June_2026.pdf
1394,618681,,,6L Aluru - Jakkuva Section of NH-130CD Road from km 365.033 to km 396.800 Pkg. 1,"Multi-States (Andhra Pradesh, Odisha)",NHAI,2021-02,2024-03,2026-07,1216.12,1241.66,697.95,99.63,2026-06,FlashReport_June_2026.pdf
1395,618477,,,Bangalore Chennai Expressway Phase-III Package I Gudipala to Walajajhpet from Km 156.000 to Km 180.000,"Multi-States (Andhra Pradesh, Tamil Nadu)",NHAI,2020-10,2024-05,2026-08,1481.87,1481.87,746.73,99.02,2026-06,FlashReport_June_2026.pdf
1396,618634,,,6L of Veera Kaveri Raja Puram to Pondavakkam from km 61.380 to km 96.040 of NH 716B Pkg-III,"Multi-States (Andhra Pradesh, Tamil Nadu)",NHAI,2021-03,2025-01,2026-09,1439.77,1439.77,808.45,98.89,2026-06,FlashReport_June_2026.pdf
1397,618769,,,Walajahpet/Ranipet to TN/AP Border Section of from Km.106.800 to Km.133.36 NH-4,"Multi-States (Andhra Pradesh, Tamil Nadu)",NHAI,2024-12,2027-09,2027-09,1338.14,1214.7,240.71,13.45,2026-06,FlashReport_June_2026.pdf
1398,618772,,,6L of Kumarajapet to Veera Kaveri Raja Puram from km 43.800 to km 61.380 of NH- 716B Pkg-II,"Multi-States (Andhra Pradesh, Tamil Nadu)",NHAI,2021-02,2025-10,2026-09,702.52,799.36,405.81,98.91,2026-06,FlashReport_June_2026.pdf
1399,619077,,,6 laning of Balance Work of Chennai - Tada from km. 21.40 to km. 54.40,"Multi-States (Andhra Pradesh, Tamil Nadu)",NHAI,2017-12,2020-03,2026-07,464.62,472.37,389.75,100,2026-06,FlashReport_June_2026.pdf
1400,618747,,,Khammam-Devarapalle Pkg III [4L Access Controlled Greenfield from Chintagudem village to Recherla village Design Chainage 63117 to 105236],"Multi-States (Andhra Pradesh, Telangana)",NHAI,2021-01,2024-09,2026-07,829.5,1227.07,649.48,98.82,2026-06,FlashReport_June_2026.pdf
1401,618818,,,4L Access Controlled Greenfield Highway section on NH-163G Khammam Vijayawada from Remidicherla village at Design Ch. 280.200 Km to Jakkampudi village on NH-16 at Design Ch. 309.909 Km Package-III,"Multi-States (Andhra Pradesh, Telangana)",NHAI,2023-03,2027-05,2027-12,1183.23,1225.14,228.66,4.37,2026-06,FlashReport_June_2026.pdf
1402,619143,,,4L Access Controlled Greenfield Highway section on NH-163G Khammam Vijayawada from BrahmanapalliK village at Design Ch. 250.400 Km to Remidicherla village at Design Ch. 280.200 KmPackage-II,"Multi-States (Andhra Pradesh, Telangana)",NHAI,2023-03,2027-03,2027-06,826.01,862.58,165.28,23.73,2026-06,FlashReport_June_2026.pdf
1403,619212,,,6L Access Controlled Greenfield Highway of Julekal village to Dinnedevarapadu village from Km 242.200 to Km 280.400 Pkg-2,"Multi-States (Andhra Pradesh, Telangana)",NHAI,2022-01,2025-01,2027-04,1227.57,1315.87,528.05,68.53,2026-06,FlashReport_June_2026.pdf
1404,618359,,,Widening/Improvement to 4-Lane with Paved Shoulder from km 55000 Nagabang Gamsuk to km 82514 Oyan in the State of Assam and Arunachal Pradesh on EPC mode under Bharatmala Pariyojna of Length 27.514 Km Package-3,"Multi-States (Arunachal Pradesh, Assam)",NHIDCL,2023-03,2027-03,2027-03,665.47,665.47,373.06,96.7,2026-06,FlashReport_June_2026.pdf
1405,618531,,,6L of Aurangabad to Bihar-Jharkhand border Chordaha section from km. 180.000 to km. 209.827 of NH-2 PKG-01,"Multi-States (Bihar, Jharkhand)",NHAI,2021-02,2026-12,2026-12,1054.46,786.81,201.3,33.24,2026-06,FlashReport_June_2026.pdf
1406,618724,,,6L Greenfield Varanasi-Ranchi-Kolkata Highway from Anarbansalea village to Sagrampur village From KM. 151200 to KM. 184700Package-7,"Multi-States (Bihar, Jharkhand)",NHAI,2023-03,2027-06,2027-06,1719.2,1723.42,322.79,25.19,2026-06,FlashReport_June_2026.pdf
1407,618732,,,6L Greenfield Varanasi- Ranchi- Kolkata Highway from Sonepurbigha village to junction with NH- 22 Chatra Bypass near Chatra from km 184.700 to km 222.000Pkg - 8,"Multi-States (Bihar, Jharkhand)",NHAI,2023-03,2028-05,2028-05,1728.17,1728.17,114.23,3.94,2026-06,FlashReport_June_2026.pdf
1408,618951,,,Hariharganj to Parwa Mode section from km 23.284 to km 57.049 of NH-98,"Multi-States (Bihar, Jharkhand)",NHAI,2020-09,2024-02,2026-07,1125.78,1186.56,830.06,91.3,2026-06,FlashReport_June_2026.pdf
1409,618952,,,4L of Sahibganj - Manihari Ganga Bridge including Manihari Bypass,"Multi-States (Bihar, Jharkhand)",NHAI,2016-10,2024-10,2026-12,1954.77,1978.01,2008.25,86.54,2026-06,FlashReport_June_2026.pdf
1410,619078,,,Six Laning of Bihar - Jharkhand Border Chordaha - Gorhar section of NH-2 from km 249.525 to km 320.810,"Multi-States (Bihar, Jharkhand)",NHAI,2017-12,2021-11,2026-12,1772.7,1689.17,1273.56,78,2026-06,FlashReport_June_2026.pdf
1411,619307,,,4L of Munger Mirzachauki section from Km 157350 to Km 193931 Pkg-4,"Multi-States (Bihar, Jharkhand)",NHAI,2021-02,2024-08,2026-08,1376.56,1481.58,893.28,92,2026-06,FlashReport_June_2026.pdf
1412,618530,,,Six Laning of Varanasi to Aurangabad from km. 786.00 to km. 978.40 of Old NH-2,"Multi-States (Bihar, Uttar Pradesh)",NHAI,2009-02,2014-03,2026-07,3241.56,3241.56,2858.26,99.75,2026-06,FlashReport_June_2026.pdf
1413,618728,,,6L Greenfield Varanasi-Ranchi-Kolkata Highway from junction with NH-19 & Varanasi Ring Road near Rewasa village to junction with Chandauli-Chainpur road near Khainti village from Km. 0.000 to Km. 27.000 - Pkg-1,"Multi-States (Bihar, Uttar Pradesh)",NHAI,2023-03,2026-11,2027-05,1433.39,1564.15,561.54,45.02,2026-06,FlashReport_June_2026.pdf
1414,618882,,,Construction of additional 3-Lane Bridge over River Ganga for connection between Buxar and Bharauli on NH-922 in the State of Uttar Pradesh and Bihar on Hybrid Annuity Mode,"Multi-States (Bihar, Uttar Pradesh)",NHAI,2024-03,2028-02,2028-02,531.61,444.92,46.76,20.16,2026-06,FlashReport_June_2026.pdf
1415,619154,,,Construction of Four Lane Highway from Ghazipur- Ballia-UP/Bihar State Border Greenfield section of NH-31 Package III [from Pindari km 78.150 to Rawalganj Bypass Km 117.120] on EPC Mode in the state of Uttar Pradesh.,"Multi-States (Bihar, Uttar Pradesh)",NHAI,2022-10,2025-08,2026-10,1493.5,1493.59,1042.03,83,2026-06,FlashReport_June_2026.pdf
1416,618584,,,4L of Kishanganj - Bahadurganj section from Km. 0.000 to Km. 23.649 & interchange at Start Point Length - 1.200 Km of NH-27,"Multi-States (Bihar, West Bengal)",NHAI,2025-01,2027-12,2027-12,962.84,855.56,179.31,18.31,2026-06,FlashReport_June_2026.pdf
1417,619064,,,Vadodara Mumbai Expressway Talsari to Karvad Phase IB - Pkg X [Km 103.400 to Km 128.000],"Multi-States (Dadra & Nagar Haveli and Daman & Diu, Gujarat, Maharashtra)",NHAI,2020-10,2024-03,2027-12,1909.74,2652.24,1096.51,36.23,2026-06,FlashReport_June_2026.pdf
1418,618577,,,Dwarka Expressway Pkg-III Delhi/HR Border to Start of RoB Gurugram,"Multi-States (Delhi, Haryana)",NHAI,2018-01,2020-11,2024-05,2228.26,2298.37,1759.52,100,2026-06,FlashReport_June_2026.pdf
1419,618942,,,Balance work of 2L PS from Km 30.800 to Km 70.800 and 2L with Rigid Carriageway from Km 70.800 to km 84.120 of Khanapur- KA/GOA Border section of NH-4A,"Multi-States (Goa, Karnataka)",NHAI,2022-01,2024-05,2027-03,226.76,149.44,110.31,84.7,2026-06,FlashReport_June_2026.pdf
1420,618637,,,Bal. Works of Fagne Km. 510.000 to Maharashtra/Gujarat Border Km. 650.794,"Multi-States (Gujarat, Maharashtra)",NHAI,2019-12,2022-09,2026-12,1654.07,1672.89,1416.49,97.66,2026-06,FlashReport_June_2026.pdf
1421,618486,,,Delhi-Amritsar-Katra Expressway Phase-I Pkg-V from Junction with Ambala-Kaithal- Hissar road NH-152 near Kharak Pandwa village to Junction with Patiala-Samana- Patran road SH-10 near Ghagga village Km 120250 to Km 157920,"Multi-States (Haryana, Punjab)",NHAI,2021-01,2024-05,2026-07,1741.86,2281.02,1431.89,98.7,2026-06,FlashReport_June_2026.pdf
1422,619093,,,4L Ismailabad to Ambala Section of NH-152 Lot-4/Package-1,"Multi-States (Haryana, Punjab)",NHAI,2023-02,2025-12,2027-02,609.32,454.34,203.25,75.05,2026-06,FlashReport_June_2026.pdf
1423,619134,,,6L of Ambala-Chandigarh greenfield section from Km. 0.000 to Km. 25.000 with 4L spur to Lalru from Km. 0.000 to Km. 5.828 & spur to PR-7 road from Km. 0.000 to Km. 11.157,"Multi-States (Haryana, Punjab)",NHAI,2022-03,2025-10,2026-09,1641.66,1904.79,1258.95,85.5,2026-06,FlashReport_June_2026.pdf
1424,619216,,,6L access Controlled Greenfield Highway from Adhoya Musalmana to Sadopur section of Shamli -Ambala Package-III Design Ch. Form km 84.400 to km 121.786,"Multi-States (Haryana, Punjab)",NHAI,2022-05,2025-05,2026-12,1491.72,1122.86,724.49,79.56,2026-06,FlashReport_June_2026.pdf
1425,618505,,,Additional Structures on 6LGurgaon-Jaipur Section of NH-48 between KM 42.700 to KM 273.00,"Multi-States (Haryana, Rajasthan)",NHAI,2022-08,2024-06,2026-08,409.64,290.64,199.54,88.9,2026-06,FlashReport_June_2026.pdf
1426,618691,,,4 laning of Aligarh-Palwal Section from Km. 46.390 Design Chainage to Km. 69.110 Terminating at junction EPE Package-II from Kurana- Eastern Peripheral Expressway of NH-334D,"Multi-States (Haryana, Uttar Pradesh)",NHAI,2024-03,2027-08,2027-08,939.17,903.94,246.86,12.5,2026-06,FlashReport_June_2026.pdf
1427,618723,,,6L access Controlled Greenfield Highway from Ranipur Barsi to Adhoya Musalmana section of Shamli -Ambala Package-II Design Ch. Form km 45.500 to km 84.400,"Multi-States (Haryana, Uttar Pradesh)",NHAI,2022-06,2025-05,2027-02,1554.21,1241.89,825.78,79.1,2026-06,FlashReport_June_2026.pdf
1428,619068,,,Construction of Greenfield Connectivity to Jewar International Airport from DND- Faridabad-Ballabhgarh Bypass KMP Link - Spur to Delhi Mumbai Expressway,"Multi-States (Haryana, Uttar Pradesh)",NHAI,2022-07,2025-06,2027-04,2920.69,3485.77,1756.53,74.08,2026-06,FlashReport_June_2026.pdf
1429,618907,,,2L/4L of Hoshiarpur to Una section including Hoshiarpur Bypass of NH 503A,"Multi-States (Himachal Pradesh, Punjab)",NHAI,2023-03,2027-05,2027-05,571.34,481.88,257.77,26.18,2026-06,FlashReport_June_2026.pdf
1430,619291,,,4L Poanta SahebMednipur from Km. 435.65 to km. 458.65 of NH-07Pkg-1,"Multi-States (Himachal Pradesh, Uttarakhand)",NHAI,2022-03,2025-05,2026-07,524.54,657.32,319.77,94.25,2026-06,FlashReport_June_2026.pdf
1431,619066,,,Delhi-Amritsar-Katra Expressway Phase-II Pkg-XIV from Junction with Pathankot- Gurdaspur road NH-54 near Balsua to Junction with Hiranagar Road near village Gurha Baildaran km 423500 to km 468100,"Multi-States (Jammu and Kashmir, Punjab)",NHAI,2021-10,2024-09,2026-10,3044.02,3707.91,1773.85,83.6,2026-06,FlashReport_June_2026.pdf
1432,618533,,,Barwa Adda Km. 398.240 to Panagarh Km. 521.120,"Multi-States (Jharkhand, West Bengal)",NHAI,2010-08,2016-09,2026-08,1560.39,1568.22,1690.95,100,2026-06,FlashReport_June_2026.pdf
1433,618734,,,6L Greenfield Varanasi- Ranchi- Kolkata Highway from junction with NH-320 in Lepo village to Kamlapur villageJH/WB border from km 358.500 to km 387.200 Pkg -13,"Multi-States (Jharkhand, West Bengal)",NHAI,2023-03,2027-09,2027-09,1154.49,1319.18,308.02,23.23,2026-06,FlashReport_June_2026.pdf
1434,618909,,,2L PS of JH / WB Border km. 70.524 - Purulia km.84.400 & Purulia km. 94.30 - Chandil Junction with NH-33 km. 153.705 of Old NH-32,"Multi-States (Jharkhand, West Bengal)",NHAI,2018-03,2022-08,2026-10,1652.4,1771.88,1649.25,97.65,2026-06,FlashReport_June_2026.pdf
1435,618948,,,4L of NH-80 section of Mirza Chauki to Farakka section from existing km 190.00 to design km 200.75 junction at km 3.100 of NH 133 B and from existing km 260.00 to existing km 283.00 design km 274.133 in the state of Jharkhand package - II,"Multi-States (Jharkhand, West Bengal)",NHAI,2025-02,2028-01,2028-01,782.18,782.18,202.69,5.64,2026-06,FlashReport_June_2026.pdf
1436,619205,,,Six Laning of KT/KL Border Thalapaddy -Chengala from Km. 17.200 to Km. 57.20,"Multi-States (Karnataka, Kerala)",NHAI,2020-05,2024-05,2026-07,1981.07,2681.48,1699.07,100,2026-06,FlashReport_June_2026.pdf
1437,618516,,,6L from Sankeshwar Bypass to MH-KNT Border from Km. 555.017 to Km. 592.853 of NH-48 Pkg-II,"Multi-States (Karnataka, Maharashtra)",NHAI,2022-01,2025-04,2027-05,1388.7,1066.86,1156.86,84.8,2026-06,FlashReport_June_2026.pdf
1438,618636,,,Akkalkot MH/KN border New Greenfield corridor from Km 512.000 to Km 548.400 of NH-150C part of Akkalkot KN/TS Border section Package XIV,"Multi-States (Karnataka, Maharashtra)",NHAI,2023-03,2026-10,2027-06,1370.75,1403.49,300.25,53.31,2026-06,FlashReport_June_2026.pdf
1439,618519,,,Bangalore Ring Road STRR-NH-948A- Package-I of Phase-III from Belagondapalli TN to TN/KNT border from km 144.480 to 179.969,"Multi-States (Karnataka, Tamil Nadu)",NHAI,2022-03,2025-05,2026-12,1260.74,1218.47,764.03,90.68,2026-06,FlashReport_June_2026.pdf
1440,618581,,,Hosur to Dhamrapuri Pkg-1 [Neraluru - Thorapalli Agraharam],"Multi-States (Karnataka, Tamil Nadu)",NHAI,2021-10,2024-10,2027-01,1757.27,1828.66,1459.22,78.7,2026-06,FlashReport_June_2026.pdf
1441,618631,,,6L of MH/KN Border Nimbal Village to KN/TS Border Singnodi Village from Km. 162.5 to Km. 203.100 in Raichur of NH-150C Pkg-IV,"Multi-States (Karnataka, Telangana)",NHAI,2022-03,2025-05,2026-08,1499.73,1457.48,840.3,99.51,2026-06,FlashReport_June_2026.pdf
1442,618632,,,6L Access Controlled Greenfield Highway of Nandinne village to Julekal village from Km 202.900 to Km 242.200 Pkg-1,"Multi-States (Karnataka, Telangana)",NHAI,2022-02,2025-01,2026-08,972.06,1044.06,459.45,91.47,2026-06,FlashReport_June_2026.pdf
1443,619097,,,Thalassery Mahe Bypass Km 170.600 to Km 189.200 of NH-17New NH-66 in Kerala,"Multi-States (Kerala, Puducherry)",NHAI,2017-09,2020-05,2026-07,1181.12,1573.18,1534.73,100,2026-06,FlashReport_June_2026.pdf
1444,619101,,,4L Shahpur to Muktainagar from Km. 186.000 to km 216.278 of NH 753L Pkg II of Boregaon Buzurg to Muktainagar,"Multi-States (Madhya Pradesh, Maharashtra)",NHAI,2022-12,2026-03,2026-10,784.35,659.52,330.42,64,2026-06,FlashReport_June_2026.pdf
1445,618556,,,"Construction of 26 VUPs, Major Bridge, Service Road etc. on Lalitpur-Sagar- Lakhnadon section of NH-44 NS","Multi-States (Madhya Pradesh, Uttar Pradesh)",NHAI,2023-02,2026-03,2026-07,665.91,665.91,559.45,97.4,2026-06,FlashReport_June_2026.pdf
1446,618668,,,4L of Chowka to Kaimaha near MP/UP Border section NH-34 from D. Ch. 145.000 to D. Ch. 197.266 excluding existing Chhatarpur bypass from D. Ch. 160.307 to D. Ch. 168.630 Package-4,"Multi-States (Madhya Pradesh, Uttar Pradesh)",NHAI,2024-10,2027-09,2027-09,996.5,846.68,288.69,44.92,2026-06,FlashReport_June_2026.pdf
1447,618941,,,4L of Bamni - Rajura - Warur - Devada upto M.S. Border of NH - 930D from km 19.000 to km 51.985,"Multi-States (Maharashtra, Telangana)",NHAI,2022-03,2026-03,2026-12,968.05,1187.19,805.71,73.73,2026-06,FlashReport_June_2026.pdf
1448,618844,,,Viluppuram Km.0.000 to Puducherry Km.29.000,"Multi-States (Puducherry, Tamil Nadu)",NHAI,2018-03,2023-11,2026-09,1358.31,1162.44,526.4,98.32,2026-06,FlashReport_June_2026.pdf
1449,618845,,,Puducherry Km.29.000 to Poondiyankuppam Km.67.000,"Multi-States (Puducherry, Tamil Nadu)",NHAI,2018-03,2023-11,2026-09,1588.4,1415.9,460.39,98.75,2026-06,FlashReport_June_2026.pdf
1450,618847,,,Sattanathapuram to Nagapattinam from Km 123.800 to Km 179.555,"Multi-States (Puducherry, Tamil Nadu)",NHAI,2018-03,2022-10,2026-12,2899.77,2899.77,1593.32,85,2026-06,FlashReport_June_2026.pdf
1451,618711,,,6L with access control provision Saharanpur bypass to Ganeshpur section from 13.89 Km to 41.820 Km of Delhi- Dehradun Economic Corridor package-2,"Multi-States (Uttar Pradesh, Uttarakhand)",NHAI,2022-04,2024-11,2026-07,796.65,560.03,507.68,99.29,2026-06,FlashReport_June_2026.pdf
1452,618783,,,4-laning of Pilibhit - Sitarganj from Km. 32.500 to Km. 70.800 Pkg-2 of NH-30,"Multi-States (Uttar Pradesh, Uttarakhand)",NHAI,2023-01,2026-03,2027-10,1471.19,1471.19,456.76,42.88,2026-06,FlashReport_June_2026.pdf
1453,618886,,,Road Safety Improvement of Critical Junctions on MuzaffarnagarHaridwar Section of NH-334 from Km 143000 to Km 196000,"Multi-States (Uttar Pradesh, Uttarakhand)",NHAI,2025-04,2027-10,2027-10,238.66,0.1,33.07,20.5,2026-06,FlashReport_June_2026.pdf
1454,618928,,,"Improvement & Up-gradation of NH-734 Section of Moradabad-Thakurdwara Kashipur including Moradabad & Kashipur Bypasse Package-III Kashipur Bypass Length 14.490 Km., Starts from Ch. 38770 and ends at Ch. 53260 existing Ch. 05560","Multi-States (Uttar Pradesh, Uttarakhand)",NHAI,2023-02,2025-09,2027-03,936.12,717.5,369.85,53.84,2026-06,FlashReport_June_2026.pdf
1455,618969,,,4/6L of Spur to Haridwar Greenfield from Km. 0.000 to Km. 50.70,"Multi-States (Uttar Pradesh, Uttarakhand)",NHAI,2021-11,2025-02,2026-09,2155.95,2612.3,1540.17,91.95,2026-06,FlashReport_June_2026.pdf
1456,619217,,,4L of Haridwar-Nagina section from km. 0.00 to km. 71.614 of NH-74,"Multi-States (Uttar Pradesh, Uttarakhand)",NHAI,2015-12,2020-07,2026-07,1659.12,1622.49,1540.99,99.85,2026-06,FlashReport_June_2026.pdf
1457,617886,,,Widening of existing Single lane / Intermediate lane road to 2 lane from Km 101 to Km 125 of NH 61,Nagaland,MoRTH,2020-06,2026-06,2027-03,252.2,252.2,0,44.46,2026-06,FlashReport_June_2026.pdf
1458,618072,,,Widening to Existing single lane /intermediate lane to 2 lane from Km185.00 to Km 220.00 of NH-61 New NH-02 in the state of Nagaland.,Nagaland,MoRTH,2021-03,2024-07,2026-03,297.25,297.25,155.15,100,2026-06,FlashReport_June_2026.pdf
1459,618290,,,"Construction of 2-lane with Paved shoulder of Kohima- Bypass Road Connecting NH- 39New NH-02, NH-150New NH-02, NH-61New NH-29, NH-39New NH-02 from Design Km 32.00 to Design Km 43.454Design Length-11.454 Km in the State of Nagaland under SARDP-NE on EPC Mode Package-IV",Nagaland,NHIDCL,2020-07,2022-04,2026-12,202.36,202.36,102.12,46.77,2026-06,FlashReport_June_2026.pdf
1460,618291,,,"Construction of 2-lane with Paved shoulder of Kohima-Bypass Road connecting NH- 39 New NH-02, NH150New NH-02, NH7-61 New NH-29 and NH-39 New NH-02 from Design km 21.000 to km 32.268 [Design length11.268 km] in the state of Nagaland Under SARDP-NE on EPC Mode Package- 3",Nagaland,NHIDCL,2020-07,2025-06,2026-12,159.85,342.29,123.42,39.54,2026-06,FlashReport_June_2026.pdf
1461,618292,,,Construction of 2-Lane with paved shoulder of Kohima-Bypass Road connecting New NH-02 and New NH-29 from Design Km 10.500 to design Km 21.000 [Design Length- 10.500 km] including TUNNEL of 500m at Ch. 11.000 in the state of Nagaland Under SARDP-NE on EPC Mode Package-2,Nagaland,NHIDCL,2020-07,2022-10,2027-10,277.44,277.44,198.97,69.76,2026-06,FlashReport_June_2026.pdf
1462,618293,,,"Construction of 2-Lane with paved shoulder of Kohima-Bypass Road connecting NH- 39New NH-02, NH-150New NH-02, NH-61New NH-29 and NH-39New NH-02 from design Km 0.00 to Km 10.500 in the State of Nagaland under SARDP-NE on EPC Mode Package-1 -Balance work",Nagaland,NHIDCL,2020-07,2026-11,2026-11,232.29,350.88,116.76,27.24,2026-06,FlashReport_June_2026.pdf
1463,618296,,,Balance work of Construction of 2-lane with hard shoulder of Kohima - Jessami road on NH-29 old NH-150 from existing km 98.380 near Chizami vill. to km120.367 Nagaland/Manipur Border [Design km 95.700 to design km 117.200] [Design Length 21.500 km] in the state of Nagaland Under Bharatmala Pariyojna on EPC Mode Package-V under NHO,Nagaland,NHIDCL,2020-03,2025-11,2026-07,330.8,330.8,0,98.39,2026-06,FlashReport_June_2026.pdf
1464,618297,,,Construction of 2-lane with hard shoulder of Kohima - Jessami road on NH-29 Old NH- 150 from existing Km 30.474 Near Kidwema road Chakahabama to existing Km 53.220 Near Kikruma Village Design Km 29.60 to Km 51.50 Design length-21.90 Km in the state of Nagaland Under Bharatmala Pariyojna on EPC Mode under NHO Package-II -Balance work,Nagaland,NHIDCL,2020-03,2026-01,2026-12,355.79,355.79,0,43.13,2026-06,FlashReport_June_2026.pdf
1465,618328,,,4-Laning of Balance work of Dimapur-Kohima Road from design km 152.490 to km 166.700 Existing km 156.000 to km 172.900 Excluding Dimapur & Kohima Bypass under SARDP-NE Package-III,Nagaland,NHIDCL,2016-03,2025-09,2026-07,562.98,794.75,535.96,84.32,2026-06,FlashReport_June_2026.pdf
1466,618364,,,"Widening to 2 Lane with Hard shoulder of Akegwo-Avangkhu section of NH-202K for Package-I Design Chainage 0000 Km to 34795 Km, in the State of Nagaland on EPC mode under NH O-NE",Nagaland,NHIDCL,2022-12,2026-02,2026-02,430.24,430.24,0,87,2026-06,FlashReport_June_2026.pdf
1467,618365,,,Widening to 2 Lane with Hard shoulder of Akegwo-Avangkhu section of NH-202K for Package-III Design Chainage 69875 Km to 106816 Km in the State of Nagaland on EPC mode under NHO-NE,Nagaland,NHIDCL,2022-12,2026-02,2026-02,497.18,497.18,0,85.67,2026-06,FlashReport_June_2026.pdf
1468,618366,,,Widening to 2 Lane with Hard shoulder of Akegwo-Avangkhu section of NH-202K for Package-II Design Chainage 34795 Km to 69875 Km in the State of Nagaland on EPC mode under NHO-NE,Nagaland,NHIDCL,2022-12,2026-02,2026-02,442.54,442.54,0,58.5,2026-06,FlashReport_June_2026.pdf
1469,618413,,,Construction of 2 laning with Hard shoulder of Peren-Dimapur section on NH 129A from Design Km 146.208 to Km 163.592 Length- 17.384 km in the state of Nagaland on EPC mode under NHO-TSP Package-III,Nagaland,NHIDCL,2021-02,2025-06,2026-07,177.77,199.02,0,95.62,2026-06,FlashReport_June_2026.pdf
1470,618414,,,Construction of Balance work for 2-lane with hard shoulder of Peren- Dimapur section on NH-129A from Design Km 126.775 to Km 146.208 Length 19.433 Km in the state of Nagaland on EPC mode under NHO-TSP Package-II,Nagaland,NHIDCL,2021-01,2025-09,2025-09,258.52,258.52,135.86,96.53,2026-06,FlashReport_June_2026.pdf
1471,618422,,,"Construction of 2-lane with hard shoulders of Merangkong-Tamlu-Mon road Wakching Twon portion on EPC basis from existing Chainage Km 59000 to Km 73640 [Design Km. 59000 to Km, 72450] Design length - 13.450 Km under SARDP-NE package-V Balance work",Nagaland,NHIDCL,2021-03,2025-09,2026-07,161.73,161.73,101.21,99.75,2026-06,FlashReport_June_2026.pdf
1472,618423,,,Construction of 2-Lane with hard shoulders of Merangkong-Tamlu-Mon MTM Road from existing Km 20.456 to Km 41.065 Design Km. 20 to Km. 40.0 Design Length- 20.000 Km in the State of Nagaland under SARDP-NE Phase-A Pkg-2 Balance work,Nagaland,NHIDCL,2018-03,2025-08,2026-03,215.79,215.79,173.12,100,2026-06,FlashReport_June_2026.pdf
1473,619059,,,Construction of 2-Lane with hard shoulders of Merangkong-Tamlu-Mon Road on EPC Basis from existing road Km. 76.640 to Km 98.065 Design chainage Km. 63.800 to Km. 86.835 Design Length-23.035 Km in the state of Nagaland under SARDP-NE PKG-IV Balance work,Nagaland,NHIDCL,2018-03,2025-09,2026-12,323.98,323.98,143.39,79.03,2026-06,FlashReport_June_2026.pdf
1474,617898,,,New construction of Major Bridge with Approaches from Km 0.000 to 1.200 Madhopur -Badabanta section of NH-20 under NHO in Annual Plan 2022-23 in the State of Odisha,Odisha,MoRTH,2023-03,2027-10,2027-10,199.5,199.5,0.32,0,2026-06,FlashReport_June_2026.pdf
1475,617899,,,Widening and Strengthening to 4LPS/2LPS from km 0.000 to 35.800 Kuakhia - Mangalpur section of NH 20 in the state of Odisha on Annual Plan 2021-22,Odisha,MoRTH,2022-03,2026-02,2026-11,636.1,636.1,296.22,56.11,2026-06,FlashReport_June_2026.pdf
1476,617902,,,construction or By-pass road on NH-26 for Nabrangpur Town,Odisha,MoRTH,2023-03,2026-12,2026-12,168.95,168.95,10.62,35,2026-06,FlashReport_June_2026.pdf
1477,617904,,,Construction of Bypass road to Balangir town from km 72/400 Desing km 0/0 to km 79/800 Design km 11/670 of NH-26 in the State of Odisha.,Odisha,MoRTH,2022-02,2025-10,2026-07,238.78,238.78,6.79,55,2026-06,FlashReport_June_2026.pdf
1478,617905,,,Construction of 4 lane ROB with approaches in lieu of LC No. RV-172 at km 176.00 of NH-201 present NH-26 at Kesinga including land acquisition in the state of Odisha on EPC mode under Annual Plan 2021-22,Odisha,MoRTH,2021-12,2025-05,2026-10,324.09,324.09,88.48,70.09,2026-06,FlashReport_June_2026.pdf
1479,617920,,,Widening and Strengthening to 2LPS including LA from km 318.970 to 353.450 Balikuda-Mulkani Section of NH-55 under NHO in Annual Plan 2022-23 in the State of Odisha. Job No. NH-55-OD-2022-23-656,Odisha,MoRTH,2022-01,2027-06,2027-06,511.54,511.54,0,3,2026-06,FlashReport_June_2026.pdf
1480,617921,,,Widening and strengthening to 2LPS including LA of Kandarpur-Balikuda from km 277/500 to 318/970 of NH-55 in the State of Odisha under Annual Plan 2021-22.,Odisha,MoRTH,2022-03,2025-06,2026-11,499.79,499.79,131.36,60.65,2026-06,FlashReport_June_2026.pdf
1481,617922,,,Construction of Jharsuguda Bypass including Land acqusition on NH-49 from km 258.636 to km 283.300 design chainage 258.636 to km 289.876 under NHO in Annual Plan 2022-23 for the state of Odisha Job No.NH-49-OD-2022-23-655,Odisha,MoRTH,2021-09,2027-07,2027-07,587.1,587.1,52.51,23,2026-06,FlashReport_June_2026.pdf
1482,617923,,,Construction of Daspalla Bypass from km 195.250 To 200.635 of NH-57 including land acquisition in the state of Odisha on EPC mode under Annual Plan 2022-23.,Odisha,MoRTH,2023-02,2027-05,2027-05,155.97,155.97,50.04,25,2026-06,FlashReport_June_2026.pdf
1483,617925,,,Construction of Bypass to Khordha town from Km 294/000 to 300/300 on NH-57 including LA in the State of Odisha on EPC mode.,Odisha,MoRTH,2022-02,2024-11,2026-07,157.49,157.49,33.67,92,2026-06,FlashReport_June_2026.pdf
1484,617930,,,Construction of Bypass on NH-59 from Km 336/350 to 349/910 13.56 km near Berhampur town including 4-lane RoB in the state of Odisha.,Odisha,MoRTH,2021-03,2025-12,2026-12,196.94,196.94,59.54,70,2026-06,FlashReport_June_2026.pdf
1485,618003,,,Construction of four lane ROB and its approaches in lieu of existing Level Crossing No. RV-71 at km 435 on NH-217 New NH-353 at Khariar including land acquisition under NHO in Annual Plan 2021-22 for the state of Odisha for F.Y. 2021-22 to F.Y 2033-34,Odisha,MoRTH,2021-11,2024-12,2026-07,154.49,154.49,25.17,90,2026-06,FlashReport_June_2026.pdf
1486,618012,,,"Widening & strengthenlng to 2LPS from km 0,000 to 40.000 Dhaugaon- Podamari section of NH 326 in the State of Odisha under Annual Plan 2021.22.",Odisha,MoRTH,2022-03,2026-02,2026-12,186.52,186.52,46.39,60,2026-06,FlashReport_June_2026.pdf
1487,618079,,,Construction of Dharmagarh Bypass on NH-130C including land acquisition in the state of Odisha on EPC Mode under Annual plan 2022-23.,Odisha,MoRTH,2023-03,2026-10,2026-10,172.66,172.66,0,15,2026-06,FlashReport_June_2026.pdf
1488,618122,,,Widening to 2 lane with paved shoulded of Jareikela Jharkhand/Odisha Border - Dhabaleswar section from 0/0 to 36/0 of NH-320D in the State of Odisha under Annual Plan 2021-22.,Odisha,MoRTH,2022-03,2026-10,2026-10,172.09,172.09,0,32,2026-06,FlashReport_June_2026.pdf
1489,618523,,,Bhadrak KM 136.500 to Baleshwar KM 199.141,Odisha,NHAI,2014-11,2021-09,2026-11,844.67,1394.82,783.79,91.32,2026-06,FlashReport_June_2026.pdf
1490,618591,,,"Construction of 6-lane flyover at Ainthapali junction and a 2-lane ROB LHS on NH-53 Earlier NH-6 in Sambalpur, on EPC mode in Odisha under NHO",Odisha,NHAI,2024-03,2026-12,2026-12,374.17,211.74,106.42,50.87,2026-06,FlashReport_June_2026.pdf
1491,618592,,,"Balance work of 8 nos. of Elephant Underpasses EUPs, 1 no. of Vehicular Underpass VUP, 1 nos. of Light Vehicular Underpass LVUP, 1 nos. of Pedestrian Underpass PUP, 1 nos. of Foot Over Bridge FOB and A2 side approach of Jharpokharia Flyover at Km.215.270 in Baharagora-Singhara section of NH-49",Odisha,NHAI,2023-09,2026-05,2027-10,320.64,244.85,54.79,22.85,2026-06,FlashReport_June_2026.pdf
1492,618593,,,Balance work of Rehabilitation and Upgradation to four laning of Baharagora Singhara section of NH-49 from Km.229.727 to Km.238.990 Length 9.263 Km. including construction of five nos. of Elephant Underpasses EUP and fourteen nos. of Animal Underpasses AUP inside the buffer zone of Similipal Tiger Reserve Area in Bangriposi Ghat section in the State of Odisha on EPC Mode,Odisha,NHAI,2025-03,2027-11,2027-11,263.32,163.07,13.82,9.8,2026-06,FlashReport_June_2026.pdf
1493,618677,,,6L Greenfield Kaliagura Baunsaguar Section of NH-130-CD Road from km 249000 to km 293000 Package OD-5,Odisha,NHAI,2021-09,2024-05,2026-11,1539.75,1918.49,998.13,96.8,2026-06,FlashReport_June_2026.pdf
1494,618678,,,6L Greenfield Baunsaguar - Baraja Section of NH-130-CD Road from km 293000 to km 338500 Package OD-6,Odisha,NHAI,2021-08,2024-05,2026-07,1265.59,1635.44,969.31,99.4,2026-06,FlashReport_June_2026.pdf
1495,618680,,,6L Greenfield Kandili - Aluru Section of NH-130-CD Road from km 342500 to km 365033 Package-OD-8,Odisha,NHAI,2021-12,2024-10,2026-07,1492.74,1912.84,1064.81,99.9,2026-06,FlashReport_June_2026.pdf
1496,618704,,,6L Flyover including RE Wall approaches with Flexible Pavement in the Elephant Corridor of Angul Sambalpur Section of NH-42 New NH-55 Km.202.533,Odisha,NHAI,2023-09,2027-01,2026-07,150.86,106.32,106.14,99.99,2026-06,FlashReport_June_2026.pdf
1497,618705,,,"4L Godibandha to Ballhar Chhak, Ballhar Chhak to Banarpal & Banarpal to Start of Angul bypass at Km.314.130 to Km.321.035 of NH53, at Km.75.200 to Km.84.000 of NH149 & at Km.84.000 to Km.86.100 of NH55",Odisha,NHAI,2024-12,2028-02,2028-02,973.12,973.12,238.15,4.2,2026-06,FlashReport_June_2026.pdf
1498,618820,,,Rehabilitation and Up gradation from 4 to 8 laning of Chandikhole Paradip Section of NH-53 Old NH 5A from Km.39.000 to Km.60.00 Package-3,Odisha,NHAI,2023-03,2025-12,2027-02,861.84,938.55,390.03,91.8,2026-06,FlashReport_June_2026.pdf
1499,618821,,,Rehabilitation and Up gradation from 4 to 8 laning of Chandikhole Paradip Section of NH-53 Old NH 5A from Km 18.00 to Km 39.00 in the State of Odisha on HAM mode Package-2,Odisha,NHAI,2023-03,2025-12,2026-08,920.47,950.4,421.6,91,2026-06,FlashReport_June_2026.pdf
1500,618822,,,Rehabilitation and Up gradation from 4 to 8 laning of Chandikhole Paradip Section of NH-53 Old NH 5A from Km.0.00 to Km.18.00Package-1,Odisha,NHAI,2023-03,2025-12,2026-08,929.91,869.45,398.91,92.3,2026-06,FlashReport_June_2026.pdf
1501,618908,,,3L Major Bridge over River Brahmani at Km. 401.250 Duburi - Chandikhole Section of NH-200 New NH -53,Odisha,NHAI,2022-04,2025-01,2027-09,153.61,103.68,73.59,38,2026-06,FlashReport_June_2026.pdf
1502,619109,,,6L of Badakumari - Karki Section from Km 179.000 to km 226.500 of NH-130-CD Package OD-3,Odisha,NHAI,2021-03,2024-04,2026-07,1101.76,1374.43,713.4,99.7,2026-06,FlashReport_June_2026.pdf
1503,619118,,,Four Laning of Angul to Sambalpur from Km.112.000 to Km.265.000,Odisha,NHAI,2016-09,2019-08,2026-07,2510.04,2632.91,2459.45,99.98,2026-06,FlashReport_June_2026.pdf
1504,619119,,,Cuttack-Angul Section of NH-42 New NH-55 from km 0.400 to km 60.200 Pkg-I in the State of Odisha,Odisha,NHAI,2017-10,2020-07,2026-09,999.32,1178.31,1128.44,99,2026-06,FlashReport_June_2026.pdf
1505,619157,,,4 Laning of Talcher to end of Kamakhyanagar Bypass km 8.844 - km 15.725 of NH- 149 and km 301.875 - km 335.946 of NH-53 Pkg-I,Odisha,NHAI,2018-01,2021-08,2026-10,795.18,810.71,713.62,99,2026-06,FlashReport_June_2026.pdf
1506,619158,,,4 Laning of Duburi Chandikhole from km 388.376 to km 428.074 Pkg-III,Odisha,NHAI,2018-01,2022-08,2026-10,789,907.61,724.86,86,2026-06,FlashReport_June_2026.pdf
1507,619181,,,Rehabilitation and Up gradation from 4 to 8 laning of Chandikhole Paradip Section of NH-53 Old NH 5A from Km.60.000 to Km.76.646 Package-4,Odisha,NHAI,2023-03,2026-10,2027-10,882.45,1009.92,196.63,33.02,2026-06,FlashReport_June_2026.pdf
1508,619213,,,6L of Hatibena - Badakumari Section from Km 146.50 to km 179.00 of NH-130-CD Package OD-2,Odisha,NHAI,2021-02,2024-03,2026-07,791.17,1070.63,733.58,99.95,2026-06,FlashReport_June_2026.pdf
1509,619215,,,Cuttack-Angul Section of NH-42 New NH-55 from Km.60.200 to Km. 112.000 Pkg-II in the State of Odisha,Odisha,NHAI,2017-10,2020-09,2026-09,991.41,1168.82,1083.76,99.66,2026-06,FlashReport_June_2026.pdf
1510,618010,,,Development to 4-lane with paved shoulder for the road section Talwandi Sabo- Raman road to refinery Road junction with Bathinda Dabwali Road of NH-254 from existing Km 131.600 to Km 155.650 Design Km 131600 to km 155600 in the State of Punjab. Job No NH-254-PB-2022-23-565,Punjab,MoRTH,2023-03,2026-11,2026-11,546.67,546.67,0,45,2026-06,FlashReport_June_2026.pdf
1511,618023,,,Work of Widening/upgradation of 2-Lane with paved shoulder of Sri Muktsar Sahib to Malout road from Km 279.400 to Km 307.060 section of NH-354 in the State of Punjab on EPC mode. Job No. NH-354-PB-2021-22-555,Punjab,MoRTH,2022-03,2025-04,2026-03,152.58,152.58,0,100,2026-06,FlashReport_June_2026.pdf
1512,618024,,,Up-gradation to two lane with paved shoulder configuration of NH-354 Section Arifkes- Ferozepur-Muktsar-Malaut from Km 201.500 to Km 212.500 & Km 229.690 to Km 269.960 and strengthening of existing pavement from Km 212.500 to Km 229.690 excluding Km 218.500 to 223.690 of NH-354 on EPC Mode in the State of Punjab. Job No. NH-354-PB-2020-21-532,Punjab,MoRTH,2021-03,2025-04,2026-09,263.19,263.19,0,83,2026-06,FlashReport_June_2026.pdf
1513,618488,,,Delhi-Amritsar-Katra Expressway Phase-I Pkg-VIII from Junction with Ludhiana- Malerkotla SH-11 near Bhogiwal village to Junction with Ludhiana-Moga road NH-5 near Mullanpur Dakha Km 225770 to km 260860,Punjab,NHAI,2020-12,2025-03,2026-12,1895.74,2034.94,1274.51,31.08,2026-06,FlashReport_June_2026.pdf
1514,618489,,,Delhi-Amritsar-Katra Expressway Phase-I Pkg-IX from Junction with Ludhiana-Moga road NH-5 near Mullanpur Dakha to Junction with Jalandhar - Moga road NH-703 near Kang Sahibu village Km 260860 to km 303900,Punjab,NHAI,2020-12,2024-07,2027-03,1851.47,2407.14,1934.7,73.35,2026-06,FlashReport_June_2026.pdf
1515,618490,,,Delhi-Amritsar-Katra Expressway Phase-I Pkg-X from Jn. with Jalandhar - Moga road NH-703 to Jn. with Jalandhar-Kapurthala road NH-703A and to Jn. with Kapurthala - Sultanpur Lodhi road NH-703A km 000 to km 24000 to Amritsar connectivity,Punjab,NHAI,2020-12,2024-07,2026-07,2177.54,2062.74,1524.23,62.99,2026-06,FlashReport_June_2026.pdf
1516,618491,,,Delhi-Amritsar-Katra Expressway Phase-I Pkg-XI from Junction with Jalandhar - Kapurthala road NH-703A near khojewal village to Junction with Amritsar-Mehta- SriHargobindpur-Tanda road NH-503A near SriHargobindpur Km 319400 to km 362420,Punjab,NHAI,2021-03,2024-11,2026-12,2175.35,2206.71,1377.13,43.45,2026-06,FlashReport_June_2026.pdf
1517,618492,,,Delhi-Amritsar-Katra Expressway Phase-I Pkg-XII from Junction with Amritsar-Mehta- SriHargobindpur-Tanda road NH-503A near SriHargobindpur to Junction with Pathankot-Gurdaspur road NH-54 near Gurdaspur Km 362420 to km 397700,Punjab,NHAI,2021-03,2027-02,2027-06,1734.18,1538.47,773.53,27.52,2026-06,FlashReport_June_2026.pdf
1518,618493,,,Delhi-Amritsar-Katra Expressway Phase-I Spur-I from Jn. with Kapurthala - Sultanpur Lodhi Road NH-703A near Isharwal village to Jn. with Kapurthala - Tarn Taran road NH-703AA near Goinwal Sahib [Km 24000 to Km 41000 of Amritsar connectivity],Punjab,NHAI,2021-12,2026-04,2028-03,2165.23,1519.6,603.8,33.49,2026-06,FlashReport_June_2026.pdf
1519,618551,,,Greenfield connectivity from Govindsar village on Delhi Amritsar Katra Expressway to Talwara village on NH-44 Pathankot by-pass,Punjab,NHAI,2024-11,2027-07,2027-07,666.81,690.47,215.06,28.5,2026-06,FlashReport_June_2026.pdf
1520,618552,,,Development of 6L Greenfield Jalandhar Bypass starting from Kahlwan NH-03 ending at Kang Sahbu NH-703 via Sarmastpur NH-44 - Madara NH-03 - Khajurla NH-44,Punjab,NHAI,2021-03,2025-01,2027-06,1754.84,2167.39,1252.02,54.01,2026-06,FlashReport_June_2026.pdf
1521,618610,,,6L of Jodhpur Romana Bathinda - Mandi Dabwali Punjab Haryana Border section of NH-54 from km. 0.000 to km. 27.400 of NH-54,Punjab,NHAI,2020-05,2025-08,2026-07,789.26,1318.91,688.68,99,2026-06,FlashReport_June_2026.pdf
1522,618617,,,6L Amritsar-Bathinda Greenfield section from village Tiba on NE-5A to Jn. with Moga Jalandhar road NH-703 near Dharamkot from km 0.000 to km 39.000 of NH-754A Pkg-1,Punjab,NHAI,2021-03,2024-11,2027-12,1229.38,1549.32,969.03,71.6,2026-06,FlashReport_June_2026.pdf
1523,618618,,,6L Amritsar-Bathinda Greenfield section from Jn. with Bhagta Bhai Ka-Bhadaur Road near Dyalpura Bhai Ka to Jn. with Mandi Dabwali Bathinda Road on NH-54 near Sangat Kalan from km 93.000 to km 154.866 of NH-754A Pkg-3,Punjab,NHAI,2021-03,2026-06,2027-07,2029.17,2677.23,1440.11,72,2026-06,FlashReport_June_2026.pdf
1524,618647,,,6L Access Controlled Ludhiana-Bathinda Greenfield highway from Jn. with Amritsar- Bathanda Greenfield Road NH-754A near Rampura Phul to Jn. with Moga-Barnala Road NH-703 near village Tallewal from Km 0.0 to Km 30.3 of NH-754AD Pkg-1,Punjab,NHAI,2021-06,2025-09,2026-10,906.51,1020.52,687.75,81.5,2026-06,FlashReport_June_2026.pdf
1525,618648,,,"Development of 6-lane Greenfield Southern Ludhiana Bypass from intersection with NH-44 near Village Rajgarh to intersection with Delhi Katra Expressway NE-5 near Village Ballowal, km 0000 to km 25240",Punjab,NHAI,2024-11,2028-03,2028-03,1424.55,1424.55,145.14,3.54,2026-06,FlashReport_June_2026.pdf
1526,618764,,,Moga - Bagha Purana - Bajakhana from km. 0.00 to km. 43.32,Punjab,NHAI,2020-05,2024-12,2026-12,1032.59,1264.17,787.04,76,2026-06,FlashReport_June_2026.pdf
1527,618776,,,4L of Greenfield section from Sirhind to Mohali,Punjab,NHAI,2022-03,2025-05,2026-09,1237.65,1301.15,1383.52,96.78,2026-06,FlashReport_June_2026.pdf
1528,618785,,,4/6L Greenfield LudhianaRupnagar highway from Jn. with NE-5 village near to ManewalLudhiana to Jn. with NH-205 near Bheora Village Rupnagar from Km 66.0 to Km 91.0 i/c spur to Kharar from Km 0.0 to Km 19.5 with Ludhiana bypass of NH-205K Pkg-3,Punjab,NHAI,2021-07,2025-02,2026-12,1501.02,1815.13,1158.7,79.86,2026-06,FlashReport_June_2026.pdf
1529,618786,,,4L of Phagwara - Hoshiarpur,Punjab,NHAI,2022-11,2027-03,2027-07,1196.38,1503.79,535.6,20.03,2026-06,FlashReport_June_2026.pdf
1530,618793,,,4L of Fazilka to Abohar section of NH-07 including construction of Greenfield Abohar & Fazilka Bypasses,Punjab,NHAI,2023-03,2026-04,2027-07,1409.88,1674.04,881.3,67,2026-06,FlashReport_June_2026.pdf
1531,618794,,,Amritsarairport Junction - Ramdas from km. 100.835 to km. 139.813 Pkg - IV,Punjab,NHAI,2020-12,2023-09,2026-09,524.88,416.58,394.14,96,2026-06,FlashReport_June_2026.pdf
1532,618795,,,Amritsar Bypass Pkg III from km. 71.496 to km. 105.158,Punjab,NHAI,2021-02,2024-08,2026-12,1474.77,1228.42,1222.73,82.3,2026-06,FlashReport_June_2026.pdf
1533,618809,,,4L of Beas-Mehta-Batala-Dera Baba Nanak from intersection with Jalandhar-Amritsar Highway NH-3 near Beas till start of Batala Bypass near Village Acchhal from Km. 0.000 to Km. 31.300 Pkg-1,Punjab,NHAI,2021-08,2025-06,2027-05,809.51,966.99,669.72,67.8,2026-06,FlashReport_June_2026.pdf
1534,618810,,,4L of existing Beas Baba Bakala - Dera Baba Nanak Section from start of Batala Bypass till intersection with Ajnala Gurdaspur Highway NH 354 near Dera Baba Nanak from Km. 31.300 to Km. 69.100 with Additional batala Bypass Pkg-II,Punjab,NHAI,2021-10,2025-06,2027-03,1003.38,993.6,792.5,80.7,2026-06,FlashReport_June_2026.pdf
1535,618906,,,4L of Amritsar-Ghoman - Tanda - Una Section from Km 8.270 to Km 54.000 of NH- 503A Package-I,Punjab,NHAI,2020-12,2024-06,2027-03,857.91,1443.47,754.44,68.4,2026-06,FlashReport_June_2026.pdf
1536,619099,,,6L Amritsar-Bathinda Greenfield section from Jn. with Moga Jalandhar road NH-703 near Dharamkot to Jn. with Bhagta Bhai Ka-Bhadaur Road near Dyalpura Bhai Ka from km 39.000 to km 93.000 of NH-754A Pkg-2,Punjab,NHAI,2021-03,2026-06,2027-06,1801.37,2172.71,1268.39,64.6,2026-06,FlashReport_June_2026.pdf
1537,619105,,,6L Access Controlled Ludhiana-Bathinda Greenfield highway from Jn. with Moga- Barnala Road NH-703 near village Tallewal to Jn. with Delhi-Katra Expressway NE-5 near Ludhiana village Ballowal from Km 30.300 to Km 75.543 of NH-754AD Pkg-2,Punjab,NHAI,2021-07,2027-09,2027-09,1555.13,1564.66,698.87,23.56,2026-06,FlashReport_June_2026.pdf
1538,619200,,,Delhi-Amritsar-Katra Expressway Phase-I Spur-III from Junction with Amritsar- Jalandhar road NH-3 near Bhishambarpura to Junction with Amritsar-Anjala road NH- 354 near Amritsar Airport [Km 71000 to Km 99000 of Amritsar connectivity],Punjab,NHAI,2021-03,2024-10,2027-10,1641.75,1951.7,1345.26,33.58,2026-06,FlashReport_June_2026.pdf
1539,619318,,,4/6L Greenfield Ludhiana Rupnagar highway from Jn. with NE-5 village near to ManewalLudhiana to Jn. with NH-205 near Bheora Village Rupnagar from Km. 0.00 to Km. 37.7 including spur to Kharar with Ludhiana bypass of NH-205K Pkg-1,Punjab,NHAI,2021-05,2024-12,2027-12,1368.91,1382.48,530.32,15.31,2026-06,FlashReport_June_2026.pdf
1540,617887,,,Beawer Gomti 4LPS from km 58.245 to km 108.600 Pkg-I,Rajasthan,MoRTH,2020-12,2023-10,2026-07,379.23,379.23,206.48,100,2026-06,FlashReport_June_2026.pdf
1541,617901,,,Widening of Pachpadra-Bagundi Section to 4 Lane from Km 73/60 to 95/70 of NH-25 on EPC mode in the state of Rajasthan.,Rajasthan,MoRTH,2022-01,2024-12,2026-07,194.88,194.88,55.29,98.58,2026-06,FlashReport_June_2026.pdf
1542,618011,,,Construction of 2 lane with paved shoulder for the work of Development of remaining sections of NH-325 Balotra to sanderao via Jalore to 2 lane with paved shoulder configuration by Construction of Byasses for town portions1 Asotra- Brahmdham bypass 2Siwana Bypass 3 Mokalsar Bypass 4 Major realignment at Kathadi 5 Major realignment at Bishangarh 6 Jalore Bypass 7 Ahore Town portion 8 Dujana Bypass in the state of Rajasthan on EPC Mode,Rajasthan,MoRTH,2021-12,2024-05,2026-10,411.44,411.44,85.69,91.36,2026-06,FlashReport_June_2026.pdf
1543,618069,,,Upgradation to Two-lane with paved shoulder of Hanumangarh to Kenchiyan section from Km 0.000existing chainage-Km 23.200 to Km 49.605existing chainage-Km 74.645 of NH-54 in the State of Rajasthan on EPC mode.,Rajasthan,MoRTH,2022-03,2026-10,2026-10,334.64,334.64,0,70,2026-06,FlashReport_June_2026.pdf
1544,618092,,,Up-gradation to 2 lane with paved shoulder from Neechli Oden Nathdwara at Design Km 88.800 existing km 55.95 to Bhatewar at Design Km 142.028 existing km 0.00 of NH-162E in the State of Rajasthan on EPC mode.,Rajasthan,MoRTH,2023-02,2026-10,2026-10,606.61,606.61,0,60.39,2026-06,FlashReport_June_2026.pdf
1545,618117,,,Upgradation to 2-Lane with Paved Shoulder from Design Km 36300 to Design Chainage 47918 and from Design Ch 69900 to Design Ch 83940 of NH-248A Natni Ka Bara in the State of Rajasthan on EPC Mode.,Rajasthan,MoRTH,2024-02,2026-05,2026-08,154.89,154.89,15.13,23,2026-06,FlashReport_June_2026.pdf
1546,618200,,,Construction of 2 lane with Paved Shoulder for Northern Bypass Phase-II of Kota city in the State of Rajasthan.,Rajasthan,MoRTH,2022-03,2025-04,2026-11,317.74,317.74,6.14,48.9,2026-06,FlashReport_June_2026.pdf
1547,618235,,,Balance work of Rehabilitation and Up-gradation to 4-Lane configuration of Ras- Beawar Section Km 00.000 to km 30.050 of NH-158 in the State of Rajasthan under Green National Highway Corridor Project GNHCP.,Rajasthan,MoRTH,2025-01,2026-12,2026-12,278.1,278.1,82.5,53.45,2026-06,FlashReport_June_2026.pdf
1548,618457,,,Delhi-Vadodara Greenfield Alignment NH-148N Pkg-10 Ch. 292.950 to Ch. 319.400 [End of Interchange on NH-166 near village Mui to Hardeoganj village near Indergarh],Rajasthan,NHAI,2019-11,2023-05,2026-08,1272.97,1265.16,1150.12,95.25,2026-06,FlashReport_June_2026.pdf
1549,618458,,,Delhi-Vadodara Greenfield Alignment NH-148N Pkg-15 Ch. 419.000 to Ch.427.300 [Junction with NH-12 near village Ummedpura to Major bridge over Takli river near Nayagaon Jageer village],Rajasthan,NHAI,2020-07,2024-01,2026-07,1854.68,1854.68,1495.49,95.52,2026-06,FlashReport_June_2026.pdf
1550,618611,,,Sangariya near Chautala-Rasisar near Bikaner section of NH-754K Phase-I AJ/SR- Package-7,Rajasthan,NHAI,2019-02,2023-06,2026-07,520.63,548.42,450.58,100,2026-06,FlashReport_June_2026.pdf
1551,618612,,,Deogarh near Dhandhaniya-Rajasthan/Gujarat Border Phase-I AJ/DRGB-Package-6,Rajasthan,NHAI,2019-10,2023-08,2026-07,846.59,740.62,704.71,100,2026-06,FlashReport_June_2026.pdf
1552,618613,,,Deogarh near Dhandhaniya-Rajasthan/Gujarat Border Phase-I AJ/DRGB-Package-7,Rajasthan,NHAI,2019-10,2023-07,2026-07,662.08,597.77,561,99.2,2026-06,FlashReport_June_2026.pdf
1553,618757,,,6L access controlled Highway from Km 40080 to Km 86513 Mator to Barodameo Section,Rajasthan,NHAI,2022-09,2026-03,2027-06,2010.2,1565.88,708.28,37.27,2026-06,FlashReport_June_2026.pdf
1554,618758,,,6L accesscontrolled highway from km 0000 to km 40080 Paniyala to Mator Section of Paniyala-Barodameo ICR,Rajasthan,NHAI,2022-09,2026-09,2026-09,1764.86,1239.24,558.32,41.25,2026-06,FlashReport_June_2026.pdf
1555,618796,,,Tanot -Ramgarh-Bhadasar-Jaisalmer NH-68 and BhadasarMokal-Sarkaritala up to Pakisthan Border NH-968 Pkg-BM/5,Rajasthan,NHAI,2018-02,2021-04,2026-07,828.58,830.37,694.47,100,2026-06,FlashReport_June_2026.pdf
1556,618797,,,Mayjilar Jaisalmer with Jaisalmer Bypass Link Road Section of NH-11 Part of BM-7 & Sundra Myajilar Ambsingh ki Dhani Road part of Munabao Tanot project NH-70,Rajasthan,NHAI,2025-03,2027-12,2027-12,1237.71,927.02,76.97,18.56,2026-06,FlashReport_June_2026.pdf
1557,618838,,,4L of Karwar Km. 281.980 of NH-62 Nagaur road to Dangiyavas of Jodhpur Ring Road Pkg-II,Rajasthan,NHAI,2021-11,2024-08,2026-07,736.75,512.77,470.4,100,2026-06,FlashReport_June_2026.pdf
1558,618853,,,Construction of Four lane Elevated Structure at Raniwada Circle in Sanchore City on NH-68,Rajasthan,NHAI,2024-01,2026-07,2026-07,353.3,241.34,184.84,86.18,2026-06,FlashReport_June_2026.pdf
1559,619251,,,Construction of two lane with paved shoulder of Ghatol Bypass from km 133.250 to km 140.950 of NH-56 old NH No. 113 on EPC mode in the State of Rajasthan.,Rajasthan,MoRTH,2025-03,2027-09,,170.49,170.49,0,11,2026-06,FlashReport_June_2026.pdf
1560,619270,,,"Upgradation of 6 laned Jaipur- Kishangarh section of NH-48 from km 274100 to 363885 involving construction of flyovers and Service road in Rajasthan On Engineering, Procurement & Construction EPC Mode",Rajasthan,NHAI,2026-03,2029-01,,910.91,910.91,0,0,2026-06,FlashReport_June_2026.pdf
1561,619271,,,Construction of Elevated Corridor at Kherwara Town on Udaipur Ratanpur Shamlaji Section of NH-48 in Udaipur District in the State of Rajasthan on EPC mode,Rajasthan,NHAI,2026-03,2029-01,,363.89,363.89,0.38,0,2026-06,FlashReport_June_2026.pdf
1562,618071,,,Construction of two lane with paved shoulder Gangtok Bypass Road from Ranipool to Burtuk Ch 0.00 Km to 23.316 L23.316 Km in the State of Sikkim,Sikkim,MoRTH,2021-10,2024-05,2026-12,385.15,342.89,0,90,2026-06,FlashReport_June_2026.pdf
1563,618426,,,Construction/Up gradation of Existing road to 2 Lane with Paved Shoulder including Geometric Improvement from Ranipool to Pakyong Balance work from Km 2.000 to 16.167 of NH-717-A on EPC basis under SARDP-NE Phase A in the State of Sikkim,Sikkim,NHIDCL,2018-03,2024-07,2026-12,264.84,380.94,0.17,87.03,2026-06,FlashReport_June_2026.pdf
1564,618428,,,Realignment of NH-717A from Design Ch.0.00 Km 77.800 of NH-10 to Design Ch.2.00 Km 3.100 of NH-717A with two lane paved shoulder including Major Bridge of 680 m in the State of Sikkim on EPC Mode-COS work,Sikkim,NHIDCL,2021-01,2023-04,2026-05,264.84,380.94,70.7,100,2026-06,FlashReport_June_2026.pdf
1565,618446,,,Construction & Upgradation of existing road to 2-lane with paved shoulder from New Rolep Bridge at km 37.600 to Chochenpheri at km 52.00 in the section of Rongli to Chochenpheri of NH 717B Pkg-II C,Sikkim,NHIDCL,2020-10,2024-05,2026-09,493.42,478.79,0.03,79.13,2026-06,FlashReport_June_2026.pdf
1566,618447,,,Construction of 2-Laning with Paved Shoulder of New Greenfield Alignment From Helipad near Menla at Km 82000 to Menla at Km 94030 of Rhenock-Menla Spur NH- 717B Package-IIIB on EPC Basis under SARDP-NE Phase 'A' in the State of Sikkim.,Sikkim,NHIDCL,2021-01,2024-02,2027-05,410.6,379.3,0,82.64,2026-06,FlashReport_June_2026.pdf
1567,618448,,,Construction of 2-Laning with Paved Shoulder of New Greenfield Alignment From Chochenpheri at Km 52000 to Helipad near Menla at Km 82000 of Rhenock-Menla Spur NH-717B Package-IIIA on EPC Basis under SARDP-NE Phase 'A' in the State of Sikkim.,Sikkim,NHIDCL,2020-10,2023-12,2027-05,816.79,786.6,32.28,64.31,2026-06,FlashReport_June_2026.pdf
1568,618449,,,Construction & Upgradation of existing road to 2-lane with paved shoulder from km27.200 End of Rongli bypass to km37.600New Rolep Bridge of Rhenok-Menla spur NH-717B on EPC Mode under SARDP-NE Phase-A in Sikkim Pkg-II B,Sikkim,NHIDCL,2020-07,2023-04,2026-09,230.45,244.91,0,86.19,2026-06,FlashReport_June_2026.pdf
1569,618450,,,Rehabilitation & Upgradation of existing road to 2-lane with paved shoulder including geometric improvement of section from start of Rabangla km33.600 to km58.840 under SARDP-NE Phase A Pkg- IV,Sikkim,NHIDCL,2020-07,2022-05,2026-12,292.8,292.8,1.91,65.15,2026-06,FlashReport_June_2026.pdf
1570,617962,,,"Construction of Bypass to Madurai Achambathu Viratipathu in between km 6/850 10/382 of NH 49 Extn New NH 85 including Land Acquisition on Engineering, Procurement & Construction EPC basis Contract under NH O Annual Plan 2021-22 in the state of Tamil Nadu job No.NH-49 Extn New NH 85 - TN-2021-22-997",Tamil Nadu,MoRTH,2022-03,2026-08,2026-08,238.97,260.07,126.43,94,2026-06,FlashReport_June_2026.pdf
1571,618478,,,Bangalore Chennai Expressway Phase-III Package II Walajahpet to Arakkonam from Km 180.000 to Km 204.500,Tamil Nadu,NHAI,2021-01,2024-07,2026-08,1106.65,1106.65,591.91,93.04,2026-06,FlashReport_June_2026.pdf
1572,618479,,,Bangalore Chennai Expressway Phase-III Package III Arakkonam to Kancheepuram from Km 204.500 to Km 230.000,Tamil Nadu,NHAI,2020-12,2024-07,2027-12,1525.1,1525.1,360.65,53.56,2026-06,FlashReport_June_2026.pdf
1573,618480,,,Construction of Trumpet Interchange Connecting Bangalore Chennai Expressway km.261705 to km. 262800 with Maduravoyal to Walajapet Section of NH 48 near Sriperumbudur Toll Plaza at km. 35700,Tamil Nadu,NHAI,2023-05,2025-08,2026-10,162.55,162.56,52.47,38.52,2026-06,FlashReport_June_2026.pdf
1574,618481,,,4L Bangalore-Chennai Expressway from Km. 230.000 to Km. 261.705 of Kanchepuram to Sriperumbudur Section Phase-III/Package-IV,Tamil Nadu,NHAI,2021-02,2024-07,2026-10,3605.73,3605.73,930.29,89.97,2026-06,FlashReport_June_2026.pdf
1575,618521,,,Karaipettai to Walajapet from Km 71.015 to 107.091,Tamil Nadu,NHAI,2018-08,2021-02,2026-07,766.51,766.51,613.5,93.55,2026-06,FlashReport_June_2026.pdf
1576,618522,,,Balance Works for six laning of Sriperumbudur to karaipettai section of NH-4 New NH- 48 from 37000 Existing Km 37000 to Km 71015 Existing Km 71000 in Tamilnadu on EPC mode underNHDP Phase-V,Tamil Nadu,NHAI,2024-06,2026-10,2027-03,411.16,411.16,134.48,36.64,2026-06,FlashReport_June_2026.pdf
1577,618561,,,Improving the Alignment of Thoppur Ghat Section from Km 158.500 to Km 165.100 in Dharmapuri - Salem Section of NH-44,Tamil Nadu,NHAI,2024-03,2028-03,2028-03,904.99,731.09,209.58,45.13,2026-06,FlashReport_June_2026.pdf
1578,618563,,,4L of Madurai Ring Road Phase 1 [Vadipatti-Thamrapatti] from km 0.00 - km 29.960,Tamil Nadu,NHAI,2018-12,2022-03,2026-07,900.05,900.05,903.4,99.25,2026-06,FlashReport_June_2026.pdf
1579,618608,,,4L of left-over works including additional structures from Kerala/Tamil Nadu border to Kanyakumari Section from Km 43.0 to Km 96.174 of NH66,Tamil Nadu,NHAI,2022-11,2025-08,2026-11,1564.23,1263.42,961.9,80.68,2026-06,FlashReport_June_2026.pdf
1580,618635,,,6L of Pondavakkam to Kannigaipair from km 96.040 to km 116.100 of NH 716B Pkg- IV,Tamil Nadu,NHAI,2021-02,2025-01,2027-12,1359.81,1359.81,409.22,40.88,2026-06,FlashReport_June_2026.pdf
1581,618744,,,4L of Thirumangalam to Vadugapatti section from km 0.000 to km 36.000 of NH-744,Tamil Nadu,NHAI,2022-03,2025-02,2026-07,1076.97,791.6,679.49,95.51,2026-06,FlashReport_June_2026.pdf
1582,618756,,,Melur - Pilayarpatti - Karaikudi from km 99.920 of NH 38 to km 12.9 of NH 383 Ext.,Tamil Nadu,NHAI,2018-12,2022-03,2026-07,1103.86,1085.41,956.43,97.32,2026-06,FlashReport_June_2026.pdf
1583,618800,,,Construction of New Double Tier 4L Elevated Corridor from Chennai Port to Maduravoyal in Chennai District from km -0.342 to Km 20.593 and Package II from Km 4.604 to Km 9.700,Tamil Nadu,NHAI,2023-03,2026-05,2029-03,1616.97,1616.97,239.48,18.13,2026-06,FlashReport_June_2026.pdf
1584,618801,,,Construction of New Double Tier 4-lane Elevated Corridor from Chennai Port to Maduravoyal in Chennai District from Km -0342 to Km 20223 Package 1 from Km - 0342 to Km 4604,Tamil Nadu,NHAI,2023-03,2026-05,2029-03,1388.59,1388.59,268.23,22.8,2026-06,FlashReport_June_2026.pdf
1585,618846,,,Poondiyankuppam Km.67.000 to Sattanathapuram Km.123.800,Tamil Nadu,NHAI,2018-03,2024-01,2026-09,2565.63,2319.35,1207.03,99.8,2026-06,FlashReport_June_2026.pdf
1586,618894,,,4L of Madathukulam - Pollachi from km. 74.38 to km. 116.95 of old NH-209 New NH- 83,Tamil Nadu,NHAI,2019-01,2022-12,2026-07,1772.13,1772.13,1061.26,95.52,2026-06,FlashReport_June_2026.pdf
1587,618895,,,Kamalapuram to Oddanchatram from km. 0.00 to km. 35.822,Tamil Nadu,NHAI,2019-01,2023-01,2026-08,1319.42,1319.42,649.69,92.49,2026-06,FlashReport_June_2026.pdf
1588,618898,,,Balance Works for Four laning of Vikravandi to Sethiyathope section from Km 0.0 to Km 65.96 of NH-45C in Tamil Nadu under NHDP Phase-IV on EPC mode,Tamil Nadu,NHAI,2025-01,2027-06,2027-06,1163.17,834.46,235.05,33.64,2026-06,FlashReport_June_2026.pdf
1589,618899,,,Kallagam km.38.700 to Meensurutti Km.98.433 of NH-227 in Tamil Nadu,Tamil Nadu,NHAI,2018-02,2021-04,2026-07,1499.12,1499.12,1111.8,100,2026-06,FlashReport_June_2026.pdf
1590,619045,,,Construction of New Double Tier 4L Elevated Corridor from Chennai Port to Maduravoyal in Chennai District from km -0.342 to Km 20.593 and Package IV from Km 14.185 to Km 20.593,Tamil Nadu,NHAI,2023-03,2026-05,2029-03,1205.4,1210.21,86,8.58,2026-06,FlashReport_June_2026.pdf
1591,619074,,,6-laning of Krishnagiri Km.0.000 to Walajahpet Km.148.300 section on NH-46 under NHDP-V,Tamil Nadu,NHAI,2009-12,2013-12,2026-07,1673.17,781.74,701.37,99.99,2026-06,FlashReport_June_2026.pdf
1592,619086,,,Chengapalli km 102.035 to Neelambur Km144.680 and Madukkarai Km 170.880 to Walayar K183.010 Package No. NS-2/BOT/TN-08,Tamil Nadu,NHAI,2009-10,2013-03,2026-10,852,285.55,6.93,100,2026-06,FlashReport_June_2026.pdf
1593,619094,,,Thorapalli - Agraharam - Jittandahalli Section from km 23.350 to km 60.100 [Hosur to Dhamrapuri Pkg-2],Tamil Nadu,NHAI,2019-02,2023-12,2026-12,1243.57,1272.11,827.88,77.57,2026-06,FlashReport_June_2026.pdf
1594,619113,,,4L of Padalur - Trichy section from km. 285.00 to km. 325.00 of NH - 45 Pkg VI-C,Tamil Nadu,NHAI,2005-12,2009-05,2026-02,555.8,235.8,235.51,100,2026-06,FlashReport_June_2026.pdf
1595,619129,,,Mahabalipuram - Pondicherry Pkg-I [Mamallapuram to Mugaiyur],Tamil Nadu,NHAI,2019-02,2024-05,2027-01,1360.54,1477.94,897.36,58.65,2026-06,FlashReport_June_2026.pdf
1596,619130,,,Mahabalipuram - Pondicherry Pkg-II [Mugaiyur to Marakkanam],Tamil Nadu,NHAI,2019-02,2025-12,2027-03,1116.13,1463.75,771.85,53.41,2026-06,FlashReport_June_2026.pdf
1597,619131,,,Four Laning of Chettikulam to Natham section of NH-785,Tamil Nadu,NHAI,2018-03,2020-11,2026-06,837.61,823.93,641.93,99.75,2026-06,FlashReport_June_2026.pdf
1598,619139,,,Construction of New Double Tier 4L Elevated Corridor from Chennai Port to Maduravoyal in Chennai District from km -0.342 to Km 20.593 and Package III from Km 9.700 to Km 14.185,Tamil Nadu,NHAI,2023-03,2026-05,2029-03,1299.36,1299.36,189.12,17.24,2026-06,FlashReport_June_2026.pdf
1599,619156,,,4 Laning of Paramakudi to Ramanathapuram Section of NH-87 Old NH-49,Tamil Nadu,NHAI,2025-07,2028-05,2028-06,1853.16,1853.16,159.26,0,2026-06,FlashReport_June_2026.pdf
1600,619161,,,Access Controlled Highway of 4 Lane with Paved Shoulders from Tiruvallur Design Chainage Km 1756 to TN/AP Broder Design Chainage Km 6151 of NH-716 Chennai- Tirupati Package-1,Tamil Nadu,NHAI,2024-03,2026-12,2027-03,1376.1,1247.7,180.68,40.8,2026-06,FlashReport_June_2026.pdf
1601,619222,,,"Balance works of four lane from km 43.950 Thiruvallur Bypass to km 61.470 Veppampattu Bypass passing through Thannerkulam, Thozur and Sevapet Bypass 17.520 kms of Tirupathi- Tiruttani- Chennai section of NH 205",Tamil Nadu,NHAI,2022-03,2024-09,2026-07,467.99,699.68,594.43,97.92,2026-06,FlashReport_June_2026.pdf
1602,617913,,,6-laning of km 9.900 to km 19/948 Aramgarh to Shamshabad Section of Hyderabad- Bangalore section of NH-44 Under NHO EPC basis in the state of Telangana,Telangana,MoRTH,2018-01,2020-05,2026-06,283.15,300.7,480.41,92.62,2026-06,FlashReport_June_2026.pdf
1603,617936,,,Widening to two/four lane with paved shoulder from Km.180.600 to Km.223.000 of NH-63 on Nizamabad-Jagadalpur road on EPC mode under NHO in the state of Telangana.,Telangana,MoRTH,2016-10,2019-03,,253.99,183.26,0,100,2026-06,FlashReport_June_2026.pdf
1604,617939,,,6-Laning of Pune-Hyderabad Section of NH-65 from Km 493/0 to Km 524/0 from Sangareddy X Roads to Madinaguda in the State of Telangana,Telangana,MoRTH,2023-03,2026-07,2026-08,1297.75,1297.75,0,44.73,2026-06,FlashReport_June_2026.pdf
1605,617940,,,"Rehabilitation and Upgradation of LB-Nagar to Malkapur section to 6-Lane main carriageway with service roads, drains cum footpath, including VUPs and widening of Minor bridge & road safety provisions from Km. 15/00 to Km 40/00 of NH-65 Old NH-9 under NH O for the year 2020-21 in the state of Telangana on EPC Mode.",Telangana,MoRTH,2021-03,2024-07,2026-07,545.11,545.11,290.36,82.28,2026-06,FlashReport_June_2026.pdf
1606,617980,,,Construction of six lane elevated corridor from km 7.950 Uppal to km 14.200 of NH- 163 to De-Congest the urban limits of Hyderabad-Bhoopalapatnam section on EPC mode in the state of Telangana,Telangana,MoRTH,2018-03,2020-07,2026-10,626.76,626.76,19.3,53.01,2026-06,FlashReport_June_2026.pdf
1607,617983,,,Widening & Strengthening of Existing 2LPS to 4 lane PS from Km 150000 to Km 159000 and Km 165400 to Km 186000 of NH-163 old NH-202 under NH O for the year 2020-21 on EPC Mode in the state of Telangana.,Telangana,MoRTH,2021-03,2024-07,2026-07,317.19,300.56,190.76,90,2026-06,FlashReport_June_2026.pdf
1608,617994,,,Rehabilitation and upgradation of NH-167 from design km 113.900 to 154.479 Mallepally Haliya section to two lane with paved shoulders on EPC mode in the stte of Telangana,Telangana,MoRTH,2018-02,2019-11,2025-12,294.13,257.61,244.16,88.22,2026-06,FlashReport_June_2026.pdf
1609,617995,,,Widening to Two Lane with Paved Shoulders from Km 67.000 to Km 114.425 of Kalwakurthy- Mallapally Section of NH 167 Erstwhile section of SH 18 in the State of Telangana on EPC mode under NH O Annual Plan 2016-17,Telangana,MoRTH,2017-01,2019-05,2026-12,300,300,175.12,99.2,2026-06,FlashReport_June_2026.pdf
1610,618001,,,"Construction of 4-lane flyover at Amberpet-X road, Hyderabad on NH-202 in the State of Telangana",Telangana,MoRTH,2018-05,2023-06,2026-06,216.53,265.88,172.02,92.1,2026-06,FlashReport_June_2026.pdf
1611,618025,,,Rehabiitation and upgradation from km 121/000 to 154/000 Nakrekal to Mallampally section of NH-365 to 2 lane with paved shoulders in the state of Telangana in the EPC mode,Telangana,MoRTH,2018-03,2019-12,2026-09,192.67,192.67,141.82,96,2026-06,FlashReport_June_2026.pdf
1612,618091,,,Widening to two lane with paved shoulders from Km 0/000 to Km 45/946 of Nizampet- Narayankhed-bidar section of NH-161B in the state of Telangana under Annual Plan 2021-22 on EPC mode under NHO,Telangana,MoRTH,2022-03,2026-02,2027-03,512.98,512.98,151.45,46,2026-06,FlashReport_June_2026.pdf
1613,618104,,,Widening to two lane with paved shoulders from Km 0/000 to Km 79/300 of Kalwakurthy - Kollapur section of NH-167K in the state of Telangana under annual plan 2021-22 on EPC mode under NHO.,Telangana,MoRTH,2022-03,2025-07,2026-07,886.69,886.69,620.25,86.74,2026-06,FlashReport_June_2026.pdf
1614,618105,,,Widening and strengthening to 4 lane / 2-lane with paved shoulders of Mahabubnagar - Chincholi section from km 60/255 to Km 102/834 of NH-167N in the State of Telangana on EPC mode.,Telangana,MoRTH,2022-03,2025-10,2026-11,631.49,631.49,125.34,30.8,2026-06,FlashReport_June_2026.pdf
1615,618106,,,Widening and Strengthening to 2/4 lane with paved shoulders of Mahabubnagar Chincholi section from Km 0/0 to Km 60/255 of NH-167N in the state of Telangana under Annual plan 2021-22 on EPC modepackage-I under NHO Job No.167N-TS- 2021-22-75,Telangana,MoRTH,2022-01,2025-01,2026-05,703.68,703.68,304.65,90.69,2026-06,FlashReport_June_2026.pdf
1616,618130,,,Widening to 2 lane with paved shoulders from 0.00 to 32.970 ofAdilabadto Bela section of NH 353B in the State of Telangana,Telangana,MoRTH,2022-10,2026-05,2026-11,490.92,490.92,0,77.79,2026-06,FlashReport_June_2026.pdf
1617,618140,,,Widening to two/four lane with paved shoulders from Km.34.250 to Km.71.830 of NH- 365A on Kodad-Khammam-Kurvi road.,Telangana,MoRTH,2022-10,2027-01,2027-01,445.76,445.76,18.32,9.39,2026-06,FlashReport_June_2026.pdf
1618,618141,,,Widening and Improvement of existing carriage way to 2 lane with paved shoulders from Km. 86/160 to 131/730 of Jangaon-Duddeda section of NH-365B in the State of Telangana on EPC Mode,Telangana,MoRTH,2022-01,2024-12,2026-12,423.48,423.48,184.83,77.77,2026-06,FlashReport_June_2026.pdf
1619,618182,,,Widening to Two lane with paved shoulders from 106/830 to 158/496 of Yellareddy- Rudrur Section of NH-765D in the state of Telangana on EPC mode under NHO under Annual plan 2022-23,Telangana,MoRTH,2022-10,2026-07,2026-07,499.88,499.88,197.25,66.68,2026-06,FlashReport_June_2026.pdf
1620,618183,,,Widening to 2 lane with paved shoulders from Km 62/920 to km 106/830 of Medak - Yellareddy section in the State of Telangana under Annual Plan 2022-23 on EPC mode under NHO,Telangana,MoRTH,2022-10,2026-08,2026-08,399.01,399.01,0,69.6,2026-06,FlashReport_June_2026.pdf
1621,618186,,,"Rehabilitation and Up-gradation of Valigonda to Thorrur Section to Two Lane with Paved Shoulders from Km 39.180 to Km 108.300 of NH-930P in the State of Telangana on Engineering, Procurement and Construction EPC Basis",Telangana,MoRTH,2022-01,2024-12,2026-09,549.28,549.28,325.77,94.68,2026-06,FlashReport_June_2026.pdf
1622,618190,,,Widening to two lane with paved shoulders of 'Bodhan Basar Bhainsa ' section from Km 38/900 to 95/300 of NH-161BB in the state of Telangana under Annual Plan 2021- 22 on EPC Mode under NH O.,Telangana,MoRTH,2022-03,2025-03,2026-07,644.45,644.45,403.3,98.6,2026-06,FlashReport_June_2026.pdf
1623,618196,,,Widening to 2 lane with Paved Shoulders of Siddipet-Elkathurthy section from Km 69/978 to km 133/619 of NH-765DG in the State of Telangana under Annual plan 2021-22 on EPC mode,Telangana,MoRTH,2022-01,2024-09,2026-12,578.85,578.85,0,85,2026-06,FlashReport_June_2026.pdf
1624,618197,,,Widening to 2 lane with Paved Shoulders of Medak - Siddipet section from Km 0/0 to km 69/978 of NH-765DG in the State of Telangana under Annual plan 2021-22 on EPC mode,Telangana,MoRTH,2022-01,2025-01,2026-12,882.18,882.18,383.75,74.06,2026-06,FlashReport_June_2026.pdf
1625,618558,,,Improvement of Geometrics of Kalkallu to Gundla Pochanpalli from Km 454.00 to Km 471.00 of NH-44,Telangana,NHAI,2022-03,2025-01,2027-03,955.49,903.17,454.5,36.5,2026-06,FlashReport_June_2026.pdf
1626,618559,,,6L of existing 4L from Gundlapochampally to Bowenpally from km 471.300 to km 481.331 of NH-44,Telangana,NHAI,2021-12,2024-07,2026-12,521.53,528.21,257.31,50.5,2026-06,FlashReport_June_2026.pdf
1627,618560,,,Improvement of Geometrics of Thondupally to Kothur from Km 22.300 to Km 34.14 of NH-44,Telangana,NHAI,2022-03,2024-09,2026-09,541.58,527.43,74.01,17.05,2026-06,FlashReport_June_2026.pdf
1628,618746,,,Khammam-Devarapalle Pkg I [4L Access Controlled Greenfield from Thallampadu village to Somavaram village Design Chainage 0000 to 33604],Telangana,NHAI,2021-01,2024-10,2026-10,797.36,1337.18,684.51,96.4,2026-06,FlashReport_June_2026.pdf
1629,618765,,,4L of Karimnagar-Warangal section from km 49.500 to km 117.820 of NH-563,Telangana,NHAI,2022-03,2025-07,2026-08,2146.86,2486.51,1268.13,92.4,2026-06,FlashReport_June_2026.pdf
1630,618811,,,4L Access Controlled Greenfield Highway Section Mancherial Warangal from Pangidipalle village at Design Ch. 72.350 Km to Oorugonda village at Design Ch. 112.240 KmPackage-III,Telangana,NHAI,2023-03,2027-10,2028-01,1183.71,1170.64,163.15,5,2026-06,FlashReport_June_2026.pdf
1631,618812,,,4L Access Controlled Greenfield Section Mancherial Warangal from Puttapaka village at Design Ch. 35.300 Km to Pangidipalle village at Design Ch. 72.350 KmPackage-II,Telangana,NHAI,2023-01,2027-06,2027-12,1129.33,1145.41,209.45,8.05,2026-06,FlashReport_June_2026.pdf
1632,618813,,,4L Access Controlled Greenfield Section Mancherial Warangal from Narva village at Design Ch. 3.834 Km to Puttapaka village at Design Ch. 35.300 Km Package-I,Telangana,NHAI,2023-03,2026-12,2027-10,1127.9,1104.27,160.54,10.23,2026-06,FlashReport_June_2026.pdf
1633,618814,,,4L Access Controlled Greenfield Highway section on NH163G Warangal-Khammam from Oorugonda village in Hanamkonda District at Design Ch. 112.240 Km to Venkatpur village in Warangal District at Design Ch. 150.240 KmPackage-I,Telangana,NHAI,2023-03,2027-06,2028-05,1142.6,1140.82,147.2,0,2026-06,FlashReport_June_2026.pdf
1634,618815,,,4L Access Controlled Greenfield Highway section on NH-163G Warangal-Khammam from Venkatpur village in Warangal District at Design Ch. 150.240 Km to Thallasenkesa village in Mahabubabed District at Design Ch. 189.650 kmPackage-II,Telangana,NHAI,2023-03,2026-04,2027-03,1092.88,1083.11,377.96,74.43,2026-06,FlashReport_June_2026.pdf
1635,618816,,,4L Access Controlled Greenfield Highway section on NH-163G Warangal-Khammam from Thallasenkesa village at Design Ch. 189.650 km to V.Vekatayapalem village in Khammam District at Design Ch. 220.480 KmPackage-III,Telangana,NHAI,2023-03,2027-07,2027-07,1105.25,1098.05,168.17,10.06,2026-06,FlashReport_June_2026.pdf
1636,618817,,,4L Access Controlled Greenfield Highway section on NH-163G Khammam Vijayawada from V. Venkatayapalem village at Design Ch. 220.480 Km to BrahmanapalliK village at Design Ch. 250.400 Km Package-I.,Telangana,NHAI,2023-03,2027-03,2027-06,973.45,1021.96,270.95,44,2026-06,FlashReport_June_2026.pdf
1637,618944,,,Hyderabad - Maneguda,Telangana,NHAI,2021-10,2026-11,2027-05,958.86,1218.49,408.06,21.84,2026-06,FlashReport_June_2026.pdf
1638,618945,,,4L of Kodad Design Km 0.00/Existing Km 185.00 of NH-65 to Khammam Design Km 31.800/Existing Km 29.400 of NH-365A,Telangana,NHAI,2021-01,2024-05,2026-07,1149.17,1606.99,871.58,99.98,2026-06,FlashReport_June_2026.pdf
1639,619009,,,Upgradation to Two Lane with Paved Shoulders from Km 0.000 to Km 41.920 Green Field Alignment of Gowrelly to Valigonda Section of NH-930P in the State of Telangana on EPC Mode under Annual Plan 2022-23,Telangana,MoRTH,2022-11,2028-04,2028-03,690.33,690.33,0,0,2026-06,FlashReport_June_2026.pdf
1640,619128,,,Khammam-Devarapalle Pkg II [4L Access Controlled Greenfield from Somavaram village to Chintagudem village Design Chainage 33604 to 63117],Telangana,NHAI,2021-01,2024-09,2026-07,615.78,981.64,524.03,98.02,2026-06,FlashReport_June_2026.pdf
1641,619165,,,Thanamcherla-Jamandlapally 2LPS,Telangana,NHAI,2013-11,2023-02,2026-07,177.18,18.65,8.3,100,2026-06,FlashReport_June_2026.pdf
1642,619193,,,Rehabilitation and upgradation of NH-221 from km 121/0 to 165/0 Rudrampur to Bhadrachalam section to two lane with paved shoulder under NHDPIV in the state of Telangana through EPC mode,Telangana,MoRTH,2015-01,2017-02,2026-07,295.47,334.82,375.14,82.76,2026-06,FlashReport_June_2026.pdf
1643,619253,,,Construction of 4 lane Bypass to Nalgonda Town lrorn Km 000 Existing Ch. 181590 to Km 14.00 Existing Ch. 28/685 ol Nakrekal to Nagarjunsagar Section of NH -565 in the State of Telangara on EPC under Annual Plan 2024 -25,Telangana,MoRTH,2024-10,2027-10,2027-10,516.17,516.17,0,49.34,2026-06,FlashReport_June_2026.pdf
1644,618307,,,Rehabilitation and up-gradation of road from km 16.077 to km 43.935 total length 27.858 km of Lalchara-Kanchanpur section via Shivbari on NH-44A to 2 lane with paved shoulder in the state of Tripura on EPC Mode Pkg-2 under BharatMala Pariyojana Manu-Simlung -2,Tripura,NHIDCL,2022-02,2025-01,2026-01,456.88,456.88,0,54.56,2026-06,FlashReport_June_2026.pdf
1645,618350,,,Improvement & widening of existing NH-08 to 4-lane with Paved Shoulder from Champak Nagar to Khayerpur section design Km 242500 to Km 261610 in the state of Tripura on EPC basis under NHO-NE,Tripura,NHIDCL,2023-12,2026-09,2027-03,920.66,920.66,0,48.3,2026-06,FlashReport_June_2026.pdf
1646,618367,,,Improvement and Widening to 2-lane with paved shoulder of road from design Km 72.000 Pati Chhari to design Km 107.654 Harina Total length 35.654 Km on Teliamura to Harina section of NH 208 in the state of Tripura on EPC mode under JICA ODA Loan Phase VI Package-4,Tripura,NHIDCL,2024-01,2026-12,2027-06,726.9,726.9,259.36,9.33,2026-06,FlashReport_June_2026.pdf
1647,618368,,,Improvement and Widening to 2-lane with paved shoulder of road from design Km 36.000 Rangamati to design Km 72.000 Pati Chhari Total length 36.000 Km on Teliamura to Harina section of NH 208 in the state of Tripura on EPC mode under JICA ODA Loan Phase VI Package-3,Tripura,NHIDCL,2024-01,2026-09,2027-05,670.9,670.9,0,14.5,2026-06,FlashReport_June_2026.pdf
1648,618369,,,Improvement and Widening to 2-lane with paved shoulder of road from existing Km 438.170 Khowai Chowmuhani to existing Km 439.410 South Pulinpur of NH-08 and from design Km 0.000 South Pulinpur to design Km 36.00 near Rangamati of NH 208 on Khowai Teliamura- Harina section Total length 37.24 in the state of Tripura on EPC mode under JICA ODA Loan Phase VI Package-2,Tripura,NHIDCL,2024-01,2026-09,2027-03,657.21,657.21,0,60.5,2026-06,FlashReport_June_2026.pdf
1649,618370,,,Improvement and Widening to 2-lane with paved shoulder of road from Km 101.300 to km 127.319 Total Length 26.019 Km i.e. the Khowai Teliamura-Amarpur-Harina- Sabroom section of NH 208 in the state of Tripura on EPC under JICA ODA Loan Phase VI Package-1,Tripura,NHIDCL,2024-01,2026-07,2027-04,431.78,431.78,0,63.15,2026-06,FlashReport_June_2026.pdf
1650,618385,,,Rehabilitation and up-gradation of road from design km 25.250 to km 36.460 Total lengh 11.210 km of Kailashahar-Kurti Bridge section on NH-208A to 2-lane with paved shoulder on EPC basis under NHO Package-III- Balance Work,Tripura,NHIDCL,2020-02,2026-03,2026-03,174.43,174.43,0,41.9,2026-06,FlashReport_June_2026.pdf
1651,618411,,,Melaghar-Srimantapur section on NH-08 Spur from Km 23 to Km 34.500 11.5 Km and overlay from Km 20.30 to Km 22.00 1.7 Km Total Length 13.2 Km,Tripura,NHIDCL,2023-01,2024-11,2026-08,195.95,195.95,92.61,72.48,2026-06,FlashReport_June_2026.pdf
1652,618417,,,"Construction of 4-Lane with paved shoulder Agartala bypass Western side, length 25.402 km connecting NH-8 near Amtali to NH-108B near Lembuchhera in the state of Tripura on EPC basis under NHO-NE",Tripura,NHIDCL,2023-03,2027-03,2027-03,2026.05,2026.05,487.38,9.2,2026-06,FlashReport_June_2026.pdf
1653,617963,,,Rehabilitation and upgradation to four lane road from km 70.500 to km 78.600 of NH- 92 under EPC mode in the State of Uttar Pradesh,Uttar Pradesh,MoRTH,2022-01,2027-01,2027-07,296.02,351.78,0,33,2026-06,FlashReport_June_2026.pdf
1654,617964,,,"Widening to Four Lane rigid pavement configuration from Km 90.00 to Km 100.800 on NH-96 Km 42.0 to Km 53.300 as per new NH-330,design length of 11.300 km under EPC mode in the state of Uttar Pradesh.",Uttar Pradesh,MoRTH,2022-12,2026-11,2026-11,309.63,309.63,38.08,31,2026-06,FlashReport_June_2026.pdf
1655,618009,,,Balance work of Construction of Ring Road for Raebareli City on eastern side of NH- 24B Phase-1 on EPC mode.,Uttar Pradesh,MoRTH,2019-12,2022-04,2026-09,319.96,347.8,0,95,2026-06,FlashReport_June_2026.pdf
1656,618054,,,Construction of Balrampur bypass with 2L flexible pavement configuration from km.223.000 of NH-330 to km.328.300 of NH-730 under EPC mode,Uttar Pradesh,MoRTH,2022-12,2026-02,2026-08,515.69,515.69,118.72,54,2026-06,FlashReport_June_2026.pdf
1657,618055,,,Construction of Pratapgarh Bypass Extension connecting NH-31 to NH-330 on EPC mode in the State of Uttar Pradesh.,Uttar Pradesh,MoRTH,2022-10,2025-06,2026-09,225.17,225.17,0,75,2026-06,FlashReport_June_2026.pdf
1658,618056,,,Improvement and Up-gradation to two Lane with Paved Shoulder Configuration from existing km. 420.00 Shohrathgarh to km. 454.00 Uska Bazar of NH-730 in the state of Uttar Pradesh EPC basis,Uttar Pradesh,MoRTH,2022-01,2025-09,2026-12,509.65,484.42,115.2,60,2026-06,FlashReport_June_2026.pdf
1659,618057,,,Construction of Shohratgarh Bypass on NH-730 under EPC mode in the State of Uttar Pradesh,Uttar Pradesh,MoRTH,2022-10,2025-05,2026-12,189.31,189.31,0,52,2026-06,FlashReport_June_2026.pdf
1660,618063,,,Widening & Strenghteningof section from Bharthana chowk to Kodarkoot km.0.00 to km.40.00 of NH-91-A on EPC mode,Uttar Pradesh,MoRTH,2020-03,2024-09,2026-09,262.37,343.77,115.38,94,2026-06,FlashReport_June_2026.pdf
1661,618066,,,Construction of Amethi bypass Part-II at km.30.050 of NH-931 under EPC mode in the state of Uttar Pradesh,Uttar Pradesh,MoRTH,2022-12,2027-02,2027-02,283.86,283.86,38.69,48,2026-06,FlashReport_June_2026.pdf
1662,618067,,,"Rehabilitation & Up-gradation from design Km. 0.000 to Km. 69.280 of NH-931 Pratapgarh - Amethi - Gauriganj -Musafirkhana to two lane with paved shoulder on Engineering, Procurement & Construction EpC mode in the State of Uttar Pradesh",Uttar Pradesh,MoRTH,2023-05,2027-11,2027-11,1086.3,1086.3,0,9,2026-06,FlashReport_June_2026.pdf
1663,618075,,,Construction of two lane with paved shoulder from existing Km.0.000 to Km.55.610 design km. 0.000 to km. 54.048 of NH-124D,Uttar Pradesh,MoRTH,2021-12,2026-02,2026-09,840.93,773.58,204.84,75,2026-06,FlashReport_June_2026.pdf
1664,618081,,,Construction of Mariahu Bypass with four lane paved shoulder configuration Km. 53.540 to Km.59.200 of NH-135A on EPC mode in the state of Uttar Pradesh,Uttar Pradesh,MoRTH,2023-03,2026-02,2026-09,438.24,362.39,0,55,2026-06,FlashReport_June_2026.pdf
1665,618082,,,Widening & Upgradation to four lane configuration from Km.34.900 Bhadohi to km.73.134 Jaunpur of NH-135A on EPC mode,Uttar Pradesh,MoRTH,2021-03,2024-05,2026-09,395.62,392.03,0,94,2026-06,FlashReport_June_2026.pdf
1666,618111,,,Improvement and upgradation to two lane with paved shoulder configuration from existing km 90.00 to 130.00 Design length 39.15 of NH-227A near Sikriganj to Barhalganj in the State of UP on EPC Mode.,Uttar Pradesh,MoRTH,2021-08,2025-06,2026-07,403.36,345.34,0,96,2026-06,FlashReport_June_2026.pdf
1667,618112,,,"Improvement and up-gradation of NH-227B 84 Kosi Parikrama Marg Package I, from km 228.920 Jagarnathpur to Km 235.960/0.000 MakhaudaDham to Km 29.000 Sarpur in the State of Uttar Pradesh on EPC basis",Uttar Pradesh,MoRTH,2022-03,2026-11,2026-11,912.5,912.5,1.9,7,2026-06,FlashReport_June_2026.pdf
1668,618113,,,"Improvement and up-gradation of NH-227B 84 Kosi Parikrama Marg Package III, from Km.47.800 Gosaiganj to Km.73.300 Bikapur in the State of Uttar Pradesh on EPC basis.",Uttar Pradesh,MoRTH,2022-03,2026-11,2026-11,587.97,587.97,61.19,43.46,2026-06,FlashReport_June_2026.pdf
1669,618114,,,"Improvement and up-gradation of NH-227B 84 Kosi Parikrama Marg PackageV, from Design Km.140.960 Patranga to Km.160.200 Bahuvan Madar Majha on EPC mode in the State of Uttar Pradesh",Uttar Pradesh,MoRTH,2023-03,2028-08,2028-08,1192.33,1192.33,0,4,2026-06,FlashReport_June_2026.pdf
1670,618116,,,lmprovement and Up-gradation from Km. 73.300 Bikapur to Km.140.960 Patranga of NH-227B 84 Kosi Parikrama Marg to 2LPS along with Parikrama Path,Uttar Pradesh,MoRTH,2022-11,2028-01,2028-01,1679.75,1679.75,142.53,40.45,2026-06,FlashReport_June_2026.pdf
1671,618124,,,Rehabilitation and upgradation from km 51.600 to km 75.700 of NH-321G Nuhkhas to Etah section to two lane with paved shoulder configuration under EPC mode in the State of Uttar Pradesh,Uttar Pradesh,MoRTH,2022-01,2025-08,2026-09,343.54,343.54,84.43,65,2026-06,FlashReport_June_2026.pdf
1672,618162,,,"Improvement and up-gradation to 2LPS of NH-227B 84-Kosi Parikrama Marg PackageVI, Design Km 160200 Bahuvan Madar Majha to Km 224040 Jagarnathpur under HAM",Uttar Pradesh,MoRTH,2023-05,2028-01,2028-01,2008.7,2008.7,0,18,2026-06,FlashReport_June_2026.pdf
1673,618163,,,"Rehabilitation and Up-gradation from km. 0000 to km.40390 of NH-730S MaharajganjNichloulThuthibari to two lane with paved shoulders in the State of U.P. on Engineering, Procurement & Construction EPC Basis.",Uttar Pradesh,MoRTH,2023-03,2025-12,2026-12,809.25,603.19,0,59,2026-06,FlashReport_June_2026.pdf
1674,618164,,,Construction of four lane highway with paved shoulder from Km.74.700 to Km.112.950 of NH-731A i/c Yamuna Bridge on HAM in the state of Uttar Pradesh.,Uttar Pradesh,MoRTH,2022-03,2026-06,2026-07,1141.67,1157.31,0,91,2026-06,FlashReport_June_2026.pdf
1675,618165,,,Construction of 4-lane highway with paved shoulders from Km 49.155 to Km 74.700 of NH-731A on Hybrid Annuity Mode in the state of Uttar Pradesh,Uttar Pradesh,MoRTH,2022-01,2026-01,2026-07,1156.72,1156.72,0,100,2026-06,FlashReport_June_2026.pdf
1676,618166,,,Construction of 4-lane green field highway from Km. 35.000 to Km. 49.155 of NH- 731A with paved shoulders on Hybrid Annuity Mode in the state of Uttar Pradesh,Uttar Pradesh,MoRTH,2022-01,2025-10,2026-07,697.66,697.66,0.04,100,2026-06,FlashReport_June_2026.pdf
1677,618168,,,Widening to four lane with paved shoulder from Design Km.49.200 to Km.89.285 of NH-731B on EPC mode in the state of Uttar Pradesh,Uttar Pradesh,MoRTH,2022-03,2026-01,2027-01,917.91,965.3,134.41,56,2026-06,FlashReport_June_2026.pdf
1678,618169,,,Construction of Two Lane with paved shoulder highway from Design Ch.0.000 to Ch.49.2OO of NH-731B on EPC Mode,Uttar Pradesh,MoRTH,2022-03,2025-11,2026-07,640.18,602.76,265.25,97.68,2026-06,FlashReport_June_2026.pdf
1679,618187,,,"Rehabilitation and upgradation of Salon - Jais - Jagdishpur Road section of NH-931A, from design Chainage km 0.000 to km 5.740 to four lane divided carriageway and from design Chainage km 5.740 to km 53.500 to two lane with paved Total length km 53.500 along with One time improvement in 04 no's of realigned/bypassed built-up areas in a total length of 9.732 km in the state of Uttar Pradesh on EPC mode",Uttar Pradesh,MoRTH,2023-05,2027-10,2027-10,947.15,947.15,0,8,2026-06,FlashReport_June_2026.pdf
1680,618233,,,Construction of 6-lane bridge on Ganga on NH-96 and its approaches in Phaphamau Allahabad on EPC mode,Uttar Pradesh,MoRTH,2018-07,2024-02,2026-09,1948.25,1465.41,0,90.2,2026-06,FlashReport_June_2026.pdf
1681,618240,,,Rehabilitation and upgradation to 2-lane with paved sholuders configuration of Bewar- naer Karri village section Km0.00 to Km30.00 Pakage-I of NH-92 in state of Uttar Pradesh undergreen national Highway Corridor Project GNHCP with the loan assistance of world Bank on EPC mode.,Uttar Pradesh,MoRTH,2020-04,2024-03,2026-07,236.47,236.47,0,100,2026-06,FlashReport_June_2026.pdf
1682,618243,,,Construction of Basti Ring Road Phase-I with 4L configuration for Basti City in the state of Uttar Pradesh on HAM mode,Uttar Pradesh,MoRTH,2022-12,2027-06,2027-06,1138.72,1138.72,0.07,35,2026-06,FlashReport_June_2026.pdf
1683,618244,,,Construction of Raebareli Ring Road Phase-2 with four Lane configuration for Raebareli City in the state of Uttar Pradesh on Hybrid Annuity Model HAM basis,Uttar Pradesh,MoRTH,2022-03,2027-05,2027-05,1273.72,1273.72,0,54,2026-06,FlashReport_June_2026.pdf
1684,618247,,,Construction of 4 lane Mirzapur bypass including bridge over river Ganga from km 0.000 to km 15.000 of NH 135A in the State of Uttar Pradesh on HAM Mode.,Uttar Pradesh,MoRTH,2024-03,2029-01,2029-01,1708.62,1708.62,0,5.5,2026-06,FlashReport_June_2026.pdf
1685,618248,,,Widening to 4 lane from km. 139.00 to km 179.20 of NH-135A Pkg-III Jaunpur Akbarpur section and Akbarpur bypass on Hybrid Annuity Mode in the state of Uttar Pradesh.,Uttar Pradesh,MoRTH,2023-05,2028-01,2028-01,1653.15,1653.15,0,21.06,2026-06,FlashReport_June_2026.pdf
1686,618249,,,Widening to 4 lane from km. 108.50 to km 139.00 of NH-135A Pkg-II Jaunpur Akbarpur section on Hybrid Annuity Mode in the state of Uttar Pradesh,Uttar Pradesh,MoRTH,2023-03,2027-03,2027-03,1511.57,1511.57,0,36.02,2026-06,FlashReport_June_2026.pdf
1687,618252,,,"Improvement and Up-gradation to two Lane with Paved Shoulder/Four Lane configuration from existing Km 130.000 to Km 191.000 design km 131.500 to Km 188.735, Design length 57.235 Km of NH-227A near Barhalganj to Mehrauna Ghat in the state of Uttar Pradesh on Hybrid Annuity Model HAM basis",Uttar Pradesh,MoRTH,2022-01,2027-05,2027-05,974.19,1344.61,0.99,58,2026-06,FlashReport_June_2026.pdf
1688,618260,,,"Construction of Salempur bypass to 4LPS from km 64.000 of NH-727A Km 171.00 of Sonauli Balia Marg, old SH-01, near Mahadahan Chauraha to km 61.500 of NH-727B Km 178.500 of Sonauli Balia Marg, old SH-01, near near Ahirauli Village under Hybrid Annuity Mode HAM in the State of Uttar Pradesh",Uttar Pradesh,MoRTH,2022-03,2027-11,2027-11,1348.06,1348.06,0,35,2026-06,FlashReport_June_2026.pdf
1689,618262,,,Construction of Deoria Bypass from existing Km. 27.140 to existing Km. 46.780 Design Km. 49.109 on NH727A Design length 21.969 Km. to four lane with paved shoulder configuration under Hybrid Annuity Mode HAM in the State of Uttar Pradesh,Uttar Pradesh,MoRTH,2023-03,2027-07,2027-07,1734.7,1734.7,0,10,2026-06,FlashReport_June_2026.pdf
1690,618263,,,"Rehabilitation and Up-gradation to 2LPS from Km. 0.000 to Km. 7.800 and Km. 35.400 to Km. 52.345 Design length 24.745 Km., except Bihar portion of NH-727B Tamkuhiraj to Bihar Border and Bihar Border to Majhauli on EPC mode in the State of Uttar Pradesh",Uttar Pradesh,MoRTH,2023-03,2026-07,2026-08,701.02,701.02,0,81.18,2026-06,FlashReport_June_2026.pdf
1691,618264,,,"Widening and Strengthening to two Lane with Paved Shoulder/Four Lane with paved shoulder configuration from km. 61.500 of NH-727B near Nawalpur km 178.500 of Sonauli Balia Marg, Old SH-01 i.e. end point of Salempur Bypass to km. 106.495 of NH-727B near Sikanderpur under EPC mode",Uttar Pradesh,MoRTH,2023-05,2028-05,2028-05,2061.86,2061.86,0,37,2026-06,FlashReport_June_2026.pdf
1692,618265,,,Rehabilitation and upgradation to 2-lane with paved sholuders configuration of Miranpur Katra to radhaita section of NH-730CKm.114.000 to Km 137.250pakage-III in state of Uttar Pradesh undergreen national Highway Corridor ProjectGNHCP with the loan assistance of world Bank on EPC mode.,Uttar Pradesh,MoRTH,2020-04,2024-07,2026-08,172.5,169.56,0,91,2026-06,FlashReport_June_2026.pdf
1693,618266,,,Rehabilitation and upgradation to 2-lane with paved sholuders configuration of Bewar- Allahaganj- section of NH-730C Km.0.000 to Km 52.770 pakage-I in state of Uttar Pradesh undergreen national Highway Corridor Project GNHCP with the loan assistance of world Bank on EPC mode.,Uttar Pradesh,MoRTH,2020-04,2024-11,2026-08,325.24,340.16,0,99,2026-06,FlashReport_June_2026.pdf
1694,618267,,,Widening/Upgradation to four lane configuration of Shahjahanpur-Bisalpur section from km 0.00 to km 47.026 of NH-731K on Hybrid Annuity Mode in the state of Uttar Pradesh.,Uttar Pradesh,MoRTH,2023-03,2028-05,2028-05,1590.2,1590.2,0,0,2026-06,FlashReport_June_2026.pdf
1695,618499,,,6L Elevated Kanpur - Lucknow Exeressway Pkg-1 from Km. 10980 to Km. 28500,Uttar Pradesh,NHAI,2021-12,2025-07,2026-07,1972.94,1943.27,770.81,100,2026-06,FlashReport_June_2026.pdf
1696,618500,,,Construction of 4L Connector from Delhi Meerut Expressway Km 50.000 of Pkg IV to Km 8.520 of NH-235 Pkg-5,Uttar Pradesh,NHAI,2021-09,2024-03,2026-07,1081.39,1116.19,442.98,78,2026-06,FlashReport_June_2026.pdf
1697,618529,,,Varanasi Ring Road Pkg-II connecting Sandaha Village km 11.70 / NH-29 with Revasa Village km 818.80 / NH-2,Uttar Pradesh,NHAI,2017-12,2022-02,2026-10,1991.71,1832.66,1750.54,96.15,2026-06,FlashReport_June_2026.pdf
1698,618536,,,Construction of Ring Road around Kanpur from Ch.68.650 to Ch.93.209 Jarkala to Pakari Package-IV in State of Uttar Pradesh.,Uttar Pradesh,NHAI,2023-02,2027-06,2027-06,1603.53,1192.16,249.74,37.65,2026-06,FlashReport_June_2026.pdf
1699,618537,,,Construction of Ring Road around Kanpur from Km.000 to Km. 23.325 Chachendi Sachendi I to Maharajpur Package-I,Uttar Pradesh,NHAI,2023-01,2026-06,2027-02,1753.75,1311.7,453.73,61.21,2026-06,FlashReport_June_2026.pdf
1700,618538,,,Construction of Ring Road around kanpur from Ch.51.200 to Ch. 68.650 Badarka to Harbanch-Uchti Pkg-III,Uttar Pradesh,NHAI,2023-09,2027-07,2027-07,1792.68,1126.75,261.94,32.78,2026-06,FlashReport_June_2026.pdf
1701,618539,,,Construction of Ring Road Kanpur from Ch. 32.090 to Ch.51.200 Transganaga to Sathara Package-II B,Uttar Pradesh,NHAI,2024-08,2027-09,2027-09,1089.41,1106.92,48.77,17.25,2026-06,FlashReport_June_2026.pdf
1702,618540,,,Construction of Ring Road around Kanpur from Ch.23.325 to Ch.32.090 Chaudhariya to Transganga Package-IIA,Uttar Pradesh,NHAI,2024-08,2027-10,2028-04,1089.41,977.45,249.69,49.1,2026-06,FlashReport_June_2026.pdf
1703,618554,,,Construction of left out portion of Agra Inner Ring Road connecting village Deori to NH-44 village Bad from Km. 0.000 to Km. 7.772,Uttar Pradesh,NHAI,2022-07,2024-09,2026-08,879.26,787.58,629.11,93.8,2026-06,FlashReport_June_2026.pdf
1704,618566,,,4L Green Field Northern East side Gorakhpur Bypass 26.616 Kms starting from NH- 29E Chainage 83.308 and end at NH-28 Chainage 285.100,Uttar Pradesh,NHAI,2023-02,2026-01,2027-01,1973.98,1244.44,1010.31,72,2026-06,FlashReport_June_2026.pdf
1705,618567,,,4/6L of Northern Ayodhya Bypass starting Km. 112.540 and ending Km. 139.928 north of existing NH-27 part-1 and part-2 south of NH-27 from km 0.000 to km 5.000.,Uttar Pradesh,NHAI,2024-08,2028-01,2028-01,2289.34,1834.25,268.81,33.12,2026-06,FlashReport_June_2026.pdf
1706,618568,,,4/6L Southern Ayodhya Bypass from Km 5.000 to Km 37.172 starting near Km. 112.540 and ending at Km. 153.281 of NH-27,Uttar Pradesh,NHAI,2024-08,2027-09,2027-09,2541.13,1983.05,312.39,39.03,2026-06,FlashReport_June_2026.pdf
1707,618669,,,4 -Laning of MP/UP Border to Kabarai section of NH-34&35 from km 197.000 to km 242.991 Length 45.991 Km Sagar-Kabrai Package-5 under Bharat Mala Pariyojana EC in MP & UP on HAM,Uttar Pradesh,NHAI,2022-10,2027-02,2027-01,1632.93,1425.43,529.81,60.02,2026-06,FlashReport_June_2026.pdf
1708,618690,,,"4 lanning of Aligarh Palwal section from km 0.00 to km 46.39 package -1 from khereshwar junction-kurana of NH33D , including khair & jattari bypass in the state of UP on HAM mode",Uttar Pradesh,NHAI,2024-03,2027-03,2027-03,1663.38,1685.69,553.34,19.5,2026-06,FlashReport_June_2026.pdf
1709,618692,,,Aligarh-Kanpur Pkg I [Aligarh-Bhadwas],Uttar Pradesh,NHAI,2018-03,2022-06,2026-08,1226.64,2069.6,1359.14,100,2026-06,FlashReport_June_2026.pdf
1710,618710,,,DL/UP Border - EPE Crossing Pkg-02,Uttar Pradesh,NHAI,2020-09,2023-11,2026-07,2002.79,1889.78,1739.68,100,2026-06,FlashReport_June_2026.pdf
1711,618722,,,6L access Controlled Greenfield Highway from Gogwan Jalalpur Shamli to Ranipur Barsi Saharanpur of Shamli -Ambala section Package-I Design Ch. Form km 00.600 to km 45.500,Uttar Pradesh,NHAI,2022-06,2025-05,2027-03,1843.59,1247.55,759.25,67.4,2026-06,FlashReport_June_2026.pdf
1712,618761,,,4L Spur of Meerut-Garh-Mukteshwar section connecting NH-119 and NH-58 bypassing Meerut Town of NH 709 A,Uttar Pradesh,NHAI,2021-10,2025-02,2026-07,991.89,977.73,861.63,96.98,2026-06,FlashReport_June_2026.pdf
1713,618768,,,Four laning of Agra-Aligarh Section from Km. 0.000 Junction of NH-34 Aligarh Km 144.60 to Km. 28.000 near Asroi village in Hathras of NH-509 Package-I,Uttar Pradesh,NHAI,2024-06,2028-03,2028-11,1309.08,1309.08,305.43,1.99,2026-06,FlashReport_June_2026.pdf
1714,618782,,,4L of Bareilly-Pilibhit-Sitarganj from Km. 0.000 to Km. 32.500 of NH-30 Pkg-1,Uttar Pradesh,NHAI,2023-02,2026-03,2027-03,1394.14,1394.14,606.2,63.4,2026-06,FlashReport_June_2026.pdf
1715,618798,,,4L of Sonauli - Gorakhpur,Uttar Pradesh,NHAI,2021-12,2025-03,2026-09,2555.5,2275.43,1326.61,89,2026-06,FlashReport_June_2026.pdf
1716,618842,,,"2L PS Greenfield bypass lalganj ajhara, mohanganj and Raniganj on Raebareli - Jaunpur Section Design km 0.00 to Km 53177 of NH-31",Uttar Pradesh,NHAI,2024-12,2028-06,,1280.68,1280.68,186.29,0,2026-06,FlashReport_June_2026.pdf
1717,618843,,,Construction of two lane with paved shoulders bypass to Mungrabadshapur town starting from near Kodahu at Km 47/225 of NH-319D and ending near Nauwadandi at Km 219/720 of NH-31 under NHO in the state of Uttar Pradesh on EPC mode,Uttar Pradesh,NHAI,2025-02,2027-03,2027-09,197.6,165.28,53.53,17.22,2026-06,FlashReport_June_2026.pdf
1718,618848,,,Construction of Underpass beneath airport runway on NH-31 old NH-56 for proposed expansion of runway of Babatpur Airport Varanasi,Uttar Pradesh,NHAI,2025-02,2027-09,2027-09,649.44,649.44,0.09,6.7,2026-06,FlashReport_June_2026.pdf
1719,618856,,,"Improvement and Up-Gradation of Existing Road to 4L PS from Km 123.650 to 175.080, from Start of Shahabad Bypass to End of Hardoi bypass of NH 731 Pkg-2B",Uttar Pradesh,NHAI,2022-09,2025-11,2027-03,1101.79,1212.26,486.98,68.8,2026-06,FlashReport_June_2026.pdf
1720,618858,,,"Improvement and Up-Gradation of Existing Road to 4L PS from Km 88.750 to 123.650, from Start of Shahjahanpur Bypass to start of Shahabad bypass of NH 731Pkg.-2A",Uttar Pradesh,NHAI,2022-09,2026-01,2027-03,955.34,955.34,348.38,70.56,2026-06,FlashReport_June_2026.pdf
1721,618859,,,"Improvement and Up-Gradation of Existing Road to 4L PS from Km 229.070 to 260.800, End of Hardoi District to Lucknow Ring road of NH 731 Pkg-4",Uttar Pradesh,NHAI,2021-09,2024-10,2026-07,575.66,553.61,390.09,99.33,2026-06,FlashReport_June_2026.pdf
1722,618866,,,"Four Lane Highway from Chandan Nagar Existing Km. 59.025 of NH 530B/Design Km. 179.5000 to Bareilly BypassStartExisting Km. 59.025 of NH 530B/Design Km. 218.000 Section of NH 530B, in the State of Uttar Pradesh on HAM Mode under NH0",Uttar Pradesh,NHAI,2024-12,2027-11,2027-11,2077,1112.44,438.93,30.3,2026-06,FlashReport_June_2026.pdf
1723,618867,,,4L Kasganj-Badaun Section from Km. 123.100 to Km. 179.500 Pkg-III of NH530B,Uttar Pradesh,NHAI,2023-03,2027-05,2027-12,2009.11,1936.61,549.05,37.03,2026-06,FlashReport_June_2026.pdf
1724,618868,,,4L from Devinagar Bypass End Existing Km. 208.000 of NH 530B/Design Km. 66.000 to Kasganj Bypass End Existing Km.150.100 of NH 530B/ Design Km. 123.100 of NH 530B,Uttar Pradesh,NHAI,2023-03,2026-06,2026-12,2289.52,2223.71,1027,70.02,2026-06,FlashReport_June_2026.pdf
1725,618869,,,"Construction of 4/6 lane Highway of Southern Bareilly Bypass, starting at Ch. 237000 of NH 530 near Jhumka chauraha, Dhantiya village and ending at Ch. 267000 of NH 30 near Invertis University including Trumpet Interchange",Uttar Pradesh,NHAI,2024-12,2028-06,2028-06,1122.02,1869.59,603.36,15.48,2026-06,FlashReport_June_2026.pdf
1726,618883,,,Construction of Four Lane Highway form Ghazipur- Ballia-UP/Bihar State Border Greenfield section of NH-31 Package I [from Hridaipur km 0.000 to Shahapur km 42.500] on EPC Mode in the state of Uttar Pradesh.,Uttar Pradesh,NHAI,2022-10,2025-07,2026-08,1706.47,1579.59,1440.46,100,2026-06,FlashReport_June_2026.pdf
1727,618884,,,Construction of Four Lane Highway from Ghazipur- Ballia-UP/Bihar State Border Greenfield section of NH-31 Package II [from Shahapur km 42.500 to Pindari km 78.150] on EPC Mode in the state of Uttar Pradesh.,Uttar Pradesh,NHAI,2022-10,2025-10,2026-07,1493.65,1311.44,757.69,96.29,2026-06,FlashReport_June_2026.pdf
1728,618885,,,Construction of Four Lane Highway from Ghazipur- Ballia-UP/Bihar State Border Greenfield section of NH-31 Package IV [from Buxur Spur of length km 17.270 on EPC Mode in the state of Uttar Pradesh.,Uttar Pradesh,NHAI,2022-10,2025-06,2026-07,617.88,549.02,282,91.1,2026-06,FlashReport_June_2026.pdf
1729,618893,,,Varanasi Gorakhpur Section Packege IV from km. 149.540 to km. 215.160 Mau- Gorakhpur,Uttar Pradesh,NHAI,2015-04,2019-10,2026-08,2966.63,3475.65,3453.91,97.35,2026-06,FlashReport_June_2026.pdf
1730,618911,,,4L Greenfield Western Side spur of Rampur-Rudrapur Section from Km 0.000 to Km 13.700 connecting NH-24 to NH-87 bypassing rampur town,Uttar Pradesh,NHAI,2021-12,2024-11,2027-02,646.27,637.83,369.67,63.79,2026-06,FlashReport_June_2026.pdf
1731,618923,,,4L Behsuma at Km 39.250 Ex. Km 39240 To Bijnor at Km 78.810 Ex. Km 86590 Design Length 39.560 Km of NH-119 Pkg-II,Uttar Pradesh,NHAI,2023-03,2026-05,2026-12,2158.2,2553.12,1195.23,70.12,2026-06,FlashReport_June_2026.pdf
1732,618924,,,2L PS of Najibabad Kotdwar section from 112.575 to Km. 138.635 of NH 119,Uttar Pradesh,NHAI,2021-10,2025-09,2026-10,188.87,99.2,50.34,55.9,2026-06,FlashReport_June_2026.pdf
1733,618925,,,Bijnor-Kotawali,Uttar Pradesh,NHAI,2021-02,2023-05,2026-07,300.58,334.48,296.47,99.02,2026-06,FlashReport_June_2026.pdf
1734,618927,,,4L of Moradabad-Thakurdwara-Kashipur Section from Km. 0.000 to Km. 38.77 of NH- 734 Pkg-II,Uttar Pradesh,NHAI,2022-10,2026-03,2027-06,2006.82,1890.05,969.49,52.68,2026-06,FlashReport_June_2026.pdf
1735,618929,,,4L of Moradabad western side spur connecting NH-734 & NH-24 from Km. 0.000 to Km. 33.200 Pkg-I,Uttar Pradesh,NHAI,2022-11,2025-09,2026-12,1841.92,1843.54,1120.76,81.48,2026-06,FlashReport_June_2026.pdf
1736,618960,,,4 Lane Inner Ring Road around Allahabad City Pkg-2 Prayagraj Southern Bypass 43.200 - 50.860,Uttar Pradesh,NHAI,2023-08,2026-06,2027-06,1377.51,1007.62,447.26,44.64,2026-06,FlashReport_June_2026.pdf
1737,618961,,,4 Lane Inner Ring Road around Allahabad City Pkg-1 Prayagraj Southern Bypass 34.400 43.200,Uttar Pradesh,NHAI,2025-02,2027-12,2027-12,775.94,498.97,42.97,18.5,2026-06,FlashReport_June_2026.pdf
1738,618968,,,6L access control Greenfield highway of Vill-Khyawari to Vill-Latifpur at Saharanpur Bypass from Km. 82.000 to Km. 119.790 Pkg-4,Uttar Pradesh,NHAI,2021-03,2024-09,2026-07,1428.19,1439.35,1394.44,99.24,2026-06,FlashReport_June_2026.pdf
1739,618970,,,6L access control Greenfield highway of Vill-Lohadda to Vill-Karaunda Mahajan from Km. 27.000 to Km. 56.500 Pkg-2,Uttar Pradesh,NHAI,2021-03,2024-09,2026-07,1335.45,1335.38,1253.61,98.06,2026-06,FlashReport_June_2026.pdf
1740,619162,,,4L of Najibabad Bypass from Km. 105.423 to Km. 118.373 excluding 2.45 Km. of NH- 74 Bypass of NH-119,Uttar Pradesh,NHAI,2022-01,2024-06,2026-07,578.02,566.9,440.68,100,2026-06,FlashReport_June_2026.pdf
1741,619168,,,6L access controlled Greenfield highway of Junction of EPE Vill.-Mavikalan to Vill.- Lohadda from Km. 0.000 to Km. 27.000 Pkg-1,Uttar Pradesh,NHAI,2021-03,2024-09,2026-07,1602.48,1497.94,1419.77,99.29,2026-06,FlashReport_June_2026.pdf
1742,619194,,,"Construction of Four Lane Gola Flyover at Km 99.850 of NH 730 Major Junction with State Highways -93 of Engineering, Procurement and Construction EPC mode in the State of Uttar Pradesh.",Uttar Pradesh,MoRTH,2025-03,2027-10,2027-10,168.05,168.05,0,2,2026-06,FlashReport_June_2026.pdf
1743,619308,,,6L access-controlled highway from Ganeshpur tonear Mohand of Ganeshpur Dehradun section from Km.0 to Km.8.3 of NH-72A Package-1,Uttar Pradesh,NHAI,2020-11,2023-10,2026-07,836.24,835.74,811.84,98.92,2026-06,FlashReport_June_2026.pdf
1744,617888,,,Landslide treatment work on NH 58 from Kodiyala Km. 266.130 to Devprayag Km. 296.925 10 location under EPC mode in the State of Uttarakhand on EPC Mode,Uttarakhand,MoRTH,2023-01,2025-02,2026-07,192.54,192.54,0,99,2026-06,FlashReport_June_2026.pdf
1745,617889,,,Treatment of landslide zone from location no. 01 to 28 km 62.860 to 152.750 on NH- 12509 in the State of Uttarakhand under EPC mode in NHO Annual Plan 2022-23,Uttarakhand,MoRTH,2022-11,2024-06,2026-07,192.22,192.22,0,98.5,2026-06,FlashReport_June_2026.pdf
1746,617890,,,Construction of Champawat Bypass with two lane with paved shoulder configuration starting from existing chainage 121.700 to existing chainage 129.450 Design Length 9.847 of NH-125 in District-Champawat in the state of Uttrakhand on EPC mode.,Uttarakhand,MoRTH,2025-02,2027-12,,220.89,220.89,0,8,2026-06,FlashReport_June_2026.pdf
1747,617929,,,Construction of 2 lane with paved shoulder of Kund Bypass from Design Km 35.130 to Km 47.700 existing Km 33.130 to Km 41.260 of NH-109 in the State of Uttarakhand,Uttarakhand,MoRTH,2018-02,2020-05,2026-12,247.41,247.41,114.6,73.5,2026-06,FlashReport_June_2026.pdf
1748,617967,,,Construction of Rudraprayag tunnel of length 900.30 MTR including approaches and one major bridge on river Alaknanda connecting NH-107/old-109 to NH-07old-58 on EPC mode in the state of Uttarakhand.,Uttarakhand,MoRTH,2021-02,2025-07,2026-07,251.88,251.88,0,99,2026-06,FlashReport_June_2026.pdf
1749,617968,,,Construction & Widening Including Augustmuni Bypass Ch-16.545 to Ch - 19.890 to 2L/PS from Km 16.545-Km 33.130 & 45.980 -57.975 Augustmuni to Kund & Guptkashi to Sitapur on NH 109 in UK,Uttarakhand,MoRTH,2017-03,2020-02,2024-03,418.89,418.89,0,95,2026-06,FlashReport_June_2026.pdf
1750,617974,,,Rehabilitation and upgradation of 2 lane with paved shoulder from existing km. 195.175 to km. 220.000 Design Chainage km71.300 to Km. 95.947 Excluding existing chainage Km 200.300 to Km 202.400 Design chainage Km 76.400 to Km 78.400 on Dharasu to Yamunotri Road of NH- 134 Old NH-94,Uttarakhand,MoRTH,2025-05,2028-04,,344.73,344.73,0,53.74,2026-06,FlashReport_June_2026.pdf
1751,618039,,,Widening to 2 Lane from Existing Chainage Km 74.700 Km 100.660 Design Chainage Km 53.365 to Km 78.785 on NH- 507 in the State of Uttarakhand.,Uttarakhand,MoRTH,2024-01,2028-04,,346.82,346.82,0,31.75,2026-06,FlashReport_June_2026.pdf
1752,618040,,,Rehabilitation and Upgradation to Two lanes with Paved Shoulders configuration and Strengthening from Km 175.00 to Km 196.00 Gumkhal to Satpuli of NH-119 New NH- 534 in the State of Uttarakhand under NHO Annual Plan 2021-22 under EPC mode,Uttarakhand,MoRTH,2022-03,2027-01,,452.81,452.81,0,42,2026-06,FlashReport_June_2026.pdf
1753,618041,,,Rehabilitation and upgrading to two lanes with paved shoulders and Strengthening of Kotdwar-Pauri-Srinagar road section from Km 232.00 to 274.470 on NH-119 New 534 Paidul to Srinagar in the State of Uttarakhand on EPC Mode under NHO Annual Plan 2021-22.,Uttarakhand,MoRTH,2022-02,2027-12,,299.31,299.31,0,2,2026-06,FlashReport_June_2026.pdf
1754,618119,,,Rehabilitation and up-gradation to 2-lane configuration of Bageshwar to Kangarchina road from km 129.600 to Km 161.600 Existing Chainage 136.00 to Km 169.00 of NH- 309Ain the State of Uttarakhand Package-IV under NHO Annual Plan 2021-22,Uttarakhand,MoRTH,2022-03,2027-02,,472.23,472.23,0,65,2026-06,FlashReport_June_2026.pdf
1755,618207,,,Widening to 2-lane with Hard Shoulder configuration of Mana Ch. 0.00 to Mana Pass Ch. 50.987 road on NH-07 under Bharatmala Pariyojna in the state of Uttarakhand under Annual Plan 2022-23 length 50.987,Uttarakhand,MoRTH,2022-10,2027-10,2028-10,573.96,573.96,0,21.03,2026-06,FlashReport_June_2026.pdf
1756,618209,,,Construction & up gradation of existing road to 2-Lane with paved shoulder from existing chainage km 468000 to km 489350 Design Chainage km 465150 to km 471500 of NH-07 Old NH-58 including Joshimath bypass on EPC mode in the state of Uttarakhand Length 6.35 km,Uttarakhand,MoRTH,2022-03,2025-09,2027-08,258.85,258.85,0,37.23,2026-06,FlashReport_June_2026.pdf
1757,618210,,,Rehabilitation and upgradation of Askot-Lipulekh on EPC Basis for Phase-I Existing Km 72.00 to 107.620 Design Chainage Km 21330 to Km 56935 under Project Hirak of BRO in the state of Uttarakhand under Bharatmala Pariyojna Phase-I on EPC Mode Length-35.605 Km CA No EPC/MORT&H/HRK/01/2021-22,Uttarakhand,MoRTH,2020-09,2023-12,2026-07,603.92,603.92,0,81.17,2026-06,FlashReport_June_2026.pdf
1758,618211,,,Improvement/construction of 2-lane with paved shoulder of Askote Llipulekh road from Tawaghat village to Budhi village design km. 56935 to km 95748 and from end of Tunnel portal to Kali Mandir design km 113828 to km. 133078 [total design length 58.063 km] under project Hirak of BRO in the state of Uttarakhand under Bharatmala Pariyojna on EPC Mode,Uttarakhand,MoRTH,2022-05,2026-11,2026-11,649.6,649.6,0,30.76,2026-06,FlashReport_June_2026.pdf
1759,618212,,,"STABILIZATION OF LAND SLIDE AND SLOPE PROTECTION AT KM 11.00 TO KM 11.08, 29,730 KM TO 30,060 KM, 30,400 KM TO 31,060 KM, 34,750 KM TO 35,300 KM, 38,950 KM TO 39,030 KM & 39,460 KM TO 39,540 KM TWO LOC CLUBBED, KM 40,400 TO KM 40,650, KM 43,500 KM 43,680, 52,460 RISHIKESH - DHARASU ROAD NH-94 ON EPC MODE IN THE STATE OF UTTARAKHAND. NOSE OF LAND SLIDE - 12 NOS",Uttarakhand,MoRTH,2024-01,2027-04,,197.26,197.26,0,22,2026-06,FlashReport_June_2026.pdf
1760,618213,,,Rehabilitation and Upgradation of road Rishikesh Dharasu Old NH-94 with 2-lane with paved shoulder from km 76.000 to km 110.000 Design Chainage from km 74.733 to km 107.347 32.614 km including construction of Kamand re-alignment from existing Chainage Km 105.200 to Km 108.600 design chainage Km 103.436 to Km 105.949 - total length 2513 mtrs and land slide treatment work between design chainage Km 73.800 to Km 74.00 200m on EPC mode under improvement to NH connectivity to Chardham in,Uttarakhand,MoRTH,2018-03,2021-01,2026-07,273.76,273.76,0,96.46,2026-06,FlashReport_June_2026.pdf
1761,618214,,,Rehabilitation and upgradation to 2 lane / 2 lane with paved shoulder configuration for design chainage km 107.347 to km 129.208 & km 133.878 to km 138.570 existing chainage km 110.000 to km 133.020 & km 137.330 to km 142.028 and land slide treatment at existing km 138.500 Design chainage km 134.970 of NH -94 on EPC mode under improvement to NH connectivity to Chardham in the state of Uttarakhand.,Uttarakhand,MoRTH,2018-03,2021-07,2024-06,346.5,346.5,0,100,2026-06,FlashReport_June_2026.pdf
1762,618218,,,Rehabilitation & upgradation of existing road to 2-lane with hard shoulder from Joshimath km 0.00 to Saraithota km 29.725 road on NH-107B under Bharatmala Pariyojna on EPC mode in the state of Uttarakhand,Uttarakhand,MoRTH,2022-10,2025-05,2027-03,338.38,338.38,0,80,2026-06,FlashReport_June_2026.pdf
1763,618219,,,Upgradation to 2-lane with Hard shoulder configuration of Suraithota Ch. 29.725 km to Malari Ch. 60.550 km road on NH- 107B under in the state of Uttarakhand.,Uttarakhand,MoRTH,2022-10,2026-05,2026-12,292.76,292.76,0,76.67,2026-06,FlashReport_June_2026.pdf
1764,618390,,,"Construction, Operation & Maintenance of 2-L Bi-directional Silkyara Bend- Barkot Tunnel with escape passage including approaches Tunnel-4.531 & Approach road- 0.328 on Dharasu-Yamunotri section b/w Chainage 25.400km and 51.00km falling along NH-134 Old NH-94 on EPC mode",Uttarakhand,NHIDCL,2018-03,2022-07,2027-03,1383.78,1383.78,830.46,73.5,2026-06,FlashReport_June_2026.pdf
1765,618391,,,"Construction for Mitigation Measures of 5 Nos. Landslides, 05 No. Sinking Zones and 01 No. Bridge from Ch. 450.00 to Ch. 468.00 18 Km. Length on NH-07 Package-III",Uttarakhand,NHIDCL,2023-12,2025-12,2027-02,250.33,250.33,0,87.57,2026-06,FlashReport_June_2026.pdf
1766,618392,,,"Construction for Mitigation Measures of 5 Nos. Landslides, 5 Nos. Sinking Zones in between Ch. 433.00 to 450.00 BANERPANI VILLAGE on NH-07 on EPC mode in the state of Uttarakhand Package-2",Uttarakhand,NHIDCL,2023-12,2026-06,2027-01,259.64,259.64,0,64.23,2026-06,FlashReport_June_2026.pdf
1767,618393,,,"Construction for Mitigation Measures of 10 Nos. Landslides, 01 No. Sinking Zones and 1 No. of Minor Bridge in between at Ch. Km 368.00 to Km 433.00 on NH-07 on EPC Mode in Uttarakhand Package-1",Uttarakhand,NHIDCL,2023-12,2025-12,2024-02,216.68,216.68,113.17,98.61,2026-06,FlashReport_June_2026.pdf
1768,618875,,,4L of Haridwar Nagina section Design Ch. LME from km 13.829 to km 17.110 & km 26.077 to km 27.508 and Design Ch. RME from km 13.839 to km 17.120 & km 26.078 to km 27.509 of EUP mitigation measures on NH74,Uttarakhand,NHAI,2021-11,2024-02,2026-12,183.92,142.11,115.42,70.42,2026-06,FlashReport_June_2026.pdf
1769,619142,,,Construction of 4-lane connectivity to Banbasa ICP at India Nepal border from NH-09 old NH-125 Sitarganj-Tanakpur at Km 40.00 near Jagbuda bridge under Bharatmala Priyojana of NH-109D on EPC mode in the State of Uttarakhand,Uttarakhand,NHAI,2022-06,2024-09,2027-04,216.97,237.01,213.92,75.24,2026-06,FlashReport_June_2026.pdf
1770,619155,,,Upgradation and 4L of Haridwar Bypass from Km 0.000 Km 188.100 of NH-58 to Km. 15.100 Km 5.100 of NH 74 PKg-1,Uttarakhand,NHAI,2021-11,2024-10,2026-11,1602.89,1423.89,770.27,79.75,2026-06,FlashReport_June_2026.pdf
1771,619292,,,4L Medinipur to Ballupur from Km. 458.65 to Km. 487.65 of NH-07Pkg-2,Uttarakhand,NHAI,2022-03,2025-02,2026-07,1092.9,1072.5,736.71,93.9,2026-06,FlashReport_June_2026.pdf
1772,619293,,,Construction of 4 Lane Access Controlled Bypass for Dehradun on NH307 from Design Chainage km 0050 Jhajra on NH-07 to Design Chainage km 12220 Asharori on EPC Mode in the State of Uttarakhand under NHO,Uttarakhand,NHAI,2023-12,2027-04,2027-04,715.97,337.11,179.03,58.09,2026-06,FlashReport_June_2026.pdf
1773,619294,,,Road Safety Improvement of existing four lane section of Dehradun-Lal Tappar-Nepali Farm Section of NH-7 and Nepali Farm-Motichur NH-34 on EPC Mode in Uttarakhand under NHO.,Uttarakhand,NHAI,2025-05,2028-08,2028-08,720.67,388.19,2.7,5.02,2026-06,FlashReport_June_2026.pdf
1774,619295,,,Four/Six laning of Bhaniyawala-Jollygrant-Rishikesh spur section of NH-07 from Km. 0.000 to Km 19.780,Uttarakhand,NHAI,2023-02,2027-11,2027-11,742.43,664.92,12.47,0,2026-06,FlashReport_June_2026.pdf
1775,617893,,,Construction of additional major Bridge with 4- lane configuration of length 1.48 km on NH-60 NH-14 over River Kangshabati from Km. 117.770 to Km 119.250 and additional major Bridge with 4- lane configuration of length 0.900 km on NH-60 NH- 14 over River Shilabati from Km. 173.220 to Km 174.120 in the district of Paschim Medinipur of West Bengal under Annual Plan for FY 2023-24 on EPC mode. Job No 014-W8-2023-24/527 .,West Bengal,MoRTH,2023-11,2028-05,2028-05,304.83,304.83,0.04,0,2026-06,FlashReport_June_2026.pdf
1776,617894,,,"Construction or 4 lane Raniganj Bypass of length 5.261 km on NH-60 new NH-14 from km 273.00 of NH to km 478.18 of NH-2 New NH 16 in paschim Bardhaman, West Bengal in EPC Mode- reg. Job No. 014-WB-2022-23/514",West Bengal,MoRTH,2023-03,2026-03,2027-05,410.83,410.83,174.31,67.28,2026-06,FlashReport_June_2026.pdf
1777,617931,,,Construction of ROB and its approaches in lieu of LC No. 10/B/T at Km 307.050 of NH-60.,West Bengal,MoRTH,2016-03,2025-08,2027-03,155.87,138.57,0,16.84,2026-06,FlashReport_June_2026.pdf
1778,617960,,,Construction of new road at the missing link portion of NH-81 along approved alignment between Harishchandrapur and Eastern approach of Kalindri Bridge from Km 46.550 to Km 59.697 in the district of Malda. Job No-081-WB-2015-16/400,West Bengal,MoRTH,2016-08,2018-11,2026-10,271.17,291.2,216.61,85.08,2026-06,FlashReport_June_2026.pdf
1779,618227,,,Development to 4/6-lanning of NH-31 New NH-10 with both side service roads from km 569.258 to km 581.030 end of AH-02 project on NH- 31 near Shivmandir to Sevoke Army Cantonment in districts of Darjeeling and Jalpaiguri in the state of West Bengal on EPC Mode Job No. 010/WB/2021-22/490,West Bengal,MoRTH,2022-03,2025-09,2027-03,995.04,1059.2,578.55,73.5,2026-06,FlashReport_June_2026.pdf
1780,618427,,,Construction & upgradation of existing road to 2-lane with paved shoulder including geometric improvement of Kafer- Lava More section from km 40.00 to km 61.100 of NH717-A on EPC under SARDP-NE A in state of West Bengal Pkg-VA,West Bengal,NHIDCL,2020-06,2023-04,2026-07,311.02,273.78,6.12,95.98,2026-06,FlashReport_June_2026.pdf
1781,618429,,,Construction & upgradation of existing road to 2-lane with paved shoulder including geometric improvement of sect. from Pedong bypass to Reshi Border km 79.700 to km 96.254 of NH-717A under SARDP-NE-A on EPC as part of Alternate connectivity to Gangtok Lava More-Reshi Border Pkg-VB,West Bengal,NHIDCL,2020-06,2022-04,2026-08,345.38,395.59,418.73,97.2,2026-06,FlashReport_June_2026.pdf
1782,618430,,,Construction of alternative highway to Gangtok in Sikkim via Bagrakot -Chuikhim- Nimbong -Kafer-Bakhim-Algarah-Rhenock in the State of West Bengal and from Rhenok-Rorathang-Pakyong along with spur from Aritar-Rolep-Menla in the State of Sikkim from Km 0.00 to Km 13.00 of Bagrakot -Kafer section of NH 717A on EPC Mode under Phase-A of SARDP-NE in the State of West Bengal PKG- IVA,West Bengal,NHIDCL,2018-03,2022-04,2026-08,402.94,402.94,0.39,99.23,2026-06,FlashReport_June_2026.pdf
1783,618431,,,Construction of alternative highway to Gangtok in Sikkim via Bagrakot -Chuikhim- Nimbong -Kafer-Bakhim-Algarah-Rhenock in the State of West Bengal and from Rhenok-Rorathang-Pakyong along with spur from Aritar-Rolep-Menla in the State of Sikkim from Km 13.00 to Km 25.60 of Bagrakot -Kafer section of NH 717A on EPC Mode under Phase-A of SARDP-NE in the State of West Bengal PKG- IVB,West Bengal,NHIDCL,2018-03,2023-04,2026-07,295.97,295.97,0,97.73,2026-06,FlashReport_June_2026.pdf
1784,618572,,,Binnaguri Bypass-Descoped portion of Ghoshpukur-Dhupguri Section of NH-31Dpkg-1,West Bengal,NHAI,2025-03,2027-11,2027-11,309.99,306.02,2.17,2.58,2026-06,FlashReport_June_2026.pdf
1785,618574,,,Balance Works of 4L of NH-31D from Km. 113.200 to Km. 154.854 Package-II A Ghoshpukur-Salsalabari Section,West Bengal,NHAI,2023-11,2027-06,2027-06,1818.46,962.31,457.52,58.15,2026-06,FlashReport_June_2026.pdf
1786,618808,,,6L Elevated Kona Expressway from Km. 0.145 to Km. 7.337 of NH-117,West Bengal,NHAI,2023-03,2026-12,2027-12,1212.56,1203.11,428.26,39.98,2026-06,FlashReport_June_2026.pdf
1787,618823,,,4 laning of Barasat - Barajaguli Section of NH-12 from Km. 31.000 to Km. 48.679 in the district of North 24 - Parganas,West Bengal,NHAI,2024-02,2026-02,2027-10,352.01,346.39,87.41,41.67,2026-06,FlashReport_June_2026.pdf
1788,618824,,,"Development to 4-laning of the de-scoped stretches from Km 115.342 to Km 191.700 of NH-34 in Nadia District 3.962 & Murshidabad District 5.538 pertaining to Krishnagar to Berhampore section of NH-34 New NH-12 , in the state of West Bengal under NHO.",West Bengal,NHAI,2024-03,2026-01,2027-06,201.1,197.74,56.97,54.02,2026-06,FlashReport_June_2026.pdf
1789,618825,,,Bridge over Ganga River at d/s of Farraka Barrage including Approaches connecting Farakka-Raiganj,West Bengal,NHAI,2018-08,2021-12,2026-09,622.04,646.1,623.69,96.71,2026-06,FlashReport_June_2026.pdf
1790,618910,,,4L of Purulia Bypass section from Km 84.030 to Km 94.345 of NH-32,West Bengal,NHAI,2021-01,2023-08,2026-09,557.55,562.57,488.7,94.12,2026-06,FlashReport_June_2026.pdf
1791,619004,,,"Construction of Dubrajpur Bypass with 4-lane configuration of length 5.676 km on NH- 60 new NH-14 from design chainage 0.00 existing km 316.135 on NH-60 to design chainage 5.676 existing km 320.980 on NH-60 in the district of Birbhum, West Bengal under Annual Plan 2022-23 in EPC Mode- reg. Job. No. 014-WB-2022- 23/518 .",West Bengal,MoRTH,2023-03,2027-12,2027-12,560.79,560.79,0.03,5.5,2026-06,FlashReport_June_2026.pdf
1792,619187,,,"Slope protection and landslide mitigation at 4 vulnerable locations km 1.950 to Km 2.100, km 11.100 to 11.450, km 22.435 to km 22.485 and km 22.610 to km 22.680 within Sevoke-Rangpo section of NH-10 old NH-31A in Darjeeling & Kalimpong district in the State of West Bengal on EPC mode",West Bengal,NHIDCL,2024-02,2027-06,2027-06,152.27,152.27,0,32.21,2026-06,FlashReport_June_2026.pdf
1793,709859,,,SETTING UP OF PHYSICAL INFRASTRUCTURE FOR THE NATIONAL INSTITUTE OF COMMUNICATION FINANCE [NICF] AT GHITORNI,Delhi,National Communication Academy - Finance [Erstwhile NICF],2014-10,2020-02,2026-06,248.2,248.2,237.43,98,2026-06,FlashReport_June_2026.pdf
1794,701598,,,Provision of 4G based Mobile Services in Uncovered Villages and National Highways of Meghalaya,Meghalaya,Department of Telecommunications,2019-09,2022-03,2026-06,971.96,180.46,167.23,99.84,2026-06,FlashReport_June_2026.pdf
1795,617413,,,Mobile connectivity in Left Wing Extremism [LWE] affected areas-Phase 1 Upgradation,"Multi-States (Andhra Pradesh, Bihar, Chhattisgarh, Jharkhand, Madhya Pradesh, Maharashtra, Odisha, Telangana, Uttar Pradesh, West Bengal)",Department of Telecommunications [DoT],2022-04,2025-05,2026-12,1884.6,1884.6,376.8,98.28,2026-06,FlashReport_June_2026.pdf
1796,701599,,,Mobile connectivity in Left Wing Extremism [LWE] affected areas-Phase2,"Multi-States (Andhra Pradesh, Bihar, Chhattisgarh, Jharkhand, Madhya Pradesh, Maharashtra, Odisha, Telangana, Uttar Pradesh, West Bengal)",Department of Telecommunications [DoT],2018-05,2023-03,2026-11,1577.57,604.6,480.91,88,2026-06,FlashReport_June_2026.pdf
1797,701602,,,"Provision of 4G based mobile services in 7,287 uncovered villages of 44 Aspirational District across 5 states of Andhra Pradesh, Chhattisgarh, Jharkhand, Maharashtra & Odisha","Multi-States (Andhra Pradesh, Chhattisgarh, Jharkhand, Maharashtra, Odisha)",Department of Telecommunications [DoT],2021-11,2023-11,2027-01,3685,1448.61,1100.41,81.2,2026-06,FlashReport_June_2026.pdf
1798,701597,,,Provision of 4G Mobile Services in Uncovered Villages of Arunachal Pradesh and 2 Districts of Assam,"Multi-States (Arunachal Pradesh, Assam)",Department of Telecommunications,2020-12,2023-04,2026-09,1255.49,276.62,237.98,99.6,2026-06,FlashReport_June_2026.pdf
1799,704495,,,"502 Aspirational District Scheme in Four states - Bihar, Madhya Pradesh, Rajastha and Uttar Pradesh","Multi-States (Bihar, Madhya Pradesh, Rajasthan, Uttar Pradesh)",Department of Telecommunications [DoT],2019-12,2022-03,2026-06,421.65,228.94,152.96,99,2026-06,FlashReport_June_2026.pdf
1800,108841,,,"Amended BharatNet Program - KTK, GOA, PY",PAN India,Department of Telecommunications,2023-08,2028-06,,3742,3742,435.31,0,2026-06,FlashReport_June_2026.pdf
1801,400013,,,Saturation 4G mobile coverage of Uncovered Villages through USOF,PAN India,Department of Telecommunications [DoT],2022-07,2024-06,2027-03,26316,15392.8,8553.1,85,2026-06,FlashReport_June_2026.pdf
1802,701593,,,4G Services by BSNL,PAN India,Department of Telecommunications [DoT],2020-11,2024-03,2026-03,28466,19592,9142.63,98.4,2026-06,FlashReport_June_2026.pdf
1803,706775,,,BharatNet,PAN India,Department of Telecommunications [DoT],2017-07,2023-08,2027-03,61109,188000,48809.69,99.98,2026-06,FlashReport_June_2026.pdf
1804,709856,,,MPLS-IP BASED ACCESS AND AGGREGATION NETWORK [MAAN] IN BSNL ALONG WITH TEST AND MEASURING EQUIPMENT,PAN India,BSNL,2023-05,2024-08,2026-06,645.13,645.13,407.15,92.1,2026-06,FlashReport_June_2026.pdf
1805,709857,,,"Planning, Engineering, Supply, Installation, Testing, Commissioning, Integration & Annual Maintenance of 4G mobile network at 1 Lakh sites on PAN India basis including Mumbai & Delhi LSA on turnkey basis under Phase IX.2 Project.",PAN India,BSNL,2023-05,2025-06,2026-09,24544.55,24544.5,9143.48,98.41,2026-06,FlashReport_June_2026.pdf
1806,222253,,,Amended BharatNet Program - UP (East),Uttar Pradesh,Department of Telecommunications,2023-08,2028-02,,5008,5008,502,0,2026-06,FlashReport_June_2026.pdf
1807,708687,,,Amended BharatNet Program - UP (West),Uttar Pradesh,Department of Telecommunications,2023-08,2028-02,,1917,1917,183.16,0,2026-06,FlashReport_June_2026.pdf
1808,616600,,,Interception and Diversion and STP works in Bhagalpur under Hybrid annuity based PPP mode-Namami Gange Programme,Bihar,National Mission for Clean Ganga,2017-10,2025-02,2026-12,413.29,413.29,126.67,97,2026-06,FlashReport_June_2026.pdf
1809,616611,,,Sewage Treatment Plant 100MLD and Sewerage Network 288 km in Digha-Patna under Hybrid annuity based PPP mode-Namami Gange Programme,Bihar,National Mission for Clean Ganga,2017-08,2025-12,2026-09,824,824,403.34,59,2026-06,FlashReport_June_2026.pdf
1810,616612,,,Sewage Treatment Plant 50MLD and Sewerage Network 150 km in Kankarbagh Patna under Hybrid annuity based PPP mode Namami Gange Programme,Bihar,NMCG1,2017-08,2025-12,,578.89,578.89,171.79,55,2026-06,FlashReport_June_2026.pdf
1811,616615,,,"Sewer Network, SPS and STP at Begusarai",Bihar,National Mission for Clean Ganga,2010-03,2025-04,2026-12,230.06,230.06,261.82,97,2026-06,FlashReport_June_2026.pdf
1812,616616,,,"Sewer Networks, SPS and STP at Hajipur",Bihar,National Mission for Clean Ganga,2010-03,2025-06,2026-12,305.19,305.19,346.46,95,2026-06,FlashReport_June_2026.pdf
1813,616594,,,Interception & Diversion with Rehabilitation of sewerage scheme at Agra under Hybrid annuity based PPP model-Namami Gange Programme,Uttar Pradesh,National Mission for Clean Ganga,2020-05,2025-04,2026-12,842.25,842.25,208.64,84,2026-06,FlashReport_June_2026.pdf
1814,616605,,,Pollution Abatement Works for River Kali Meerut under Meerut Municipality Interception & Diversion with STP,Uttar Pradesh,National Mission for Clean Ganga,2020-05,2024-12,2027-03,690.71,690.71,34.79,56,2026-06,FlashReport_June_2026.pdf
1815,616604,,,Pollution Abatement works for River Ganga at Hooghly Chinsurah- Municipal Town Interception & Diversion with STP,West Bengal,National Mission for Clean Ganga,2018-05,2025-03,2026-08,154.73,154.73,102.04,94,2026-06,FlashReport_June_2026.pdf
1816,400100,,,Sardar Gouthu Latchanna Thotapalli Barrage Project,Andhra Pradesh,Water Resources-AP,2005-04,2019-12,2026-06,353.05,1023.24,879.15,95.88,2026-06,FlashReport_June_2026.pdf
1817,400101,,,Gundlakamma project,Andhra Pradesh,Water Resources-AP,2005-04,2019-12,2027-03,397.41,697.39,624.78,98.3,2026-06,FlashReport_June_2026.pdf
1818,701415,,,Polavaram Irrigation Project,Andhra Pradesh,Water Resources-AP,2009-01,2022-04,2026-03,10151.04,55548.9,27726.15,86.14,2026-06,FlashReport_June_2026.pdf
1819,701370,,,Borolia Irrigation Project,Assam,"Department of Water Resources, River Development & GR",1996-04,2022-12,2026-03,256.16,256.16,44.7,55.44,2026-06,FlashReport_June_2026.pdf
1820,400111,,,Kelo Irrigation Project,Chhattisgarh,Water Resources-CT,2008-04,2019-12,2026-06,459.97,727.04,620.15,73,2026-06,FlashReport_June_2026.pdf
1821,701399,,,Kudali Irrigation Project,Chhattisgarh,"Department of Water Resources, River Development & GR",2009-04,2025-12,2026-03,382.29,382.29,249.06,86.31,2026-06,FlashReport_June_2026.pdf
1822,701372,,,Sardar Sarovar Project,Gujarat,"Narmada and Water Resources, Water Supply and Kalpsar Department-GJ",1996-04,2019-12,2026-03,20718.17,33412.5,31943.15,93.7,2026-06,FlashReport_June_2026.pdf
1823,701376,,,"Subernarekha Multipurpose Project, Jharkhand",Jharkhand,Department of Water Resources-JH,2011-04,2019-12,2026-03,3807.77,9579.58,6040.27,70,2026-06,FlashReport_June_2026.pdf
1824,701377,,,Upper Tunga Irrigation Project,Karnataka,Water Resources-KA,2014-04,2019-12,2026-03,770.16,1606.07,1515.6,99.32,2026-06,FlashReport_June_2026.pdf
1825,400115,,,Bargi Diversion Project Phase - IV [km. 154 to km 197],Madhya Pradesh,Water Resources-MP,2008-04,2019-12,2026-03,751.03,893.35,814.02,75,2026-06,FlashReport_June_2026.pdf
1826,400116,,,Bargi Diversion Project Phase - III [km. 104 to km 154],Madhya Pradesh,Water Resources-MP,2007-04,2019-12,2026-12,1229.15,1399.7,2240.05,81.52,2026-06,FlashReport_June_2026.pdf
1827,617422,,,Bodwad Parisar Sinchan Yojna,Maharashtra,Department of Water Resources-MH,2002-05,2027-07,,1923.81,1923.81,1949.56,49.52,2026-06,FlashReport_June_2026.pdf
1828,701383,,,Waghur Project,Maharashtra,Department of water resources-MH - II,1996-04,2019-12,2026-03,1058.99,1758.51,1634.36,89.57,2026-06,FlashReport_June_2026.pdf
1829,701386,,,Gosikhurd Project,Maharashtra,Department of water resources-MH - II,2008-04,2019-12,2028-06,7196.47,12770.1,14385.73,72.65,2026-06,FlashReport_June_2026.pdf
1830,701391,,,Aruna Medium Irrigation Project,Maharashtra,Department of water resources-MH - II,2009-04,2019-12,2025-12,210.45,1472.14,1734.71,100,2026-06,FlashReport_June_2026.pdf
1831,701396,,,Lower Pedhi Project,Maharashtra,Department of water resources-MH - II,2008-04,2019-12,2026-06,255.97,1480.7,3066.05,65,2026-06,FlashReport_June_2026.pdf
1832,701398,,,Nardave Medium Irrigation Project,Maharashtra,Department of water resources-MH - II,2009-04,2019-12,2026-06,211.46,781.85,879.16,74,2026-06,FlashReport_June_2026.pdf
1833,701400,,,Thoubal Multipurpose Project,Manipur,Water Resources Department-MN,1997-04,2019-12,2026-12,1449.44,1822.24,1848.17,99,2026-06,FlashReport_June_2026.pdf
1834,701412,,,North Koel Reservoir Project,"Multi-States (Bihar, Jharkhand)","Department of Water Resources, River Development & GR",2017-08,2021-03,2026-03,1622.27,2430.76,172.97,44,2026-06,FlashReport_June_2026.pdf
1835,701530,,,Ken-Betwa Linking Development Project,"Multi-States (Madhya Pradesh, Uttar Pradesh)","Department of Water Resources, River Development,",,2029-03,,21030,21030,8530.86,0,2026-06,FlashReport_June_2026.pdf
1836,603945,,,Integrated Anandpur Barrage Project,Odisha,Water Resources-OR,1997-04,2019-12,2026-06,567.03,2990.05,2776.23,62.85,2026-06,FlashReport_June_2026.pdf
1837,701402,,,"Subernarekha Project, Odisha",Odisha,"Department of Water Resources, River Development & GR",1995-12,2019-12,2026-03,3055.88,7023.19,8289.65,95.5,2026-06,FlashReport_June_2026.pdf
1838,701404,,,Kanupur Irrigation Project,Odisha,Irrigation and CAD-TG,2003-04,2019-12,2026-06,989.43,2301.28,2804.16,79.5,2026-06,FlashReport_June_2026.pdf
1839,701410,,,Relining of Rajasthan feeder and Sirhind Feeder canal,Punjab,Department of Water Resources-PB,2016-02,2021-06,2026-06,1441.26,2462.16,2342.05,95,2026-06,FlashReport_June_2026.pdf
1840,701411,,,Shahpur Kandi Dam Project,Punjab,Department of Water Resources-PB,2010-02,2022-06,2026-06,2285.81,2715.7,2201.94,88,2026-06,FlashReport_June_2026.pdf
1841,400102,,,Sri Ram Sagar Project Stage - II,Telangana,Irrigation and CAD-TG,1996-04,2019-12,2025-12,736.13,949.87,971.47,97,2026-06,FlashReport_June_2026.pdf
1842,400103,,,Indiramma Flood Flow Canal Project,Telangana,Irrigation and CAD-TG,1996-04,2019-12,2026-12,1331.3,5940.09,4491.08,92,2026-06,FlashReport_June_2026.pdf
1843,701405,,,J. Chokka Rao Devadula Lift Irrigation Scheme,Telangana,Irrigation and CAD-TG,2006-04,2019-12,2025-12,8200.71,14730,4841.09,87.7,2026-06,FlashReport_June_2026.pdf
1844,701406,,,Rajiv Bhima Lift Irrigation Scheme,Telangana,Irrigation and CAD-TG,2007-04,2019-12,2026-03,1402,2509.66,1839.76,100,2026-06,FlashReport_June_2026.pdf
1845,701395,,,Morna [Gureghar] Irrigation Project,Uttar Pradesh,"Department of Water Resources, River Development & GR",2007-04,2025-12,,219.9,219.9,115.2,31.5,2026-06,FlashReport_June_2026.pdf
1846,701408,,,Madhya Ganga canal Phase-II,Uttar Pradesh,Irrigation & Water Resources-UP,2008-04,2019-12,2025-12,1060.67,4417.21,4575.74,82.39,2026-06,FlashReport_June_2026.pdf
1847,613787,,,Jamrani Dam Multipurpose Project,Uttarakhand,Irrigation-UK,2023-10,2029-06,,2584.1,2584.1,1307.15,26.22,2026-06,FlashReport_June_2026.pdf
