observation_id,project_identity,match_status,match_method,reporting_period,source_filename,sl_no,duplicate_observation,review_reason,candidate_identities
FlashReport_September_2025.pdf:3:1597,,unmatched,,2025-09,FlashReport_September_2025.pdf,3,false,no identifier or complete fallback key,
FlashReport_September_2025.pdf:4:1598,,unmatched,,2025-09,FlashReport_September_2025.pdf,4,false,no identifier or complete fallback key,
FlashReport_September_2025.pdf:5:1599,,unmatched,,2025-09,FlashReport_September_2025.pdf,5,false,no identifier or complete fallback key,
FlashReport_September_2025.pdf:6:1600,,unmatched,,2025-09,FlashReport_September_2025.pdf,6,false,no identifier or complete fallback key,
FlashReport_September_2025.pdf:8:1602,,unmatched,,2025-09,FlashReport_September_2025.pdf,8,false,no identifier or complete fallback key,
FlashReport_September_2025.pdf:9:1603,,unmatched,,2025-09,FlashReport_September_2025.pdf,9,false,no identifier or complete fallback key,
FlashReport_September_2025.pdf:14:1608,,unmatched,,2025-09,FlashReport_September_2025.pdf,14,false,no identifier or complete fallback key,
FlashReport_September_2025.pdf:15:1609,,unmatched,,2025-09,FlashReport_September_2025.pdf,15,false,no identifier or complete fallback key,
FlashReport_September_2025.pdf:18:1612,,unmatched,,2025-09,FlashReport_September_2025.pdf,18,false,no identifier or complete fallback key,
FlashReport_September_2025.pdf:20:1614,,unmatched,,2025-09,FlashReport_September_2025.pdf,20,false,no identifier or complete fallback key,
FlashReport_September_2025.pdf:22:1616,,unmatched,,2025-09,FlashReport_September_2025.pdf,22,false,no identifier or complete fallback key,
FlashReport_September_2025.pdf:24:1618,,unmatched,,2025-09,FlashReport_September_2025.pdf,24,false,no identifier or complete fallback key,
FlashReport_September_2025.pdf:25:1619,,unmatched,,2025-09,FlashReport_September_2025.pdf,25,false,no identifier or complete fallback key,
FlashReport_September_2025.pdf:27:1621,,unmatched,,2025-09,FlashReport_September_2025.pdf,27,false,no identifier or complete fallback key,
FlashReport_September_2025.pdf:28:1622,,unmatched,,2025-09,FlashReport_September_2025.pdf,28,false,no identifier or complete fallback key,
FlashReport_September_2025.pdf:29:1623,,unmatched,,2025-09,FlashReport_September_2025.pdf,29,false,no identifier or complete fallback key,
FlashReport_September_2025.pdf:30:1624,,unmatched,,2025-09,FlashReport_September_2025.pdf,30,false,no identifier or complete fallback key,
FlashReport_September_2025.pdf:31:1625,,unmatched,,2025-09,FlashReport_September_2025.pdf,31,false,no identifier or complete fallback key,
FlashReport_September_2025.pdf:32:1626,,unmatched,,2025-09,FlashReport_September_2025.pdf,32,false,no identifier or complete fallback key,
FlashReport_September_2025.pdf:33:1627,,unmatched,,2025-09,FlashReport_September_2025.pdf,33,false,no identifier or complete fallback key,
FlashReport_September_2025.pdf:34:1628,,unmatched,,2025-09,FlashReport_September_2025.pdf,34,false,no identifier or complete fallback key,
FlashReport_September_2025.pdf:35:1629,,unmatched,,2025-09,FlashReport_September_2025.pdf,35,false,no identifier or complete fallback key,
FlashReport_September_2025.pdf:36:1630,,unmatched,,2025-09,FlashReport_September_2025.pdf,36,false,no identifier or complete fallback key,
FlashReport_September_2025.pdf:37:1631,,unmatched,,2025-09,FlashReport_September_2025.pdf,37,false,no identifier or complete fallback key,
FlashReport_September_2025.pdf:38:1632,,unmatched,,2025-09,FlashReport_September_2025.pdf,38,false,no identifier or complete fallback key,
FlashReport_September_2025.pdf:39:1633,,unmatched,,2025-09,FlashReport_September_2025.pdf,39,false,no identifier or complete fallback key,
FlashReport_September_2025.pdf:40:1634,,unmatched,,2025-09,FlashReport_September_2025.pdf,40,false,no identifier or complete fallback key,
FlashReport_September_2025.pdf:41:1635,,unmatched,,2025-09,FlashReport_September_2025.pdf,41,false,no identifier or complete fallback key,
FlashReport_September_2025.pdf:42:1636,,unmatched,,2025-09,FlashReport_September_2025.pdf,42,false,no identifier or complete fallback key,
FlashReport_September_2025.pdf:43:1637,,unmatched,,2025-09,FlashReport_September_2025.pdf,43,false,no identifier or complete fallback key,
FlashReport_September_2025.pdf:44:1638,,unmatched,,2025-09,FlashReport_September_2025.pdf,44,false,no identifier or complete fallback key,
FlashReport_September_2025.pdf:45:1639,,unmatched,,2025-09,FlashReport_September_2025.pdf,45,false,no identifier or complete fallback key,
FlashReport_September_2025.pdf:46:1640,,unmatched,,2025-09,FlashReport_September_2025.pdf,46,false,no identifier or complete fallback key,
FlashReport_September_2025.pdf:47:1641,,unmatched,,2025-09,FlashReport_September_2025.pdf,47,false,no identifier or complete fallback key,
FlashReport_September_2025.pdf:48:1642,,unmatched,,2025-09,FlashReport_September_2025.pdf,48,false,no identifier or complete fallback key,
FlashReport_September_2025.pdf:49:1643,,unmatched,,2025-09,FlashReport_September_2025.pdf,49,false,no identifier or complete fallback key,
FlashReport_September_2025.pdf:50:1644,,unmatched,,2025-09,FlashReport_September_2025.pdf,50,false,no identifier or complete fallback key,
FlashReport_September_2025.pdf:51:1645,,unmatched,,2025-09,FlashReport_September_2025.pdf,51,false,no identifier or complete fallback key,
FlashReport_September_2025.pdf:52:1646,,unmatched,,2025-09,FlashReport_September_2025.pdf,52,false,no identifier or complete fallback key,
FlashReport_September_2025.pdf:53:1647,,unmatched,,2025-09,FlashReport_September_2025.pdf,53,false,no identifier or complete fallback key,
FlashReport_September_2025.pdf:54:1648,,unmatched,,2025-09,FlashReport_September_2025.pdf,54,false,no identifier or complete fallback key,
FlashReport_September_2025.pdf:55:1649,,unmatched,,2025-09,FlashReport_September_2025.pdf,55,false,no identifier or complete fallback key,
FlashReport_September_2025.pdf:56:1650,,unmatched,,2025-09,FlashReport_September_2025.pdf,56,false,no identifier or complete fallback key,
FlashReport_September_2025.pdf:57:1651,,unmatched,,2025-09,FlashReport_September_2025.pdf,57,false,no identifier or complete fallback key,
FlashReport_September_2025.pdf:58:1652,,unmatched,,2025-09,FlashReport_September_2025.pdf,58,false,no identifier or complete fallback key,
FlashReport_September_2025.pdf:59:1653,,unmatched,,2025-09,FlashReport_September_2025.pdf,59,false,no identifier or complete fallback key,
FlashReport_September_2025.pdf:60:1654,,unmatched,,2025-09,FlashReport_September_2025.pdf,60,false,no identifier or complete fallback key,
FlashReport_September_2025.pdf:61:1655,,unmatched,,2025-09,FlashReport_September_2025.pdf,61,false,no identifier or complete fallback key,
FlashReport_September_2025.pdf:62:1656,,unmatched,,2025-09,FlashReport_September_2025.pdf,62,false,no identifier or complete fallback key,
FlashReport_September_2025.pdf:63:1657,,unmatched,,2025-09,FlashReport_September_2025.pdf,63,false,no identifier or complete fallback key,
FlashReport_September_2025.pdf:64:1658,,unmatched,,2025-09,FlashReport_September_2025.pdf,64,false,no identifier or complete fallback key,
FlashReport_September_2025.pdf:65:1659,,unmatched,,2025-09,FlashReport_September_2025.pdf,65,false,no identifier or complete fallback key,
FlashReport_September_2025.pdf:66:1660,,unmatched,,2025-09,FlashReport_September_2025.pdf,66,false,no identifier or complete fallback key,
FlashReport_September_2025.pdf:67:1661,,unmatched,,2025-09,FlashReport_September_2025.pdf,67,false,no identifier or complete fallback key,
FlashReport_September_2025.pdf:68:1662,,unmatched,,2025-09,FlashReport_September_2025.pdf,68,false,no identifier or complete fallback key,
FlashReport_September_2025.pdf:69:1663,,unmatched,,2025-09,FlashReport_September_2025.pdf,69,false,no identifier or complete fallback key,
FlashReport_September_2025.pdf:70:1664,,unmatched,,2025-09,FlashReport_September_2025.pdf,70,false,no identifier or complete fallback key,
FlashReport_September_2025.pdf:72:1666,,unmatched,,2025-09,FlashReport_September_2025.pdf,72,false,no identifier or complete fallback key,
FlashReport_September_2025.pdf:73:1667,,unmatched,,2025-09,FlashReport_September_2025.pdf,73,false,no identifier or complete fallback key,
FlashReport_September_2025.pdf:74:1668,,unmatched,,2025-09,FlashReport_September_2025.pdf,74,false,no identifier or complete fallback key,
FlashReport_September_2025.pdf:75:1669,,unmatched,,2025-09,FlashReport_September_2025.pdf,75,false,no identifier or complete fallback key,
FlashReport_September_2025.pdf:76:1670,,unmatched,,2025-09,FlashReport_September_2025.pdf,76,false,no identifier or complete fallback key,
FlashReport_September_2025.pdf:77:1671,,unmatched,,2025-09,FlashReport_September_2025.pdf,77,false,no identifier or complete fallback key,
FlashReport_September_2025.pdf:78:1672,,unmatched,,2025-09,FlashReport_September_2025.pdf,78,false,no identifier or complete fallback key,
FlashReport_September_2025.pdf:79:1673,,unmatched,,2025-09,FlashReport_September_2025.pdf,79,false,no identifier or complete fallback key,
FlashReport_September_2025.pdf:80:1674,,unmatched,,2025-09,FlashReport_September_2025.pdf,80,false,no identifier or complete fallback key,
FlashReport_September_2025.pdf:81:1675,,unmatched,,2025-09,FlashReport_September_2025.pdf,81,false,no identifier or complete fallback key,
FlashReport_September_2025.pdf:82:1676,,unmatched,,2025-09,FlashReport_September_2025.pdf,82,false,no identifier or complete fallback key,
FlashReport_September_2025.pdf:83:1677,,unmatched,,2025-09,FlashReport_September_2025.pdf,83,false,no identifier or complete fallback key,
FlashReport_September_2025.pdf:84:1678,,unmatched,,2025-09,FlashReport_September_2025.pdf,84,false,no identifier or complete fallback key,
FlashReport_September_2025.pdf:85:1679,,unmatched,,2025-09,FlashReport_September_2025.pdf,85,false,no identifier or complete fallback key,
FlashReport_September_2025.pdf:86:1680,,unmatched,,2025-09,FlashReport_September_2025.pdf,86,false,no identifier or complete fallback key,
FlashReport_September_2025.pdf:87:1681,,unmatched,,2025-09,FlashReport_September_2025.pdf,87,false,no identifier or complete fallback key,
FlashReport_September_2025.pdf:88:1682,,unmatched,,2025-09,FlashReport_September_2025.pdf,88,false,no identifier or complete fallback key,
FlashReport_September_2025.pdf:89:1683,,unmatched,,2025-09,FlashReport_September_2025.pdf,89,false,no identifier or complete fallback key,
FlashReport_September_2025.pdf:90:1684,,unmatched,,2025-09,FlashReport_September_2025.pdf,90,false,no identifier or complete fallback key,
FlashReport_September_2025.pdf:91:1685,,unmatched,,2025-09,FlashReport_September_2025.pdf,91,false,no identifier or complete fallback key,
FlashReport_September_2025.pdf:92:1686,,unmatched,,2025-09,FlashReport_September_2025.pdf,92,false,no identifier or complete fallback key,
FlashReport_September_2025.pdf:93:1687,,unmatched,,2025-09,FlashReport_September_2025.pdf,93,false,no identifier or complete fallback key,
FlashReport_September_2025.pdf:94:1688,,unmatched,,2025-09,FlashReport_September_2025.pdf,94,false,no identifier or complete fallback key,
FlashReport_September_2025.pdf:95:1689,,unmatched,,2025-09,FlashReport_September_2025.pdf,95,false,no identifier or complete fallback key,
FlashReport_September_2025.pdf:96:1690,,unmatched,,2025-09,FlashReport_September_2025.pdf,96,false,no identifier or complete fallback key,
FlashReport_September_2025.pdf:97:1691,,unmatched,,2025-09,FlashReport_September_2025.pdf,97,false,no identifier or complete fallback key,
FlashReport_September_2025.pdf:98:1692,,unmatched,,2025-09,FlashReport_September_2025.pdf,98,false,no identifier or complete fallback key,
FlashReport_September_2025.pdf:99:1693,,unmatched,,2025-09,FlashReport_September_2025.pdf,99,false,no identifier or complete fallback key,
FlashReport_September_2025.pdf:100:1694,,unmatched,,2025-09,FlashReport_September_2025.pdf,100,false,no identifier or complete fallback key,
FlashReport_September_2025.pdf:101:1695,,unmatched,,2025-09,FlashReport_September_2025.pdf,101,false,no identifier or complete fallback key,
FlashReport_September_2025.pdf:102:1696,,unmatched,,2025-09,FlashReport_September_2025.pdf,102,false,no identifier or complete fallback key,
FlashReport_September_2025.pdf:103:1697,,unmatched,,2025-09,FlashReport_September_2025.pdf,103,false,no identifier or complete fallback key,
FlashReport_September_2025.pdf:104:1698,,unmatched,,2025-09,FlashReport_September_2025.pdf,104,false,no identifier or complete fallback key,
FlashReport_September_2025.pdf:105:1699,,unmatched,,2025-09,FlashReport_September_2025.pdf,105,false,no identifier or complete fallback key,
FlashReport_September_2025.pdf:106:1700,,unmatched,,2025-09,FlashReport_September_2025.pdf,106,false,no identifier or complete fallback key,
FlashReport_September_2025.pdf:107:1701,,unmatched,,2025-09,FlashReport_September_2025.pdf,107,false,no identifier or complete fallback key,
FlashReport_September_2025.pdf:108:1702,,unmatched,,2025-09,FlashReport_September_2025.pdf,108,false,no identifier or complete fallback key,
FlashReport_September_2025.pdf:109:1703,,unmatched,,2025-09,FlashReport_September_2025.pdf,109,false,no identifier or complete fallback key,
FlashReport_September_2025.pdf:110:1704,,unmatched,,2025-09,FlashReport_September_2025.pdf,110,false,no identifier or complete fallback key,
FlashReport_September_2025.pdf:111:1705,,unmatched,,2025-09,FlashReport_September_2025.pdf,111,false,no identifier or complete fallback key,
FlashReport_September_2025.pdf:112:1706,,unmatched,,2025-09,FlashReport_September_2025.pdf,112,false,no identifier or complete fallback key,
FlashReport_September_2025.pdf:113:1707,,unmatched,,2025-09,FlashReport_September_2025.pdf,113,false,no identifier or complete fallback key,
FlashReport_September_2025.pdf:114:1708,,unmatched,,2025-09,FlashReport_September_2025.pdf,114,false,no identifier or complete fallback key,
FlashReport_September_2025.pdf:115:1709,,unmatched,,2025-09,FlashReport_September_2025.pdf,115,false,no identifier or complete fallback key,
FlashReport_September_2025.pdf:116:1710,,unmatched,,2025-09,FlashReport_September_2025.pdf,116,false,no identifier or complete fallback key,
FlashReport_September_2025.pdf:117:1711,,unmatched,,2025-09,FlashReport_September_2025.pdf,117,false,no identifier or complete fallback key,
FlashReport_September_2025.pdf:118:1712,,unmatched,,2025-09,FlashReport_September_2025.pdf,118,false,no identifier or complete fallback key,
FlashReport_September_2025.pdf:119:1713,,unmatched,,2025-09,FlashReport_September_2025.pdf,119,false,no identifier or complete fallback key,
FlashReport_September_2025.pdf:120:1714,,unmatched,,2025-09,FlashReport_September_2025.pdf,120,false,no identifier or complete fallback key,
FlashReport_September_2025.pdf:121:1715,,unmatched,,2025-09,FlashReport_September_2025.pdf,121,false,no identifier or complete fallback key,
FlashReport_September_2025.pdf:122:1716,,unmatched,,2025-09,FlashReport_September_2025.pdf,122,false,no identifier or complete fallback key,
FlashReport_September_2025.pdf:123:1717,,unmatched,,2025-09,FlashReport_September_2025.pdf,123,false,no identifier or complete fallback key,
FlashReport_September_2025.pdf:124:1718,,unmatched,,2025-09,FlashReport_September_2025.pdf,124,false,no identifier or complete fallback key,
FlashReport_September_2025.pdf:125:1719,,unmatched,,2025-09,FlashReport_September_2025.pdf,125,false,no identifier or complete fallback key,
FlashReport_September_2025.pdf:126:1720,,unmatched,,2025-09,FlashReport_September_2025.pdf,126,false,no identifier or complete fallback key,
FlashReport_September_2025.pdf:127:1721,,unmatched,,2025-09,FlashReport_September_2025.pdf,127,false,no identifier or complete fallback key,
FlashReport_September_2025.pdf:128:1722,,unmatched,,2025-09,FlashReport_September_2025.pdf,128,false,no identifier or complete fallback key,
FlashReport_September_2025.pdf:129:1723,,unmatched,,2025-09,FlashReport_September_2025.pdf,129,false,no identifier or complete fallback key,
FlashReport_September_2025.pdf:130:1724,,unmatched,,2025-09,FlashReport_September_2025.pdf,130,false,no identifier or complete fallback key,
FlashReport_September_2025.pdf:131:1725,,unmatched,,2025-09,FlashReport_September_2025.pdf,131,false,no identifier or complete fallback key,
FlashReport_September_2025.pdf:132:1726,,unmatched,,2025-09,FlashReport_September_2025.pdf,132,false,no identifier or complete fallback key,
FlashReport_September_2025.pdf:133:1727,,unmatched,,2025-09,FlashReport_September_2025.pdf,133,false,no identifier or complete fallback key,
FlashReport_September_2025.pdf:134:1728,,unmatched,,2025-09,FlashReport_September_2025.pdf,134,false,no identifier or complete fallback key,
FlashReport_September_2025.pdf:135:1729,,unmatched,,2025-09,FlashReport_September_2025.pdf,135,false,no identifier or complete fallback key,
FlashReport_September_2025.pdf:136:1730,,unmatched,,2025-09,FlashReport_September_2025.pdf,136,false,no identifier or complete fallback key,
FlashReport_September_2025.pdf:137:1731,,unmatched,,2025-09,FlashReport_September_2025.pdf,137,false,no identifier or complete fallback key,
FlashReport_September_2025.pdf:138:1732,,unmatched,,2025-09,FlashReport_September_2025.pdf,138,false,no identifier or complete fallback key,
FlashReport_September_2025.pdf:139:1733,,unmatched,,2025-09,FlashReport_September_2025.pdf,139,false,no identifier or complete fallback key,
FlashReport_September_2025.pdf:140:1734,,unmatched,,2025-09,FlashReport_September_2025.pdf,140,false,no identifier or complete fallback key,
FlashReport_September_2025.pdf:141:1735,,unmatched,,2025-09,FlashReport_September_2025.pdf,141,false,no identifier or complete fallback key,
FlashReport_September_2025.pdf:142:1736,,unmatched,,2025-09,FlashReport_September_2025.pdf,142,false,no identifier or complete fallback key,
FlashReport_September_2025.pdf:143:1737,,unmatched,,2025-09,FlashReport_September_2025.pdf,143,false,no identifier or complete fallback key,
FlashReport_September_2025.pdf:144:1738,,unmatched,,2025-09,FlashReport_September_2025.pdf,144,false,no identifier or complete fallback key,
FlashReport_September_2025.pdf:145:1739,,unmatched,,2025-09,FlashReport_September_2025.pdf,145,false,no identifier or complete fallback key,
FlashReport_September_2025.pdf:146:1740,,unmatched,,2025-09,FlashReport_September_2025.pdf,146,false,no identifier or complete fallback key,
FlashReport_September_2025.pdf:147:1741,,unmatched,,2025-09,FlashReport_September_2025.pdf,147,false,no identifier or complete fallback key,
FlashReport_September_2025.pdf:148:1742,,unmatched,,2025-09,FlashReport_September_2025.pdf,148,false,no identifier or complete fallback key,
FlashReport_September_2025.pdf:149:1743,,unmatched,,2025-09,FlashReport_September_2025.pdf,149,false,no identifier or complete fallback key,
FlashReport_September_2025.pdf:150:1744,,unmatched,,2025-09,FlashReport_September_2025.pdf,150,false,no identifier or complete fallback key,
FlashReport_September_2025.pdf:152:1746,,unmatched,,2025-09,FlashReport_September_2025.pdf,152,false,no identifier or complete fallback key,
FlashReport_September_2025.pdf:153:1747,,unmatched,,2025-09,FlashReport_September_2025.pdf,153,false,no identifier or complete fallback key,
FlashReport_September_2025.pdf:154:1748,,unmatched,,2025-09,FlashReport_September_2025.pdf,154,false,no identifier or complete fallback key,
FlashReport_September_2025.pdf:155:1749,,unmatched,,2025-09,FlashReport_September_2025.pdf,155,false,no identifier or complete fallback key,
FlashReport_September_2025.pdf:156:1750,,unmatched,,2025-09,FlashReport_September_2025.pdf,156,false,no identifier or complete fallback key,
FlashReport_September_2025.pdf:157:1751,,unmatched,,2025-09,FlashReport_September_2025.pdf,157,false,no identifier or complete fallback key,
FlashReport_September_2025.pdf:158:1752,,unmatched,,2025-09,FlashReport_September_2025.pdf,158,false,no identifier or complete fallback key,
FlashReport_September_2025.pdf:159:1753,,unmatched,,2025-09,FlashReport_September_2025.pdf,159,false,no identifier or complete fallback key,
FlashReport_September_2025.pdf:160:1754,,unmatched,,2025-09,FlashReport_September_2025.pdf,160,false,no identifier or complete fallback key,
FlashReport_September_2025.pdf:161:1755,,unmatched,,2025-09,FlashReport_September_2025.pdf,161,false,no identifier or complete fallback key,
FlashReport_September_2025.pdf:162:1756,,unmatched,,2025-09,FlashReport_September_2025.pdf,162,false,no identifier or complete fallback key,
FlashReport_September_2025.pdf:163:1757,,unmatched,,2025-09,FlashReport_September_2025.pdf,163,false,no identifier or complete fallback key,
FlashReport_September_2025.pdf:164:1758,,unmatched,,2025-09,FlashReport_September_2025.pdf,164,false,no identifier or complete fallback key,
FlashReport_September_2025.pdf:165:1759,,unmatched,,2025-09,FlashReport_September_2025.pdf,165,false,no identifier or complete fallback key,
FlashReport_September_2025.pdf:166:1760,,unmatched,,2025-09,FlashReport_September_2025.pdf,166,false,no identifier or complete fallback key,
FlashReport_September_2025.pdf:167:1761,,unmatched,,2025-09,FlashReport_September_2025.pdf,167,false,no identifier or complete fallback key,
FlashReport_September_2025.pdf:168:1762,,unmatched,,2025-09,FlashReport_September_2025.pdf,168,false,no identifier or complete fallback key,
FlashReport_September_2025.pdf:169:1763,,unmatched,,2025-09,FlashReport_September_2025.pdf,169,false,no identifier or complete fallback key,
FlashReport_September_2025.pdf:170:1764,,unmatched,,2025-09,FlashReport_September_2025.pdf,170,false,no identifier or complete fallback key,
FlashReport_September_2025.pdf:171:1765,,unmatched,,2025-09,FlashReport_September_2025.pdf,171,false,no identifier or complete fallback key,
FlashReport_September_2025.pdf:172:1766,,unmatched,,2025-09,FlashReport_September_2025.pdf,172,false,no identifier or complete fallback key,
FlashReport_September_2025.pdf:173:1767,,unmatched,,2025-09,FlashReport_September_2025.pdf,173,false,no identifier or complete fallback key,
FlashReport_September_2025.pdf:176:1770,,unmatched,,2025-09,FlashReport_September_2025.pdf,176,false,no identifier or complete fallback key,
FlashReport_September_2025.pdf:177:1771,,unmatched,,2025-09,FlashReport_September_2025.pdf,177,false,no identifier or complete fallback key,
FlashReport_September_2025.pdf:178:1772,,unmatched,,2025-09,FlashReport_September_2025.pdf,178,false,no identifier or complete fallback key,
FlashReport_September_2025.pdf:179:1773,,unmatched,,2025-09,FlashReport_September_2025.pdf,179,false,no identifier or complete fallback key,
FlashReport_September_2025.pdf:180:1774,,unmatched,,2025-09,FlashReport_September_2025.pdf,180,false,no identifier or complete fallback key,
FlashReport_September_2025.pdf:182:1776,,unmatched,,2025-09,FlashReport_September_2025.pdf,182,false,no identifier or complete fallback key,
FlashReport_September_2025.pdf:183:1777,,unmatched,,2025-09,FlashReport_September_2025.pdf,183,false,no identifier or complete fallback key,
FlashReport_September_2025.pdf:187:1781,,unmatched,,2025-09,FlashReport_September_2025.pdf,187,false,no identifier or complete fallback key,
FlashReport_September_2025.pdf:188:1782,,unmatched,,2025-09,FlashReport_September_2025.pdf,188,false,no identifier or complete fallback key,
FlashReport_September_2025.pdf:201:1795,,unmatched,,2025-09,FlashReport_September_2025.pdf,201,false,no identifier or complete fallback key,
FlashReport_September_2025.pdf:202:1796,,unmatched,,2025-09,FlashReport_September_2025.pdf,202,false,no identifier or complete fallback key,
FlashReport_September_2025.pdf:219:1813,,unmatched,,2025-09,FlashReport_September_2025.pdf,219,false,no identifier or complete fallback key,
FlashReport_September_2025.pdf:220:1814,,unmatched,,2025-09,FlashReport_September_2025.pdf,220,false,no identifier or complete fallback key,
FlashReport_September_2025.pdf:221:1815,,unmatched,,2025-09,FlashReport_September_2025.pdf,221,false,no identifier or complete fallback key,
FlashReport_September_2025.pdf:228:1822,,unmatched,,2025-09,FlashReport_September_2025.pdf,228,false,no identifier or complete fallback key,
FlashReport_September_2025.pdf:265:1837,,unmatched,,2025-09,FlashReport_September_2025.pdf,265,false,no identifier or complete fallback key,
FlashReport_September_2025.pdf:266:1838,,unmatched,,2025-09,FlashReport_September_2025.pdf,266,false,no identifier or complete fallback key,
FlashReport_September_2025.pdf:267:1839,,unmatched,,2025-09,FlashReport_September_2025.pdf,267,false,no identifier or complete fallback key,
FlashReport_September_2025.pdf:268:1840,,unmatched,,2025-09,FlashReport_September_2025.pdf,268,false,no identifier or complete fallback key,
FlashReport_September_2025.pdf:269:1841,,unmatched,,2025-09,FlashReport_September_2025.pdf,269,false,no identifier or complete fallback key,
FlashReport_September_2025.pdf:270:1842,,unmatched,,2025-09,FlashReport_September_2025.pdf,270,false,no identifier or complete fallback key,
FlashReport_September_2025.pdf:271:1843,,unmatched,,2025-09,FlashReport_September_2025.pdf,271,false,no identifier or complete fallback key,
FlashReport_September_2025.pdf:272:1844,,unmatched,,2025-09,FlashReport_September_2025.pdf,272,false,no identifier or complete fallback key,
FlashReport_September_2025.pdf:273:1845,,unmatched,,2025-09,FlashReport_September_2025.pdf,273,false,no identifier or complete fallback key,
FlashReport_September_2025.pdf:274:1846,,unmatched,,2025-09,FlashReport_September_2025.pdf,274,false,no identifier or complete fallback key,
FlashReport_September_2025.pdf:275:1847,,unmatched,,2025-09,FlashReport_September_2025.pdf,275,false,no identifier or complete fallback key,
FlashReport_September_2025.pdf:276:1848,,unmatched,,2025-09,FlashReport_September_2025.pdf,276,false,no identifier or complete fallback key,
FlashReport_September_2025.pdf:277:1849,,unmatched,,2025-09,FlashReport_September_2025.pdf,277,false,no identifier or complete fallback key,
FlashReport_September_2025.pdf:279:1851,,unmatched,,2025-09,FlashReport_September_2025.pdf,279,false,no identifier or complete fallback key,
FlashReport_September_2025.pdf:280:1852,,unmatched,,2025-09,FlashReport_September_2025.pdf,280,false,no identifier or complete fallback key,
FlashReport_September_2025.pdf:281:1853,,unmatched,,2025-09,FlashReport_September_2025.pdf,281,false,no identifier or complete fallback key,
FlashReport_September_2025.pdf:282:1854,,unmatched,,2025-09,FlashReport_September_2025.pdf,282,false,no identifier or complete fallback key,
FlashReport_September_2025.pdf:283:1855,,unmatched,,2025-09,FlashReport_September_2025.pdf,283,false,no identifier or complete fallback key,
FlashReport_September_2025.pdf:284:1856,,unmatched,,2025-09,FlashReport_September_2025.pdf,284,false,no identifier or complete fallback key,
FlashReport_September_2025.pdf:285:1857,,unmatched,,2025-09,FlashReport_September_2025.pdf,285,false,no identifier or complete fallback key,
FlashReport_September_2025.pdf:286:1858,,unmatched,,2025-09,FlashReport_September_2025.pdf,286,false,no identifier or complete fallback key,
FlashReport_September_2025.pdf:287:1859,,unmatched,,2025-09,FlashReport_September_2025.pdf,287,false,no identifier or complete fallback key,
FlashReport_September_2025.pdf:288:1860,,unmatched,,2025-09,FlashReport_September_2025.pdf,288,false,no identifier or complete fallback key,
FlashReport_September_2025.pdf:289:1861,,unmatched,,2025-09,FlashReport_September_2025.pdf,289,false,no identifier or complete fallback key,
FlashReport_September_2025.pdf:290:1862,,unmatched,,2025-09,FlashReport_September_2025.pdf,290,false,no identifier or complete fallback key,
FlashReport_September_2025.pdf:291:1863,,unmatched,,2025-09,FlashReport_September_2025.pdf,291,false,no identifier or complete fallback key,
FlashReport_September_2025.pdf:292:1864,,unmatched,,2025-09,FlashReport_September_2025.pdf,292,false,no identifier or complete fallback key,
FlashReport_September_2025.pdf:293:1865,,unmatched,,2025-09,FlashReport_September_2025.pdf,293,false,no identifier or complete fallback key,
FlashReport_September_2025.pdf:294:1866,,unmatched,,2025-09,FlashReport_September_2025.pdf,294,false,no identifier or complete fallback key,
FlashReport_September_2025.pdf:295:1867,,unmatched,,2025-09,FlashReport_September_2025.pdf,295,false,no identifier or complete fallback key,
FlashReport_September_2025.pdf:296:1868,,unmatched,,2025-09,FlashReport_September_2025.pdf,296,false,no identifier or complete fallback key,
FlashReport_September_2025.pdf:297:1869,,unmatched,,2025-09,FlashReport_September_2025.pdf,297,false,no identifier or complete fallback key,
FlashReport_September_2025.pdf:298:1870,,unmatched,,2025-09,FlashReport_September_2025.pdf,298,false,no identifier or complete fallback key,
FlashReport_September_2025.pdf:299:1871,,unmatched,,2025-09,FlashReport_September_2025.pdf,299,false,no identifier or complete fallback key,
FlashReport_September_2025.pdf:300:1872,,unmatched,,2025-09,FlashReport_September_2025.pdf,300,false,no identifier or complete fallback key,
FlashReport_September_2025.pdf:301:1873,,unmatched,,2025-09,FlashReport_September_2025.pdf,301,false,no identifier or complete fallback key,
FlashReport_September_2025.pdf:302:1874,,unmatched,,2025-09,FlashReport_September_2025.pdf,302,false,no identifier or complete fallback key,
FlashReport_September_2025.pdf:304:1876,,unmatched,,2025-09,FlashReport_September_2025.pdf,304,false,no identifier or complete fallback key,
FlashReport_September_2025.pdf:305:1877,,unmatched,,2025-09,FlashReport_September_2025.pdf,305,false,no identifier or complete fallback key,
FlashReport_September_2025.pdf:306:1878,,unmatched,,2025-09,FlashReport_September_2025.pdf,306,false,no identifier or complete fallback key,
FlashReport_September_2025.pdf:308:1880,,unmatched,,2025-09,FlashReport_September_2025.pdf,308,false,no identifier or complete fallback key,
FlashReport_September_2025.pdf:309:1881,,unmatched,,2025-09,FlashReport_September_2025.pdf,309,false,no identifier or complete fallback key,
FlashReport_September_2025.pdf:312:1884,,unmatched,,2025-09,FlashReport_September_2025.pdf,312,false,no identifier or complete fallback key,
FlashReport_September_2025.pdf:315:1887,,unmatched,,2025-09,FlashReport_September_2025.pdf,315,false,no identifier or complete fallback key,
FlashReport_September_2025.pdf:316:1888,,unmatched,,2025-09,FlashReport_September_2025.pdf,316,false,no identifier or complete fallback key,
FlashReport_September_2025.pdf:318:1890,,unmatched,,2025-09,FlashReport_September_2025.pdf,318,false,no identifier or complete fallback key,
FlashReport_September_2025.pdf:320:1892,,unmatched,,2025-09,FlashReport_September_2025.pdf,320,false,no identifier or complete fallback key,
FlashReport_September_2025.pdf:321:1893,,unmatched,,2025-09,FlashReport_September_2025.pdf,321,false,no identifier or complete fallback key,
FlashReport_September_2025.pdf:327:1899,,unmatched,,2025-09,FlashReport_September_2025.pdf,327,false,no identifier or complete fallback key,
FlashReport_September_2025.pdf:328:1900,,unmatched,,2025-09,FlashReport_September_2025.pdf,328,false,no identifier or complete fallback key,
FlashReport_September_2025.pdf:330:1902,,unmatched,,2025-09,FlashReport_September_2025.pdf,330,false,no identifier or complete fallback key,
FlashReport_September_2025.pdf:331:1903,,unmatched,,2025-09,FlashReport_September_2025.pdf,331,false,no identifier or complete fallback key,
FlashReport_September_2025.pdf:332:1904,,unmatched,,2025-09,FlashReport_September_2025.pdf,332,false,no identifier or complete fallback key,
FlashReport_September_2025.pdf:333:1905,,unmatched,,2025-09,FlashReport_September_2025.pdf,333,false,no identifier or complete fallback key,
FlashReport_September_2025.pdf:337:1909,,unmatched,,2025-09,FlashReport_September_2025.pdf,337,false,no identifier or complete fallback key,
FlashReport_September_2025.pdf:338:1910,,unmatched,,2025-09,FlashReport_September_2025.pdf,338,false,no identifier or complete fallback key,
FlashReport_September_2025.pdf:339:1911,,unmatched,,2025-09,FlashReport_September_2025.pdf,339,false,no identifier or complete fallback key,
FlashReport_September_2025.pdf:342:1914,,unmatched,,2025-09,FlashReport_September_2025.pdf,342,false,no identifier or complete fallback key,
FlashReport_September_2025.pdf:343:1915,,unmatched,,2025-09,FlashReport_September_2025.pdf,343,false,no identifier or complete fallback key,
FlashReport_September_2025.pdf:344:1916,,unmatched,,2025-09,FlashReport_September_2025.pdf,344,false,no identifier or complete fallback key,
FlashReport_September_2025.pdf:346:1918,,unmatched,,2025-09,FlashReport_September_2025.pdf,346,false,no identifier or complete fallback key,
FlashReport_September_2025.pdf:347:1919,,unmatched,,2025-09,FlashReport_September_2025.pdf,347,false,no identifier or complete fallback key,
FlashReport_September_2025.pdf:348:1920,,unmatched,,2025-09,FlashReport_September_2025.pdf,348,false,no identifier or complete fallback key,
FlashReport_September_2025.pdf:350:1922,,unmatched,,2025-09,FlashReport_September_2025.pdf,350,false,no identifier or complete fallback key,
FlashReport_September_2025.pdf:351:1923,,unmatched,,2025-09,FlashReport_September_2025.pdf,351,false,no identifier or complete fallback key,
FlashReport_September_2025.pdf:352:1924,,unmatched,,2025-09,FlashReport_September_2025.pdf,352,false,no identifier or complete fallback key,
FlashReport_September_2025.pdf:353:1925,,unmatched,,2025-09,FlashReport_September_2025.pdf,353,false,no identifier or complete fallback key,
FlashReport_September_2025.pdf:355:1927,,unmatched,,2025-09,FlashReport_September_2025.pdf,355,false,no identifier or complete fallback key,
FlashReport_September_2025.pdf:357:1929,,unmatched,,2025-09,FlashReport_September_2025.pdf,357,false,no identifier or complete fallback key,
FlashReport_September_2025.pdf:358:1930,,unmatched,,2025-09,FlashReport_September_2025.pdf,358,false,no identifier or complete fallback key,
FlashReport_September_2025.pdf:359:1931,,unmatched,,2025-09,FlashReport_September_2025.pdf,359,false,no identifier or complete fallback key,
FlashReport_September_2025.pdf:360:1932,,unmatched,,2025-09,FlashReport_September_2025.pdf,360,false,no identifier or complete fallback key,
FlashReport_September_2025.pdf:361:1933,,unmatched,,2025-09,FlashReport_September_2025.pdf,361,false,no identifier or complete fallback key,
FlashReport_September_2025.pdf:362:1934,,unmatched,,2025-09,FlashReport_September_2025.pdf,362,false,no identifier or complete fallback key,
FlashReport_September_2025.pdf:366:1938,,unmatched,,2025-09,FlashReport_September_2025.pdf,366,false,no identifier or complete fallback key,
FlashReport_September_2025.pdf:367:1939,,unmatched,,2025-09,FlashReport_September_2025.pdf,367,false,no identifier or complete fallback key,
FlashReport_September_2025.pdf:368:1940,,unmatched,,2025-09,FlashReport_September_2025.pdf,368,false,no identifier or complete fallback key,
FlashReport_September_2025.pdf:369:1941,,unmatched,,2025-09,FlashReport_September_2025.pdf,369,false,no identifier or complete fallback key,
FlashReport_September_2025.pdf:370:1942,,unmatched,,2025-09,FlashReport_September_2025.pdf,370,false,no identifier or complete fallback key,
FlashReport_September_2025.pdf:371:1943,,unmatched,,2025-09,FlashReport_September_2025.pdf,371,false,no identifier or complete fallback key,
FlashReport_September_2025.pdf:372:1944,,unmatched,,2025-09,FlashReport_September_2025.pdf,372,false,no identifier or complete fallback key,
FlashReport_September_2025.pdf:373:1945,,unmatched,,2025-09,FlashReport_September_2025.pdf,373,false,no identifier or complete fallback key,
FlashReport_September_2025.pdf:377:1949,,unmatched,,2025-09,FlashReport_September_2025.pdf,377,false,no identifier or complete fallback key,
FlashReport_September_2025.pdf:378:1950,,unmatched,,2025-09,FlashReport_September_2025.pdf,378,false,no identifier or complete fallback key,
FlashReport_September_2025.pdf:379:1951,,unmatched,,2025-09,FlashReport_September_2025.pdf,379,false,no identifier or complete fallback key,
FlashReport_September_2025.pdf:380:1952,,unmatched,,2025-09,FlashReport_September_2025.pdf,380,false,no identifier or complete fallback key,
FlashReport_September_2025.pdf:381:1953,,unmatched,,2025-09,FlashReport_September_2025.pdf,381,false,no identifier or complete fallback key,
FlashReport_September_2025.pdf:382:1954,,unmatched,,2025-09,FlashReport_September_2025.pdf,382,false,no identifier or complete fallback key,
FlashReport_September_2025.pdf:383:1955,,unmatched,,2025-09,FlashReport_September_2025.pdf,383,false,no identifier or complete fallback key,
FlashReport_September_2025.pdf:384:1956,,unmatched,,2025-09,FlashReport_September_2025.pdf,384,false,no identifier or complete fallback key,
FlashReport_September_2025.pdf:385:1957,,unmatched,,2025-09,FlashReport_September_2025.pdf,385,false,no identifier or complete fallback key,
FlashReport_September_2025.pdf:386:1958,,unmatched,,2025-09,FlashReport_September_2025.pdf,386,false,no identifier or complete fallback key,
FlashReport_September_2025.pdf:388:1960,,unmatched,,2025-09,FlashReport_September_2025.pdf,388,false,no identifier or complete fallback key,
FlashReport_September_2025.pdf:389:1961,,unmatched,,2025-09,FlashReport_September_2025.pdf,389,false,no identifier or complete fallback key,
FlashReport_September_2025.pdf:392:1964,,unmatched,,2025-09,FlashReport_September_2025.pdf,392,false,no identifier or complete fallback key,
FlashReport_September_2025.pdf:393:1965,,unmatched,,2025-09,FlashReport_September_2025.pdf,393,false,no identifier or complete fallback key,
FlashReport_September_2025.pdf:394:1966,,unmatched,,2025-09,FlashReport_September_2025.pdf,394,false,no identifier or complete fallback key,
FlashReport_September_2025.pdf:395:1967,,unmatched,,2025-09,FlashReport_September_2025.pdf,395,false,no identifier or complete fallback key,
FlashReport_September_2025.pdf:396:1968,,unmatched,,2025-09,FlashReport_September_2025.pdf,396,false,no identifier or complete fallback key,
FlashReport_September_2025.pdf:397:1969,,unmatched,,2025-09,FlashReport_September_2025.pdf,397,false,no identifier or complete fallback key,
FlashReport_September_2025.pdf:398:1970,,unmatched,,2025-09,FlashReport_September_2025.pdf,398,false,no identifier or complete fallback key,
FlashReport_September_2025.pdf:401:1973,,unmatched,,2025-09,FlashReport_September_2025.pdf,401,false,no identifier or complete fallback key,
FlashReport_September_2025.pdf:402:1974,,unmatched,,2025-09,FlashReport_September_2025.pdf,402,false,no identifier or complete fallback key,
FlashReport_September_2025.pdf:403:1975,,unmatched,,2025-09,FlashReport_September_2025.pdf,403,false,no identifier or complete fallback key,
FlashReport_September_2025.pdf:404:1976,,unmatched,,2025-09,FlashReport_September_2025.pdf,404,false,no identifier or complete fallback key,
FlashReport_September_2025.pdf:405:1977,,unmatched,,2025-09,FlashReport_September_2025.pdf,405,false,no identifier or complete fallback key,
FlashReport_September_2025.pdf:406:1978,,unmatched,,2025-09,FlashReport_September_2025.pdf,406,false,no identifier or complete fallback key,
FlashReport_September_2025.pdf:407:1979,,unmatched,,2025-09,FlashReport_September_2025.pdf,407,false,no identifier or complete fallback key,
FlashReport_September_2025.pdf:408:1980,,unmatched,,2025-09,FlashReport_September_2025.pdf,408,false,no identifier or complete fallback key,
FlashReport_September_2025.pdf:409:1981,,unmatched,,2025-09,FlashReport_September_2025.pdf,409,false,no identifier or complete fallback key,
FlashReport_September_2025.pdf:410:1982,,unmatched,,2025-09,FlashReport_September_2025.pdf,410,false,no identifier or complete fallback key,
FlashReport_September_2025.pdf:411:1983,,unmatched,,2025-09,FlashReport_September_2025.pdf,411,false,no identifier or complete fallback key,
FlashReport_September_2025.pdf:412:1984,,unmatched,,2025-09,FlashReport_September_2025.pdf,412,false,no identifier or complete fallback key,
FlashReport_September_2025.pdf:414:1986,,unmatched,,2025-09,FlashReport_September_2025.pdf,414,false,no identifier or complete fallback key,
FlashReport_September_2025.pdf:415:1987,,unmatched,,2025-09,FlashReport_September_2025.pdf,415,false,no identifier or complete fallback key,
FlashReport_September_2025.pdf:416:1988,,unmatched,,2025-09,FlashReport_September_2025.pdf,416,false,no identifier or complete fallback key,
FlashReport_September_2025.pdf:417:1989,,unmatched,,2025-09,FlashReport_September_2025.pdf,417,false,no identifier or complete fallback key,
FlashReport_September_2025.pdf:418:1990,,unmatched,,2025-09,FlashReport_September_2025.pdf,418,false,no identifier or complete fallback key,
FlashReport_September_2025.pdf:419:1991,,unmatched,,2025-09,FlashReport_September_2025.pdf,419,false,no identifier or complete fallback key,
FlashReport_September_2025.pdf:420:1992,,unmatched,,2025-09,FlashReport_September_2025.pdf,420,false,no identifier or complete fallback key,
FlashReport_September_2025.pdf:422:1994,,unmatched,,2025-09,FlashReport_September_2025.pdf,422,false,no identifier or complete fallback key,
FlashReport_September_2025.pdf:424:1996,,unmatched,,2025-09,FlashReport_September_2025.pdf,424,false,no identifier or complete fallback key,
FlashReport_September_2025.pdf:425:1997,,unmatched,,2025-09,FlashReport_September_2025.pdf,425,false,no identifier or complete fallback key,
FlashReport_September_2025.pdf:426:1998,,unmatched,,2025-09,FlashReport_September_2025.pdf,426,false,no identifier or complete fallback key,
FlashReport_September_2025.pdf:427:1999,,unmatched,,2025-09,FlashReport_September_2025.pdf,427,false,no identifier or complete fallback key,
FlashReport_September_2025.pdf:428:2000,,unmatched,,2025-09,FlashReport_September_2025.pdf,428,false,no identifier or complete fallback key,
FlashReport_September_2025.pdf:429:2001,,unmatched,,2025-09,FlashReport_September_2025.pdf,429,false,no identifier or complete fallback key,
FlashReport_September_2025.pdf:430:2002,,unmatched,,2025-09,FlashReport_September_2025.pdf,430,false,no identifier or complete fallback key,
FlashReport_September_2025.pdf:431:2003,,unmatched,,2025-09,FlashReport_September_2025.pdf,431,false,no identifier or complete fallback key,
FlashReport_September_2025.pdf:432:2004,,unmatched,,2025-09,FlashReport_September_2025.pdf,432,false,no identifier or complete fallback key,
FlashReport_September_2025.pdf:433:2005,,unmatched,,2025-09,FlashReport_September_2025.pdf,433,false,no identifier or complete fallback key,
FlashReport_September_2025.pdf:434:2006,,unmatched,,2025-09,FlashReport_September_2025.pdf,434,false,no identifier or complete fallback key,
FlashReport_September_2025.pdf:436:2008,,unmatched,,2025-09,FlashReport_September_2025.pdf,436,false,no identifier or complete fallback key,
FlashReport_September_2025.pdf:437:2009,,unmatched,,2025-09,FlashReport_September_2025.pdf,437,false,no identifier or complete fallback key,
FlashReport_September_2025.pdf:438:2010,,unmatched,,2025-09,FlashReport_September_2025.pdf,438,false,no identifier or complete fallback key,
FlashReport_September_2025.pdf:439:2011,,unmatched,,2025-09,FlashReport_September_2025.pdf,439,false,no identifier or complete fallback key,
FlashReport_September_2025.pdf:441:2013,,unmatched,,2025-09,FlashReport_September_2025.pdf,441,false,no identifier or complete fallback key,
FlashReport_September_2025.pdf:442:2014,,unmatched,,2025-09,FlashReport_September_2025.pdf,442,false,no identifier or complete fallback key,
FlashReport_September_2025.pdf:443:2015,,unmatched,,2025-09,FlashReport_September_2025.pdf,443,false,no identifier or complete fallback key,
FlashReport_September_2025.pdf:444:2016,,unmatched,,2025-09,FlashReport_September_2025.pdf,444,false,no identifier or complete fallback key,
FlashReport_September_2025.pdf:445:2017,,unmatched,,2025-09,FlashReport_September_2025.pdf,445,false,no identifier or complete fallback key,
FlashReport_September_2025.pdf:446:2018,,unmatched,,2025-09,FlashReport_September_2025.pdf,446,false,no identifier or complete fallback key,
FlashReport_September_2025.pdf:447:2019,,unmatched,,2025-09,FlashReport_September_2025.pdf,447,false,no identifier or complete fallback key,
FlashReport_September_2025.pdf:448:2020,,unmatched,,2025-09,FlashReport_September_2025.pdf,448,false,no identifier or complete fallback key,
FlashReport_September_2025.pdf:450:2022,,unmatched,,2025-09,FlashReport_September_2025.pdf,450,false,no identifier or complete fallback key,
FlashReport_September_2025.pdf:451:2023,,unmatched,,2025-09,FlashReport_September_2025.pdf,451,false,no identifier or complete fallback key,
FlashReport_September_2025.pdf:452:2024,,unmatched,,2025-09,FlashReport_September_2025.pdf,452,false,no identifier or complete fallback key,
FlashReport_September_2025.pdf:453:2025,,unmatched,,2025-09,FlashReport_September_2025.pdf,453,false,no identifier or complete fallback key,
FlashReport_September_2025.pdf:456:2028,,unmatched,,2025-09,FlashReport_September_2025.pdf,456,false,no identifier or complete fallback key,
FlashReport_September_2025.pdf:457:2029,,unmatched,,2025-09,FlashReport_September_2025.pdf,457,false,no identifier or complete fallback key,
FlashReport_September_2025.pdf:459:2031,,unmatched,,2025-09,FlashReport_September_2025.pdf,459,false,no identifier or complete fallback key,
FlashReport_September_2025.pdf:460:2032,,unmatched,,2025-09,FlashReport_September_2025.pdf,460,false,no identifier or complete fallback key,
FlashReport_September_2025.pdf:461:2033,,unmatched,,2025-09,FlashReport_September_2025.pdf,461,false,no identifier or complete fallback key,
FlashReport_September_2025.pdf:462:2034,,unmatched,,2025-09,FlashReport_September_2025.pdf,462,false,no identifier or complete fallback key,
FlashReport_September_2025.pdf:463:2035,,unmatched,,2025-09,FlashReport_September_2025.pdf,463,false,no identifier or complete fallback key,
FlashReport_September_2025.pdf:464:2036,,unmatched,,2025-09,FlashReport_September_2025.pdf,464,false,no identifier or complete fallback key,
FlashReport_September_2025.pdf:466:2038,,unmatched,,2025-09,FlashReport_September_2025.pdf,466,false,no identifier or complete fallback key,
FlashReport_September_2025.pdf:467:2039,,unmatched,,2025-09,FlashReport_September_2025.pdf,467,false,no identifier or complete fallback key,
FlashReport_September_2025.pdf:468:2040,,unmatched,,2025-09,FlashReport_September_2025.pdf,468,false,no identifier or complete fallback key,
FlashReport_September_2025.pdf:469:2041,,unmatched,,2025-09,FlashReport_September_2025.pdf,469,false,no identifier or complete fallback key,
FlashReport_September_2025.pdf:470:2042,,unmatched,,2025-09,FlashReport_September_2025.pdf,470,false,no identifier or complete fallback key,
FlashReport_September_2025.pdf:471:2043,,unmatched,,2025-09,FlashReport_September_2025.pdf,471,false,no identifier or complete fallback key,
FlashReport_September_2025.pdf:472:2044,,unmatched,,2025-09,FlashReport_September_2025.pdf,472,false,no identifier or complete fallback key,
FlashReport_September_2025.pdf:473:2045,,unmatched,,2025-09,FlashReport_September_2025.pdf,473,false,no identifier or complete fallback key,
FlashReport_September_2025.pdf:475:2047,,unmatched,,2025-09,FlashReport_September_2025.pdf,475,false,no identifier or complete fallback key,
FlashReport_September_2025.pdf:478:2050,,unmatched,,2025-09,FlashReport_September_2025.pdf,478,false,no identifier or complete fallback key,
FlashReport_September_2025.pdf:479:2051,,unmatched,,2025-09,FlashReport_September_2025.pdf,479,false,no identifier or complete fallback key,
FlashReport_September_2025.pdf:480:2052,,unmatched,,2025-09,FlashReport_September_2025.pdf,480,false,no identifier or complete fallback key,
FlashReport_September_2025.pdf:481:2053,,unmatched,,2025-09,FlashReport_September_2025.pdf,481,false,no identifier or complete fallback key,
FlashReport_September_2025.pdf:482:2054,,unmatched,,2025-09,FlashReport_September_2025.pdf,482,false,no identifier or complete fallback key,
FlashReport_September_2025.pdf:483:2055,,unmatched,,2025-09,FlashReport_September_2025.pdf,483,false,no identifier or complete fallback key,
FlashReport_September_2025.pdf:484:2056,,unmatched,,2025-09,FlashReport_September_2025.pdf,484,false,no identifier or complete fallback key,
FlashReport_September_2025.pdf:485:2057,,unmatched,,2025-09,FlashReport_September_2025.pdf,485,false,no identifier or complete fallback key,
FlashReport_September_2025.pdf:486:2058,,unmatched,,2025-09,FlashReport_September_2025.pdf,486,false,no identifier or complete fallback key,
FlashReport_September_2025.pdf:489:2061,,unmatched,,2025-09,FlashReport_September_2025.pdf,489,false,no identifier or complete fallback key,
FlashReport_September_2025.pdf:490:2062,,unmatched,,2025-09,FlashReport_September_2025.pdf,490,false,no identifier or complete fallback key,
FlashReport_September_2025.pdf:491:2063,,unmatched,,2025-09,FlashReport_September_2025.pdf,491,false,no identifier or complete fallback key,
FlashReport_September_2025.pdf:492:2064,,unmatched,,2025-09,FlashReport_September_2025.pdf,492,false,no identifier or complete fallback key,
FlashReport_September_2025.pdf:493:2065,,unmatched,,2025-09,FlashReport_September_2025.pdf,493,false,no identifier or complete fallback key,
FlashReport_September_2025.pdf:494:2066,,unmatched,,2025-09,FlashReport_September_2025.pdf,494,false,no identifier or complete fallback key,
FlashReport_September_2025.pdf:495:2067,,unmatched,,2025-09,FlashReport_September_2025.pdf,495,false,no identifier or complete fallback key,
FlashReport_September_2025.pdf:496:2068,,unmatched,,2025-09,FlashReport_September_2025.pdf,496,false,no identifier or complete fallback key,
FlashReport_September_2025.pdf:497:2069,,unmatched,,2025-09,FlashReport_September_2025.pdf,497,false,no identifier or complete fallback key,
FlashReport_September_2025.pdf:498:2070,,unmatched,,2025-09,FlashReport_September_2025.pdf,498,false,no identifier or complete fallback key,
FlashReport_September_2025.pdf:499:2071,,unmatched,,2025-09,FlashReport_September_2025.pdf,499,false,no identifier or complete fallback key,
FlashReport_September_2025.pdf:500:2072,,unmatched,,2025-09,FlashReport_September_2025.pdf,500,false,no identifier or complete fallback key,
FlashReport_September_2025.pdf:501:2073,,unmatched,,2025-09,FlashReport_September_2025.pdf,501,false,no identifier or complete fallback key,
FlashReport_September_2025.pdf:502:2074,,unmatched,,2025-09,FlashReport_September_2025.pdf,502,false,no identifier or complete fallback key,
FlashReport_September_2025.pdf:504:2076,,unmatched,,2025-09,FlashReport_September_2025.pdf,504,false,no identifier or complete fallback key,
FlashReport_September_2025.pdf:505:2077,,unmatched,,2025-09,FlashReport_September_2025.pdf,505,false,no identifier or complete fallback key,
FlashReport_September_2025.pdf:506:2078,,unmatched,,2025-09,FlashReport_September_2025.pdf,506,false,no identifier or complete fallback key,
FlashReport_September_2025.pdf:507:2079,,unmatched,,2025-09,FlashReport_September_2025.pdf,507,false,no identifier or complete fallback key,
FlashReport_September_2025.pdf:508:2080,,unmatched,,2025-09,FlashReport_September_2025.pdf,508,false,no identifier or complete fallback key,
FlashReport_September_2025.pdf:509:2081,,unmatched,,2025-09,FlashReport_September_2025.pdf,509,false,no identifier or complete fallback key,
FlashReport_September_2025.pdf:510:2082,,unmatched,,2025-09,FlashReport_September_2025.pdf,510,false,no identifier or complete fallback key,
FlashReport_September_2025.pdf:511:2083,,unmatched,,2025-09,FlashReport_September_2025.pdf,511,false,no identifier or complete fallback key,
FlashReport_September_2025.pdf:512:2084,,unmatched,,2025-09,FlashReport_September_2025.pdf,512,false,no identifier or complete fallback key,
FlashReport_September_2025.pdf:514:2086,,unmatched,,2025-09,FlashReport_September_2025.pdf,514,false,no identifier or complete fallback key,
FlashReport_September_2025.pdf:515:2087,,unmatched,,2025-09,FlashReport_September_2025.pdf,515,false,no identifier or complete fallback key,
FlashReport_September_2025.pdf:516:2088,,unmatched,,2025-09,FlashReport_September_2025.pdf,516,false,no identifier or complete fallback key,
FlashReport_September_2025.pdf:517:2089,,unmatched,,2025-09,FlashReport_September_2025.pdf,517,false,no identifier or complete fallback key,
FlashReport_September_2025.pdf:518:2090,,unmatched,,2025-09,FlashReport_September_2025.pdf,518,false,no identifier or complete fallback key,
FlashReport_September_2025.pdf:519:2091,,unmatched,,2025-09,FlashReport_September_2025.pdf,519,false,no identifier or complete fallback key,
FlashReport_September_2025.pdf:520:2092,,unmatched,,2025-09,FlashReport_September_2025.pdf,520,false,no identifier or complete fallback key,
FlashReport_September_2025.pdf:521:2093,,unmatched,,2025-09,FlashReport_September_2025.pdf,521,false,no identifier or complete fallback key,
FlashReport_September_2025.pdf:522:2094,,unmatched,,2025-09,FlashReport_September_2025.pdf,522,false,no identifier or complete fallback key,
FlashReport_September_2025.pdf:523:2095,,unmatched,,2025-09,FlashReport_September_2025.pdf,523,false,no identifier or complete fallback key,
FlashReport_September_2025.pdf:524:2096,,unmatched,,2025-09,FlashReport_September_2025.pdf,524,false,no identifier or complete fallback key,
FlashReport_September_2025.pdf:525:2097,,unmatched,,2025-09,FlashReport_September_2025.pdf,525,false,no identifier or complete fallback key,
FlashReport_September_2025.pdf:527:2099,,unmatched,,2025-09,FlashReport_September_2025.pdf,527,false,no identifier or complete fallback key,
FlashReport_September_2025.pdf:528:2100,,unmatched,,2025-09,FlashReport_September_2025.pdf,528,false,no identifier or complete fallback key,
FlashReport_September_2025.pdf:529:2101,,unmatched,,2025-09,FlashReport_September_2025.pdf,529,false,no identifier or complete fallback key,
FlashReport_September_2025.pdf:530:2102,,unmatched,,2025-09,FlashReport_September_2025.pdf,530,false,no identifier or complete fallback key,
FlashReport_September_2025.pdf:531:2103,,unmatched,,2025-09,FlashReport_September_2025.pdf,531,false,no identifier or complete fallback key,
FlashReport_September_2025.pdf:532:2104,,unmatched,,2025-09,FlashReport_September_2025.pdf,532,false,no identifier or complete fallback key,
FlashReport_September_2025.pdf:533:2105,,unmatched,,2025-09,FlashReport_September_2025.pdf,533,false,no identifier or complete fallback key,
FlashReport_September_2025.pdf:534:2106,,unmatched,,2025-09,FlashReport_September_2025.pdf,534,false,no identifier or complete fallback key,
FlashReport_September_2025.pdf:535:2107,,unmatched,,2025-09,FlashReport_September_2025.pdf,535,false,no identifier or complete fallback key,
FlashReport_September_2025.pdf:536:2108,,unmatched,,2025-09,FlashReport_September_2025.pdf,536,false,no identifier or complete fallback key,
FlashReport_September_2025.pdf:537:2109,,unmatched,,2025-09,FlashReport_September_2025.pdf,537,false,no identifier or complete fallback key,
FlashReport_September_2025.pdf:538:2110,,unmatched,,2025-09,FlashReport_September_2025.pdf,538,false,no identifier or complete fallback key,
FlashReport_September_2025.pdf:539:2111,,unmatched,,2025-09,FlashReport_September_2025.pdf,539,false,no identifier or complete fallback key,
FlashReport_September_2025.pdf:540:2112,,unmatched,,2025-09,FlashReport_September_2025.pdf,540,false,no identifier or complete fallback key,
FlashReport_September_2025.pdf:541:2113,,unmatched,,2025-09,FlashReport_September_2025.pdf,541,false,no identifier or complete fallback key,
FlashReport_September_2025.pdf:542:2114,,unmatched,,2025-09,FlashReport_September_2025.pdf,542,false,no identifier or complete fallback key,
FlashReport_September_2025.pdf:543:2115,,unmatched,,2025-09,FlashReport_September_2025.pdf,543,false,no identifier or complete fallback key,
FlashReport_September_2025.pdf:545:2117,,unmatched,,2025-09,FlashReport_September_2025.pdf,545,false,no identifier or complete fallback key,
FlashReport_September_2025.pdf:546:2118,,unmatched,,2025-09,FlashReport_September_2025.pdf,546,false,no identifier or complete fallback key,
FlashReport_September_2025.pdf:547:2119,,unmatched,,2025-09,FlashReport_September_2025.pdf,547,false,no identifier or complete fallback key,
FlashReport_September_2025.pdf:548:2120,,unmatched,,2025-09,FlashReport_September_2025.pdf,548,false,no identifier or complete fallback key,
FlashReport_September_2025.pdf:550:2122,,unmatched,,2025-09,FlashReport_September_2025.pdf,550,false,no identifier or complete fallback key,
FlashReport_September_2025.pdf:551:2123,,unmatched,,2025-09,FlashReport_September_2025.pdf,551,false,no identifier or complete fallback key,
FlashReport_September_2025.pdf:552:2124,,unmatched,,2025-09,FlashReport_September_2025.pdf,552,false,no identifier or complete fallback key,
FlashReport_September_2025.pdf:554:2126,,unmatched,,2025-09,FlashReport_September_2025.pdf,554,false,no identifier or complete fallback key,
FlashReport_September_2025.pdf:555:2127,,unmatched,,2025-09,FlashReport_September_2025.pdf,555,false,no identifier or complete fallback key,
FlashReport_September_2025.pdf:556:2128,,unmatched,,2025-09,FlashReport_September_2025.pdf,556,false,no identifier or complete fallback key,
FlashReport_September_2025.pdf:557:2129,,unmatched,,2025-09,FlashReport_September_2025.pdf,557,false,no identifier or complete fallback key,
FlashReport_September_2025.pdf:559:2131,,unmatched,,2025-09,FlashReport_September_2025.pdf,559,false,no identifier or complete fallback key,
FlashReport_September_2025.pdf:560:2132,,unmatched,,2025-09,FlashReport_September_2025.pdf,560,false,no identifier or complete fallback key,
FlashReport_September_2025.pdf:561:2133,,unmatched,,2025-09,FlashReport_September_2025.pdf,561,false,no identifier or complete fallback key,
FlashReport_September_2025.pdf:562:2134,,unmatched,,2025-09,FlashReport_September_2025.pdf,562,false,no identifier or complete fallback key,
FlashReport_September_2025.pdf:563:2135,,unmatched,,2025-09,FlashReport_September_2025.pdf,563,false,no identifier or complete fallback key,
FlashReport_September_2025.pdf:564:2136,,unmatched,,2025-09,FlashReport_September_2025.pdf,564,false,no identifier or complete fallback key,
FlashReport_September_2025.pdf:565:2137,,unmatched,,2025-09,FlashReport_September_2025.pdf,565,false,no identifier or complete fallback key,
FlashReport_September_2025.pdf:566:2138,,unmatched,,2025-09,FlashReport_September_2025.pdf,566,false,no identifier or complete fallback key,
FlashReport_September_2025.pdf:567:2139,,unmatched,,2025-09,FlashReport_September_2025.pdf,567,false,no identifier or complete fallback key,
FlashReport_September_2025.pdf:568:2140,,unmatched,,2025-09,FlashReport_September_2025.pdf,568,false,no identifier or complete fallback key,
FlashReport_September_2025.pdf:569:2141,,unmatched,,2025-09,FlashReport_September_2025.pdf,569,false,no identifier or complete fallback key,
FlashReport_September_2025.pdf:570:2142,,unmatched,,2025-09,FlashReport_September_2025.pdf,570,false,no identifier or complete fallback key,
FlashReport_September_2025.pdf:571:2143,,unmatched,,2025-09,FlashReport_September_2025.pdf,571,false,no identifier or complete fallback key,
FlashReport_September_2025.pdf:572:2144,,unmatched,,2025-09,FlashReport_September_2025.pdf,572,false,no identifier or complete fallback key,
FlashReport_September_2025.pdf:573:2145,,unmatched,,2025-09,FlashReport_September_2025.pdf,573,false,no identifier or complete fallback key,
FlashReport_September_2025.pdf:574:2146,,unmatched,,2025-09,FlashReport_September_2025.pdf,574,false,no identifier or complete fallback key,
FlashReport_September_2025.pdf:575:2147,,unmatched,,2025-09,FlashReport_September_2025.pdf,575,false,no identifier or complete fallback key,
FlashReport_September_2025.pdf:576:2148,,unmatched,,2025-09,FlashReport_September_2025.pdf,576,false,no identifier or complete fallback key,
FlashReport_September_2025.pdf:577:2149,,unmatched,,2025-09,FlashReport_September_2025.pdf,577,false,no identifier or complete fallback key,
FlashReport_September_2025.pdf:578:2150,,unmatched,,2025-09,FlashReport_September_2025.pdf,578,false,no identifier or complete fallback key,
FlashReport_September_2025.pdf:579:2151,,unmatched,,2025-09,FlashReport_September_2025.pdf,579,false,no identifier or complete fallback key,
FlashReport_September_2025.pdf:580:2152,,unmatched,,2025-09,FlashReport_September_2025.pdf,580,false,no identifier or complete fallback key,
FlashReport_September_2025.pdf:581:2153,,unmatched,,2025-09,FlashReport_September_2025.pdf,581,false,no identifier or complete fallback key,
FlashReport_September_2025.pdf:582:2154,,unmatched,,2025-09,FlashReport_September_2025.pdf,582,false,no identifier or complete fallback key,
FlashReport_September_2025.pdf:583:2155,,unmatched,,2025-09,FlashReport_September_2025.pdf,583,false,no identifier or complete fallback key,
FlashReport_September_2025.pdf:585:2157,,unmatched,,2025-09,FlashReport_September_2025.pdf,585,false,no identifier or complete fallback key,
FlashReport_September_2025.pdf:586:2158,,unmatched,,2025-09,FlashReport_September_2025.pdf,586,false,no identifier or complete fallback key,
FlashReport_September_2025.pdf:587:2159,,unmatched,,2025-09,FlashReport_September_2025.pdf,587,false,no identifier or complete fallback key,
FlashReport_September_2025.pdf:588:2160,,unmatched,,2025-09,FlashReport_September_2025.pdf,588,false,no identifier or complete fallback key,
FlashReport_September_2025.pdf:590:2162,,unmatched,,2025-09,FlashReport_September_2025.pdf,590,false,no identifier or complete fallback key,
FlashReport_September_2025.pdf:591:2163,,unmatched,,2025-09,FlashReport_September_2025.pdf,591,false,no identifier or complete fallback key,
FlashReport_September_2025.pdf:592:2164,,unmatched,,2025-09,FlashReport_September_2025.pdf,592,false,no identifier or complete fallback key,
FlashReport_September_2025.pdf:593:2165,,unmatched,,2025-09,FlashReport_September_2025.pdf,593,false,no identifier or complete fallback key,
FlashReport_September_2025.pdf:594:2166,,unmatched,,2025-09,FlashReport_September_2025.pdf,594,false,no identifier or complete fallback key,
FlashReport_September_2025.pdf:595:2167,,unmatched,,2025-09,FlashReport_September_2025.pdf,595,false,no identifier or complete fallback key,
FlashReport_September_2025.pdf:596:2168,,unmatched,,2025-09,FlashReport_September_2025.pdf,596,false,no identifier or complete fallback key,
FlashReport_September_2025.pdf:597:2169,,unmatched,,2025-09,FlashReport_September_2025.pdf,597,false,no identifier or complete fallback key,
FlashReport_September_2025.pdf:598:2170,,unmatched,,2025-09,FlashReport_September_2025.pdf,598,false,no identifier or complete fallback key,
FlashReport_September_2025.pdf:599:2171,,unmatched,,2025-09,FlashReport_September_2025.pdf,599,false,no identifier or complete fallback key,
FlashReport_September_2025.pdf:600:2172,,unmatched,,2025-09,FlashReport_September_2025.pdf,600,false,no identifier or complete fallback key,
FlashReport_September_2025.pdf:601:2173,,unmatched,,2025-09,FlashReport_September_2025.pdf,601,false,no identifier or complete fallback key,
FlashReport_September_2025.pdf:602:2174,,unmatched,,2025-09,FlashReport_September_2025.pdf,602,false,no identifier or complete fallback key,
FlashReport_September_2025.pdf:603:2175,,unmatched,,2025-09,FlashReport_September_2025.pdf,603,false,no identifier or complete fallback key,
FlashReport_September_2025.pdf:604:2176,,unmatched,,2025-09,FlashReport_September_2025.pdf,604,false,no identifier or complete fallback key,
FlashReport_September_2025.pdf:605:2177,,unmatched,,2025-09,FlashReport_September_2025.pdf,605,false,no identifier or complete fallback key,
FlashReport_September_2025.pdf:606:2178,,unmatched,,2025-09,FlashReport_September_2025.pdf,606,false,no identifier or complete fallback key,
FlashReport_September_2025.pdf:607:2179,,unmatched,,2025-09,FlashReport_September_2025.pdf,607,false,no identifier or complete fallback key,
FlashReport_September_2025.pdf:608:2180,,unmatched,,2025-09,FlashReport_September_2025.pdf,608,false,no identifier or complete fallback key,
FlashReport_September_2025.pdf:609:2181,,unmatched,,2025-09,FlashReport_September_2025.pdf,609,false,no identifier or complete fallback key,
FlashReport_September_2025.pdf:610:2182,,unmatched,,2025-09,FlashReport_September_2025.pdf,610,false,no identifier or complete fallback key,
FlashReport_September_2025.pdf:611:2183,,unmatched,,2025-09,FlashReport_September_2025.pdf,611,false,no identifier or complete fallback key,
FlashReport_September_2025.pdf:612:2184,,unmatched,,2025-09,FlashReport_September_2025.pdf,612,false,no identifier or complete fallback key,
FlashReport_September_2025.pdf:613:2185,,unmatched,,2025-09,FlashReport_September_2025.pdf,613,false,no identifier or complete fallback key,
FlashReport_September_2025.pdf:615:2187,,unmatched,,2025-09,FlashReport_September_2025.pdf,615,false,no identifier or complete fallback key,
FlashReport_September_2025.pdf:616:2188,,unmatched,,2025-09,FlashReport_September_2025.pdf,616,false,no identifier or complete fallback key,
FlashReport_September_2025.pdf:617:2189,,unmatched,,2025-09,FlashReport_September_2025.pdf,617,false,no identifier or complete fallback key,
FlashReport_September_2025.pdf:618:2190,,unmatched,,2025-09,FlashReport_September_2025.pdf,618,false,no identifier or complete fallback key,
FlashReport_September_2025.pdf:619:2191,,unmatched,,2025-09,FlashReport_September_2025.pdf,619,false,no identifier or complete fallback key,
FlashReport_September_2025.pdf:620:2192,,unmatched,,2025-09,FlashReport_September_2025.pdf,620,false,no identifier or complete fallback key,
FlashReport_September_2025.pdf:621:2193,,unmatched,,2025-09,FlashReport_September_2025.pdf,621,false,no identifier or complete fallback key,
FlashReport_September_2025.pdf:622:2194,,unmatched,,2025-09,FlashReport_September_2025.pdf,622,false,no identifier or complete fallback key,
FlashReport_September_2025.pdf:623:2195,,unmatched,,2025-09,FlashReport_September_2025.pdf,623,false,no identifier or complete fallback key,
FlashReport_September_2025.pdf:624:2196,,unmatched,,2025-09,FlashReport_September_2025.pdf,624,false,no identifier or complete fallback key,
FlashReport_September_2025.pdf:625:2197,,unmatched,,2025-09,FlashReport_September_2025.pdf,625,false,no identifier or complete fallback key,
FlashReport_September_2025.pdf:627:2199,,unmatched,,2025-09,FlashReport_September_2025.pdf,627,false,no identifier or complete fallback key,
FlashReport_September_2025.pdf:628:2200,,unmatched,,2025-09,FlashReport_September_2025.pdf,628,false,no identifier or complete fallback key,
FlashReport_September_2025.pdf:629:2201,,unmatched,,2025-09,FlashReport_September_2025.pdf,629,false,no identifier or complete fallback key,
FlashReport_September_2025.pdf:630:2202,,unmatched,,2025-09,FlashReport_September_2025.pdf,630,false,no identifier or complete fallback key,
FlashReport_September_2025.pdf:631:2203,,unmatched,,2025-09,FlashReport_September_2025.pdf,631,false,no identifier or complete fallback key,
FlashReport_September_2025.pdf:632:2204,,unmatched,,2025-09,FlashReport_September_2025.pdf,632,false,no identifier or complete fallback key,
FlashReport_September_2025.pdf:633:2205,,unmatched,,2025-09,FlashReport_September_2025.pdf,633,false,no identifier or complete fallback key,
FlashReport_September_2025.pdf:634:2206,,unmatched,,2025-09,FlashReport_September_2025.pdf,634,false,no identifier or complete fallback key,
FlashReport_September_2025.pdf:635:2207,,unmatched,,2025-09,FlashReport_September_2025.pdf,635,false,no identifier or complete fallback key,
FlashReport_September_2025.pdf:636:2208,,unmatched,,2025-09,FlashReport_September_2025.pdf,636,false,no identifier or complete fallback key,
FlashReport_September_2025.pdf:637:2209,,unmatched,,2025-09,FlashReport_September_2025.pdf,637,false,no identifier or complete fallback key,
FlashReport_September_2025.pdf:638:2210,,unmatched,,2025-09,FlashReport_September_2025.pdf,638,false,no identifier or complete fallback key,
FlashReport_September_2025.pdf:639:2211,,unmatched,,2025-09,FlashReport_September_2025.pdf,639,false,no identifier or complete fallback key,
FlashReport_September_2025.pdf:640:2212,,unmatched,,2025-09,FlashReport_September_2025.pdf,640,false,no identifier or complete fallback key,
FlashReport_September_2025.pdf:642:2214,,unmatched,,2025-09,FlashReport_September_2025.pdf,642,false,no identifier or complete fallback key,
FlashReport_September_2025.pdf:643:2215,,unmatched,,2025-09,FlashReport_September_2025.pdf,643,false,no identifier or complete fallback key,
FlashReport_September_2025.pdf:644:2216,,unmatched,,2025-09,FlashReport_September_2025.pdf,644,false,no identifier or complete fallback key,
FlashReport_September_2025.pdf:645:2217,,unmatched,,2025-09,FlashReport_September_2025.pdf,645,false,no identifier or complete fallback key,
FlashReport_September_2025.pdf:647:2219,,unmatched,,2025-09,FlashReport_September_2025.pdf,647,false,no identifier or complete fallback key,
FlashReport_September_2025.pdf:648:2220,,unmatched,,2025-09,FlashReport_September_2025.pdf,648,false,no identifier or complete fallback key,
FlashReport_September_2025.pdf:649:2221,,unmatched,,2025-09,FlashReport_September_2025.pdf,649,false,no identifier or complete fallback key,
FlashReport_September_2025.pdf:650:2222,,unmatched,,2025-09,FlashReport_September_2025.pdf,650,false,no identifier or complete fallback key,
FlashReport_September_2025.pdf:651:2223,,unmatched,,2025-09,FlashReport_September_2025.pdf,651,false,no identifier or complete fallback key,
FlashReport_September_2025.pdf:652:2224,,unmatched,,2025-09,FlashReport_September_2025.pdf,652,false,no identifier or complete fallback key,
FlashReport_September_2025.pdf:653:2225,,unmatched,,2025-09,FlashReport_September_2025.pdf,653,false,no identifier or complete fallback key,
FlashReport_September_2025.pdf:654:2226,,unmatched,,2025-09,FlashReport_September_2025.pdf,654,false,no identifier or complete fallback key,
FlashReport_September_2025.pdf:655:2227,,unmatched,,2025-09,FlashReport_September_2025.pdf,655,false,no identifier or complete fallback key,
FlashReport_September_2025.pdf:656:2228,,unmatched,,2025-09,FlashReport_September_2025.pdf,656,false,no identifier or complete fallback key,
FlashReport_September_2025.pdf:657:2229,,unmatched,,2025-09,FlashReport_September_2025.pdf,657,false,no identifier or complete fallback key,
FlashReport_September_2025.pdf:658:2230,,unmatched,,2025-09,FlashReport_September_2025.pdf,658,false,no identifier or complete fallback key,
FlashReport_September_2025.pdf:659:2231,,unmatched,,2025-09,FlashReport_September_2025.pdf,659,false,no identifier or complete fallback key,
FlashReport_September_2025.pdf:660:2232,,unmatched,,2025-09,FlashReport_September_2025.pdf,660,false,no identifier or complete fallback key,
FlashReport_September_2025.pdf:661:2233,,unmatched,,2025-09,FlashReport_September_2025.pdf,661,false,no identifier or complete fallback key,
FlashReport_September_2025.pdf:662:2234,,unmatched,,2025-09,FlashReport_September_2025.pdf,662,false,no identifier or complete fallback key,
FlashReport_September_2025.pdf:663:2235,,unmatched,,2025-09,FlashReport_September_2025.pdf,663,false,no identifier or complete fallback key,
FlashReport_September_2025.pdf:664:2236,,unmatched,,2025-09,FlashReport_September_2025.pdf,664,false,no identifier or complete fallback key,
FlashReport_September_2025.pdf:665:2237,,unmatched,,2025-09,FlashReport_September_2025.pdf,665,false,no identifier or complete fallback key,
FlashReport_September_2025.pdf:666:2238,,unmatched,,2025-09,FlashReport_September_2025.pdf,666,false,no identifier or complete fallback key,
FlashReport_September_2025.pdf:668:2240,,unmatched,,2025-09,FlashReport_September_2025.pdf,668,false,no identifier or complete fallback key,
FlashReport_September_2025.pdf:669:2241,,unmatched,,2025-09,FlashReport_September_2025.pdf,669,false,no identifier or complete fallback key,
FlashReport_September_2025.pdf:670:2242,,unmatched,,2025-09,FlashReport_September_2025.pdf,670,false,no identifier or complete fallback key,
FlashReport_September_2025.pdf:671:2243,,unmatched,,2025-09,FlashReport_September_2025.pdf,671,false,no identifier or complete fallback key,
FlashReport_September_2025.pdf:672:2244,,unmatched,,2025-09,FlashReport_September_2025.pdf,672,false,no identifier or complete fallback key,
FlashReport_September_2025.pdf:673:2245,,unmatched,,2025-09,FlashReport_September_2025.pdf,673,false,no identifier or complete fallback key,
FlashReport_September_2025.pdf:674:2246,,unmatched,,2025-09,FlashReport_September_2025.pdf,674,false,no identifier or complete fallback key,
FlashReport_September_2025.pdf:675:2247,,unmatched,,2025-09,FlashReport_September_2025.pdf,675,false,no identifier or complete fallback key,
FlashReport_September_2025.pdf:676:2248,,unmatched,,2025-09,FlashReport_September_2025.pdf,676,false,no identifier or complete fallback key,
FlashReport_September_2025.pdf:677:2249,,unmatched,,2025-09,FlashReport_September_2025.pdf,677,false,no identifier or complete fallback key,
FlashReport_September_2025.pdf:678:2250,,unmatched,,2025-09,FlashReport_September_2025.pdf,678,false,no identifier or complete fallback key,
FlashReport_September_2025.pdf:679:2251,,unmatched,,2025-09,FlashReport_September_2025.pdf,679,false,no identifier or complete fallback key,
FlashReport_September_2025.pdf:680:2252,,unmatched,,2025-09,FlashReport_September_2025.pdf,680,false,no identifier or complete fallback key,
FlashReport_September_2025.pdf:681:2253,,unmatched,,2025-09,FlashReport_September_2025.pdf,681,false,no identifier or complete fallback key,
FlashReport_September_2025.pdf:682:2254,,unmatched,,2025-09,FlashReport_September_2025.pdf,682,false,no identifier or complete fallback key,
FlashReport_September_2025.pdf:683:2255,,unmatched,,2025-09,FlashReport_September_2025.pdf,683,false,no identifier or complete fallback key,
FlashReport_September_2025.pdf:684:2256,,unmatched,,2025-09,FlashReport_September_2025.pdf,684,false,no identifier or complete fallback key,
FlashReport_September_2025.pdf:687:2259,,unmatched,,2025-09,FlashReport_September_2025.pdf,687,false,no identifier or complete fallback key,
FlashReport_September_2025.pdf:688:2260,,unmatched,,2025-09,FlashReport_September_2025.pdf,688,false,no identifier or complete fallback key,
FlashReport_September_2025.pdf:689:2261,,unmatched,,2025-09,FlashReport_September_2025.pdf,689,false,no identifier or complete fallback key,
FlashReport_September_2025.pdf:690:2262,,unmatched,,2025-09,FlashReport_September_2025.pdf,690,false,no identifier or complete fallback key,
FlashReport_September_2025.pdf:691:2263,,unmatched,,2025-09,FlashReport_September_2025.pdf,691,false,no identifier or complete fallback key,
FlashReport_September_2025.pdf:692:2264,,unmatched,,2025-09,FlashReport_September_2025.pdf,692,false,no identifier or complete fallback key,
FlashReport_September_2025.pdf:693:2265,,unmatched,,2025-09,FlashReport_September_2025.pdf,693,false,no identifier or complete fallback key,
FlashReport_September_2025.pdf:694:2266,,unmatched,,2025-09,FlashReport_September_2025.pdf,694,false,no identifier or complete fallback key,
FlashReport_September_2025.pdf:695:2267,,unmatched,,2025-09,FlashReport_September_2025.pdf,695,false,no identifier or complete fallback key,
FlashReport_September_2025.pdf:696:2268,,unmatched,,2025-09,FlashReport_September_2025.pdf,696,false,no identifier or complete fallback key,
FlashReport_September_2025.pdf:697:2269,,unmatched,,2025-09,FlashReport_September_2025.pdf,697,false,no identifier or complete fallback key,
FlashReport_September_2025.pdf:698:2270,,unmatched,,2025-09,FlashReport_September_2025.pdf,698,false,no identifier or complete fallback key,
FlashReport_September_2025.pdf:699:2271,,unmatched,,2025-09,FlashReport_September_2025.pdf,699,false,no identifier or complete fallback key,
FlashReport_September_2025.pdf:700:2272,,unmatched,,2025-09,FlashReport_September_2025.pdf,700,false,no identifier or complete fallback key,
FlashReport_September_2025.pdf:701:2273,,unmatched,,2025-09,FlashReport_September_2025.pdf,701,false,no identifier or complete fallback key,
FlashReport_September_2025.pdf:702:2274,,unmatched,,2025-09,FlashReport_September_2025.pdf,702,false,no identifier or complete fallback key,
FlashReport_September_2025.pdf:703:2275,,unmatched,,2025-09,FlashReport_September_2025.pdf,703,false,no identifier or complete fallback key,
FlashReport_September_2025.pdf:704:2276,,unmatched,,2025-09,FlashReport_September_2025.pdf,704,false,no identifier or complete fallback key,
FlashReport_September_2025.pdf:705:2277,,unmatched,,2025-09,FlashReport_September_2025.pdf,705,false,no identifier or complete fallback key,
FlashReport_September_2025.pdf:706:2278,,unmatched,,2025-09,FlashReport_September_2025.pdf,706,false,no identifier or complete fallback key,
FlashReport_September_2025.pdf:707:2279,,unmatched,,2025-09,FlashReport_September_2025.pdf,707,false,no identifier or complete fallback key,
FlashReport_September_2025.pdf:708:2280,,unmatched,,2025-09,FlashReport_September_2025.pdf,708,false,no identifier or complete fallback key,
FlashReport_September_2025.pdf:709:2281,,unmatched,,2025-09,FlashReport_September_2025.pdf,709,false,no identifier or complete fallback key,
FlashReport_September_2025.pdf:710:2282,,unmatched,,2025-09,FlashReport_September_2025.pdf,710,false,no identifier or complete fallback key,
FlashReport_September_2025.pdf:711:2283,,unmatched,,2025-09,FlashReport_September_2025.pdf,711,false,no identifier or complete fallback key,
FlashReport_September_2025.pdf:712:2284,,unmatched,,2025-09,FlashReport_September_2025.pdf,712,false,no identifier or complete fallback key,
FlashReport_September_2025.pdf:713:2285,,unmatched,,2025-09,FlashReport_September_2025.pdf,713,false,no identifier or complete fallback key,
FlashReport_September_2025.pdf:714:2286,,unmatched,,2025-09,FlashReport_September_2025.pdf,714,false,no identifier or complete fallback key,
FlashReport_September_2025.pdf:715:2287,,unmatched,,2025-09,FlashReport_September_2025.pdf,715,false,no identifier or complete fallback key,
FlashReport_September_2025.pdf:716:2288,,unmatched,,2025-09,FlashReport_September_2025.pdf,716,false,no identifier or complete fallback key,
FlashReport_September_2025.pdf:717:2289,,unmatched,,2025-09,FlashReport_September_2025.pdf,717,false,no identifier or complete fallback key,
FlashReport_September_2025.pdf:718:2290,,unmatched,,2025-09,FlashReport_September_2025.pdf,718,false,no identifier or complete fallback key,
FlashReport_September_2025.pdf:719:2291,,unmatched,,2025-09,FlashReport_September_2025.pdf,719,false,no identifier or complete fallback key,
FlashReport_September_2025.pdf:720:2292,,unmatched,,2025-09,FlashReport_September_2025.pdf,720,false,no identifier or complete fallback key,
FlashReport_September_2025.pdf:721:2293,,unmatched,,2025-09,FlashReport_September_2025.pdf,721,false,no identifier or complete fallback key,
FlashReport_September_2025.pdf:722:2294,,unmatched,,2025-09,FlashReport_September_2025.pdf,722,false,no identifier or complete fallback key,
FlashReport_September_2025.pdf:724:2296,,unmatched,,2025-09,FlashReport_September_2025.pdf,724,false,no identifier or complete fallback key,
FlashReport_September_2025.pdf:725:2297,,unmatched,,2025-09,FlashReport_September_2025.pdf,725,false,no identifier or complete fallback key,
FlashReport_September_2025.pdf:726:2298,,unmatched,,2025-09,FlashReport_September_2025.pdf,726,false,no identifier or complete fallback key,
FlashReport_September_2025.pdf:728:2300,,unmatched,,2025-09,FlashReport_September_2025.pdf,728,false,no identifier or complete fallback key,
FlashReport_September_2025.pdf:729:2301,,unmatched,,2025-09,FlashReport_September_2025.pdf,729,false,no identifier or complete fallback key,
FlashReport_September_2025.pdf:730:2302,,unmatched,,2025-09,FlashReport_September_2025.pdf,730,false,no identifier or complete fallback key,
FlashReport_September_2025.pdf:731:2303,,unmatched,,2025-09,FlashReport_September_2025.pdf,731,false,no identifier or complete fallback key,
FlashReport_September_2025.pdf:732:2304,,unmatched,,2025-09,FlashReport_September_2025.pdf,732,false,no identifier or complete fallback key,
FlashReport_September_2025.pdf:736:2308,,unmatched,,2025-09,FlashReport_September_2025.pdf,736,false,no identifier or complete fallback key,
FlashReport_September_2025.pdf:739:2311,,unmatched,,2025-09,FlashReport_September_2025.pdf,739,false,no identifier or complete fallback key,
FlashReport_September_2025.pdf:742:2314,,unmatched,,2025-09,FlashReport_September_2025.pdf,742,false,no identifier or complete fallback key,
FlashReport_September_2025.pdf:743:2315,,unmatched,,2025-09,FlashReport_September_2025.pdf,743,false,no identifier or complete fallback key,
FlashReport_September_2025.pdf:744:2316,,unmatched,,2025-09,FlashReport_September_2025.pdf,744,false,no identifier or complete fallback key,
FlashReport_September_2025.pdf:747:2319,,unmatched,,2025-09,FlashReport_September_2025.pdf,747,false,no identifier or complete fallback key,
FlashReport_September_2025.pdf:751:2323,,unmatched,,2025-09,FlashReport_September_2025.pdf,751,false,no identifier or complete fallback key,
FlashReport_September_2025.pdf:752:2324,,unmatched,,2025-09,FlashReport_September_2025.pdf,752,false,no identifier or complete fallback key,
FlashReport_September_2025.pdf:756:2328,,unmatched,,2025-09,FlashReport_September_2025.pdf,756,false,no identifier or complete fallback key,
FlashReport_September_2025.pdf:757:2329,,unmatched,,2025-09,FlashReport_September_2025.pdf,757,false,no identifier or complete fallback key,
FlashReport_September_2025.pdf:758:2330,,unmatched,,2025-09,FlashReport_September_2025.pdf,758,false,no identifier or complete fallback key,
FlashReport_September_2025.pdf:759:2331,,unmatched,,2025-09,FlashReport_September_2025.pdf,759,false,no identifier or complete fallback key,
FlashReport_September_2025.pdf:760:2332,,unmatched,,2025-09,FlashReport_September_2025.pdf,760,false,no identifier or complete fallback key,
FlashReport_September_2025.pdf:761:2333,,unmatched,,2025-09,FlashReport_September_2025.pdf,761,false,no identifier or complete fallback key,
FlashReport_September_2025.pdf:762:2334,,unmatched,,2025-09,FlashReport_September_2025.pdf,762,false,no identifier or complete fallback key,
FlashReport_September_2025.pdf:763:2335,,unmatched,,2025-09,FlashReport_September_2025.pdf,763,false,no identifier or complete fallback key,
FlashReport_September_2025.pdf:764:2336,,unmatched,,2025-09,FlashReport_September_2025.pdf,764,false,no identifier or complete fallback key,
FlashReport_September_2025.pdf:765:2337,,unmatched,,2025-09,FlashReport_September_2025.pdf,765,false,no identifier or complete fallback key,
FlashReport_September_2025.pdf:766:2338,,unmatched,,2025-09,FlashReport_September_2025.pdf,766,false,no identifier or complete fallback key,
FlashReport_September_2025.pdf:767:2339,,unmatched,,2025-09,FlashReport_September_2025.pdf,767,false,no identifier or complete fallback key,
FlashReport_September_2025.pdf:768:2340,,unmatched,,2025-09,FlashReport_September_2025.pdf,768,false,no identifier or complete fallback key,
FlashReport_September_2025.pdf:769:2341,,unmatched,,2025-09,FlashReport_September_2025.pdf,769,false,no identifier or complete fallback key,
FlashReport_September_2025.pdf:770:2342,,unmatched,,2025-09,FlashReport_September_2025.pdf,770,false,no identifier or complete fallback key,
FlashReport_September_2025.pdf:771:2343,,unmatched,,2025-09,FlashReport_September_2025.pdf,771,false,no identifier or complete fallback key,
FlashReport_September_2025.pdf:772:2344,,unmatched,,2025-09,FlashReport_September_2025.pdf,772,false,no identifier or complete fallback key,
FlashReport_September_2025.pdf:773:2345,,unmatched,,2025-09,FlashReport_September_2025.pdf,773,false,no identifier or complete fallback key,
FlashReport_September_2025.pdf:774:2346,,unmatched,,2025-09,FlashReport_September_2025.pdf,774,false,no identifier or complete fallback key,
FlashReport_September_2025.pdf:775:2347,,unmatched,,2025-09,FlashReport_September_2025.pdf,775,false,no identifier or complete fallback key,
FlashReport_September_2025.pdf:776:2348,,unmatched,,2025-09,FlashReport_September_2025.pdf,776,false,no identifier or complete fallback key,
FlashReport_September_2025.pdf:777:2349,,unmatched,,2025-09,FlashReport_September_2025.pdf,777,false,no identifier or complete fallback key,
FlashReport_September_2025.pdf:778:2350,,unmatched,,2025-09,FlashReport_September_2025.pdf,778,false,no identifier or complete fallback key,
FlashReport_September_2025.pdf:779:2351,,unmatched,,2025-09,FlashReport_September_2025.pdf,779,false,no identifier or complete fallback key,
FlashReport_September_2025.pdf:780:2352,,unmatched,,2025-09,FlashReport_September_2025.pdf,780,false,no identifier or complete fallback key,
FlashReport_September_2025.pdf:781:2353,,unmatched,,2025-09,FlashReport_September_2025.pdf,781,false,no identifier or complete fallback key,
FlashReport_September_2025.pdf:782:2354,,unmatched,,2025-09,FlashReport_September_2025.pdf,782,false,no identifier or complete fallback key,
FlashReport_September_2025.pdf:783:2355,,unmatched,,2025-09,FlashReport_September_2025.pdf,783,false,no identifier or complete fallback key,
FlashReport_September_2025.pdf:784:2356,,unmatched,,2025-09,FlashReport_September_2025.pdf,784,false,no identifier or complete fallback key,
FlashReport_September_2025.pdf:785:2357,,unmatched,,2025-09,FlashReport_September_2025.pdf,785,false,no identifier or complete fallback key,
FlashReport_September_2025.pdf:786:2358,,unmatched,,2025-09,FlashReport_September_2025.pdf,786,false,no identifier or complete fallback key,
FlashReport_September_2025.pdf:787:2359,,unmatched,,2025-09,FlashReport_September_2025.pdf,787,false,no identifier or complete fallback key,
FlashReport_September_2025.pdf:788:2360,,unmatched,,2025-09,FlashReport_September_2025.pdf,788,false,no identifier or complete fallback key,
FlashReport_September_2025.pdf:789:2361,,unmatched,,2025-09,FlashReport_September_2025.pdf,789,false,no identifier or complete fallback key,
FlashReport_September_2025.pdf:790:2362,,unmatched,,2025-09,FlashReport_September_2025.pdf,790,false,no identifier or complete fallback key,
FlashReport_September_2025.pdf:791:2363,,unmatched,,2025-09,FlashReport_September_2025.pdf,791,false,no identifier or complete fallback key,
FlashReport_September_2025.pdf:792:2364,,unmatched,,2025-09,FlashReport_September_2025.pdf,792,false,no identifier or complete fallback key,
FlashReport_September_2025.pdf:793:2365,,unmatched,,2025-09,FlashReport_September_2025.pdf,793,false,no identifier or complete fallback key,
FlashReport_September_2025.pdf:794:2366,,unmatched,,2025-09,FlashReport_September_2025.pdf,794,false,no identifier or complete fallback key,
FlashReport_October_2025.pdf:3:2369,,unmatched,,2025-10,FlashReport_October_2025.pdf,3,false,no identifier or complete fallback key,
FlashReport_October_2025.pdf:4:2370,,unmatched,,2025-10,FlashReport_October_2025.pdf,4,false,no identifier or complete fallback key,
FlashReport_October_2025.pdf:5:2371,,unmatched,,2025-10,FlashReport_October_2025.pdf,5,false,no identifier or complete fallback key,
FlashReport_October_2025.pdf:6:2372,,unmatched,,2025-10,FlashReport_October_2025.pdf,6,false,no identifier or complete fallback key,
FlashReport_October_2025.pdf:8:2374,,unmatched,,2025-10,FlashReport_October_2025.pdf,8,false,no identifier or complete fallback key,
FlashReport_October_2025.pdf:9:2375,,unmatched,,2025-10,FlashReport_October_2025.pdf,9,false,no identifier or complete fallback key,
FlashReport_October_2025.pdf:14:2380,,unmatched,,2025-10,FlashReport_October_2025.pdf,14,false,no identifier or complete fallback key,
FlashReport_October_2025.pdf:15:2381,,unmatched,,2025-10,FlashReport_October_2025.pdf,15,false,no identifier or complete fallback key,
FlashReport_October_2025.pdf:18:2384,,unmatched,,2025-10,FlashReport_October_2025.pdf,18,false,no identifier or complete fallback key,
FlashReport_October_2025.pdf:20:2386,,unmatched,,2025-10,FlashReport_October_2025.pdf,20,false,no identifier or complete fallback key,
FlashReport_October_2025.pdf:22:2388,,unmatched,,2025-10,FlashReport_October_2025.pdf,22,false,no identifier or complete fallback key,
FlashReport_October_2025.pdf:24:2390,,unmatched,,2025-10,FlashReport_October_2025.pdf,24,false,no identifier or complete fallback key,
FlashReport_October_2025.pdf:25:2391,,unmatched,,2025-10,FlashReport_October_2025.pdf,25,false,no identifier or complete fallback key,
FlashReport_October_2025.pdf:27:2393,,unmatched,,2025-10,FlashReport_October_2025.pdf,27,false,no identifier or complete fallback key,
FlashReport_October_2025.pdf:28:2394,,unmatched,,2025-10,FlashReport_October_2025.pdf,28,false,no identifier or complete fallback key,
FlashReport_October_2025.pdf:29:2395,,unmatched,,2025-10,FlashReport_October_2025.pdf,29,false,no identifier or complete fallback key,
FlashReport_October_2025.pdf:30:2396,,unmatched,,2025-10,FlashReport_October_2025.pdf,30,false,no identifier or complete fallback key,
FlashReport_October_2025.pdf:31:2397,,unmatched,,2025-10,FlashReport_October_2025.pdf,31,false,no identifier or complete fallback key,
FlashReport_October_2025.pdf:32:2398,,unmatched,,2025-10,FlashReport_October_2025.pdf,32,false,no identifier or complete fallback key,
FlashReport_October_2025.pdf:33:2399,,unmatched,,2025-10,FlashReport_October_2025.pdf,33,false,no identifier or complete fallback key,
FlashReport_October_2025.pdf:34:2400,,unmatched,,2025-10,FlashReport_October_2025.pdf,34,false,no identifier or complete fallback key,
FlashReport_October_2025.pdf:35:2401,,unmatched,,2025-10,FlashReport_October_2025.pdf,35,false,no identifier or complete fallback key,
FlashReport_October_2025.pdf:36:2402,,unmatched,,2025-10,FlashReport_October_2025.pdf,36,false,no identifier or complete fallback key,
FlashReport_October_2025.pdf:37:2403,,unmatched,,2025-10,FlashReport_October_2025.pdf,37,false,no identifier or complete fallback key,
FlashReport_October_2025.pdf:38:2404,,unmatched,,2025-10,FlashReport_October_2025.pdf,38,false,no identifier or complete fallback key,
FlashReport_October_2025.pdf:39:2405,,unmatched,,2025-10,FlashReport_October_2025.pdf,39,false,no identifier or complete fallback key,
FlashReport_October_2025.pdf:40:2406,,unmatched,,2025-10,FlashReport_October_2025.pdf,40,false,no identifier or complete fallback key,
FlashReport_October_2025.pdf:41:2407,,unmatched,,2025-10,FlashReport_October_2025.pdf,41,false,no identifier or complete fallback key,
FlashReport_October_2025.pdf:42:2408,,unmatched,,2025-10,FlashReport_October_2025.pdf,42,false,no identifier or complete fallback key,
FlashReport_October_2025.pdf:43:2409,,unmatched,,2025-10,FlashReport_October_2025.pdf,43,false,no identifier or complete fallback key,
FlashReport_October_2025.pdf:44:2410,,unmatched,,2025-10,FlashReport_October_2025.pdf,44,false,no identifier or complete fallback key,
FlashReport_October_2025.pdf:45:2411,,unmatched,,2025-10,FlashReport_October_2025.pdf,45,false,no identifier or complete fallback key,
FlashReport_October_2025.pdf:46:2412,,unmatched,,2025-10,FlashReport_October_2025.pdf,46,false,no identifier or complete fallback key,
FlashReport_October_2025.pdf:47:2413,,unmatched,,2025-10,FlashReport_October_2025.pdf,47,false,no identifier or complete fallback key,
FlashReport_October_2025.pdf:48:2414,,unmatched,,2025-10,FlashReport_October_2025.pdf,48,false,no identifier or complete fallback key,
FlashReport_October_2025.pdf:49:2415,,unmatched,,2025-10,FlashReport_October_2025.pdf,49,false,no identifier or complete fallback key,
FlashReport_October_2025.pdf:50:2416,,unmatched,,2025-10,FlashReport_October_2025.pdf,50,false,no identifier or complete fallback key,
FlashReport_October_2025.pdf:51:2417,,unmatched,,2025-10,FlashReport_October_2025.pdf,51,false,no identifier or complete fallback key,
FlashReport_October_2025.pdf:52:2418,,unmatched,,2025-10,FlashReport_October_2025.pdf,52,false,no identifier or complete fallback key,
FlashReport_October_2025.pdf:53:2419,,unmatched,,2025-10,FlashReport_October_2025.pdf,53,false,no identifier or complete fallback key,
FlashReport_October_2025.pdf:54:2420,,unmatched,,2025-10,FlashReport_October_2025.pdf,54,false,no identifier or complete fallback key,
FlashReport_October_2025.pdf:55:2421,,unmatched,,2025-10,FlashReport_October_2025.pdf,55,false,no identifier or complete fallback key,
FlashReport_October_2025.pdf:56:2422,,unmatched,,2025-10,FlashReport_October_2025.pdf,56,false,no identifier or complete fallback key,
FlashReport_October_2025.pdf:57:2423,,unmatched,,2025-10,FlashReport_October_2025.pdf,57,false,no identifier or complete fallback key,
FlashReport_October_2025.pdf:58:2424,,unmatched,,2025-10,FlashReport_October_2025.pdf,58,false,no identifier or complete fallback key,
FlashReport_October_2025.pdf:59:2425,,unmatched,,2025-10,FlashReport_October_2025.pdf,59,false,no identifier or complete fallback key,
FlashReport_October_2025.pdf:60:2426,,unmatched,,2025-10,FlashReport_October_2025.pdf,60,false,no identifier or complete fallback key,
FlashReport_October_2025.pdf:61:2427,,unmatched,,2025-10,FlashReport_October_2025.pdf,61,false,no identifier or complete fallback key,
FlashReport_October_2025.pdf:62:2428,,unmatched,,2025-10,FlashReport_October_2025.pdf,62,false,no identifier or complete fallback key,
FlashReport_October_2025.pdf:63:2429,,unmatched,,2025-10,FlashReport_October_2025.pdf,63,false,no identifier or complete fallback key,
FlashReport_October_2025.pdf:64:2430,,unmatched,,2025-10,FlashReport_October_2025.pdf,64,false,no identifier or complete fallback key,
FlashReport_October_2025.pdf:65:2431,,unmatched,,2025-10,FlashReport_October_2025.pdf,65,false,no identifier or complete fallback key,
FlashReport_October_2025.pdf:66:2432,,unmatched,,2025-10,FlashReport_October_2025.pdf,66,false,no identifier or complete fallback key,
FlashReport_October_2025.pdf:67:2433,,unmatched,,2025-10,FlashReport_October_2025.pdf,67,false,no identifier or complete fallback key,
FlashReport_October_2025.pdf:68:2434,,unmatched,,2025-10,FlashReport_October_2025.pdf,68,false,no identifier or complete fallback key,
FlashReport_October_2025.pdf:70:2436,,unmatched,,2025-10,FlashReport_October_2025.pdf,70,false,no identifier or complete fallback key,
FlashReport_October_2025.pdf:71:2437,,unmatched,,2025-10,FlashReport_October_2025.pdf,71,false,no identifier or complete fallback key,
FlashReport_October_2025.pdf:72:2438,,unmatched,,2025-10,FlashReport_October_2025.pdf,72,false,no identifier or complete fallback key,
FlashReport_October_2025.pdf:73:2439,,unmatched,,2025-10,FlashReport_October_2025.pdf,73,false,no identifier or complete fallback key,
FlashReport_October_2025.pdf:74:2440,,unmatched,,2025-10,FlashReport_October_2025.pdf,74,false,no identifier or complete fallback key,
FlashReport_October_2025.pdf:75:2441,,unmatched,,2025-10,FlashReport_October_2025.pdf,75,false,no identifier or complete fallback key,
FlashReport_October_2025.pdf:76:2442,,unmatched,,2025-10,FlashReport_October_2025.pdf,76,false,no identifier or complete fallback key,
FlashReport_October_2025.pdf:77:2443,,unmatched,,2025-10,FlashReport_October_2025.pdf,77,false,no identifier or complete fallback key,
FlashReport_October_2025.pdf:78:2444,,unmatched,,2025-10,FlashReport_October_2025.pdf,78,false,no identifier or complete fallback key,
FlashReport_October_2025.pdf:79:2445,,unmatched,,2025-10,FlashReport_October_2025.pdf,79,false,no identifier or complete fallback key,
FlashReport_October_2025.pdf:80:2446,,unmatched,,2025-10,FlashReport_October_2025.pdf,80,false,no identifier or complete fallback key,
FlashReport_October_2025.pdf:81:2447,,unmatched,,2025-10,FlashReport_October_2025.pdf,81,false,no identifier or complete fallback key,
FlashReport_October_2025.pdf:82:2448,,unmatched,,2025-10,FlashReport_October_2025.pdf,82,false,no identifier or complete fallback key,
FlashReport_October_2025.pdf:83:2449,,unmatched,,2025-10,FlashReport_October_2025.pdf,83,false,no identifier or complete fallback key,
FlashReport_October_2025.pdf:84:2450,,unmatched,,2025-10,FlashReport_October_2025.pdf,84,false,no identifier or complete fallback key,
FlashReport_October_2025.pdf:85:2451,,unmatched,,2025-10,FlashReport_October_2025.pdf,85,false,no identifier or complete fallback key,
FlashReport_October_2025.pdf:86:2452,,unmatched,,2025-10,FlashReport_October_2025.pdf,86,false,no identifier or complete fallback key,
FlashReport_October_2025.pdf:87:2453,,unmatched,,2025-10,FlashReport_October_2025.pdf,87,false,no identifier or complete fallback key,
FlashReport_October_2025.pdf:88:2454,,unmatched,,2025-10,FlashReport_October_2025.pdf,88,false,no identifier or complete fallback key,
FlashReport_October_2025.pdf:89:2455,,unmatched,,2025-10,FlashReport_October_2025.pdf,89,false,no identifier or complete fallback key,
FlashReport_October_2025.pdf:90:2456,,unmatched,,2025-10,FlashReport_October_2025.pdf,90,false,no identifier or complete fallback key,
FlashReport_October_2025.pdf:91:2457,,unmatched,,2025-10,FlashReport_October_2025.pdf,91,false,no identifier or complete fallback key,
FlashReport_October_2025.pdf:92:2458,,unmatched,,2025-10,FlashReport_October_2025.pdf,92,false,no identifier or complete fallback key,
FlashReport_October_2025.pdf:93:2459,,unmatched,,2025-10,FlashReport_October_2025.pdf,93,false,no identifier or complete fallback key,
FlashReport_October_2025.pdf:94:2460,,unmatched,,2025-10,FlashReport_October_2025.pdf,94,false,no identifier or complete fallback key,
FlashReport_October_2025.pdf:95:2461,,unmatched,,2025-10,FlashReport_October_2025.pdf,95,false,no identifier or complete fallback key,
FlashReport_October_2025.pdf:96:2462,,unmatched,,2025-10,FlashReport_October_2025.pdf,96,false,no identifier or complete fallback key,
FlashReport_October_2025.pdf:97:2463,,unmatched,,2025-10,FlashReport_October_2025.pdf,97,false,no identifier or complete fallback key,
FlashReport_October_2025.pdf:98:2464,,unmatched,,2025-10,FlashReport_October_2025.pdf,98,false,no identifier or complete fallback key,
FlashReport_October_2025.pdf:99:2465,,unmatched,,2025-10,FlashReport_October_2025.pdf,99,false,no identifier or complete fallback key,
FlashReport_October_2025.pdf:100:2466,,unmatched,,2025-10,FlashReport_October_2025.pdf,100,false,no identifier or complete fallback key,
FlashReport_October_2025.pdf:101:2467,,unmatched,,2025-10,FlashReport_October_2025.pdf,101,false,no identifier or complete fallback key,
FlashReport_October_2025.pdf:102:2468,,unmatched,,2025-10,FlashReport_October_2025.pdf,102,false,no identifier or complete fallback key,
FlashReport_October_2025.pdf:103:2469,,unmatched,,2025-10,FlashReport_October_2025.pdf,103,false,no identifier or complete fallback key,
FlashReport_October_2025.pdf:104:2470,,unmatched,,2025-10,FlashReport_October_2025.pdf,104,false,no identifier or complete fallback key,
FlashReport_October_2025.pdf:105:2471,,unmatched,,2025-10,FlashReport_October_2025.pdf,105,false,no identifier or complete fallback key,
FlashReport_October_2025.pdf:106:2472,,unmatched,,2025-10,FlashReport_October_2025.pdf,106,false,no identifier or complete fallback key,
FlashReport_October_2025.pdf:107:2473,,unmatched,,2025-10,FlashReport_October_2025.pdf,107,false,no identifier or complete fallback key,
FlashReport_October_2025.pdf:108:2474,,unmatched,,2025-10,FlashReport_October_2025.pdf,108,false,no identifier or complete fallback key,
FlashReport_October_2025.pdf:109:2475,,unmatched,,2025-10,FlashReport_October_2025.pdf,109,false,no identifier or complete fallback key,
FlashReport_October_2025.pdf:110:2476,,unmatched,,2025-10,FlashReport_October_2025.pdf,110,false,no identifier or complete fallback key,
FlashReport_October_2025.pdf:111:2477,,unmatched,,2025-10,FlashReport_October_2025.pdf,111,false,no identifier or complete fallback key,
FlashReport_October_2025.pdf:112:2478,,unmatched,,2025-10,FlashReport_October_2025.pdf,112,false,no identifier or complete fallback key,
FlashReport_October_2025.pdf:113:2479,,unmatched,,2025-10,FlashReport_October_2025.pdf,113,false,no identifier or complete fallback key,
FlashReport_October_2025.pdf:114:2480,,unmatched,,2025-10,FlashReport_October_2025.pdf,114,false,no identifier or complete fallback key,
FlashReport_October_2025.pdf:115:2481,,unmatched,,2025-10,FlashReport_October_2025.pdf,115,false,no identifier or complete fallback key,
FlashReport_October_2025.pdf:116:2482,,unmatched,,2025-10,FlashReport_October_2025.pdf,116,false,no identifier or complete fallback key,
FlashReport_October_2025.pdf:117:2483,,unmatched,,2025-10,FlashReport_October_2025.pdf,117,false,no identifier or complete fallback key,
FlashReport_October_2025.pdf:118:2484,,unmatched,,2025-10,FlashReport_October_2025.pdf,118,false,no identifier or complete fallback key,
FlashReport_October_2025.pdf:119:2485,,unmatched,,2025-10,FlashReport_October_2025.pdf,119,false,no identifier or complete fallback key,
FlashReport_October_2025.pdf:120:2486,,unmatched,,2025-10,FlashReport_October_2025.pdf,120,false,no identifier or complete fallback key,
FlashReport_October_2025.pdf:121:2487,,unmatched,,2025-10,FlashReport_October_2025.pdf,121,false,no identifier or complete fallback key,
FlashReport_October_2025.pdf:122:2488,,unmatched,,2025-10,FlashReport_October_2025.pdf,122,false,no identifier or complete fallback key,
FlashReport_October_2025.pdf:123:2489,,unmatched,,2025-10,FlashReport_October_2025.pdf,123,false,no identifier or complete fallback key,
FlashReport_October_2025.pdf:124:2490,,unmatched,,2025-10,FlashReport_October_2025.pdf,124,false,no identifier or complete fallback key,
FlashReport_October_2025.pdf:125:2491,,unmatched,,2025-10,FlashReport_October_2025.pdf,125,false,no identifier or complete fallback key,
FlashReport_October_2025.pdf:126:2492,,unmatched,,2025-10,FlashReport_October_2025.pdf,126,false,no identifier or complete fallback key,
FlashReport_October_2025.pdf:127:2493,,unmatched,,2025-10,FlashReport_October_2025.pdf,127,false,no identifier or complete fallback key,
FlashReport_October_2025.pdf:128:2494,,unmatched,,2025-10,FlashReport_October_2025.pdf,128,false,no identifier or complete fallback key,
FlashReport_October_2025.pdf:129:2495,,unmatched,,2025-10,FlashReport_October_2025.pdf,129,false,no identifier or complete fallback key,
FlashReport_October_2025.pdf:130:2496,,unmatched,,2025-10,FlashReport_October_2025.pdf,130,false,no identifier or complete fallback key,
FlashReport_October_2025.pdf:131:2497,,unmatched,,2025-10,FlashReport_October_2025.pdf,131,false,no identifier or complete fallback key,
FlashReport_October_2025.pdf:132:2498,,unmatched,,2025-10,FlashReport_October_2025.pdf,132,false,no identifier or complete fallback key,
FlashReport_October_2025.pdf:133:2499,,unmatched,,2025-10,FlashReport_October_2025.pdf,133,false,no identifier or complete fallback key,
FlashReport_October_2025.pdf:134:2500,,unmatched,,2025-10,FlashReport_October_2025.pdf,134,false,no identifier or complete fallback key,
FlashReport_October_2025.pdf:135:2501,,unmatched,,2025-10,FlashReport_October_2025.pdf,135,false,no identifier or complete fallback key,
FlashReport_October_2025.pdf:136:2502,,unmatched,,2025-10,FlashReport_October_2025.pdf,136,false,no identifier or complete fallback key,
FlashReport_October_2025.pdf:137:2503,,unmatched,,2025-10,FlashReport_October_2025.pdf,137,false,no identifier or complete fallback key,
FlashReport_October_2025.pdf:138:2504,,unmatched,,2025-10,FlashReport_October_2025.pdf,138,false,no identifier or complete fallback key,
FlashReport_October_2025.pdf:139:2505,,unmatched,,2025-10,FlashReport_October_2025.pdf,139,false,no identifier or complete fallback key,
FlashReport_October_2025.pdf:140:2506,,unmatched,,2025-10,FlashReport_October_2025.pdf,140,false,no identifier or complete fallback key,
FlashReport_October_2025.pdf:141:2507,,unmatched,,2025-10,FlashReport_October_2025.pdf,141,false,no identifier or complete fallback key,
FlashReport_October_2025.pdf:142:2508,,unmatched,,2025-10,FlashReport_October_2025.pdf,142,false,no identifier or complete fallback key,
FlashReport_October_2025.pdf:143:2509,,unmatched,,2025-10,FlashReport_October_2025.pdf,143,false,no identifier or complete fallback key,
FlashReport_October_2025.pdf:144:2510,,unmatched,,2025-10,FlashReport_October_2025.pdf,144,false,no identifier or complete fallback key,
FlashReport_October_2025.pdf:145:2511,,unmatched,,2025-10,FlashReport_October_2025.pdf,145,false,no identifier or complete fallback key,
FlashReport_October_2025.pdf:146:2512,,unmatched,,2025-10,FlashReport_October_2025.pdf,146,false,no identifier or complete fallback key,
FlashReport_October_2025.pdf:147:2513,,unmatched,,2025-10,FlashReport_October_2025.pdf,147,false,no identifier or complete fallback key,
FlashReport_October_2025.pdf:148:2514,,unmatched,,2025-10,FlashReport_October_2025.pdf,148,false,no identifier or complete fallback key,
FlashReport_October_2025.pdf:149:2515,,unmatched,,2025-10,FlashReport_October_2025.pdf,149,false,no identifier or complete fallback key,
FlashReport_October_2025.pdf:151:2517,,unmatched,,2025-10,FlashReport_October_2025.pdf,151,false,no identifier or complete fallback key,
FlashReport_October_2025.pdf:152:2518,,unmatched,,2025-10,FlashReport_October_2025.pdf,152,false,no identifier or complete fallback key,
FlashReport_October_2025.pdf:153:2519,,unmatched,,2025-10,FlashReport_October_2025.pdf,153,false,no identifier or complete fallback key,
FlashReport_October_2025.pdf:154:2520,,unmatched,,2025-10,FlashReport_October_2025.pdf,154,false,no identifier or complete fallback key,
FlashReport_October_2025.pdf:155:2521,,unmatched,,2025-10,FlashReport_October_2025.pdf,155,false,no identifier or complete fallback key,
FlashReport_October_2025.pdf:156:2522,,unmatched,,2025-10,FlashReport_October_2025.pdf,156,false,no identifier or complete fallback key,
FlashReport_October_2025.pdf:157:2523,,unmatched,,2025-10,FlashReport_October_2025.pdf,157,false,no identifier or complete fallback key,
FlashReport_October_2025.pdf:158:2524,,unmatched,,2025-10,FlashReport_October_2025.pdf,158,false,no identifier or complete fallback key,
FlashReport_October_2025.pdf:159:2525,,unmatched,,2025-10,FlashReport_October_2025.pdf,159,false,no identifier or complete fallback key,
FlashReport_October_2025.pdf:160:2526,,unmatched,,2025-10,FlashReport_October_2025.pdf,160,false,no identifier or complete fallback key,
FlashReport_October_2025.pdf:161:2527,,unmatched,,2025-10,FlashReport_October_2025.pdf,161,false,no identifier or complete fallback key,
FlashReport_October_2025.pdf:162:2528,,unmatched,,2025-10,FlashReport_October_2025.pdf,162,false,no identifier or complete fallback key,
FlashReport_October_2025.pdf:163:2529,,unmatched,,2025-10,FlashReport_October_2025.pdf,163,false,no identifier or complete fallback key,
FlashReport_October_2025.pdf:164:2530,,unmatched,,2025-10,FlashReport_October_2025.pdf,164,false,no identifier or complete fallback key,
FlashReport_October_2025.pdf:165:2531,,unmatched,,2025-10,FlashReport_October_2025.pdf,165,false,no identifier or complete fallback key,
FlashReport_October_2025.pdf:166:2532,,unmatched,,2025-10,FlashReport_October_2025.pdf,166,false,no identifier or complete fallback key,
FlashReport_October_2025.pdf:167:2533,,unmatched,,2025-10,FlashReport_October_2025.pdf,167,false,no identifier or complete fallback key,
FlashReport_October_2025.pdf:168:2534,,unmatched,,2025-10,FlashReport_October_2025.pdf,168,false,no identifier or complete fallback key,
FlashReport_October_2025.pdf:169:2535,,unmatched,,2025-10,FlashReport_October_2025.pdf,169,false,no identifier or complete fallback key,
FlashReport_October_2025.pdf:170:2536,,unmatched,,2025-10,FlashReport_October_2025.pdf,170,false,no identifier or complete fallback key,
FlashReport_October_2025.pdf:171:2537,,unmatched,,2025-10,FlashReport_October_2025.pdf,171,false,no identifier or complete fallback key,
FlashReport_October_2025.pdf:172:2538,,unmatched,,2025-10,FlashReport_October_2025.pdf,172,false,no identifier or complete fallback key,
FlashReport_October_2025.pdf:175:2541,,unmatched,,2025-10,FlashReport_October_2025.pdf,175,false,no identifier or complete fallback key,
FlashReport_October_2025.pdf:176:2542,,unmatched,,2025-10,FlashReport_October_2025.pdf,176,false,no identifier or complete fallback key,
FlashReport_October_2025.pdf:177:2543,,unmatched,,2025-10,FlashReport_October_2025.pdf,177,false,no identifier or complete fallback key,
FlashReport_October_2025.pdf:178:2544,,unmatched,,2025-10,FlashReport_October_2025.pdf,178,false,no identifier or complete fallback key,
FlashReport_October_2025.pdf:179:2545,,unmatched,,2025-10,FlashReport_October_2025.pdf,179,false,no identifier or complete fallback key,
FlashReport_October_2025.pdf:181:2547,,unmatched,,2025-10,FlashReport_October_2025.pdf,181,false,no identifier or complete fallback key,
FlashReport_October_2025.pdf:182:2548,,unmatched,,2025-10,FlashReport_October_2025.pdf,182,false,no identifier or complete fallback key,
FlashReport_October_2025.pdf:186:2552,,unmatched,,2025-10,FlashReport_October_2025.pdf,186,false,no identifier or complete fallback key,
FlashReport_October_2025.pdf:187:2553,,unmatched,,2025-10,FlashReport_October_2025.pdf,187,false,no identifier or complete fallback key,
FlashReport_October_2025.pdf:200:2566,,unmatched,,2025-10,FlashReport_October_2025.pdf,200,false,no identifier or complete fallback key,
FlashReport_October_2025.pdf:201:2567,,unmatched,,2025-10,FlashReport_October_2025.pdf,201,false,no identifier or complete fallback key,
FlashReport_October_2025.pdf:202:2568,,unmatched,,2025-10,FlashReport_October_2025.pdf,202,false,no identifier or complete fallback key,
FlashReport_October_2025.pdf:221:2587,,unmatched,,2025-10,FlashReport_October_2025.pdf,221,false,no identifier or complete fallback key,
FlashReport_October_2025.pdf:222:2588,,unmatched,,2025-10,FlashReport_October_2025.pdf,222,false,no identifier or complete fallback key,
FlashReport_October_2025.pdf:223:2589,,unmatched,,2025-10,FlashReport_October_2025.pdf,223,false,no identifier or complete fallback key,
FlashReport_October_2025.pdf:230:2596,,unmatched,,2025-10,FlashReport_October_2025.pdf,230,false,no identifier or complete fallback key,
FlashReport_October_2025.pdf:267:2611,,unmatched,,2025-10,FlashReport_October_2025.pdf,267,false,no identifier or complete fallback key,
FlashReport_October_2025.pdf:268:2612,,unmatched,,2025-10,FlashReport_October_2025.pdf,268,false,no identifier or complete fallback key,
FlashReport_October_2025.pdf:269:2613,,unmatched,,2025-10,FlashReport_October_2025.pdf,269,false,no identifier or complete fallback key,
FlashReport_October_2025.pdf:270:2614,,unmatched,,2025-10,FlashReport_October_2025.pdf,270,false,no identifier or complete fallback key,
FlashReport_October_2025.pdf:271:2615,,unmatched,,2025-10,FlashReport_October_2025.pdf,271,false,no identifier or complete fallback key,
FlashReport_October_2025.pdf:272:2616,,unmatched,,2025-10,FlashReport_October_2025.pdf,272,false,no identifier or complete fallback key,
FlashReport_October_2025.pdf:273:2617,,unmatched,,2025-10,FlashReport_October_2025.pdf,273,false,no identifier or complete fallback key,
FlashReport_October_2025.pdf:274:2618,,unmatched,,2025-10,FlashReport_October_2025.pdf,274,false,no identifier or complete fallback key,
FlashReport_October_2025.pdf:275:2619,,unmatched,,2025-10,FlashReport_October_2025.pdf,275,false,no identifier or complete fallback key,
FlashReport_October_2025.pdf:276:2620,,unmatched,,2025-10,FlashReport_October_2025.pdf,276,false,no identifier or complete fallback key,
FlashReport_October_2025.pdf:277:2621,,unmatched,,2025-10,FlashReport_October_2025.pdf,277,false,no identifier or complete fallback key,
FlashReport_October_2025.pdf:278:2622,,unmatched,,2025-10,FlashReport_October_2025.pdf,278,false,no identifier or complete fallback key,
FlashReport_October_2025.pdf:279:2623,,unmatched,,2025-10,FlashReport_October_2025.pdf,279,false,no identifier or complete fallback key,
FlashReport_October_2025.pdf:281:2625,,unmatched,,2025-10,FlashReport_October_2025.pdf,281,false,no identifier or complete fallback key,
FlashReport_October_2025.pdf:282:2626,,unmatched,,2025-10,FlashReport_October_2025.pdf,282,false,no identifier or complete fallback key,
FlashReport_October_2025.pdf:283:2627,,unmatched,,2025-10,FlashReport_October_2025.pdf,283,false,no identifier or complete fallback key,
FlashReport_October_2025.pdf:284:2628,,unmatched,,2025-10,FlashReport_October_2025.pdf,284,false,no identifier or complete fallback key,
FlashReport_October_2025.pdf:285:2629,,unmatched,,2025-10,FlashReport_October_2025.pdf,285,false,no identifier or complete fallback key,
FlashReport_October_2025.pdf:286:2630,,unmatched,,2025-10,FlashReport_October_2025.pdf,286,false,no identifier or complete fallback key,
FlashReport_October_2025.pdf:287:2631,,unmatched,,2025-10,FlashReport_October_2025.pdf,287,false,no identifier or complete fallback key,
FlashReport_October_2025.pdf:288:2632,,unmatched,,2025-10,FlashReport_October_2025.pdf,288,false,no identifier or complete fallback key,
FlashReport_October_2025.pdf:289:2633,,unmatched,,2025-10,FlashReport_October_2025.pdf,289,false,no identifier or complete fallback key,
FlashReport_October_2025.pdf:290:2634,,unmatched,,2025-10,FlashReport_October_2025.pdf,290,false,no identifier or complete fallback key,
FlashReport_October_2025.pdf:291:2635,,unmatched,,2025-10,FlashReport_October_2025.pdf,291,false,no identifier or complete fallback key,
FlashReport_October_2025.pdf:292:2636,,unmatched,,2025-10,FlashReport_October_2025.pdf,292,false,no identifier or complete fallback key,
FlashReport_October_2025.pdf:293:2637,,unmatched,,2025-10,FlashReport_October_2025.pdf,293,false,no identifier or complete fallback key,
FlashReport_October_2025.pdf:294:2638,,unmatched,,2025-10,FlashReport_October_2025.pdf,294,false,no identifier or complete fallback key,
FlashReport_October_2025.pdf:295:2639,,unmatched,,2025-10,FlashReport_October_2025.pdf,295,false,no identifier or complete fallback key,
FlashReport_October_2025.pdf:296:2640,,unmatched,,2025-10,FlashReport_October_2025.pdf,296,false,no identifier or complete fallback key,
FlashReport_October_2025.pdf:297:2641,,unmatched,,2025-10,FlashReport_October_2025.pdf,297,false,no identifier or complete fallback key,
FlashReport_October_2025.pdf:298:2642,,unmatched,,2025-10,FlashReport_October_2025.pdf,298,false,no identifier or complete fallback key,
FlashReport_October_2025.pdf:299:2643,,unmatched,,2025-10,FlashReport_October_2025.pdf,299,false,no identifier or complete fallback key,
FlashReport_October_2025.pdf:300:2644,,unmatched,,2025-10,FlashReport_October_2025.pdf,300,false,no identifier or complete fallback key,
FlashReport_October_2025.pdf:301:2645,,unmatched,,2025-10,FlashReport_October_2025.pdf,301,false,no identifier or complete fallback key,
FlashReport_October_2025.pdf:302:2646,,unmatched,,2025-10,FlashReport_October_2025.pdf,302,false,no identifier or complete fallback key,
FlashReport_October_2025.pdf:303:2647,,unmatched,,2025-10,FlashReport_October_2025.pdf,303,false,no identifier or complete fallback key,
FlashReport_October_2025.pdf:304:2648,,unmatched,,2025-10,FlashReport_October_2025.pdf,304,false,no identifier or complete fallback key,
FlashReport_October_2025.pdf:306:2650,,unmatched,,2025-10,FlashReport_October_2025.pdf,306,false,no identifier or complete fallback key,
FlashReport_October_2025.pdf:307:2651,,unmatched,,2025-10,FlashReport_October_2025.pdf,307,false,no identifier or complete fallback key,
FlashReport_October_2025.pdf:308:2652,,unmatched,,2025-10,FlashReport_October_2025.pdf,308,false,no identifier or complete fallback key,
FlashReport_October_2025.pdf:310:2654,,unmatched,,2025-10,FlashReport_October_2025.pdf,310,false,no identifier or complete fallback key,
FlashReport_October_2025.pdf:311:2655,,unmatched,,2025-10,FlashReport_October_2025.pdf,311,false,no identifier or complete fallback key,
FlashReport_October_2025.pdf:314:2658,,unmatched,,2025-10,FlashReport_October_2025.pdf,314,false,no identifier or complete fallback key,
FlashReport_October_2025.pdf:317:2661,,unmatched,,2025-10,FlashReport_October_2025.pdf,317,false,no identifier or complete fallback key,
FlashReport_October_2025.pdf:318:2662,,unmatched,,2025-10,FlashReport_October_2025.pdf,318,false,no identifier or complete fallback key,
FlashReport_October_2025.pdf:320:2664,,unmatched,,2025-10,FlashReport_October_2025.pdf,320,false,no identifier or complete fallback key,
FlashReport_October_2025.pdf:322:2666,,unmatched,,2025-10,FlashReport_October_2025.pdf,322,false,no identifier or complete fallback key,
FlashReport_October_2025.pdf:323:2667,,unmatched,,2025-10,FlashReport_October_2025.pdf,323,false,no identifier or complete fallback key,
FlashReport_October_2025.pdf:329:2673,,unmatched,,2025-10,FlashReport_October_2025.pdf,329,false,no identifier or complete fallback key,
FlashReport_October_2025.pdf:330:2674,,unmatched,,2025-10,FlashReport_October_2025.pdf,330,false,no identifier or complete fallback key,
FlashReport_October_2025.pdf:332:2676,,unmatched,,2025-10,FlashReport_October_2025.pdf,332,false,no identifier or complete fallback key,
FlashReport_October_2025.pdf:333:2677,,unmatched,,2025-10,FlashReport_October_2025.pdf,333,false,no identifier or complete fallback key,
FlashReport_October_2025.pdf:334:2678,,unmatched,,2025-10,FlashReport_October_2025.pdf,334,false,no identifier or complete fallback key,
FlashReport_October_2025.pdf:335:2679,,unmatched,,2025-10,FlashReport_October_2025.pdf,335,false,no identifier or complete fallback key,
FlashReport_October_2025.pdf:339:2683,,unmatched,,2025-10,FlashReport_October_2025.pdf,339,false,no identifier or complete fallback key,
FlashReport_October_2025.pdf:340:2684,,unmatched,,2025-10,FlashReport_October_2025.pdf,340,false,no identifier or complete fallback key,
FlashReport_October_2025.pdf:341:2685,,unmatched,,2025-10,FlashReport_October_2025.pdf,341,false,no identifier or complete fallback key,
FlashReport_October_2025.pdf:344:2688,,unmatched,,2025-10,FlashReport_October_2025.pdf,344,false,no identifier or complete fallback key,
FlashReport_October_2025.pdf:345:2689,,unmatched,,2025-10,FlashReport_October_2025.pdf,345,false,no identifier or complete fallback key,
FlashReport_October_2025.pdf:346:2690,,unmatched,,2025-10,FlashReport_October_2025.pdf,346,false,no identifier or complete fallback key,
FlashReport_October_2025.pdf:347:2691,,unmatched,,2025-10,FlashReport_October_2025.pdf,347,false,no identifier or complete fallback key,
FlashReport_October_2025.pdf:349:2693,,unmatched,,2025-10,FlashReport_October_2025.pdf,349,false,no identifier or complete fallback key,
FlashReport_October_2025.pdf:350:2694,,unmatched,,2025-10,FlashReport_October_2025.pdf,350,false,no identifier or complete fallback key,
FlashReport_October_2025.pdf:351:2695,,unmatched,,2025-10,FlashReport_October_2025.pdf,351,false,no identifier or complete fallback key,
FlashReport_October_2025.pdf:353:2697,,unmatched,,2025-10,FlashReport_October_2025.pdf,353,false,no identifier or complete fallback key,
FlashReport_October_2025.pdf:354:2698,,unmatched,,2025-10,FlashReport_October_2025.pdf,354,false,no identifier or complete fallback key,
FlashReport_October_2025.pdf:355:2699,,unmatched,,2025-10,FlashReport_October_2025.pdf,355,false,no identifier or complete fallback key,
FlashReport_October_2025.pdf:356:2700,,unmatched,,2025-10,FlashReport_October_2025.pdf,356,false,no identifier or complete fallback key,
FlashReport_October_2025.pdf:358:2702,,unmatched,,2025-10,FlashReport_October_2025.pdf,358,false,no identifier or complete fallback key,
FlashReport_October_2025.pdf:360:2704,,unmatched,,2025-10,FlashReport_October_2025.pdf,360,false,no identifier or complete fallback key,
FlashReport_October_2025.pdf:361:2705,,unmatched,,2025-10,FlashReport_October_2025.pdf,361,false,no identifier or complete fallback key,
FlashReport_October_2025.pdf:362:2706,,unmatched,,2025-10,FlashReport_October_2025.pdf,362,false,no identifier or complete fallback key,
FlashReport_October_2025.pdf:363:2707,,unmatched,,2025-10,FlashReport_October_2025.pdf,363,false,no identifier or complete fallback key,
FlashReport_October_2025.pdf:364:2708,,unmatched,,2025-10,FlashReport_October_2025.pdf,364,false,no identifier or complete fallback key,
FlashReport_October_2025.pdf:368:2712,,unmatched,,2025-10,FlashReport_October_2025.pdf,368,false,no identifier or complete fallback key,
FlashReport_October_2025.pdf:369:2713,,unmatched,,2025-10,FlashReport_October_2025.pdf,369,false,no identifier or complete fallback key,
FlashReport_October_2025.pdf:370:2714,,unmatched,,2025-10,FlashReport_October_2025.pdf,370,false,no identifier or complete fallback key,
FlashReport_October_2025.pdf:371:2715,,unmatched,,2025-10,FlashReport_October_2025.pdf,371,false,no identifier or complete fallback key,
FlashReport_October_2025.pdf:372:2716,,unmatched,,2025-10,FlashReport_October_2025.pdf,372,false,no identifier or complete fallback key,
FlashReport_October_2025.pdf:373:2717,,unmatched,,2025-10,FlashReport_October_2025.pdf,373,false,no identifier or complete fallback key,
FlashReport_October_2025.pdf:374:2718,,unmatched,,2025-10,FlashReport_October_2025.pdf,374,false,no identifier or complete fallback key,
FlashReport_October_2025.pdf:375:2719,,unmatched,,2025-10,FlashReport_October_2025.pdf,375,false,no identifier or complete fallback key,
FlashReport_October_2025.pdf:379:2723,,unmatched,,2025-10,FlashReport_October_2025.pdf,379,false,no identifier or complete fallback key,
FlashReport_October_2025.pdf:380:2724,,unmatched,,2025-10,FlashReport_October_2025.pdf,380,false,no identifier or complete fallback key,
FlashReport_October_2025.pdf:381:2725,,unmatched,,2025-10,FlashReport_October_2025.pdf,381,false,no identifier or complete fallback key,
FlashReport_October_2025.pdf:382:2726,,unmatched,,2025-10,FlashReport_October_2025.pdf,382,false,no identifier or complete fallback key,
FlashReport_October_2025.pdf:383:2727,,unmatched,,2025-10,FlashReport_October_2025.pdf,383,false,no identifier or complete fallback key,
FlashReport_October_2025.pdf:384:2728,,unmatched,,2025-10,FlashReport_October_2025.pdf,384,false,no identifier or complete fallback key,
FlashReport_October_2025.pdf:385:2729,,unmatched,,2025-10,FlashReport_October_2025.pdf,385,false,no identifier or complete fallback key,
FlashReport_October_2025.pdf:386:2730,,unmatched,,2025-10,FlashReport_October_2025.pdf,386,false,no identifier or complete fallback key,
FlashReport_October_2025.pdf:387:2731,,unmatched,,2025-10,FlashReport_October_2025.pdf,387,false,no identifier or complete fallback key,
FlashReport_October_2025.pdf:388:2732,,unmatched,,2025-10,FlashReport_October_2025.pdf,388,false,no identifier or complete fallback key,
FlashReport_October_2025.pdf:390:2734,,unmatched,,2025-10,FlashReport_October_2025.pdf,390,false,no identifier or complete fallback key,
FlashReport_October_2025.pdf:391:2735,,unmatched,,2025-10,FlashReport_October_2025.pdf,391,false,no identifier or complete fallback key,
FlashReport_October_2025.pdf:394:2738,,unmatched,,2025-10,FlashReport_October_2025.pdf,394,false,no identifier or complete fallback key,
FlashReport_October_2025.pdf:395:2739,,unmatched,,2025-10,FlashReport_October_2025.pdf,395,false,no identifier or complete fallback key,
FlashReport_October_2025.pdf:396:2740,,unmatched,,2025-10,FlashReport_October_2025.pdf,396,false,no identifier or complete fallback key,
FlashReport_October_2025.pdf:397:2741,,unmatched,,2025-10,FlashReport_October_2025.pdf,397,false,no identifier or complete fallback key,
FlashReport_October_2025.pdf:398:2742,,unmatched,,2025-10,FlashReport_October_2025.pdf,398,false,no identifier or complete fallback key,
FlashReport_October_2025.pdf:399:2743,,unmatched,,2025-10,FlashReport_October_2025.pdf,399,false,no identifier or complete fallback key,
FlashReport_October_2025.pdf:400:2744,,unmatched,,2025-10,FlashReport_October_2025.pdf,400,false,no identifier or complete fallback key,
FlashReport_October_2025.pdf:403:2747,,unmatched,,2025-10,FlashReport_October_2025.pdf,403,false,no identifier or complete fallback key,
FlashReport_October_2025.pdf:404:2748,,unmatched,,2025-10,FlashReport_October_2025.pdf,404,false,no identifier or complete fallback key,
FlashReport_October_2025.pdf:405:2749,,unmatched,,2025-10,FlashReport_October_2025.pdf,405,false,no identifier or complete fallback key,
FlashReport_October_2025.pdf:406:2750,,unmatched,,2025-10,FlashReport_October_2025.pdf,406,false,no identifier or complete fallback key,
FlashReport_October_2025.pdf:407:2751,,unmatched,,2025-10,FlashReport_October_2025.pdf,407,false,no identifier or complete fallback key,
FlashReport_October_2025.pdf:408:2752,,unmatched,,2025-10,FlashReport_October_2025.pdf,408,false,no identifier or complete fallback key,
FlashReport_October_2025.pdf:409:2753,,unmatched,,2025-10,FlashReport_October_2025.pdf,409,false,no identifier or complete fallback key,
FlashReport_October_2025.pdf:410:2754,,unmatched,,2025-10,FlashReport_October_2025.pdf,410,false,no identifier or complete fallback key,
FlashReport_October_2025.pdf:411:2755,,unmatched,,2025-10,FlashReport_October_2025.pdf,411,false,no identifier or complete fallback key,
FlashReport_October_2025.pdf:412:2756,,unmatched,,2025-10,FlashReport_October_2025.pdf,412,false,no identifier or complete fallback key,
FlashReport_October_2025.pdf:413:2757,,unmatched,,2025-10,FlashReport_October_2025.pdf,413,false,no identifier or complete fallback key,
FlashReport_October_2025.pdf:414:2758,,unmatched,,2025-10,FlashReport_October_2025.pdf,414,false,no identifier or complete fallback key,
FlashReport_October_2025.pdf:416:2760,,unmatched,,2025-10,FlashReport_October_2025.pdf,416,false,no identifier or complete fallback key,
FlashReport_October_2025.pdf:417:2761,,unmatched,,2025-10,FlashReport_October_2025.pdf,417,false,no identifier or complete fallback key,
FlashReport_October_2025.pdf:418:2762,,unmatched,,2025-10,FlashReport_October_2025.pdf,418,false,no identifier or complete fallback key,
FlashReport_October_2025.pdf:419:2763,,unmatched,,2025-10,FlashReport_October_2025.pdf,419,false,no identifier or complete fallback key,
FlashReport_October_2025.pdf:420:2764,,unmatched,,2025-10,FlashReport_October_2025.pdf,420,false,no identifier or complete fallback key,
FlashReport_October_2025.pdf:421:2765,,unmatched,,2025-10,FlashReport_October_2025.pdf,421,false,no identifier or complete fallback key,
FlashReport_October_2025.pdf:422:2766,,unmatched,,2025-10,FlashReport_October_2025.pdf,422,false,no identifier or complete fallback key,
FlashReport_October_2025.pdf:424:2768,,unmatched,,2025-10,FlashReport_October_2025.pdf,424,false,no identifier or complete fallback key,
FlashReport_October_2025.pdf:426:2770,,unmatched,,2025-10,FlashReport_October_2025.pdf,426,false,no identifier or complete fallback key,
FlashReport_October_2025.pdf:427:2771,,unmatched,,2025-10,FlashReport_October_2025.pdf,427,false,no identifier or complete fallback key,
FlashReport_October_2025.pdf:428:2772,,unmatched,,2025-10,FlashReport_October_2025.pdf,428,false,no identifier or complete fallback key,
FlashReport_October_2025.pdf:429:2773,,unmatched,,2025-10,FlashReport_October_2025.pdf,429,false,no identifier or complete fallback key,
FlashReport_October_2025.pdf:430:2774,,unmatched,,2025-10,FlashReport_October_2025.pdf,430,false,no identifier or complete fallback key,
FlashReport_October_2025.pdf:431:2775,,unmatched,,2025-10,FlashReport_October_2025.pdf,431,false,no identifier or complete fallback key,
FlashReport_October_2025.pdf:432:2776,,unmatched,,2025-10,FlashReport_October_2025.pdf,432,false,no identifier or complete fallback key,
FlashReport_October_2025.pdf:433:2777,,unmatched,,2025-10,FlashReport_October_2025.pdf,433,false,no identifier or complete fallback key,
FlashReport_October_2025.pdf:434:2778,,unmatched,,2025-10,FlashReport_October_2025.pdf,434,false,no identifier or complete fallback key,
FlashReport_October_2025.pdf:435:2779,,unmatched,,2025-10,FlashReport_October_2025.pdf,435,false,no identifier or complete fallback key,
FlashReport_October_2025.pdf:437:2781,,unmatched,,2025-10,FlashReport_October_2025.pdf,437,false,no identifier or complete fallback key,
FlashReport_October_2025.pdf:438:2782,,unmatched,,2025-10,FlashReport_October_2025.pdf,438,false,no identifier or complete fallback key,
FlashReport_October_2025.pdf:439:2783,,unmatched,,2025-10,FlashReport_October_2025.pdf,439,false,no identifier or complete fallback key,
FlashReport_October_2025.pdf:440:2784,,unmatched,,2025-10,FlashReport_October_2025.pdf,440,false,no identifier or complete fallback key,
FlashReport_October_2025.pdf:442:2786,,unmatched,,2025-10,FlashReport_October_2025.pdf,442,false,no identifier or complete fallback key,
FlashReport_October_2025.pdf:443:2787,,unmatched,,2025-10,FlashReport_October_2025.pdf,443,false,no identifier or complete fallback key,
FlashReport_October_2025.pdf:444:2788,,unmatched,,2025-10,FlashReport_October_2025.pdf,444,false,no identifier or complete fallback key,
FlashReport_October_2025.pdf:445:2789,,unmatched,,2025-10,FlashReport_October_2025.pdf,445,false,no identifier or complete fallback key,
FlashReport_October_2025.pdf:446:2790,,unmatched,,2025-10,FlashReport_October_2025.pdf,446,false,no identifier or complete fallback key,
FlashReport_October_2025.pdf:447:2791,,unmatched,,2025-10,FlashReport_October_2025.pdf,447,false,no identifier or complete fallback key,
FlashReport_October_2025.pdf:448:2792,,unmatched,,2025-10,FlashReport_October_2025.pdf,448,false,no identifier or complete fallback key,
FlashReport_October_2025.pdf:449:2793,,unmatched,,2025-10,FlashReport_October_2025.pdf,449,false,no identifier or complete fallback key,
FlashReport_October_2025.pdf:451:2795,,unmatched,,2025-10,FlashReport_October_2025.pdf,451,false,no identifier or complete fallback key,
FlashReport_October_2025.pdf:453:2797,,unmatched,,2025-10,FlashReport_October_2025.pdf,453,false,no identifier or complete fallback key,
FlashReport_October_2025.pdf:455:2799,,unmatched,,2025-10,FlashReport_October_2025.pdf,455,false,no identifier or complete fallback key,
FlashReport_October_2025.pdf:456:2800,,unmatched,,2025-10,FlashReport_October_2025.pdf,456,false,no identifier or complete fallback key,
FlashReport_October_2025.pdf:459:2803,,unmatched,,2025-10,FlashReport_October_2025.pdf,459,false,no identifier or complete fallback key,
FlashReport_October_2025.pdf:461:2805,,unmatched,,2025-10,FlashReport_October_2025.pdf,461,false,no identifier or complete fallback key,
FlashReport_October_2025.pdf:464:2808,,unmatched,,2025-10,FlashReport_October_2025.pdf,464,false,no identifier or complete fallback key,
FlashReport_October_2025.pdf:466:2810,,unmatched,,2025-10,FlashReport_October_2025.pdf,466,false,no identifier or complete fallback key,
FlashReport_October_2025.pdf:467:2811,,unmatched,,2025-10,FlashReport_October_2025.pdf,467,false,no identifier or complete fallback key,
FlashReport_October_2025.pdf:469:2813,,unmatched,,2025-10,FlashReport_October_2025.pdf,469,false,no identifier or complete fallback key,
FlashReport_October_2025.pdf:470:2814,,unmatched,,2025-10,FlashReport_October_2025.pdf,470,false,no identifier or complete fallback key,
FlashReport_October_2025.pdf:473:2817,,unmatched,,2025-10,FlashReport_October_2025.pdf,473,false,no identifier or complete fallback key,
FlashReport_October_2025.pdf:474:2818,,unmatched,,2025-10,FlashReport_October_2025.pdf,474,false,no identifier or complete fallback key,
FlashReport_October_2025.pdf:476:2820,,unmatched,,2025-10,FlashReport_October_2025.pdf,476,false,no identifier or complete fallback key,
FlashReport_October_2025.pdf:477:2821,,unmatched,,2025-10,FlashReport_October_2025.pdf,477,false,no identifier or complete fallback key,
FlashReport_October_2025.pdf:478:2822,,unmatched,,2025-10,FlashReport_October_2025.pdf,478,false,no identifier or complete fallback key,
FlashReport_October_2025.pdf:479:2823,,unmatched,,2025-10,FlashReport_October_2025.pdf,479,false,no identifier or complete fallback key,
FlashReport_October_2025.pdf:480:2824,,unmatched,,2025-10,FlashReport_October_2025.pdf,480,false,no identifier or complete fallback key,
FlashReport_October_2025.pdf:481:2825,,unmatched,,2025-10,FlashReport_October_2025.pdf,481,false,no identifier or complete fallback key,
FlashReport_October_2025.pdf:483:2827,,unmatched,,2025-10,FlashReport_October_2025.pdf,483,false,no identifier or complete fallback key,
FlashReport_October_2025.pdf:484:2828,,unmatched,,2025-10,FlashReport_October_2025.pdf,484,false,no identifier or complete fallback key,
FlashReport_October_2025.pdf:485:2829,,unmatched,,2025-10,FlashReport_October_2025.pdf,485,false,no identifier or complete fallback key,
FlashReport_October_2025.pdf:486:2830,,unmatched,,2025-10,FlashReport_October_2025.pdf,486,false,no identifier or complete fallback key,
FlashReport_October_2025.pdf:487:2831,,unmatched,,2025-10,FlashReport_October_2025.pdf,487,false,no identifier or complete fallback key,
FlashReport_October_2025.pdf:488:2832,,unmatched,,2025-10,FlashReport_October_2025.pdf,488,false,no identifier or complete fallback key,
FlashReport_October_2025.pdf:489:2833,,unmatched,,2025-10,FlashReport_October_2025.pdf,489,false,no identifier or complete fallback key,
FlashReport_October_2025.pdf:490:2834,,unmatched,,2025-10,FlashReport_October_2025.pdf,490,false,no identifier or complete fallback key,
FlashReport_October_2025.pdf:492:2836,,unmatched,,2025-10,FlashReport_October_2025.pdf,492,false,no identifier or complete fallback key,
FlashReport_October_2025.pdf:495:2839,,unmatched,,2025-10,FlashReport_October_2025.pdf,495,false,no identifier or complete fallback key,
FlashReport_October_2025.pdf:496:2840,,unmatched,,2025-10,FlashReport_October_2025.pdf,496,false,no identifier or complete fallback key,
FlashReport_October_2025.pdf:497:2841,,unmatched,,2025-10,FlashReport_October_2025.pdf,497,false,no identifier or complete fallback key,
FlashReport_October_2025.pdf:498:2842,,unmatched,,2025-10,FlashReport_October_2025.pdf,498,false,no identifier or complete fallback key,
FlashReport_October_2025.pdf:499:2843,,unmatched,,2025-10,FlashReport_October_2025.pdf,499,false,no identifier or complete fallback key,
FlashReport_October_2025.pdf:500:2844,,unmatched,,2025-10,FlashReport_October_2025.pdf,500,false,no identifier or complete fallback key,
FlashReport_October_2025.pdf:501:2845,,unmatched,,2025-10,FlashReport_October_2025.pdf,501,false,no identifier or complete fallback key,
FlashReport_October_2025.pdf:502:2846,,unmatched,,2025-10,FlashReport_October_2025.pdf,502,false,no identifier or complete fallback key,
FlashReport_October_2025.pdf:503:2847,,unmatched,,2025-10,FlashReport_October_2025.pdf,503,false,no identifier or complete fallback key,
FlashReport_October_2025.pdf:504:2848,,unmatched,,2025-10,FlashReport_October_2025.pdf,504,false,no identifier or complete fallback key,
FlashReport_October_2025.pdf:507:2851,,unmatched,,2025-10,FlashReport_October_2025.pdf,507,false,no identifier or complete fallback key,
FlashReport_October_2025.pdf:508:2852,,unmatched,,2025-10,FlashReport_October_2025.pdf,508,false,no identifier or complete fallback key,
FlashReport_October_2025.pdf:509:2853,,unmatched,,2025-10,FlashReport_October_2025.pdf,509,false,no identifier or complete fallback key,
FlashReport_October_2025.pdf:510:2854,,unmatched,,2025-10,FlashReport_October_2025.pdf,510,false,no identifier or complete fallback key,
FlashReport_October_2025.pdf:511:2855,,unmatched,,2025-10,FlashReport_October_2025.pdf,511,false,no identifier or complete fallback key,
FlashReport_October_2025.pdf:512:2856,,unmatched,,2025-10,FlashReport_October_2025.pdf,512,false,no identifier or complete fallback key,
FlashReport_October_2025.pdf:513:2857,,unmatched,,2025-10,FlashReport_October_2025.pdf,513,false,no identifier or complete fallback key,
FlashReport_October_2025.pdf:514:2858,,unmatched,,2025-10,FlashReport_October_2025.pdf,514,false,no identifier or complete fallback key,
FlashReport_October_2025.pdf:515:2859,,unmatched,,2025-10,FlashReport_October_2025.pdf,515,false,no identifier or complete fallback key,
FlashReport_October_2025.pdf:516:2860,,unmatched,,2025-10,FlashReport_October_2025.pdf,516,false,no identifier or complete fallback key,
FlashReport_October_2025.pdf:517:2861,,unmatched,,2025-10,FlashReport_October_2025.pdf,517,false,no identifier or complete fallback key,
FlashReport_October_2025.pdf:518:2862,,unmatched,,2025-10,FlashReport_October_2025.pdf,518,false,no identifier or complete fallback key,
FlashReport_October_2025.pdf:519:2863,,unmatched,,2025-10,FlashReport_October_2025.pdf,519,false,no identifier or complete fallback key,
FlashReport_October_2025.pdf:520:2864,,unmatched,,2025-10,FlashReport_October_2025.pdf,520,false,no identifier or complete fallback key,
FlashReport_October_2025.pdf:521:2865,,unmatched,,2025-10,FlashReport_October_2025.pdf,521,false,no identifier or complete fallback key,
FlashReport_October_2025.pdf:522:2866,,unmatched,,2025-10,FlashReport_October_2025.pdf,522,false,no identifier or complete fallback key,
FlashReport_October_2025.pdf:523:2867,,unmatched,,2025-10,FlashReport_October_2025.pdf,523,false,no identifier or complete fallback key,
FlashReport_October_2025.pdf:525:2869,,unmatched,,2025-10,FlashReport_October_2025.pdf,525,false,no identifier or complete fallback key,
FlashReport_October_2025.pdf:526:2870,,unmatched,,2025-10,FlashReport_October_2025.pdf,526,false,no identifier or complete fallback key,
FlashReport_October_2025.pdf:527:2871,,unmatched,,2025-10,FlashReport_October_2025.pdf,527,false,no identifier or complete fallback key,
FlashReport_October_2025.pdf:528:2872,,unmatched,,2025-10,FlashReport_October_2025.pdf,528,false,no identifier or complete fallback key,
FlashReport_October_2025.pdf:529:2873,,unmatched,,2025-10,FlashReport_October_2025.pdf,529,false,no identifier or complete fallback key,
FlashReport_October_2025.pdf:530:2874,,unmatched,,2025-10,FlashReport_October_2025.pdf,530,false,no identifier or complete fallback key,
FlashReport_October_2025.pdf:531:2875,,unmatched,,2025-10,FlashReport_October_2025.pdf,531,false,no identifier or complete fallback key,
FlashReport_October_2025.pdf:532:2876,,unmatched,,2025-10,FlashReport_October_2025.pdf,532,false,no identifier or complete fallback key,
FlashReport_October_2025.pdf:533:2877,,unmatched,,2025-10,FlashReport_October_2025.pdf,533,false,no identifier or complete fallback key,
FlashReport_October_2025.pdf:535:2879,,unmatched,,2025-10,FlashReport_October_2025.pdf,535,false,no identifier or complete fallback key,
FlashReport_October_2025.pdf:536:2880,,unmatched,,2025-10,FlashReport_October_2025.pdf,536,false,no identifier or complete fallback key,
FlashReport_October_2025.pdf:537:2881,,unmatched,,2025-10,FlashReport_October_2025.pdf,537,false,no identifier or complete fallback key,
FlashReport_October_2025.pdf:538:2882,,unmatched,,2025-10,FlashReport_October_2025.pdf,538,false,no identifier or complete fallback key,
FlashReport_October_2025.pdf:539:2883,,unmatched,,2025-10,FlashReport_October_2025.pdf,539,false,no identifier or complete fallback key,
FlashReport_October_2025.pdf:540:2884,,unmatched,,2025-10,FlashReport_October_2025.pdf,540,false,no identifier or complete fallback key,
FlashReport_October_2025.pdf:541:2885,,unmatched,,2025-10,FlashReport_October_2025.pdf,541,false,no identifier or complete fallback key,
FlashReport_October_2025.pdf:542:2886,,unmatched,,2025-10,FlashReport_October_2025.pdf,542,false,no identifier or complete fallback key,
FlashReport_October_2025.pdf:543:2887,,unmatched,,2025-10,FlashReport_October_2025.pdf,543,false,no identifier or complete fallback key,
FlashReport_October_2025.pdf:544:2888,,unmatched,,2025-10,FlashReport_October_2025.pdf,544,false,no identifier or complete fallback key,
FlashReport_October_2025.pdf:545:2889,,unmatched,,2025-10,FlashReport_October_2025.pdf,545,false,no identifier or complete fallback key,
FlashReport_October_2025.pdf:546:2890,,unmatched,,2025-10,FlashReport_October_2025.pdf,546,false,no identifier or complete fallback key,
FlashReport_October_2025.pdf:548:2892,,unmatched,,2025-10,FlashReport_October_2025.pdf,548,false,no identifier or complete fallback key,
FlashReport_October_2025.pdf:549:2893,,unmatched,,2025-10,FlashReport_October_2025.pdf,549,false,no identifier or complete fallback key,
FlashReport_October_2025.pdf:550:2894,,unmatched,,2025-10,FlashReport_October_2025.pdf,550,false,no identifier or complete fallback key,
FlashReport_October_2025.pdf:551:2895,,unmatched,,2025-10,FlashReport_October_2025.pdf,551,false,no identifier or complete fallback key,
FlashReport_October_2025.pdf:552:2896,,unmatched,,2025-10,FlashReport_October_2025.pdf,552,false,no identifier or complete fallback key,
FlashReport_October_2025.pdf:553:2897,,unmatched,,2025-10,FlashReport_October_2025.pdf,553,false,no identifier or complete fallback key,
FlashReport_October_2025.pdf:554:2898,,unmatched,,2025-10,FlashReport_October_2025.pdf,554,false,no identifier or complete fallback key,
FlashReport_October_2025.pdf:555:2899,,unmatched,,2025-10,FlashReport_October_2025.pdf,555,false,no identifier or complete fallback key,
FlashReport_October_2025.pdf:556:2900,,unmatched,,2025-10,FlashReport_October_2025.pdf,556,false,no identifier or complete fallback key,
FlashReport_October_2025.pdf:557:2901,,unmatched,,2025-10,FlashReport_October_2025.pdf,557,false,no identifier or complete fallback key,
FlashReport_October_2025.pdf:558:2902,,unmatched,,2025-10,FlashReport_October_2025.pdf,558,false,no identifier or complete fallback key,
FlashReport_October_2025.pdf:559:2903,,unmatched,,2025-10,FlashReport_October_2025.pdf,559,false,no identifier or complete fallback key,
FlashReport_October_2025.pdf:560:2904,,unmatched,,2025-10,FlashReport_October_2025.pdf,560,false,no identifier or complete fallback key,
FlashReport_October_2025.pdf:561:2905,,unmatched,,2025-10,FlashReport_October_2025.pdf,561,false,no identifier or complete fallback key,
FlashReport_October_2025.pdf:562:2906,,unmatched,,2025-10,FlashReport_October_2025.pdf,562,false,no identifier or complete fallback key,
FlashReport_October_2025.pdf:564:2908,,unmatched,,2025-10,FlashReport_October_2025.pdf,564,false,no identifier or complete fallback key,
FlashReport_October_2025.pdf:565:2909,,unmatched,,2025-10,FlashReport_October_2025.pdf,565,false,no identifier or complete fallback key,
FlashReport_October_2025.pdf:566:2910,,unmatched,,2025-10,FlashReport_October_2025.pdf,566,false,no identifier or complete fallback key,
FlashReport_October_2025.pdf:567:2911,,unmatched,,2025-10,FlashReport_October_2025.pdf,567,false,no identifier or complete fallback key,
FlashReport_October_2025.pdf:569:2913,,unmatched,,2025-10,FlashReport_October_2025.pdf,569,false,no identifier or complete fallback key,
FlashReport_October_2025.pdf:570:2914,,unmatched,,2025-10,FlashReport_October_2025.pdf,570,false,no identifier or complete fallback key,
FlashReport_October_2025.pdf:571:2915,,unmatched,,2025-10,FlashReport_October_2025.pdf,571,false,no identifier or complete fallback key,
FlashReport_October_2025.pdf:573:2917,,unmatched,,2025-10,FlashReport_October_2025.pdf,573,false,no identifier or complete fallback key,
FlashReport_October_2025.pdf:574:2918,,unmatched,,2025-10,FlashReport_October_2025.pdf,574,false,no identifier or complete fallback key,
FlashReport_October_2025.pdf:575:2919,,unmatched,,2025-10,FlashReport_October_2025.pdf,575,false,no identifier or complete fallback key,
FlashReport_October_2025.pdf:576:2920,,unmatched,,2025-10,FlashReport_October_2025.pdf,576,false,no identifier or complete fallback key,
FlashReport_October_2025.pdf:578:2922,,unmatched,,2025-10,FlashReport_October_2025.pdf,578,false,no identifier or complete fallback key,
FlashReport_October_2025.pdf:579:2923,,unmatched,,2025-10,FlashReport_October_2025.pdf,579,false,no identifier or complete fallback key,
FlashReport_October_2025.pdf:580:2924,,unmatched,,2025-10,FlashReport_October_2025.pdf,580,false,no identifier or complete fallback key,
FlashReport_October_2025.pdf:581:2925,,unmatched,,2025-10,FlashReport_October_2025.pdf,581,false,no identifier or complete fallback key,
FlashReport_October_2025.pdf:582:2926,,unmatched,,2025-10,FlashReport_October_2025.pdf,582,false,no identifier or complete fallback key,
FlashReport_October_2025.pdf:583:2927,,unmatched,,2025-10,FlashReport_October_2025.pdf,583,false,no identifier or complete fallback key,
FlashReport_October_2025.pdf:584:2928,,unmatched,,2025-10,FlashReport_October_2025.pdf,584,false,no identifier or complete fallback key,
FlashReport_October_2025.pdf:585:2929,,unmatched,,2025-10,FlashReport_October_2025.pdf,585,false,no identifier or complete fallback key,
FlashReport_October_2025.pdf:586:2930,,unmatched,,2025-10,FlashReport_October_2025.pdf,586,false,no identifier or complete fallback key,
FlashReport_October_2025.pdf:587:2931,,unmatched,,2025-10,FlashReport_October_2025.pdf,587,false,no identifier or complete fallback key,
FlashReport_October_2025.pdf:588:2932,,unmatched,,2025-10,FlashReport_October_2025.pdf,588,false,no identifier or complete fallback key,
FlashReport_October_2025.pdf:589:2933,,unmatched,,2025-10,FlashReport_October_2025.pdf,589,false,no identifier or complete fallback key,
FlashReport_October_2025.pdf:590:2934,,unmatched,,2025-10,FlashReport_October_2025.pdf,590,false,no identifier or complete fallback key,
FlashReport_October_2025.pdf:591:2935,,unmatched,,2025-10,FlashReport_October_2025.pdf,591,false,no identifier or complete fallback key,
FlashReport_October_2025.pdf:592:2936,,unmatched,,2025-10,FlashReport_October_2025.pdf,592,false,no identifier or complete fallback key,
FlashReport_October_2025.pdf:593:2937,,unmatched,,2025-10,FlashReport_October_2025.pdf,593,false,no identifier or complete fallback key,
FlashReport_October_2025.pdf:594:2938,,unmatched,,2025-10,FlashReport_October_2025.pdf,594,false,no identifier or complete fallback key,
FlashReport_October_2025.pdf:595:2939,,unmatched,,2025-10,FlashReport_October_2025.pdf,595,false,no identifier or complete fallback key,
FlashReport_October_2025.pdf:596:2940,,unmatched,,2025-10,FlashReport_October_2025.pdf,596,false,no identifier or complete fallback key,
FlashReport_October_2025.pdf:597:2941,,unmatched,,2025-10,FlashReport_October_2025.pdf,597,false,no identifier or complete fallback key,
FlashReport_October_2025.pdf:598:2942,,unmatched,,2025-10,FlashReport_October_2025.pdf,598,false,no identifier or complete fallback key,
FlashReport_October_2025.pdf:599:2943,,unmatched,,2025-10,FlashReport_October_2025.pdf,599,false,no identifier or complete fallback key,
FlashReport_October_2025.pdf:600:2944,,unmatched,,2025-10,FlashReport_October_2025.pdf,600,false,no identifier or complete fallback key,
FlashReport_October_2025.pdf:601:2945,,unmatched,,2025-10,FlashReport_October_2025.pdf,601,false,no identifier or complete fallback key,
FlashReport_October_2025.pdf:602:2946,,unmatched,,2025-10,FlashReport_October_2025.pdf,602,false,no identifier or complete fallback key,
FlashReport_October_2025.pdf:603:2947,,unmatched,,2025-10,FlashReport_October_2025.pdf,603,false,no identifier or complete fallback key,
FlashReport_October_2025.pdf:604:2948,,unmatched,,2025-10,FlashReport_October_2025.pdf,604,false,no identifier or complete fallback key,
FlashReport_October_2025.pdf:606:2950,,unmatched,,2025-10,FlashReport_October_2025.pdf,606,false,no identifier or complete fallback key,
FlashReport_October_2025.pdf:607:2951,,unmatched,,2025-10,FlashReport_October_2025.pdf,607,false,no identifier or complete fallback key,
FlashReport_October_2025.pdf:608:2952,,unmatched,,2025-10,FlashReport_October_2025.pdf,608,false,no identifier or complete fallback key,
FlashReport_October_2025.pdf:609:2953,,unmatched,,2025-10,FlashReport_October_2025.pdf,609,false,no identifier or complete fallback key,
FlashReport_October_2025.pdf:610:2954,,unmatched,,2025-10,FlashReport_October_2025.pdf,610,false,no identifier or complete fallback key,
FlashReport_October_2025.pdf:612:2956,,unmatched,,2025-10,FlashReport_October_2025.pdf,612,false,no identifier or complete fallback key,
FlashReport_October_2025.pdf:613:2957,,unmatched,,2025-10,FlashReport_October_2025.pdf,613,false,no identifier or complete fallback key,
FlashReport_October_2025.pdf:614:2958,,unmatched,,2025-10,FlashReport_October_2025.pdf,614,false,no identifier or complete fallback key,
FlashReport_October_2025.pdf:615:2959,,unmatched,,2025-10,FlashReport_October_2025.pdf,615,false,no identifier or complete fallback key,
FlashReport_October_2025.pdf:616:2960,,unmatched,,2025-10,FlashReport_October_2025.pdf,616,false,no identifier or complete fallback key,
FlashReport_October_2025.pdf:617:2961,,unmatched,,2025-10,FlashReport_October_2025.pdf,617,false,no identifier or complete fallback key,
FlashReport_October_2025.pdf:618:2962,,unmatched,,2025-10,FlashReport_October_2025.pdf,618,false,no identifier or complete fallback key,
FlashReport_October_2025.pdf:619:2963,,unmatched,,2025-10,FlashReport_October_2025.pdf,619,false,no identifier or complete fallback key,
FlashReport_October_2025.pdf:620:2964,,unmatched,,2025-10,FlashReport_October_2025.pdf,620,false,no identifier or complete fallback key,
FlashReport_October_2025.pdf:621:2965,,unmatched,,2025-10,FlashReport_October_2025.pdf,621,false,no identifier or complete fallback key,
FlashReport_October_2025.pdf:622:2966,,unmatched,,2025-10,FlashReport_October_2025.pdf,622,false,no identifier or complete fallback key,
FlashReport_October_2025.pdf:623:2967,,unmatched,,2025-10,FlashReport_October_2025.pdf,623,false,no identifier or complete fallback key,
FlashReport_October_2025.pdf:624:2968,,unmatched,,2025-10,FlashReport_October_2025.pdf,624,false,no identifier or complete fallback key,
FlashReport_October_2025.pdf:625:2969,,unmatched,,2025-10,FlashReport_October_2025.pdf,625,false,no identifier or complete fallback key,
FlashReport_October_2025.pdf:626:2970,,unmatched,,2025-10,FlashReport_October_2025.pdf,626,false,no identifier or complete fallback key,
FlashReport_October_2025.pdf:627:2971,,unmatched,,2025-10,FlashReport_October_2025.pdf,627,false,no identifier or complete fallback key,
FlashReport_October_2025.pdf:628:2972,,unmatched,,2025-10,FlashReport_October_2025.pdf,628,false,no identifier or complete fallback key,
FlashReport_October_2025.pdf:629:2973,,unmatched,,2025-10,FlashReport_October_2025.pdf,629,false,no identifier or complete fallback key,
FlashReport_October_2025.pdf:630:2974,,unmatched,,2025-10,FlashReport_October_2025.pdf,630,false,no identifier or complete fallback key,
FlashReport_October_2025.pdf:631:2975,,unmatched,,2025-10,FlashReport_October_2025.pdf,631,false,no identifier or complete fallback key,
FlashReport_October_2025.pdf:632:2976,,unmatched,,2025-10,FlashReport_October_2025.pdf,632,false,no identifier or complete fallback key,
FlashReport_October_2025.pdf:633:2977,,unmatched,,2025-10,FlashReport_October_2025.pdf,633,false,no identifier or complete fallback key,
FlashReport_October_2025.pdf:634:2978,,unmatched,,2025-10,FlashReport_October_2025.pdf,634,false,no identifier or complete fallback key,
FlashReport_October_2025.pdf:635:2979,,unmatched,,2025-10,FlashReport_October_2025.pdf,635,false,no identifier or complete fallback key,
FlashReport_October_2025.pdf:637:2981,,unmatched,,2025-10,FlashReport_October_2025.pdf,637,false,no identifier or complete fallback key,
FlashReport_October_2025.pdf:638:2982,,unmatched,,2025-10,FlashReport_October_2025.pdf,638,false,no identifier or complete fallback key,
FlashReport_October_2025.pdf:639:2983,,unmatched,,2025-10,FlashReport_October_2025.pdf,639,false,no identifier or complete fallback key,
FlashReport_October_2025.pdf:640:2984,,unmatched,,2025-10,FlashReport_October_2025.pdf,640,false,no identifier or complete fallback key,
FlashReport_October_2025.pdf:641:2985,,unmatched,,2025-10,FlashReport_October_2025.pdf,641,false,no identifier or complete fallback key,
FlashReport_October_2025.pdf:642:2986,,unmatched,,2025-10,FlashReport_October_2025.pdf,642,false,no identifier or complete fallback key,
FlashReport_October_2025.pdf:643:2987,,unmatched,,2025-10,FlashReport_October_2025.pdf,643,false,no identifier or complete fallback key,
FlashReport_October_2025.pdf:644:2988,,unmatched,,2025-10,FlashReport_October_2025.pdf,644,false,no identifier or complete fallback key,
FlashReport_October_2025.pdf:645:2989,,unmatched,,2025-10,FlashReport_October_2025.pdf,645,false,no identifier or complete fallback key,
FlashReport_October_2025.pdf:646:2990,,unmatched,,2025-10,FlashReport_October_2025.pdf,646,false,no identifier or complete fallback key,
FlashReport_October_2025.pdf:647:2991,,unmatched,,2025-10,FlashReport_October_2025.pdf,647,false,no identifier or complete fallback key,
FlashReport_October_2025.pdf:648:2992,,unmatched,,2025-10,FlashReport_October_2025.pdf,648,false,no identifier or complete fallback key,
FlashReport_October_2025.pdf:650:2994,,unmatched,,2025-10,FlashReport_October_2025.pdf,650,false,no identifier or complete fallback key,
FlashReport_October_2025.pdf:651:2995,,unmatched,,2025-10,FlashReport_October_2025.pdf,651,false,no identifier or complete fallback key,
FlashReport_October_2025.pdf:652:2996,,unmatched,,2025-10,FlashReport_October_2025.pdf,652,false,no identifier or complete fallback key,
FlashReport_October_2025.pdf:653:2997,,unmatched,,2025-10,FlashReport_October_2025.pdf,653,false,no identifier or complete fallback key,
FlashReport_October_2025.pdf:654:2998,,unmatched,,2025-10,FlashReport_October_2025.pdf,654,false,no identifier or complete fallback key,
FlashReport_October_2025.pdf:655:2999,,unmatched,,2025-10,FlashReport_October_2025.pdf,655,false,no identifier or complete fallback key,
FlashReport_October_2025.pdf:656:3000,,unmatched,,2025-10,FlashReport_October_2025.pdf,656,false,no identifier or complete fallback key,
FlashReport_October_2025.pdf:657:3001,,unmatched,,2025-10,FlashReport_October_2025.pdf,657,false,no identifier or complete fallback key,
FlashReport_October_2025.pdf:658:3002,,unmatched,,2025-10,FlashReport_October_2025.pdf,658,false,no identifier or complete fallback key,
FlashReport_October_2025.pdf:659:3003,,unmatched,,2025-10,FlashReport_October_2025.pdf,659,false,no identifier or complete fallback key,
FlashReport_October_2025.pdf:660:3004,,unmatched,,2025-10,FlashReport_October_2025.pdf,660,false,no identifier or complete fallback key,
FlashReport_October_2025.pdf:661:3005,,unmatched,,2025-10,FlashReport_October_2025.pdf,661,false,no identifier or complete fallback key,
FlashReport_October_2025.pdf:662:3006,,unmatched,,2025-10,FlashReport_October_2025.pdf,662,false,no identifier or complete fallback key,
FlashReport_October_2025.pdf:663:3007,,unmatched,,2025-10,FlashReport_October_2025.pdf,663,false,no identifier or complete fallback key,
FlashReport_October_2025.pdf:665:3009,,unmatched,,2025-10,FlashReport_October_2025.pdf,665,false,no identifier or complete fallback key,
FlashReport_October_2025.pdf:666:3010,,unmatched,,2025-10,FlashReport_October_2025.pdf,666,false,no identifier or complete fallback key,
FlashReport_October_2025.pdf:667:3011,,unmatched,,2025-10,FlashReport_October_2025.pdf,667,false,no identifier or complete fallback key,
FlashReport_October_2025.pdf:668:3012,,unmatched,,2025-10,FlashReport_October_2025.pdf,668,false,no identifier or complete fallback key,
FlashReport_October_2025.pdf:670:3014,,unmatched,,2025-10,FlashReport_October_2025.pdf,670,false,no identifier or complete fallback key,
FlashReport_October_2025.pdf:671:3015,,unmatched,,2025-10,FlashReport_October_2025.pdf,671,false,no identifier or complete fallback key,
FlashReport_October_2025.pdf:672:3016,,unmatched,,2025-10,FlashReport_October_2025.pdf,672,false,no identifier or complete fallback key,
FlashReport_October_2025.pdf:673:3017,,unmatched,,2025-10,FlashReport_October_2025.pdf,673,false,no identifier or complete fallback key,
FlashReport_October_2025.pdf:674:3018,,unmatched,,2025-10,FlashReport_October_2025.pdf,674,false,no identifier or complete fallback key,
FlashReport_October_2025.pdf:675:3019,,unmatched,,2025-10,FlashReport_October_2025.pdf,675,false,no identifier or complete fallback key,
FlashReport_October_2025.pdf:676:3020,,unmatched,,2025-10,FlashReport_October_2025.pdf,676,false,no identifier or complete fallback key,
FlashReport_October_2025.pdf:677:3021,,unmatched,,2025-10,FlashReport_October_2025.pdf,677,false,no identifier or complete fallback key,
FlashReport_October_2025.pdf:678:3022,,unmatched,,2025-10,FlashReport_October_2025.pdf,678,false,no identifier or complete fallback key,
FlashReport_October_2025.pdf:679:3023,,unmatched,,2025-10,FlashReport_October_2025.pdf,679,false,no identifier or complete fallback key,
FlashReport_October_2025.pdf:680:3024,,unmatched,,2025-10,FlashReport_October_2025.pdf,680,false,no identifier or complete fallback key,
FlashReport_October_2025.pdf:681:3025,,unmatched,,2025-10,FlashReport_October_2025.pdf,681,false,no identifier or complete fallback key,
FlashReport_October_2025.pdf:682:3026,,unmatched,,2025-10,FlashReport_October_2025.pdf,682,false,no identifier or complete fallback key,
FlashReport_October_2025.pdf:683:3027,,unmatched,,2025-10,FlashReport_October_2025.pdf,683,false,no identifier or complete fallback key,
FlashReport_October_2025.pdf:684:3028,,unmatched,,2025-10,FlashReport_October_2025.pdf,684,false,no identifier or complete fallback key,
FlashReport_October_2025.pdf:685:3029,,unmatched,,2025-10,FlashReport_October_2025.pdf,685,false,no identifier or complete fallback key,
FlashReport_October_2025.pdf:686:3030,,unmatched,,2025-10,FlashReport_October_2025.pdf,686,false,no identifier or complete fallback key,
FlashReport_October_2025.pdf:687:3031,,unmatched,,2025-10,FlashReport_October_2025.pdf,687,false,no identifier or complete fallback key,
FlashReport_October_2025.pdf:688:3032,,unmatched,,2025-10,FlashReport_October_2025.pdf,688,false,no identifier or complete fallback key,
FlashReport_October_2025.pdf:689:3033,,unmatched,,2025-10,FlashReport_October_2025.pdf,689,false,no identifier or complete fallback key,
FlashReport_October_2025.pdf:690:3034,,unmatched,,2025-10,FlashReport_October_2025.pdf,690,false,no identifier or complete fallback key,
FlashReport_October_2025.pdf:692:3036,,unmatched,,2025-10,FlashReport_October_2025.pdf,692,false,no identifier or complete fallback key,
FlashReport_October_2025.pdf:693:3037,,unmatched,,2025-10,FlashReport_October_2025.pdf,693,false,no identifier or complete fallback key,
FlashReport_October_2025.pdf:694:3038,,unmatched,,2025-10,FlashReport_October_2025.pdf,694,false,no identifier or complete fallback key,
FlashReport_October_2025.pdf:695:3039,,unmatched,,2025-10,FlashReport_October_2025.pdf,695,false,no identifier or complete fallback key,
FlashReport_October_2025.pdf:696:3040,,unmatched,,2025-10,FlashReport_October_2025.pdf,696,false,no identifier or complete fallback key,
FlashReport_October_2025.pdf:697:3041,,unmatched,,2025-10,FlashReport_October_2025.pdf,697,false,no identifier or complete fallback key,
FlashReport_October_2025.pdf:698:3042,,unmatched,,2025-10,FlashReport_October_2025.pdf,698,false,no identifier or complete fallback key,
FlashReport_October_2025.pdf:699:3043,,unmatched,,2025-10,FlashReport_October_2025.pdf,699,false,no identifier or complete fallback key,
FlashReport_October_2025.pdf:700:3044,,unmatched,,2025-10,FlashReport_October_2025.pdf,700,false,no identifier or complete fallback key,
FlashReport_October_2025.pdf:701:3045,,unmatched,,2025-10,FlashReport_October_2025.pdf,701,false,no identifier or complete fallback key,
FlashReport_October_2025.pdf:702:3046,,unmatched,,2025-10,FlashReport_October_2025.pdf,702,false,no identifier or complete fallback key,
FlashReport_October_2025.pdf:703:3047,,unmatched,,2025-10,FlashReport_October_2025.pdf,703,false,no identifier or complete fallback key,
FlashReport_October_2025.pdf:704:3048,,unmatched,,2025-10,FlashReport_October_2025.pdf,704,false,no identifier or complete fallback key,
FlashReport_October_2025.pdf:705:3049,,unmatched,,2025-10,FlashReport_October_2025.pdf,705,false,no identifier or complete fallback key,
FlashReport_October_2025.pdf:706:3050,,unmatched,,2025-10,FlashReport_October_2025.pdf,706,false,no identifier or complete fallback key,
FlashReport_October_2025.pdf:707:3051,,unmatched,,2025-10,FlashReport_October_2025.pdf,707,false,no identifier or complete fallback key,
FlashReport_October_2025.pdf:708:3052,,unmatched,,2025-10,FlashReport_October_2025.pdf,708,false,no identifier or complete fallback key,
FlashReport_October_2025.pdf:709:3053,,unmatched,,2025-10,FlashReport_October_2025.pdf,709,false,no identifier or complete fallback key,
FlashReport_October_2025.pdf:710:3054,,unmatched,,2025-10,FlashReport_October_2025.pdf,710,false,no identifier or complete fallback key,
FlashReport_October_2025.pdf:711:3055,,unmatched,,2025-10,FlashReport_October_2025.pdf,711,false,no identifier or complete fallback key,
FlashReport_October_2025.pdf:714:3058,,unmatched,,2025-10,FlashReport_October_2025.pdf,714,false,no identifier or complete fallback key,
FlashReport_October_2025.pdf:715:3059,,unmatched,,2025-10,FlashReport_October_2025.pdf,715,false,no identifier or complete fallback key,
FlashReport_October_2025.pdf:716:3060,,unmatched,,2025-10,FlashReport_October_2025.pdf,716,false,no identifier or complete fallback key,
FlashReport_October_2025.pdf:717:3061,,unmatched,,2025-10,FlashReport_October_2025.pdf,717,false,no identifier or complete fallback key,
FlashReport_October_2025.pdf:718:3062,,unmatched,,2025-10,FlashReport_October_2025.pdf,718,false,no identifier or complete fallback key,
FlashReport_October_2025.pdf:719:3063,,unmatched,,2025-10,FlashReport_October_2025.pdf,719,false,no identifier or complete fallback key,
FlashReport_October_2025.pdf:720:3064,,unmatched,,2025-10,FlashReport_October_2025.pdf,720,false,no identifier or complete fallback key,
FlashReport_October_2025.pdf:721:3065,,unmatched,,2025-10,FlashReport_October_2025.pdf,721,false,no identifier or complete fallback key,
FlashReport_October_2025.pdf:722:3066,,unmatched,,2025-10,FlashReport_October_2025.pdf,722,false,no identifier or complete fallback key,
FlashReport_October_2025.pdf:723:3067,,unmatched,,2025-10,FlashReport_October_2025.pdf,723,false,no identifier or complete fallback key,
FlashReport_October_2025.pdf:724:3068,,unmatched,,2025-10,FlashReport_October_2025.pdf,724,false,no identifier or complete fallback key,
FlashReport_October_2025.pdf:725:3069,,unmatched,,2025-10,FlashReport_October_2025.pdf,725,false,no identifier or complete fallback key,
FlashReport_October_2025.pdf:726:3070,,unmatched,,2025-10,FlashReport_October_2025.pdf,726,false,no identifier or complete fallback key,
FlashReport_October_2025.pdf:727:3071,,unmatched,,2025-10,FlashReport_October_2025.pdf,727,false,no identifier or complete fallback key,
FlashReport_October_2025.pdf:728:3072,,unmatched,,2025-10,FlashReport_October_2025.pdf,728,false,no identifier or complete fallback key,
FlashReport_October_2025.pdf:729:3073,,unmatched,,2025-10,FlashReport_October_2025.pdf,729,false,no identifier or complete fallback key,
FlashReport_October_2025.pdf:730:3074,,unmatched,,2025-10,FlashReport_October_2025.pdf,730,false,no identifier or complete fallback key,
FlashReport_October_2025.pdf:731:3075,,unmatched,,2025-10,FlashReport_October_2025.pdf,731,false,no identifier or complete fallback key,
FlashReport_October_2025.pdf:732:3076,,unmatched,,2025-10,FlashReport_October_2025.pdf,732,false,no identifier or complete fallback key,
FlashReport_October_2025.pdf:733:3077,,unmatched,,2025-10,FlashReport_October_2025.pdf,733,false,no identifier or complete fallback key,
FlashReport_October_2025.pdf:734:3078,,unmatched,,2025-10,FlashReport_October_2025.pdf,734,false,no identifier or complete fallback key,
FlashReport_October_2025.pdf:735:3079,,unmatched,,2025-10,FlashReport_October_2025.pdf,735,false,no identifier or complete fallback key,
FlashReport_October_2025.pdf:736:3080,,unmatched,,2025-10,FlashReport_October_2025.pdf,736,false,no identifier or complete fallback key,
FlashReport_October_2025.pdf:737:3081,,unmatched,,2025-10,FlashReport_October_2025.pdf,737,false,no identifier or complete fallback key,
FlashReport_October_2025.pdf:738:3082,,unmatched,,2025-10,FlashReport_October_2025.pdf,738,false,no identifier or complete fallback key,
FlashReport_October_2025.pdf:739:3083,,unmatched,,2025-10,FlashReport_October_2025.pdf,739,false,no identifier or complete fallback key,
FlashReport_October_2025.pdf:740:3084,,unmatched,,2025-10,FlashReport_October_2025.pdf,740,false,no identifier or complete fallback key,
FlashReport_October_2025.pdf:741:3085,,unmatched,,2025-10,FlashReport_October_2025.pdf,741,false,no identifier or complete fallback key,
FlashReport_October_2025.pdf:742:3086,,unmatched,,2025-10,FlashReport_October_2025.pdf,742,false,no identifier or complete fallback key,
FlashReport_October_2025.pdf:743:3087,,unmatched,,2025-10,FlashReport_October_2025.pdf,743,false,no identifier or complete fallback key,
FlashReport_October_2025.pdf:744:3088,,unmatched,,2025-10,FlashReport_October_2025.pdf,744,false,no identifier or complete fallback key,
FlashReport_October_2025.pdf:745:3089,,unmatched,,2025-10,FlashReport_October_2025.pdf,745,false,no identifier or complete fallback key,
FlashReport_October_2025.pdf:746:3090,,unmatched,,2025-10,FlashReport_October_2025.pdf,746,false,no identifier or complete fallback key,
FlashReport_October_2025.pdf:747:3091,,unmatched,,2025-10,FlashReport_October_2025.pdf,747,false,no identifier or complete fallback key,
FlashReport_October_2025.pdf:748:3092,,unmatched,,2025-10,FlashReport_October_2025.pdf,748,false,no identifier or complete fallback key,
FlashReport_October_2025.pdf:750:3094,,unmatched,,2025-10,FlashReport_October_2025.pdf,750,false,no identifier or complete fallback key,
FlashReport_October_2025.pdf:751:3095,,unmatched,,2025-10,FlashReport_October_2025.pdf,751,false,no identifier or complete fallback key,
FlashReport_October_2025.pdf:752:3096,,unmatched,,2025-10,FlashReport_October_2025.pdf,752,false,no identifier or complete fallback key,
FlashReport_October_2025.pdf:754:3098,,unmatched,,2025-10,FlashReport_October_2025.pdf,754,false,no identifier or complete fallback key,
FlashReport_October_2025.pdf:755:3099,,unmatched,,2025-10,FlashReport_October_2025.pdf,755,false,no identifier or complete fallback key,
FlashReport_October_2025.pdf:756:3100,,unmatched,,2025-10,FlashReport_October_2025.pdf,756,false,no identifier or complete fallback key,
FlashReport_October_2025.pdf:757:3101,,unmatched,,2025-10,FlashReport_October_2025.pdf,757,false,no identifier or complete fallback key,
FlashReport_October_2025.pdf:758:3102,,unmatched,,2025-10,FlashReport_October_2025.pdf,758,false,no identifier or complete fallback key,
FlashReport_October_2025.pdf:762:3106,,unmatched,,2025-10,FlashReport_October_2025.pdf,762,false,no identifier or complete fallback key,
FlashReport_October_2025.pdf:765:3109,,unmatched,,2025-10,FlashReport_October_2025.pdf,765,false,no identifier or complete fallback key,
FlashReport_October_2025.pdf:768:3112,,unmatched,,2025-10,FlashReport_October_2025.pdf,768,false,no identifier or complete fallback key,
FlashReport_October_2025.pdf:769:3113,,unmatched,,2025-10,FlashReport_October_2025.pdf,769,false,no identifier or complete fallback key,
FlashReport_October_2025.pdf:770:3114,,unmatched,,2025-10,FlashReport_October_2025.pdf,770,false,no identifier or complete fallback key,
FlashReport_October_2025.pdf:773:3117,,unmatched,,2025-10,FlashReport_October_2025.pdf,773,false,no identifier or complete fallback key,
FlashReport_October_2025.pdf:777:3121,,unmatched,,2025-10,FlashReport_October_2025.pdf,777,false,no identifier or complete fallback key,
FlashReport_October_2025.pdf:778:3122,,unmatched,,2025-10,FlashReport_October_2025.pdf,778,false,no identifier or complete fallback key,
FlashReport_October_2025.pdf:782:3126,,unmatched,,2025-10,FlashReport_October_2025.pdf,782,false,no identifier or complete fallback key,
FlashReport_October_2025.pdf:783:3127,,unmatched,,2025-10,FlashReport_October_2025.pdf,783,false,no identifier or complete fallback key,
FlashReport_October_2025.pdf:784:3128,,unmatched,,2025-10,FlashReport_October_2025.pdf,784,false,no identifier or complete fallback key,
FlashReport_October_2025.pdf:785:3129,,unmatched,,2025-10,FlashReport_October_2025.pdf,785,false,no identifier or complete fallback key,
FlashReport_October_2025.pdf:786:3130,,unmatched,,2025-10,FlashReport_October_2025.pdf,786,false,no identifier or complete fallback key,
FlashReport_October_2025.pdf:787:3131,,unmatched,,2025-10,FlashReport_October_2025.pdf,787,false,no identifier or complete fallback key,
FlashReport_October_2025.pdf:788:3132,,unmatched,,2025-10,FlashReport_October_2025.pdf,788,false,no identifier or complete fallback key,
FlashReport_October_2025.pdf:789:3133,,unmatched,,2025-10,FlashReport_October_2025.pdf,789,false,no identifier or complete fallback key,
FlashReport_October_2025.pdf:790:3134,,unmatched,,2025-10,FlashReport_October_2025.pdf,790,false,no identifier or complete fallback key,
FlashReport_October_2025.pdf:791:3135,,unmatched,,2025-10,FlashReport_October_2025.pdf,791,false,no identifier or complete fallback key,
FlashReport_October_2025.pdf:792:3136,,unmatched,,2025-10,FlashReport_October_2025.pdf,792,false,no identifier or complete fallback key,
FlashReport_October_2025.pdf:793:3137,,unmatched,,2025-10,FlashReport_October_2025.pdf,793,false,no identifier or complete fallback key,
FlashReport_October_2025.pdf:794:3138,,unmatched,,2025-10,FlashReport_October_2025.pdf,794,false,no identifier or complete fallback key,
FlashReport_October_2025.pdf:795:3139,,unmatched,,2025-10,FlashReport_October_2025.pdf,795,false,no identifier or complete fallback key,
FlashReport_October_2025.pdf:796:3140,,unmatched,,2025-10,FlashReport_October_2025.pdf,796,false,no identifier or complete fallback key,
FlashReport_October_2025.pdf:797:3141,,unmatched,,2025-10,FlashReport_October_2025.pdf,797,false,no identifier or complete fallback key,
FlashReport_October_2025.pdf:798:3142,,unmatched,,2025-10,FlashReport_October_2025.pdf,798,false,no identifier or complete fallback key,
FlashReport_October_2025.pdf:799:3143,,unmatched,,2025-10,FlashReport_October_2025.pdf,799,false,no identifier or complete fallback key,
FlashReport_October_2025.pdf:800:3144,,unmatched,,2025-10,FlashReport_October_2025.pdf,800,false,no identifier or complete fallback key,
FlashReport_October_2025.pdf:801:3145,,unmatched,,2025-10,FlashReport_October_2025.pdf,801,false,no identifier or complete fallback key,
FlashReport_October_2025.pdf:802:3146,,unmatched,,2025-10,FlashReport_October_2025.pdf,802,false,no identifier or complete fallback key,
FlashReport_October_2025.pdf:803:3147,,unmatched,,2025-10,FlashReport_October_2025.pdf,803,false,no identifier or complete fallback key,
FlashReport_October_2025.pdf:804:3148,,unmatched,,2025-10,FlashReport_October_2025.pdf,804,false,no identifier or complete fallback key,
FlashReport_October_2025.pdf:805:3149,,unmatched,,2025-10,FlashReport_October_2025.pdf,805,false,no identifier or complete fallback key,
FlashReport_October_2025.pdf:806:3150,,unmatched,,2025-10,FlashReport_October_2025.pdf,806,false,no identifier or complete fallback key,
FlashReport_October_2025.pdf:807:3151,,unmatched,,2025-10,FlashReport_October_2025.pdf,807,false,no identifier or complete fallback key,
FlashReport_October_2025.pdf:808:3152,,unmatched,,2025-10,FlashReport_October_2025.pdf,808,false,no identifier or complete fallback key,
FlashReport_October_2025.pdf:809:3153,,unmatched,,2025-10,FlashReport_October_2025.pdf,809,false,no identifier or complete fallback key,
FlashReport_October_2025.pdf:810:3154,,unmatched,,2025-10,FlashReport_October_2025.pdf,810,false,no identifier or complete fallback key,
FlashReport_October_2025.pdf:811:3155,,unmatched,,2025-10,FlashReport_October_2025.pdf,811,false,no identifier or complete fallback key,
FlashReport_October_2025.pdf:812:3156,,unmatched,,2025-10,FlashReport_October_2025.pdf,812,false,no identifier or complete fallback key,
FlashReport_October_2025.pdf:813:3157,,unmatched,,2025-10,FlashReport_October_2025.pdf,813,false,no identifier or complete fallback key,
FlashReport_October_2025.pdf:814:3158,,unmatched,,2025-10,FlashReport_October_2025.pdf,814,false,no identifier or complete fallback key,
FlashReport_October_2025.pdf:815:3159,,unmatched,,2025-10,FlashReport_October_2025.pdf,815,false,no identifier or complete fallback key,
FlashReport_October_2025.pdf:816:3160,,unmatched,,2025-10,FlashReport_October_2025.pdf,816,false,no identifier or complete fallback key,
FlashReport_October_2025.pdf:817:3161,,unmatched,,2025-10,FlashReport_October_2025.pdf,817,false,no identifier or complete fallback key,
FlashReport_October_2025.pdf:818:3162,,unmatched,,2025-10,FlashReport_October_2025.pdf,818,false,no identifier or complete fallback key,
FlashReport_October_2025.pdf:819:3163,,unmatched,,2025-10,FlashReport_October_2025.pdf,819,false,no identifier or complete fallback key,
FlashReport_October_2025.pdf:820:3164,,unmatched,,2025-10,FlashReport_October_2025.pdf,820,false,no identifier or complete fallback key,
FlashReport_November_2025.pdf:3:3167,,unmatched,,2025-11,FlashReport_November_2025.pdf,3,false,no identifier or complete fallback key,
FlashReport_November_2025.pdf:4:3168,,unmatched,,2025-11,FlashReport_November_2025.pdf,4,false,no identifier or complete fallback key,
FlashReport_November_2025.pdf:5:3169,,unmatched,,2025-11,FlashReport_November_2025.pdf,5,false,no identifier or complete fallback key,
FlashReport_November_2025.pdf:6:3170,,unmatched,,2025-11,FlashReport_November_2025.pdf,6,false,no identifier or complete fallback key,
FlashReport_November_2025.pdf:8:3172,,unmatched,,2025-11,FlashReport_November_2025.pdf,8,false,no identifier or complete fallback key,
FlashReport_November_2025.pdf:9:3173,,unmatched,,2025-11,FlashReport_November_2025.pdf,9,false,no identifier or complete fallback key,
FlashReport_November_2025.pdf:14:3178,,unmatched,,2025-11,FlashReport_November_2025.pdf,14,false,no identifier or complete fallback key,
FlashReport_November_2025.pdf:15:3179,,unmatched,,2025-11,FlashReport_November_2025.pdf,15,false,no identifier or complete fallback key,
FlashReport_November_2025.pdf:18:3182,,unmatched,,2025-11,FlashReport_November_2025.pdf,18,false,no identifier or complete fallback key,
FlashReport_November_2025.pdf:20:3184,,unmatched,,2025-11,FlashReport_November_2025.pdf,20,false,no identifier or complete fallback key,
FlashReport_November_2025.pdf:23:3187,,unmatched,,2025-11,FlashReport_November_2025.pdf,23,false,no identifier or complete fallback key,
FlashReport_November_2025.pdf:24:3188,,unmatched,,2025-11,FlashReport_November_2025.pdf,24,false,no identifier or complete fallback key,
FlashReport_November_2025.pdf:26:3190,,unmatched,,2025-11,FlashReport_November_2025.pdf,26,false,no identifier or complete fallback key,
FlashReport_November_2025.pdf:27:3191,,unmatched,,2025-11,FlashReport_November_2025.pdf,27,false,no identifier or complete fallback key,
FlashReport_November_2025.pdf:28:3192,,unmatched,,2025-11,FlashReport_November_2025.pdf,28,false,no identifier or complete fallback key,
FlashReport_November_2025.pdf:29:3193,,unmatched,,2025-11,FlashReport_November_2025.pdf,29,false,no identifier or complete fallback key,
FlashReport_November_2025.pdf:30:3194,,unmatched,,2025-11,FlashReport_November_2025.pdf,30,false,no identifier or complete fallback key,
FlashReport_November_2025.pdf:31:3195,,unmatched,,2025-11,FlashReport_November_2025.pdf,31,false,no identifier or complete fallback key,
FlashReport_November_2025.pdf:32:3196,,unmatched,,2025-11,FlashReport_November_2025.pdf,32,false,no identifier or complete fallback key,
FlashReport_November_2025.pdf:33:3197,,unmatched,,2025-11,FlashReport_November_2025.pdf,33,false,no identifier or complete fallback key,
FlashReport_November_2025.pdf:34:3198,,unmatched,,2025-11,FlashReport_November_2025.pdf,34,false,no identifier or complete fallback key,
FlashReport_November_2025.pdf:35:3199,,unmatched,,2025-11,FlashReport_November_2025.pdf,35,false,no identifier or complete fallback key,
FlashReport_November_2025.pdf:36:3200,,unmatched,,2025-11,FlashReport_November_2025.pdf,36,false,no identifier or complete fallback key,
FlashReport_November_2025.pdf:37:3201,,unmatched,,2025-11,FlashReport_November_2025.pdf,37,false,no identifier or complete fallback key,
FlashReport_November_2025.pdf:38:3202,,unmatched,,2025-11,FlashReport_November_2025.pdf,38,false,no identifier or complete fallback key,
FlashReport_November_2025.pdf:39:3203,,unmatched,,2025-11,FlashReport_November_2025.pdf,39,false,no identifier or complete fallback key,
FlashReport_November_2025.pdf:40:3204,,unmatched,,2025-11,FlashReport_November_2025.pdf,40,false,no identifier or complete fallback key,
FlashReport_November_2025.pdf:41:3205,,unmatched,,2025-11,FlashReport_November_2025.pdf,41,false,no identifier or complete fallback key,
FlashReport_November_2025.pdf:42:3206,,unmatched,,2025-11,FlashReport_November_2025.pdf,42,false,no identifier or complete fallback key,
FlashReport_November_2025.pdf:43:3207,,unmatched,,2025-11,FlashReport_November_2025.pdf,43,false,no identifier or complete fallback key,
FlashReport_November_2025.pdf:44:3208,,unmatched,,2025-11,FlashReport_November_2025.pdf,44,false,no identifier or complete fallback key,
FlashReport_November_2025.pdf:45:3209,,unmatched,,2025-11,FlashReport_November_2025.pdf,45,false,no identifier or complete fallback key,
FlashReport_November_2025.pdf:46:3210,,unmatched,,2025-11,FlashReport_November_2025.pdf,46,false,no identifier or complete fallback key,
FlashReport_November_2025.pdf:47:3211,,unmatched,,2025-11,FlashReport_November_2025.pdf,47,false,no identifier or complete fallback key,
FlashReport_November_2025.pdf:48:3212,,unmatched,,2025-11,FlashReport_November_2025.pdf,48,false,no identifier or complete fallback key,
FlashReport_November_2025.pdf:49:3213,,unmatched,,2025-11,FlashReport_November_2025.pdf,49,false,no identifier or complete fallback key,
FlashReport_November_2025.pdf:50:3214,,unmatched,,2025-11,FlashReport_November_2025.pdf,50,false,no identifier or complete fallback key,
FlashReport_November_2025.pdf:51:3215,,unmatched,,2025-11,FlashReport_November_2025.pdf,51,false,no identifier or complete fallback key,
FlashReport_November_2025.pdf:52:3216,,unmatched,,2025-11,FlashReport_November_2025.pdf,52,false,no identifier or complete fallback key,
FlashReport_November_2025.pdf:53:3217,,unmatched,,2025-11,FlashReport_November_2025.pdf,53,false,no identifier or complete fallback key,
FlashReport_November_2025.pdf:54:3218,,unmatched,,2025-11,FlashReport_November_2025.pdf,54,false,no identifier or complete fallback key,
FlashReport_November_2025.pdf:55:3219,,unmatched,,2025-11,FlashReport_November_2025.pdf,55,false,no identifier or complete fallback key,
FlashReport_November_2025.pdf:56:3220,,unmatched,,2025-11,FlashReport_November_2025.pdf,56,false,no identifier or complete fallback key,
FlashReport_November_2025.pdf:57:3221,,unmatched,,2025-11,FlashReport_November_2025.pdf,57,false,no identifier or complete fallback key,
FlashReport_November_2025.pdf:58:3222,,unmatched,,2025-11,FlashReport_November_2025.pdf,58,false,no identifier or complete fallback key,
FlashReport_November_2025.pdf:59:3223,,unmatched,,2025-11,FlashReport_November_2025.pdf,59,false,no identifier or complete fallback key,
FlashReport_November_2025.pdf:60:3224,,unmatched,,2025-11,FlashReport_November_2025.pdf,60,false,no identifier or complete fallback key,
FlashReport_November_2025.pdf:61:3225,,unmatched,,2025-11,FlashReport_November_2025.pdf,61,false,no identifier or complete fallback key,
FlashReport_November_2025.pdf:62:3226,,unmatched,,2025-11,FlashReport_November_2025.pdf,62,false,no identifier or complete fallback key,
FlashReport_November_2025.pdf:63:3227,,unmatched,,2025-11,FlashReport_November_2025.pdf,63,false,no identifier or complete fallback key,
FlashReport_November_2025.pdf:64:3228,,unmatched,,2025-11,FlashReport_November_2025.pdf,64,false,no identifier or complete fallback key,
FlashReport_November_2025.pdf:65:3229,,unmatched,,2025-11,FlashReport_November_2025.pdf,65,false,no identifier or complete fallback key,
FlashReport_November_2025.pdf:66:3230,,unmatched,,2025-11,FlashReport_November_2025.pdf,66,false,no identifier or complete fallback key,
FlashReport_November_2025.pdf:68:3232,,unmatched,,2025-11,FlashReport_November_2025.pdf,68,false,no identifier or complete fallback key,
FlashReport_November_2025.pdf:69:3233,,unmatched,,2025-11,FlashReport_November_2025.pdf,69,false,no identifier or complete fallback key,
FlashReport_November_2025.pdf:70:3234,,unmatched,,2025-11,FlashReport_November_2025.pdf,70,false,no identifier or complete fallback key,
FlashReport_November_2025.pdf:71:3235,,unmatched,,2025-11,FlashReport_November_2025.pdf,71,false,no identifier or complete fallback key,
FlashReport_November_2025.pdf:72:3236,,unmatched,,2025-11,FlashReport_November_2025.pdf,72,false,no identifier or complete fallback key,
FlashReport_November_2025.pdf:73:3237,,unmatched,,2025-11,FlashReport_November_2025.pdf,73,false,no identifier or complete fallback key,
FlashReport_November_2025.pdf:74:3238,,unmatched,,2025-11,FlashReport_November_2025.pdf,74,false,no identifier or complete fallback key,
FlashReport_November_2025.pdf:75:3239,,unmatched,,2025-11,FlashReport_November_2025.pdf,75,false,no identifier or complete fallback key,
FlashReport_November_2025.pdf:76:3240,,unmatched,,2025-11,FlashReport_November_2025.pdf,76,false,no identifier or complete fallback key,
FlashReport_November_2025.pdf:77:3241,,unmatched,,2025-11,FlashReport_November_2025.pdf,77,false,no identifier or complete fallback key,
FlashReport_November_2025.pdf:78:3242,,unmatched,,2025-11,FlashReport_November_2025.pdf,78,false,no identifier or complete fallback key,
FlashReport_November_2025.pdf:79:3243,,unmatched,,2025-11,FlashReport_November_2025.pdf,79,false,no identifier or complete fallback key,
FlashReport_November_2025.pdf:80:3244,,unmatched,,2025-11,FlashReport_November_2025.pdf,80,false,no identifier or complete fallback key,
FlashReport_November_2025.pdf:81:3245,,unmatched,,2025-11,FlashReport_November_2025.pdf,81,false,no identifier or complete fallback key,
FlashReport_November_2025.pdf:82:3246,,unmatched,,2025-11,FlashReport_November_2025.pdf,82,false,no identifier or complete fallback key,
FlashReport_November_2025.pdf:83:3247,,unmatched,,2025-11,FlashReport_November_2025.pdf,83,false,no identifier or complete fallback key,
FlashReport_November_2025.pdf:84:3248,,unmatched,,2025-11,FlashReport_November_2025.pdf,84,false,no identifier or complete fallback key,
FlashReport_November_2025.pdf:85:3249,,unmatched,,2025-11,FlashReport_November_2025.pdf,85,false,no identifier or complete fallback key,
FlashReport_November_2025.pdf:86:3250,,unmatched,,2025-11,FlashReport_November_2025.pdf,86,false,no identifier or complete fallback key,
FlashReport_November_2025.pdf:87:3251,,unmatched,,2025-11,FlashReport_November_2025.pdf,87,false,no identifier or complete fallback key,
FlashReport_November_2025.pdf:88:3252,,unmatched,,2025-11,FlashReport_November_2025.pdf,88,false,no identifier or complete fallback key,
FlashReport_November_2025.pdf:89:3253,,unmatched,,2025-11,FlashReport_November_2025.pdf,89,false,no identifier or complete fallback key,
FlashReport_November_2025.pdf:90:3254,,unmatched,,2025-11,FlashReport_November_2025.pdf,90,false,no identifier or complete fallback key,
FlashReport_November_2025.pdf:91:3255,,unmatched,,2025-11,FlashReport_November_2025.pdf,91,false,no identifier or complete fallback key,
FlashReport_November_2025.pdf:92:3256,,unmatched,,2025-11,FlashReport_November_2025.pdf,92,false,no identifier or complete fallback key,
FlashReport_November_2025.pdf:93:3257,,unmatched,,2025-11,FlashReport_November_2025.pdf,93,false,no identifier or complete fallback key,
FlashReport_November_2025.pdf:94:3258,,unmatched,,2025-11,FlashReport_November_2025.pdf,94,false,no identifier or complete fallback key,
FlashReport_November_2025.pdf:95:3259,,unmatched,,2025-11,FlashReport_November_2025.pdf,95,false,no identifier or complete fallback key,
FlashReport_November_2025.pdf:96:3260,,unmatched,,2025-11,FlashReport_November_2025.pdf,96,false,no identifier or complete fallback key,
FlashReport_November_2025.pdf:97:3261,,unmatched,,2025-11,FlashReport_November_2025.pdf,97,false,no identifier or complete fallback key,
FlashReport_November_2025.pdf:98:3262,,unmatched,,2025-11,FlashReport_November_2025.pdf,98,false,no identifier or complete fallback key,
FlashReport_November_2025.pdf:99:3263,,unmatched,,2025-11,FlashReport_November_2025.pdf,99,false,no identifier or complete fallback key,
FlashReport_November_2025.pdf:100:3264,,unmatched,,2025-11,FlashReport_November_2025.pdf,100,false,no identifier or complete fallback key,
FlashReport_November_2025.pdf:101:3265,,unmatched,,2025-11,FlashReport_November_2025.pdf,101,false,no identifier or complete fallback key,
FlashReport_November_2025.pdf:102:3266,,unmatched,,2025-11,FlashReport_November_2025.pdf,102,false,no identifier or complete fallback key,
FlashReport_November_2025.pdf:103:3267,,unmatched,,2025-11,FlashReport_November_2025.pdf,103,false,no identifier or complete fallback key,
FlashReport_November_2025.pdf:104:3268,,unmatched,,2025-11,FlashReport_November_2025.pdf,104,false,no identifier or complete fallback key,
FlashReport_November_2025.pdf:105:3269,,unmatched,,2025-11,FlashReport_November_2025.pdf,105,false,no identifier or complete fallback key,
FlashReport_November_2025.pdf:106:3270,,unmatched,,2025-11,FlashReport_November_2025.pdf,106,false,no identifier or complete fallback key,
FlashReport_November_2025.pdf:107:3271,,unmatched,,2025-11,FlashReport_November_2025.pdf,107,false,no identifier or complete fallback key,
FlashReport_November_2025.pdf:108:3272,,unmatched,,2025-11,FlashReport_November_2025.pdf,108,false,no identifier or complete fallback key,
FlashReport_November_2025.pdf:109:3273,,unmatched,,2025-11,FlashReport_November_2025.pdf,109,false,no identifier or complete fallback key,
FlashReport_November_2025.pdf:110:3274,,unmatched,,2025-11,FlashReport_November_2025.pdf,110,false,no identifier or complete fallback key,
FlashReport_November_2025.pdf:111:3275,,unmatched,,2025-11,FlashReport_November_2025.pdf,111,false,no identifier or complete fallback key,
FlashReport_November_2025.pdf:112:3276,,unmatched,,2025-11,FlashReport_November_2025.pdf,112,false,no identifier or complete fallback key,
FlashReport_November_2025.pdf:113:3277,,unmatched,,2025-11,FlashReport_November_2025.pdf,113,false,no identifier or complete fallback key,
FlashReport_November_2025.pdf:114:3278,,unmatched,,2025-11,FlashReport_November_2025.pdf,114,false,no identifier or complete fallback key,
FlashReport_November_2025.pdf:115:3279,,unmatched,,2025-11,FlashReport_November_2025.pdf,115,false,no identifier or complete fallback key,
FlashReport_November_2025.pdf:116:3280,,unmatched,,2025-11,FlashReport_November_2025.pdf,116,false,no identifier or complete fallback key,
FlashReport_November_2025.pdf:117:3281,,unmatched,,2025-11,FlashReport_November_2025.pdf,117,false,no identifier or complete fallback key,
FlashReport_November_2025.pdf:118:3282,,unmatched,,2025-11,FlashReport_November_2025.pdf,118,false,no identifier or complete fallback key,
FlashReport_November_2025.pdf:119:3283,,unmatched,,2025-11,FlashReport_November_2025.pdf,119,false,no identifier or complete fallback key,
FlashReport_November_2025.pdf:120:3284,,unmatched,,2025-11,FlashReport_November_2025.pdf,120,false,no identifier or complete fallback key,
FlashReport_November_2025.pdf:121:3285,,unmatched,,2025-11,FlashReport_November_2025.pdf,121,false,no identifier or complete fallback key,
FlashReport_November_2025.pdf:122:3286,,unmatched,,2025-11,FlashReport_November_2025.pdf,122,false,no identifier or complete fallback key,
FlashReport_November_2025.pdf:123:3287,,unmatched,,2025-11,FlashReport_November_2025.pdf,123,false,no identifier or complete fallback key,
FlashReport_November_2025.pdf:124:3288,,unmatched,,2025-11,FlashReport_November_2025.pdf,124,false,no identifier or complete fallback key,
FlashReport_November_2025.pdf:125:3289,,unmatched,,2025-11,FlashReport_November_2025.pdf,125,false,no identifier or complete fallback key,
FlashReport_November_2025.pdf:126:3290,,unmatched,,2025-11,FlashReport_November_2025.pdf,126,false,no identifier or complete fallback key,
FlashReport_November_2025.pdf:127:3291,,unmatched,,2025-11,FlashReport_November_2025.pdf,127,false,no identifier or complete fallback key,
FlashReport_November_2025.pdf:128:3292,,unmatched,,2025-11,FlashReport_November_2025.pdf,128,false,no identifier or complete fallback key,
FlashReport_November_2025.pdf:129:3293,,unmatched,,2025-11,FlashReport_November_2025.pdf,129,false,no identifier or complete fallback key,
FlashReport_November_2025.pdf:130:3294,,unmatched,,2025-11,FlashReport_November_2025.pdf,130,false,no identifier or complete fallback key,
FlashReport_November_2025.pdf:131:3295,,unmatched,,2025-11,FlashReport_November_2025.pdf,131,false,no identifier or complete fallback key,
FlashReport_November_2025.pdf:132:3296,,unmatched,,2025-11,FlashReport_November_2025.pdf,132,false,no identifier or complete fallback key,
FlashReport_November_2025.pdf:133:3297,,unmatched,,2025-11,FlashReport_November_2025.pdf,133,false,no identifier or complete fallback key,
FlashReport_November_2025.pdf:134:3298,,unmatched,,2025-11,FlashReport_November_2025.pdf,134,false,no identifier or complete fallback key,
FlashReport_November_2025.pdf:135:3299,,unmatched,,2025-11,FlashReport_November_2025.pdf,135,false,no identifier or complete fallback key,
FlashReport_November_2025.pdf:136:3300,,unmatched,,2025-11,FlashReport_November_2025.pdf,136,false,no identifier or complete fallback key,
FlashReport_November_2025.pdf:137:3301,,unmatched,,2025-11,FlashReport_November_2025.pdf,137,false,no identifier or complete fallback key,
FlashReport_November_2025.pdf:138:3302,,unmatched,,2025-11,FlashReport_November_2025.pdf,138,false,no identifier or complete fallback key,
FlashReport_November_2025.pdf:139:3303,,unmatched,,2025-11,FlashReport_November_2025.pdf,139,false,no identifier or complete fallback key,
FlashReport_November_2025.pdf:140:3304,,unmatched,,2025-11,FlashReport_November_2025.pdf,140,false,no identifier or complete fallback key,
FlashReport_November_2025.pdf:141:3305,,unmatched,,2025-11,FlashReport_November_2025.pdf,141,false,no identifier or complete fallback key,
FlashReport_November_2025.pdf:142:3306,,unmatched,,2025-11,FlashReport_November_2025.pdf,142,false,no identifier or complete fallback key,
FlashReport_November_2025.pdf:143:3307,,unmatched,,2025-11,FlashReport_November_2025.pdf,143,false,no identifier or complete fallback key,
FlashReport_November_2025.pdf:144:3308,,unmatched,,2025-11,FlashReport_November_2025.pdf,144,false,no identifier or complete fallback key,
FlashReport_November_2025.pdf:145:3309,,unmatched,,2025-11,FlashReport_November_2025.pdf,145,false,no identifier or complete fallback key,
FlashReport_November_2025.pdf:146:3310,,unmatched,,2025-11,FlashReport_November_2025.pdf,146,false,no identifier or complete fallback key,
FlashReport_November_2025.pdf:147:3311,,unmatched,,2025-11,FlashReport_November_2025.pdf,147,false,no identifier or complete fallback key,
FlashReport_November_2025.pdf:149:3313,,unmatched,,2025-11,FlashReport_November_2025.pdf,149,false,no identifier or complete fallback key,
FlashReport_November_2025.pdf:150:3314,,unmatched,,2025-11,FlashReport_November_2025.pdf,150,false,no identifier or complete fallback key,
FlashReport_November_2025.pdf:151:3315,,unmatched,,2025-11,FlashReport_November_2025.pdf,151,false,no identifier or complete fallback key,
FlashReport_November_2025.pdf:152:3316,,unmatched,,2025-11,FlashReport_November_2025.pdf,152,false,no identifier or complete fallback key,
FlashReport_November_2025.pdf:153:3317,,unmatched,,2025-11,FlashReport_November_2025.pdf,153,false,no identifier or complete fallback key,
FlashReport_November_2025.pdf:154:3318,,unmatched,,2025-11,FlashReport_November_2025.pdf,154,false,no identifier or complete fallback key,
FlashReport_November_2025.pdf:155:3319,,unmatched,,2025-11,FlashReport_November_2025.pdf,155,false,no identifier or complete fallback key,
FlashReport_November_2025.pdf:156:3320,,unmatched,,2025-11,FlashReport_November_2025.pdf,156,false,no identifier or complete fallback key,
FlashReport_November_2025.pdf:157:3321,,unmatched,,2025-11,FlashReport_November_2025.pdf,157,false,no identifier or complete fallback key,
FlashReport_November_2025.pdf:158:3322,,unmatched,,2025-11,FlashReport_November_2025.pdf,158,false,no identifier or complete fallback key,
FlashReport_November_2025.pdf:159:3323,,unmatched,,2025-11,FlashReport_November_2025.pdf,159,false,no identifier or complete fallback key,
FlashReport_November_2025.pdf:160:3324,,unmatched,,2025-11,FlashReport_November_2025.pdf,160,false,no identifier or complete fallback key,
FlashReport_November_2025.pdf:161:3325,,unmatched,,2025-11,FlashReport_November_2025.pdf,161,false,no identifier or complete fallback key,
FlashReport_November_2025.pdf:162:3326,,unmatched,,2025-11,FlashReport_November_2025.pdf,162,false,no identifier or complete fallback key,
FlashReport_November_2025.pdf:163:3327,,unmatched,,2025-11,FlashReport_November_2025.pdf,163,false,no identifier or complete fallback key,
FlashReport_November_2025.pdf:164:3328,,unmatched,,2025-11,FlashReport_November_2025.pdf,164,false,no identifier or complete fallback key,
FlashReport_November_2025.pdf:165:3329,,unmatched,,2025-11,FlashReport_November_2025.pdf,165,false,no identifier or complete fallback key,
FlashReport_November_2025.pdf:166:3330,,unmatched,,2025-11,FlashReport_November_2025.pdf,166,false,no identifier or complete fallback key,
FlashReport_November_2025.pdf:167:3331,,unmatched,,2025-11,FlashReport_November_2025.pdf,167,false,no identifier or complete fallback key,
FlashReport_November_2025.pdf:168:3332,,unmatched,,2025-11,FlashReport_November_2025.pdf,168,false,no identifier or complete fallback key,
FlashReport_November_2025.pdf:169:3333,,unmatched,,2025-11,FlashReport_November_2025.pdf,169,false,no identifier or complete fallback key,
FlashReport_November_2025.pdf:170:3334,,unmatched,,2025-11,FlashReport_November_2025.pdf,170,false,no identifier or complete fallback key,
FlashReport_November_2025.pdf:173:3337,,unmatched,,2025-11,FlashReport_November_2025.pdf,173,false,no identifier or complete fallback key,
FlashReport_November_2025.pdf:174:3338,,unmatched,,2025-11,FlashReport_November_2025.pdf,174,false,no identifier or complete fallback key,
FlashReport_November_2025.pdf:175:3339,,unmatched,,2025-11,FlashReport_November_2025.pdf,175,false,no identifier or complete fallback key,
FlashReport_November_2025.pdf:176:3340,,unmatched,,2025-11,FlashReport_November_2025.pdf,176,false,no identifier or complete fallback key,
FlashReport_November_2025.pdf:177:3341,,unmatched,,2025-11,FlashReport_November_2025.pdf,177,false,no identifier or complete fallback key,
FlashReport_November_2025.pdf:179:3343,,unmatched,,2025-11,FlashReport_November_2025.pdf,179,false,no identifier or complete fallback key,
FlashReport_November_2025.pdf:180:3344,,unmatched,,2025-11,FlashReport_November_2025.pdf,180,false,no identifier or complete fallback key,
FlashReport_November_2025.pdf:184:3348,,unmatched,,2025-11,FlashReport_November_2025.pdf,184,false,no identifier or complete fallback key,
FlashReport_November_2025.pdf:194:3358,,unmatched,,2025-11,FlashReport_November_2025.pdf,194,false,no identifier or complete fallback key,
FlashReport_November_2025.pdf:195:3359,,unmatched,,2025-11,FlashReport_November_2025.pdf,195,false,no identifier or complete fallback key,
FlashReport_November_2025.pdf:196:3360,,unmatched,,2025-11,FlashReport_November_2025.pdf,196,false,no identifier or complete fallback key,
FlashReport_November_2025.pdf:215:3379,,unmatched,,2025-11,FlashReport_November_2025.pdf,215,false,no identifier or complete fallback key,
FlashReport_November_2025.pdf:217:3381,,unmatched,,2025-11,FlashReport_November_2025.pdf,217,false,no identifier or complete fallback key,
FlashReport_November_2025.pdf:218:3382,,unmatched,,2025-11,FlashReport_November_2025.pdf,218,false,no identifier or complete fallback key,
FlashReport_November_2025.pdf:224:3388,,unmatched,,2025-11,FlashReport_November_2025.pdf,224,false,no identifier or complete fallback key,
FlashReport_November_2025.pdf:246:3410,,unmatched,,2025-11,FlashReport_November_2025.pdf,246,false,no identifier or complete fallback key,
FlashReport_November_2025.pdf:249:3413,,unmatched,,2025-11,FlashReport_November_2025.pdf,249,false,no identifier or complete fallback key,
FlashReport_November_2025.pdf:250:3414,,unmatched,,2025-11,FlashReport_November_2025.pdf,250,false,no identifier or complete fallback key,
FlashReport_November_2025.pdf:251:3415,,unmatched,,2025-11,FlashReport_November_2025.pdf,251,false,no identifier or complete fallback key,
FlashReport_November_2025.pdf:252:3416,,unmatched,,2025-11,FlashReport_November_2025.pdf,252,false,no identifier or complete fallback key,
FlashReport_November_2025.pdf:253:3417,,unmatched,,2025-11,FlashReport_November_2025.pdf,253,false,no identifier or complete fallback key,
FlashReport_November_2025.pdf:254:3418,,unmatched,,2025-11,FlashReport_November_2025.pdf,254,false,no identifier or complete fallback key,
FlashReport_November_2025.pdf:255:3419,,unmatched,,2025-11,FlashReport_November_2025.pdf,255,false,no identifier or complete fallback key,
FlashReport_November_2025.pdf:256:3420,,unmatched,,2025-11,FlashReport_November_2025.pdf,256,false,no identifier or complete fallback key,
FlashReport_November_2025.pdf:257:3421,,unmatched,,2025-11,FlashReport_November_2025.pdf,257,false,no identifier or complete fallback key,
FlashReport_November_2025.pdf:258:3422,,unmatched,,2025-11,FlashReport_November_2025.pdf,258,false,no identifier or complete fallback key,
FlashReport_November_2025.pdf:259:3423,,unmatched,,2025-11,FlashReport_November_2025.pdf,259,false,no identifier or complete fallback key,
FlashReport_November_2025.pdf:260:3424,,unmatched,,2025-11,FlashReport_November_2025.pdf,260,false,no identifier or complete fallback key,
FlashReport_November_2025.pdf:261:3425,,unmatched,,2025-11,FlashReport_November_2025.pdf,261,false,no identifier or complete fallback key,
FlashReport_November_2025.pdf:262:3426,,unmatched,,2025-11,FlashReport_November_2025.pdf,262,false,no identifier or complete fallback key,
FlashReport_November_2025.pdf:263:3427,,unmatched,,2025-11,FlashReport_November_2025.pdf,263,false,no identifier or complete fallback key,
FlashReport_November_2025.pdf:264:3428,,unmatched,,2025-11,FlashReport_November_2025.pdf,264,false,no identifier or complete fallback key,
FlashReport_November_2025.pdf:266:3430,,unmatched,,2025-11,FlashReport_November_2025.pdf,266,false,no identifier or complete fallback key,
FlashReport_November_2025.pdf:267:3431,,unmatched,,2025-11,FlashReport_November_2025.pdf,267,false,no identifier or complete fallback key,
FlashReport_November_2025.pdf:268:3432,,unmatched,,2025-11,FlashReport_November_2025.pdf,268,false,no identifier or complete fallback key,
FlashReport_November_2025.pdf:269:3433,,unmatched,,2025-11,FlashReport_November_2025.pdf,269,false,no identifier or complete fallback key,
FlashReport_November_2025.pdf:270:3434,,unmatched,,2025-11,FlashReport_November_2025.pdf,270,false,no identifier or complete fallback key,
FlashReport_November_2025.pdf:271:3435,,unmatched,,2025-11,FlashReport_November_2025.pdf,271,false,no identifier or complete fallback key,
FlashReport_November_2025.pdf:272:3436,,unmatched,,2025-11,FlashReport_November_2025.pdf,272,false,no identifier or complete fallback key,
FlashReport_November_2025.pdf:273:3437,,unmatched,,2025-11,FlashReport_November_2025.pdf,273,false,no identifier or complete fallback key,
FlashReport_November_2025.pdf:275:3439,,unmatched,,2025-11,FlashReport_November_2025.pdf,275,false,no identifier or complete fallback key,
FlashReport_November_2025.pdf:276:3440,,unmatched,,2025-11,FlashReport_November_2025.pdf,276,false,no identifier or complete fallback key,
FlashReport_November_2025.pdf:277:3441,,unmatched,,2025-11,FlashReport_November_2025.pdf,277,false,no identifier or complete fallback key,
FlashReport_November_2025.pdf:278:3442,,unmatched,,2025-11,FlashReport_November_2025.pdf,278,false,no identifier or complete fallback key,
FlashReport_November_2025.pdf:279:3443,,unmatched,,2025-11,FlashReport_November_2025.pdf,279,false,no identifier or complete fallback key,
FlashReport_November_2025.pdf:280:3444,,unmatched,,2025-11,FlashReport_November_2025.pdf,280,false,no identifier or complete fallback key,
FlashReport_November_2025.pdf:281:3445,,unmatched,,2025-11,FlashReport_November_2025.pdf,281,false,no identifier or complete fallback key,
FlashReport_November_2025.pdf:282:3446,,unmatched,,2025-11,FlashReport_November_2025.pdf,282,false,no identifier or complete fallback key,
FlashReport_November_2025.pdf:283:3447,,unmatched,,2025-11,FlashReport_November_2025.pdf,283,false,no identifier or complete fallback key,
FlashReport_November_2025.pdf:284:3448,,unmatched,,2025-11,FlashReport_November_2025.pdf,284,false,no identifier or complete fallback key,
FlashReport_November_2025.pdf:285:3449,,unmatched,,2025-11,FlashReport_November_2025.pdf,285,false,no identifier or complete fallback key,
FlashReport_November_2025.pdf:286:3450,,unmatched,,2025-11,FlashReport_November_2025.pdf,286,false,no identifier or complete fallback key,
FlashReport_November_2025.pdf:287:3451,,unmatched,,2025-11,FlashReport_November_2025.pdf,287,false,no identifier or complete fallback key,
FlashReport_November_2025.pdf:288:3452,,unmatched,,2025-11,FlashReport_November_2025.pdf,288,false,no identifier or complete fallback key,
FlashReport_November_2025.pdf:289:3453,,unmatched,,2025-11,FlashReport_November_2025.pdf,289,false,no identifier or complete fallback key,
FlashReport_November_2025.pdf:290:3454,,unmatched,,2025-11,FlashReport_November_2025.pdf,290,false,no identifier or complete fallback key,
FlashReport_November_2025.pdf:291:3455,,unmatched,,2025-11,FlashReport_November_2025.pdf,291,false,no identifier or complete fallback key,
FlashReport_November_2025.pdf:292:3456,,unmatched,,2025-11,FlashReport_November_2025.pdf,292,false,no identifier or complete fallback key,
FlashReport_November_2025.pdf:293:3457,,unmatched,,2025-11,FlashReport_November_2025.pdf,293,false,no identifier or complete fallback key,
FlashReport_November_2025.pdf:294:3458,,unmatched,,2025-11,FlashReport_November_2025.pdf,294,false,no identifier or complete fallback key,
FlashReport_November_2025.pdf:295:3459,,unmatched,,2025-11,FlashReport_November_2025.pdf,295,false,no identifier or complete fallback key,
FlashReport_November_2025.pdf:296:3460,,unmatched,,2025-11,FlashReport_November_2025.pdf,296,false,no identifier or complete fallback key,
FlashReport_November_2025.pdf:297:3461,,unmatched,,2025-11,FlashReport_November_2025.pdf,297,false,no identifier or complete fallback key,
FlashReport_November_2025.pdf:299:3463,,unmatched,,2025-11,FlashReport_November_2025.pdf,299,false,no identifier or complete fallback key,
FlashReport_November_2025.pdf:301:3465,,unmatched,,2025-11,FlashReport_November_2025.pdf,301,false,no identifier or complete fallback key,
FlashReport_November_2025.pdf:304:3468,,unmatched,,2025-11,FlashReport_November_2025.pdf,304,false,no identifier or complete fallback key,
FlashReport_November_2025.pdf:307:3471,,unmatched,,2025-11,FlashReport_November_2025.pdf,307,false,no identifier or complete fallback key,
FlashReport_November_2025.pdf:308:3472,,unmatched,,2025-11,FlashReport_November_2025.pdf,308,false,no identifier or complete fallback key,
FlashReport_November_2025.pdf:309:3473,,unmatched,,2025-11,FlashReport_November_2025.pdf,309,false,no identifier or complete fallback key,
FlashReport_November_2025.pdf:311:3475,,unmatched,,2025-11,FlashReport_November_2025.pdf,311,false,no identifier or complete fallback key,
FlashReport_November_2025.pdf:313:3477,,unmatched,,2025-11,FlashReport_November_2025.pdf,313,false,no identifier or complete fallback key,
FlashReport_November_2025.pdf:314:3478,,unmatched,,2025-11,FlashReport_November_2025.pdf,314,false,no identifier or complete fallback key,
FlashReport_November_2025.pdf:319:3483,,unmatched,,2025-11,FlashReport_November_2025.pdf,319,false,no identifier or complete fallback key,
FlashReport_November_2025.pdf:321:3485,,unmatched,,2025-11,FlashReport_November_2025.pdf,321,false,no identifier or complete fallback key,
FlashReport_November_2025.pdf:323:3487,,unmatched,,2025-11,FlashReport_November_2025.pdf,323,false,no identifier or complete fallback key,
FlashReport_November_2025.pdf:324:3488,,unmatched,,2025-11,FlashReport_November_2025.pdf,324,false,no identifier or complete fallback key,
FlashReport_November_2025.pdf:325:3489,,unmatched,,2025-11,FlashReport_November_2025.pdf,325,false,no identifier or complete fallback key,
FlashReport_November_2025.pdf:326:3490,,unmatched,,2025-11,FlashReport_November_2025.pdf,326,false,no identifier or complete fallback key,
FlashReport_November_2025.pdf:330:3494,,unmatched,,2025-11,FlashReport_November_2025.pdf,330,false,no identifier or complete fallback key,
FlashReport_November_2025.pdf:331:3495,,unmatched,,2025-11,FlashReport_November_2025.pdf,331,false,no identifier or complete fallback key,
FlashReport_November_2025.pdf:332:3496,,unmatched,,2025-11,FlashReport_November_2025.pdf,332,false,no identifier or complete fallback key,
FlashReport_November_2025.pdf:335:3499,,unmatched,,2025-11,FlashReport_November_2025.pdf,335,false,no identifier or complete fallback key,
FlashReport_November_2025.pdf:336:3500,,unmatched,,2025-11,FlashReport_November_2025.pdf,336,false,no identifier or complete fallback key,
FlashReport_November_2025.pdf:337:3501,,unmatched,,2025-11,FlashReport_November_2025.pdf,337,false,no identifier or complete fallback key,
FlashReport_November_2025.pdf:338:3502,,unmatched,,2025-11,FlashReport_November_2025.pdf,338,false,no identifier or complete fallback key,
FlashReport_November_2025.pdf:341:3505,,unmatched,,2025-11,FlashReport_November_2025.pdf,341,false,no identifier or complete fallback key,
FlashReport_November_2025.pdf:342:3506,,unmatched,,2025-11,FlashReport_November_2025.pdf,342,false,no identifier or complete fallback key,
FlashReport_November_2025.pdf:343:3507,,unmatched,,2025-11,FlashReport_November_2025.pdf,343,false,no identifier or complete fallback key,
FlashReport_November_2025.pdf:344:3508,,unmatched,,2025-11,FlashReport_November_2025.pdf,344,false,no identifier or complete fallback key,
FlashReport_November_2025.pdf:346:3510,,unmatched,,2025-11,FlashReport_November_2025.pdf,346,false,no identifier or complete fallback key,
FlashReport_November_2025.pdf:347:3511,,unmatched,,2025-11,FlashReport_November_2025.pdf,347,false,no identifier or complete fallback key,
FlashReport_November_2025.pdf:348:3512,,unmatched,,2025-11,FlashReport_November_2025.pdf,348,false,no identifier or complete fallback key,
FlashReport_November_2025.pdf:349:3513,,unmatched,,2025-11,FlashReport_November_2025.pdf,349,false,no identifier or complete fallback key,
FlashReport_November_2025.pdf:351:3515,,unmatched,,2025-11,FlashReport_November_2025.pdf,351,false,no identifier or complete fallback key,
FlashReport_November_2025.pdf:353:3517,,unmatched,,2025-11,FlashReport_November_2025.pdf,353,false,no identifier or complete fallback key,
FlashReport_November_2025.pdf:354:3518,,unmatched,,2025-11,FlashReport_November_2025.pdf,354,false,no identifier or complete fallback key,
FlashReport_November_2025.pdf:355:3519,,unmatched,,2025-11,FlashReport_November_2025.pdf,355,false,no identifier or complete fallback key,
FlashReport_November_2025.pdf:356:3520,,unmatched,,2025-11,FlashReport_November_2025.pdf,356,false,no identifier or complete fallback key,
FlashReport_November_2025.pdf:357:3521,,unmatched,,2025-11,FlashReport_November_2025.pdf,357,false,no identifier or complete fallback key,
FlashReport_November_2025.pdf:361:3525,,unmatched,,2025-11,FlashReport_November_2025.pdf,361,false,no identifier or complete fallback key,
FlashReport_November_2025.pdf:362:3526,,unmatched,,2025-11,FlashReport_November_2025.pdf,362,false,no identifier or complete fallback key,
FlashReport_November_2025.pdf:363:3527,,unmatched,,2025-11,FlashReport_November_2025.pdf,363,false,no identifier or complete fallback key,
FlashReport_November_2025.pdf:364:3528,,unmatched,,2025-11,FlashReport_November_2025.pdf,364,false,no identifier or complete fallback key,
FlashReport_November_2025.pdf:365:3529,,unmatched,,2025-11,FlashReport_November_2025.pdf,365,false,no identifier or complete fallback key,
FlashReport_November_2025.pdf:366:3530,,unmatched,,2025-11,FlashReport_November_2025.pdf,366,false,no identifier or complete fallback key,
FlashReport_November_2025.pdf:367:3531,,unmatched,,2025-11,FlashReport_November_2025.pdf,367,false,no identifier or complete fallback key,
FlashReport_November_2025.pdf:368:3532,,unmatched,,2025-11,FlashReport_November_2025.pdf,368,false,no identifier or complete fallback key,
FlashReport_November_2025.pdf:369:3533,,unmatched,,2025-11,FlashReport_November_2025.pdf,369,false,no identifier or complete fallback key,
FlashReport_November_2025.pdf:370:3534,,unmatched,,2025-11,FlashReport_November_2025.pdf,370,false,no identifier or complete fallback key,
FlashReport_November_2025.pdf:375:3539,,unmatched,,2025-11,FlashReport_November_2025.pdf,375,false,no identifier or complete fallback key,
FlashReport_November_2025.pdf:376:3540,,unmatched,,2025-11,FlashReport_November_2025.pdf,376,false,no identifier or complete fallback key,
FlashReport_November_2025.pdf:377:3541,,unmatched,,2025-11,FlashReport_November_2025.pdf,377,false,no identifier or complete fallback key,
FlashReport_November_2025.pdf:378:3542,,unmatched,,2025-11,FlashReport_November_2025.pdf,378,false,no identifier or complete fallback key,
FlashReport_November_2025.pdf:379:3543,,unmatched,,2025-11,FlashReport_November_2025.pdf,379,false,no identifier or complete fallback key,
FlashReport_November_2025.pdf:380:3544,,unmatched,,2025-11,FlashReport_November_2025.pdf,380,false,no identifier or complete fallback key,
FlashReport_November_2025.pdf:381:3545,,unmatched,,2025-11,FlashReport_November_2025.pdf,381,false,no identifier or complete fallback key,
FlashReport_November_2025.pdf:382:3546,,unmatched,,2025-11,FlashReport_November_2025.pdf,382,false,no identifier or complete fallback key,
FlashReport_November_2025.pdf:383:3547,,unmatched,,2025-11,FlashReport_November_2025.pdf,383,false,no identifier or complete fallback key,
FlashReport_November_2025.pdf:384:3548,,unmatched,,2025-11,FlashReport_November_2025.pdf,384,false,no identifier or complete fallback key,
FlashReport_November_2025.pdf:386:3550,,unmatched,,2025-11,FlashReport_November_2025.pdf,386,false,no identifier or complete fallback key,
FlashReport_November_2025.pdf:387:3551,,unmatched,,2025-11,FlashReport_November_2025.pdf,387,false,no identifier or complete fallback key,
FlashReport_November_2025.pdf:390:3554,,unmatched,,2025-11,FlashReport_November_2025.pdf,390,false,no identifier or complete fallback key,
FlashReport_November_2025.pdf:391:3555,,unmatched,,2025-11,FlashReport_November_2025.pdf,391,false,no identifier or complete fallback key,
FlashReport_November_2025.pdf:392:3556,,unmatched,,2025-11,FlashReport_November_2025.pdf,392,false,no identifier or complete fallback key,
FlashReport_November_2025.pdf:393:3557,,unmatched,,2025-11,FlashReport_November_2025.pdf,393,false,no identifier or complete fallback key,
FlashReport_November_2025.pdf:394:3558,,unmatched,,2025-11,FlashReport_November_2025.pdf,394,false,no identifier or complete fallback key,
FlashReport_November_2025.pdf:396:3560,,unmatched,,2025-11,FlashReport_November_2025.pdf,396,false,no identifier or complete fallback key,
FlashReport_November_2025.pdf:397:3561,,unmatched,,2025-11,FlashReport_November_2025.pdf,397,false,no identifier or complete fallback key,
FlashReport_November_2025.pdf:398:3562,,unmatched,,2025-11,FlashReport_November_2025.pdf,398,false,no identifier or complete fallback key,
FlashReport_November_2025.pdf:401:3565,,unmatched,,2025-11,FlashReport_November_2025.pdf,401,false,no identifier or complete fallback key,
FlashReport_November_2025.pdf:402:3566,,unmatched,,2025-11,FlashReport_November_2025.pdf,402,false,no identifier or complete fallback key,
FlashReport_November_2025.pdf:403:3567,,unmatched,,2025-11,FlashReport_November_2025.pdf,403,false,no identifier or complete fallback key,
FlashReport_November_2025.pdf:404:3568,,unmatched,,2025-11,FlashReport_November_2025.pdf,404,false,no identifier or complete fallback key,
FlashReport_November_2025.pdf:405:3569,,unmatched,,2025-11,FlashReport_November_2025.pdf,405,false,no identifier or complete fallback key,
FlashReport_November_2025.pdf:406:3570,,unmatched,,2025-11,FlashReport_November_2025.pdf,406,false,no identifier or complete fallback key,
FlashReport_November_2025.pdf:407:3571,,unmatched,,2025-11,FlashReport_November_2025.pdf,407,false,no identifier or complete fallback key,
FlashReport_November_2025.pdf:408:3572,,unmatched,,2025-11,FlashReport_November_2025.pdf,408,false,no identifier or complete fallback key,
FlashReport_November_2025.pdf:409:3573,,unmatched,,2025-11,FlashReport_November_2025.pdf,409,false,no identifier or complete fallback key,
FlashReport_November_2025.pdf:410:3574,,unmatched,,2025-11,FlashReport_November_2025.pdf,410,false,no identifier or complete fallback key,
FlashReport_November_2025.pdf:411:3575,,unmatched,,2025-11,FlashReport_November_2025.pdf,411,false,no identifier or complete fallback key,
FlashReport_November_2025.pdf:412:3576,,unmatched,,2025-11,FlashReport_November_2025.pdf,412,false,no identifier or complete fallback key,
FlashReport_November_2025.pdf:414:3578,,unmatched,,2025-11,FlashReport_November_2025.pdf,414,false,no identifier or complete fallback key,
FlashReport_November_2025.pdf:415:3579,,unmatched,,2025-11,FlashReport_November_2025.pdf,415,false,no identifier or complete fallback key,
FlashReport_November_2025.pdf:416:3580,,unmatched,,2025-11,FlashReport_November_2025.pdf,416,false,no identifier or complete fallback key,
FlashReport_November_2025.pdf:417:3581,,unmatched,,2025-11,FlashReport_November_2025.pdf,417,false,no identifier or complete fallback key,
FlashReport_November_2025.pdf:418:3582,,unmatched,,2025-11,FlashReport_November_2025.pdf,418,false,no identifier or complete fallback key,
FlashReport_November_2025.pdf:419:3583,,unmatched,,2025-11,FlashReport_November_2025.pdf,419,false,no identifier or complete fallback key,
FlashReport_November_2025.pdf:420:3584,,unmatched,,2025-11,FlashReport_November_2025.pdf,420,false,no identifier or complete fallback key,
FlashReport_November_2025.pdf:422:3586,,unmatched,,2025-11,FlashReport_November_2025.pdf,422,false,no identifier or complete fallback key,
FlashReport_November_2025.pdf:424:3588,,unmatched,,2025-11,FlashReport_November_2025.pdf,424,false,no identifier or complete fallback key,
FlashReport_November_2025.pdf:425:3589,,unmatched,,2025-11,FlashReport_November_2025.pdf,425,false,no identifier or complete fallback key,
FlashReport_November_2025.pdf:426:3590,,unmatched,,2025-11,FlashReport_November_2025.pdf,426,false,no identifier or complete fallback key,
FlashReport_November_2025.pdf:427:3591,,unmatched,,2025-11,FlashReport_November_2025.pdf,427,false,no identifier or complete fallback key,
FlashReport_November_2025.pdf:428:3592,,unmatched,,2025-11,FlashReport_November_2025.pdf,428,false,no identifier or complete fallback key,
FlashReport_November_2025.pdf:429:3593,,unmatched,,2025-11,FlashReport_November_2025.pdf,429,false,no identifier or complete fallback key,
FlashReport_November_2025.pdf:430:3594,,unmatched,,2025-11,FlashReport_November_2025.pdf,430,false,no identifier or complete fallback key,
FlashReport_November_2025.pdf:431:3595,,unmatched,,2025-11,FlashReport_November_2025.pdf,431,false,no identifier or complete fallback key,
FlashReport_November_2025.pdf:432:3596,,unmatched,,2025-11,FlashReport_November_2025.pdf,432,false,no identifier or complete fallback key,
FlashReport_November_2025.pdf:433:3597,,unmatched,,2025-11,FlashReport_November_2025.pdf,433,false,no identifier or complete fallback key,
FlashReport_November_2025.pdf:434:3598,,unmatched,,2025-11,FlashReport_November_2025.pdf,434,false,no identifier or complete fallback key,
FlashReport_November_2025.pdf:436:3600,,unmatched,,2025-11,FlashReport_November_2025.pdf,436,false,no identifier or complete fallback key,
FlashReport_November_2025.pdf:438:3602,,unmatched,,2025-11,FlashReport_November_2025.pdf,438,false,no identifier or complete fallback key,
FlashReport_November_2025.pdf:439:3603,,unmatched,,2025-11,FlashReport_November_2025.pdf,439,false,no identifier or complete fallback key,
FlashReport_November_2025.pdf:440:3604,,unmatched,,2025-11,FlashReport_November_2025.pdf,440,false,no identifier or complete fallback key,
FlashReport_November_2025.pdf:442:3606,,unmatched,,2025-11,FlashReport_November_2025.pdf,442,false,no identifier or complete fallback key,
FlashReport_November_2025.pdf:443:3607,,unmatched,,2025-11,FlashReport_November_2025.pdf,443,false,no identifier or complete fallback key,
FlashReport_November_2025.pdf:444:3608,,unmatched,,2025-11,FlashReport_November_2025.pdf,444,false,no identifier or complete fallback key,
FlashReport_November_2025.pdf:445:3609,,unmatched,,2025-11,FlashReport_November_2025.pdf,445,false,no identifier or complete fallback key,
FlashReport_November_2025.pdf:446:3610,,unmatched,,2025-11,FlashReport_November_2025.pdf,446,false,no identifier or complete fallback key,
FlashReport_November_2025.pdf:447:3611,,unmatched,,2025-11,FlashReport_November_2025.pdf,447,false,no identifier or complete fallback key,
FlashReport_November_2025.pdf:448:3612,,unmatched,,2025-11,FlashReport_November_2025.pdf,448,false,no identifier or complete fallback key,
FlashReport_November_2025.pdf:451:3615,,unmatched,,2025-11,FlashReport_November_2025.pdf,451,false,no identifier or complete fallback key,
FlashReport_November_2025.pdf:452:3616,,unmatched,,2025-11,FlashReport_November_2025.pdf,452,false,no identifier or complete fallback key,
FlashReport_November_2025.pdf:453:3617,,unmatched,,2025-11,FlashReport_November_2025.pdf,453,false,no identifier or complete fallback key,
FlashReport_November_2025.pdf:455:3619,,unmatched,,2025-11,FlashReport_November_2025.pdf,455,false,no identifier or complete fallback key,
FlashReport_November_2025.pdf:457:3621,,unmatched,,2025-11,FlashReport_November_2025.pdf,457,false,no identifier or complete fallback key,
FlashReport_November_2025.pdf:459:3623,,unmatched,,2025-11,FlashReport_November_2025.pdf,459,false,no identifier or complete fallback key,
FlashReport_November_2025.pdf:460:3624,,unmatched,,2025-11,FlashReport_November_2025.pdf,460,false,no identifier or complete fallback key,
FlashReport_November_2025.pdf:463:3627,,unmatched,,2025-11,FlashReport_November_2025.pdf,463,false,no identifier or complete fallback key,
FlashReport_November_2025.pdf:465:3629,,unmatched,,2025-11,FlashReport_November_2025.pdf,465,false,no identifier or complete fallback key,
FlashReport_November_2025.pdf:467:3631,,unmatched,,2025-11,FlashReport_November_2025.pdf,467,false,no identifier or complete fallback key,
FlashReport_November_2025.pdf:469:3633,,unmatched,,2025-11,FlashReport_November_2025.pdf,469,false,no identifier or complete fallback key,
FlashReport_November_2025.pdf:470:3634,,unmatched,,2025-11,FlashReport_November_2025.pdf,470,false,no identifier or complete fallback key,
FlashReport_November_2025.pdf:472:3636,,unmatched,,2025-11,FlashReport_November_2025.pdf,472,false,no identifier or complete fallback key,
FlashReport_November_2025.pdf:473:3637,,unmatched,,2025-11,FlashReport_November_2025.pdf,473,false,no identifier or complete fallback key,
FlashReport_November_2025.pdf:475:3639,,unmatched,,2025-11,FlashReport_November_2025.pdf,475,false,no identifier or complete fallback key,
FlashReport_November_2025.pdf:476:3640,,unmatched,,2025-11,FlashReport_November_2025.pdf,476,false,no identifier or complete fallback key,
FlashReport_November_2025.pdf:478:3642,,unmatched,,2025-11,FlashReport_November_2025.pdf,478,false,no identifier or complete fallback key,
FlashReport_November_2025.pdf:479:3643,,unmatched,,2025-11,FlashReport_November_2025.pdf,479,false,no identifier or complete fallback key,
FlashReport_November_2025.pdf:480:3644,,unmatched,,2025-11,FlashReport_November_2025.pdf,480,false,no identifier or complete fallback key,
FlashReport_November_2025.pdf:481:3645,,unmatched,,2025-11,FlashReport_November_2025.pdf,481,false,no identifier or complete fallback key,
FlashReport_November_2025.pdf:482:3646,,unmatched,,2025-11,FlashReport_November_2025.pdf,482,false,no identifier or complete fallback key,
FlashReport_November_2025.pdf:484:3648,,unmatched,,2025-11,FlashReport_November_2025.pdf,484,false,no identifier or complete fallback key,
FlashReport_November_2025.pdf:485:3649,,unmatched,,2025-11,FlashReport_November_2025.pdf,485,false,no identifier or complete fallback key,
FlashReport_November_2025.pdf:486:3650,,unmatched,,2025-11,FlashReport_November_2025.pdf,486,false,no identifier or complete fallback key,
FlashReport_November_2025.pdf:487:3651,,unmatched,,2025-11,FlashReport_November_2025.pdf,487,false,no identifier or complete fallback key,
FlashReport_November_2025.pdf:488:3652,,unmatched,,2025-11,FlashReport_November_2025.pdf,488,false,no identifier or complete fallback key,
FlashReport_November_2025.pdf:489:3653,,unmatched,,2025-11,FlashReport_November_2025.pdf,489,false,no identifier or complete fallback key,
FlashReport_November_2025.pdf:490:3654,,unmatched,,2025-11,FlashReport_November_2025.pdf,490,false,no identifier or complete fallback key,
FlashReport_November_2025.pdf:491:3655,,unmatched,,2025-11,FlashReport_November_2025.pdf,491,false,no identifier or complete fallback key,
FlashReport_November_2025.pdf:493:3657,,unmatched,,2025-11,FlashReport_November_2025.pdf,493,false,no identifier or complete fallback key,
FlashReport_November_2025.pdf:496:3660,,unmatched,,2025-11,FlashReport_November_2025.pdf,496,false,no identifier or complete fallback key,
FlashReport_November_2025.pdf:497:3661,,unmatched,,2025-11,FlashReport_November_2025.pdf,497,false,no identifier or complete fallback key,
FlashReport_November_2025.pdf:498:3662,,unmatched,,2025-11,FlashReport_November_2025.pdf,498,false,no identifier or complete fallback key,
FlashReport_November_2025.pdf:499:3663,,unmatched,,2025-11,FlashReport_November_2025.pdf,499,false,no identifier or complete fallback key,
FlashReport_November_2025.pdf:500:3664,,unmatched,,2025-11,FlashReport_November_2025.pdf,500,false,no identifier or complete fallback key,
FlashReport_November_2025.pdf:501:3665,,unmatched,,2025-11,FlashReport_November_2025.pdf,501,false,no identifier or complete fallback key,
FlashReport_November_2025.pdf:502:3666,,unmatched,,2025-11,FlashReport_November_2025.pdf,502,false,no identifier or complete fallback key,
FlashReport_November_2025.pdf:503:3667,,unmatched,,2025-11,FlashReport_November_2025.pdf,503,false,no identifier or complete fallback key,
FlashReport_November_2025.pdf:504:3668,,unmatched,,2025-11,FlashReport_November_2025.pdf,504,false,no identifier or complete fallback key,
FlashReport_November_2025.pdf:505:3669,,unmatched,,2025-11,FlashReport_November_2025.pdf,505,false,no identifier or complete fallback key,
FlashReport_November_2025.pdf:506:3670,,unmatched,,2025-11,FlashReport_November_2025.pdf,506,false,no identifier or complete fallback key,
FlashReport_November_2025.pdf:509:3673,,unmatched,,2025-11,FlashReport_November_2025.pdf,509,false,no identifier or complete fallback key,
FlashReport_November_2025.pdf:510:3674,,unmatched,,2025-11,FlashReport_November_2025.pdf,510,false,no identifier or complete fallback key,
FlashReport_November_2025.pdf:511:3675,,unmatched,,2025-11,FlashReport_November_2025.pdf,511,false,no identifier or complete fallback key,
FlashReport_November_2025.pdf:512:3676,,unmatched,,2025-11,FlashReport_November_2025.pdf,512,false,no identifier or complete fallback key,
FlashReport_November_2025.pdf:513:3677,,unmatched,,2025-11,FlashReport_November_2025.pdf,513,false,no identifier or complete fallback key,
FlashReport_November_2025.pdf:514:3678,,unmatched,,2025-11,FlashReport_November_2025.pdf,514,false,no identifier or complete fallback key,
FlashReport_November_2025.pdf:515:3679,,unmatched,,2025-11,FlashReport_November_2025.pdf,515,false,no identifier or complete fallback key,
FlashReport_November_2025.pdf:516:3680,,unmatched,,2025-11,FlashReport_November_2025.pdf,516,false,no identifier or complete fallback key,
FlashReport_November_2025.pdf:517:3681,,unmatched,,2025-11,FlashReport_November_2025.pdf,517,false,no identifier or complete fallback key,
FlashReport_November_2025.pdf:518:3682,,unmatched,,2025-11,FlashReport_November_2025.pdf,518,false,no identifier or complete fallback key,
FlashReport_November_2025.pdf:519:3683,,unmatched,,2025-11,FlashReport_November_2025.pdf,519,false,no identifier or complete fallback key,
FlashReport_November_2025.pdf:520:3684,,unmatched,,2025-11,FlashReport_November_2025.pdf,520,false,no identifier or complete fallback key,
FlashReport_November_2025.pdf:521:3685,,unmatched,,2025-11,FlashReport_November_2025.pdf,521,false,no identifier or complete fallback key,
FlashReport_November_2025.pdf:522:3686,,unmatched,,2025-11,FlashReport_November_2025.pdf,522,false,no identifier or complete fallback key,
FlashReport_November_2025.pdf:523:3687,,unmatched,,2025-11,FlashReport_November_2025.pdf,523,false,no identifier or complete fallback key,
FlashReport_November_2025.pdf:524:3688,,unmatched,,2025-11,FlashReport_November_2025.pdf,524,false,no identifier or complete fallback key,
FlashReport_November_2025.pdf:525:3689,,unmatched,,2025-11,FlashReport_November_2025.pdf,525,false,no identifier or complete fallback key,
FlashReport_November_2025.pdf:526:3690,,unmatched,,2025-11,FlashReport_November_2025.pdf,526,false,no identifier or complete fallback key,
FlashReport_November_2025.pdf:528:3692,,unmatched,,2025-11,FlashReport_November_2025.pdf,528,false,no identifier or complete fallback key,
FlashReport_November_2025.pdf:529:3693,,unmatched,,2025-11,FlashReport_November_2025.pdf,529,false,no identifier or complete fallback key,
FlashReport_November_2025.pdf:530:3694,,unmatched,,2025-11,FlashReport_November_2025.pdf,530,false,no identifier or complete fallback key,
FlashReport_November_2025.pdf:531:3695,,unmatched,,2025-11,FlashReport_November_2025.pdf,531,false,no identifier or complete fallback key,
FlashReport_November_2025.pdf:532:3696,,unmatched,,2025-11,FlashReport_November_2025.pdf,532,false,no identifier or complete fallback key,
FlashReport_November_2025.pdf:533:3697,,unmatched,,2025-11,FlashReport_November_2025.pdf,533,false,no identifier or complete fallback key,
FlashReport_November_2025.pdf:534:3698,,unmatched,,2025-11,FlashReport_November_2025.pdf,534,false,no identifier or complete fallback key,
FlashReport_November_2025.pdf:535:3699,,unmatched,,2025-11,FlashReport_November_2025.pdf,535,false,no identifier or complete fallback key,
FlashReport_November_2025.pdf:536:3700,,unmatched,,2025-11,FlashReport_November_2025.pdf,536,false,no identifier or complete fallback key,
FlashReport_November_2025.pdf:538:3702,,unmatched,,2025-11,FlashReport_November_2025.pdf,538,false,no identifier or complete fallback key,
FlashReport_November_2025.pdf:539:3703,,unmatched,,2025-11,FlashReport_November_2025.pdf,539,false,no identifier or complete fallback key,
FlashReport_November_2025.pdf:540:3704,,unmatched,,2025-11,FlashReport_November_2025.pdf,540,false,no identifier or complete fallback key,
FlashReport_November_2025.pdf:541:3705,,unmatched,,2025-11,FlashReport_November_2025.pdf,541,false,no identifier or complete fallback key,
FlashReport_November_2025.pdf:542:3706,,unmatched,,2025-11,FlashReport_November_2025.pdf,542,false,no identifier or complete fallback key,
FlashReport_November_2025.pdf:543:3707,,unmatched,,2025-11,FlashReport_November_2025.pdf,543,false,no identifier or complete fallback key,
FlashReport_November_2025.pdf:544:3708,,unmatched,,2025-11,FlashReport_November_2025.pdf,544,false,no identifier or complete fallback key,
FlashReport_November_2025.pdf:545:3709,,unmatched,,2025-11,FlashReport_November_2025.pdf,545,false,no identifier or complete fallback key,
FlashReport_November_2025.pdf:546:3710,,unmatched,,2025-11,FlashReport_November_2025.pdf,546,false,no identifier or complete fallback key,
FlashReport_November_2025.pdf:547:3711,,unmatched,,2025-11,FlashReport_November_2025.pdf,547,false,no identifier or complete fallback key,
FlashReport_November_2025.pdf:548:3712,,unmatched,,2025-11,FlashReport_November_2025.pdf,548,false,no identifier or complete fallback key,
FlashReport_November_2025.pdf:549:3713,,unmatched,,2025-11,FlashReport_November_2025.pdf,549,false,no identifier or complete fallback key,
FlashReport_November_2025.pdf:551:3715,,unmatched,,2025-11,FlashReport_November_2025.pdf,551,false,no identifier or complete fallback key,
FlashReport_November_2025.pdf:552:3716,,unmatched,,2025-11,FlashReport_November_2025.pdf,552,false,no identifier or complete fallback key,
FlashReport_November_2025.pdf:553:3717,,unmatched,,2025-11,FlashReport_November_2025.pdf,553,false,no identifier or complete fallback key,
FlashReport_November_2025.pdf:554:3718,,unmatched,,2025-11,FlashReport_November_2025.pdf,554,false,no identifier or complete fallback key,
FlashReport_November_2025.pdf:555:3719,,unmatched,,2025-11,FlashReport_November_2025.pdf,555,false,no identifier or complete fallback key,
FlashReport_November_2025.pdf:556:3720,,unmatched,,2025-11,FlashReport_November_2025.pdf,556,false,no identifier or complete fallback key,
FlashReport_November_2025.pdf:557:3721,,unmatched,,2025-11,FlashReport_November_2025.pdf,557,false,no identifier or complete fallback key,
FlashReport_November_2025.pdf:558:3722,,unmatched,,2025-11,FlashReport_November_2025.pdf,558,false,no identifier or complete fallback key,
FlashReport_November_2025.pdf:559:3723,,unmatched,,2025-11,FlashReport_November_2025.pdf,559,false,no identifier or complete fallback key,
FlashReport_November_2025.pdf:560:3724,,unmatched,,2025-11,FlashReport_November_2025.pdf,560,false,no identifier or complete fallback key,
FlashReport_November_2025.pdf:561:3725,,unmatched,,2025-11,FlashReport_November_2025.pdf,561,false,no identifier or complete fallback key,
FlashReport_November_2025.pdf:562:3726,,unmatched,,2025-11,FlashReport_November_2025.pdf,562,false,no identifier or complete fallback key,
FlashReport_November_2025.pdf:563:3727,,unmatched,,2025-11,FlashReport_November_2025.pdf,563,false,no identifier or complete fallback key,
FlashReport_November_2025.pdf:564:3728,,unmatched,,2025-11,FlashReport_November_2025.pdf,564,false,no identifier or complete fallback key,
FlashReport_November_2025.pdf:565:3729,,unmatched,,2025-11,FlashReport_November_2025.pdf,565,false,no identifier or complete fallback key,
FlashReport_November_2025.pdf:567:3731,,unmatched,,2025-11,FlashReport_November_2025.pdf,567,false,no identifier or complete fallback key,
FlashReport_November_2025.pdf:568:3732,,unmatched,,2025-11,FlashReport_November_2025.pdf,568,false,no identifier or complete fallback key,
FlashReport_November_2025.pdf:569:3733,,unmatched,,2025-11,FlashReport_November_2025.pdf,569,false,no identifier or complete fallback key,
FlashReport_November_2025.pdf:570:3734,,unmatched,,2025-11,FlashReport_November_2025.pdf,570,false,no identifier or complete fallback key,
FlashReport_November_2025.pdf:572:3736,,unmatched,,2025-11,FlashReport_November_2025.pdf,572,false,no identifier or complete fallback key,
FlashReport_November_2025.pdf:573:3737,,unmatched,,2025-11,FlashReport_November_2025.pdf,573,false,no identifier or complete fallback key,
FlashReport_November_2025.pdf:574:3738,,unmatched,,2025-11,FlashReport_November_2025.pdf,574,false,no identifier or complete fallback key,
FlashReport_November_2025.pdf:576:3740,,unmatched,,2025-11,FlashReport_November_2025.pdf,576,false,no identifier or complete fallback key,
FlashReport_November_2025.pdf:577:3741,,unmatched,,2025-11,FlashReport_November_2025.pdf,577,false,no identifier or complete fallback key,
FlashReport_November_2025.pdf:578:3742,,unmatched,,2025-11,FlashReport_November_2025.pdf,578,false,no identifier or complete fallback key,
FlashReport_November_2025.pdf:579:3743,,unmatched,,2025-11,FlashReport_November_2025.pdf,579,false,no identifier or complete fallback key,
FlashReport_November_2025.pdf:581:3745,,unmatched,,2025-11,FlashReport_November_2025.pdf,581,false,no identifier or complete fallback key,
FlashReport_November_2025.pdf:582:3746,,unmatched,,2025-11,FlashReport_November_2025.pdf,582,false,no identifier or complete fallback key,
FlashReport_November_2025.pdf:583:3747,,unmatched,,2025-11,FlashReport_November_2025.pdf,583,false,no identifier or complete fallback key,
FlashReport_November_2025.pdf:584:3748,,unmatched,,2025-11,FlashReport_November_2025.pdf,584,false,no identifier or complete fallback key,
FlashReport_November_2025.pdf:585:3749,,unmatched,,2025-11,FlashReport_November_2025.pdf,585,false,no identifier or complete fallback key,
FlashReport_November_2025.pdf:586:3750,,unmatched,,2025-11,FlashReport_November_2025.pdf,586,false,no identifier or complete fallback key,
FlashReport_November_2025.pdf:587:3751,,unmatched,,2025-11,FlashReport_November_2025.pdf,587,false,no identifier or complete fallback key,
FlashReport_November_2025.pdf:588:3752,,unmatched,,2025-11,FlashReport_November_2025.pdf,588,false,no identifier or complete fallback key,
FlashReport_November_2025.pdf:589:3753,,unmatched,,2025-11,FlashReport_November_2025.pdf,589,false,no identifier or complete fallback key,
FlashReport_November_2025.pdf:590:3754,,unmatched,,2025-11,FlashReport_November_2025.pdf,590,false,no identifier or complete fallback key,
FlashReport_November_2025.pdf:591:3755,,unmatched,,2025-11,FlashReport_November_2025.pdf,591,false,no identifier or complete fallback key,
FlashReport_November_2025.pdf:592:3756,,unmatched,,2025-11,FlashReport_November_2025.pdf,592,false,no identifier or complete fallback key,
FlashReport_November_2025.pdf:593:3757,,unmatched,,2025-11,FlashReport_November_2025.pdf,593,false,no identifier or complete fallback key,
FlashReport_November_2025.pdf:594:3758,,unmatched,,2025-11,FlashReport_November_2025.pdf,594,false,no identifier or complete fallback key,
FlashReport_November_2025.pdf:595:3759,,unmatched,,2025-11,FlashReport_November_2025.pdf,595,false,no identifier or complete fallback key,
FlashReport_November_2025.pdf:596:3760,,unmatched,,2025-11,FlashReport_November_2025.pdf,596,false,no identifier or complete fallback key,
FlashReport_November_2025.pdf:597:3761,,unmatched,,2025-11,FlashReport_November_2025.pdf,597,false,no identifier or complete fallback key,
FlashReport_November_2025.pdf:598:3762,,unmatched,,2025-11,FlashReport_November_2025.pdf,598,false,no identifier or complete fallback key,
FlashReport_November_2025.pdf:599:3763,,unmatched,,2025-11,FlashReport_November_2025.pdf,599,false,no identifier or complete fallback key,
FlashReport_November_2025.pdf:600:3764,,unmatched,,2025-11,FlashReport_November_2025.pdf,600,false,no identifier or complete fallback key,
FlashReport_November_2025.pdf:601:3765,,unmatched,,2025-11,FlashReport_November_2025.pdf,601,false,no identifier or complete fallback key,
FlashReport_November_2025.pdf:602:3766,,unmatched,,2025-11,FlashReport_November_2025.pdf,602,false,no identifier or complete fallback key,
FlashReport_November_2025.pdf:603:3767,,unmatched,,2025-11,FlashReport_November_2025.pdf,603,false,no identifier or complete fallback key,
FlashReport_November_2025.pdf:604:3768,,unmatched,,2025-11,FlashReport_November_2025.pdf,604,false,no identifier or complete fallback key,
FlashReport_November_2025.pdf:605:3769,,unmatched,,2025-11,FlashReport_November_2025.pdf,605,false,no identifier or complete fallback key,
FlashReport_November_2025.pdf:606:3770,,unmatched,,2025-11,FlashReport_November_2025.pdf,606,false,no identifier or complete fallback key,
FlashReport_November_2025.pdf:607:3771,,unmatched,,2025-11,FlashReport_November_2025.pdf,607,false,no identifier or complete fallback key,
FlashReport_November_2025.pdf:608:3772,,unmatched,,2025-11,FlashReport_November_2025.pdf,608,false,no identifier or complete fallback key,
FlashReport_November_2025.pdf:610:3774,,unmatched,,2025-11,FlashReport_November_2025.pdf,610,false,no identifier or complete fallback key,
FlashReport_November_2025.pdf:611:3775,,unmatched,,2025-11,FlashReport_November_2025.pdf,611,false,no identifier or complete fallback key,
FlashReport_November_2025.pdf:612:3776,,unmatched,,2025-11,FlashReport_November_2025.pdf,612,false,no identifier or complete fallback key,
FlashReport_November_2025.pdf:613:3777,,unmatched,,2025-11,FlashReport_November_2025.pdf,613,false,no identifier or complete fallback key,
FlashReport_November_2025.pdf:614:3778,,unmatched,,2025-11,FlashReport_November_2025.pdf,614,false,no identifier or complete fallback key,
FlashReport_November_2025.pdf:616:3780,,unmatched,,2025-11,FlashReport_November_2025.pdf,616,false,no identifier or complete fallback key,
FlashReport_November_2025.pdf:617:3781,,unmatched,,2025-11,FlashReport_November_2025.pdf,617,false,no identifier or complete fallback key,
FlashReport_November_2025.pdf:618:3782,,unmatched,,2025-11,FlashReport_November_2025.pdf,618,false,no identifier or complete fallback key,
FlashReport_November_2025.pdf:619:3783,,unmatched,,2025-11,FlashReport_November_2025.pdf,619,false,no identifier or complete fallback key,
FlashReport_November_2025.pdf:620:3784,,unmatched,,2025-11,FlashReport_November_2025.pdf,620,false,no identifier or complete fallback key,
FlashReport_November_2025.pdf:621:3785,,unmatched,,2025-11,FlashReport_November_2025.pdf,621,false,no identifier or complete fallback key,
FlashReport_November_2025.pdf:622:3786,,unmatched,,2025-11,FlashReport_November_2025.pdf,622,false,no identifier or complete fallback key,
FlashReport_November_2025.pdf:623:3787,,unmatched,,2025-11,FlashReport_November_2025.pdf,623,false,no identifier or complete fallback key,
FlashReport_November_2025.pdf:624:3788,,unmatched,,2025-11,FlashReport_November_2025.pdf,624,false,no identifier or complete fallback key,
FlashReport_November_2025.pdf:625:3789,,unmatched,,2025-11,FlashReport_November_2025.pdf,625,false,no identifier or complete fallback key,
FlashReport_November_2025.pdf:626:3790,,unmatched,,2025-11,FlashReport_November_2025.pdf,626,false,no identifier or complete fallback key,
FlashReport_November_2025.pdf:627:3791,,unmatched,,2025-11,FlashReport_November_2025.pdf,627,false,no identifier or complete fallback key,
FlashReport_November_2025.pdf:628:3792,,unmatched,,2025-11,FlashReport_November_2025.pdf,628,false,no identifier or complete fallback key,
FlashReport_November_2025.pdf:629:3793,,unmatched,,2025-11,FlashReport_November_2025.pdf,629,false,no identifier or complete fallback key,
FlashReport_November_2025.pdf:630:3794,,unmatched,,2025-11,FlashReport_November_2025.pdf,630,false,no identifier or complete fallback key,
FlashReport_November_2025.pdf:631:3795,,unmatched,,2025-11,FlashReport_November_2025.pdf,631,false,no identifier or complete fallback key,
FlashReport_November_2025.pdf:632:3796,,unmatched,,2025-11,FlashReport_November_2025.pdf,632,false,no identifier or complete fallback key,
FlashReport_November_2025.pdf:633:3797,,unmatched,,2025-11,FlashReport_November_2025.pdf,633,false,no identifier or complete fallback key,
FlashReport_November_2025.pdf:634:3798,,unmatched,,2025-11,FlashReport_November_2025.pdf,634,false,no identifier or complete fallback key,
FlashReport_November_2025.pdf:635:3799,,unmatched,,2025-11,FlashReport_November_2025.pdf,635,false,no identifier or complete fallback key,
FlashReport_November_2025.pdf:636:3800,,unmatched,,2025-11,FlashReport_November_2025.pdf,636,false,no identifier or complete fallback key,
FlashReport_November_2025.pdf:637:3801,,unmatched,,2025-11,FlashReport_November_2025.pdf,637,false,no identifier or complete fallback key,
FlashReport_November_2025.pdf:638:3802,,unmatched,,2025-11,FlashReport_November_2025.pdf,638,false,no identifier or complete fallback key,
FlashReport_November_2025.pdf:639:3803,,unmatched,,2025-11,FlashReport_November_2025.pdf,639,false,no identifier or complete fallback key,
FlashReport_November_2025.pdf:641:3805,,unmatched,,2025-11,FlashReport_November_2025.pdf,641,false,no identifier or complete fallback key,
FlashReport_November_2025.pdf:642:3806,,unmatched,,2025-11,FlashReport_November_2025.pdf,642,false,no identifier or complete fallback key,
FlashReport_November_2025.pdf:643:3807,,unmatched,,2025-11,FlashReport_November_2025.pdf,643,false,no identifier or complete fallback key,
FlashReport_November_2025.pdf:644:3808,,unmatched,,2025-11,FlashReport_November_2025.pdf,644,false,no identifier or complete fallback key,
FlashReport_November_2025.pdf:645:3809,,unmatched,,2025-11,FlashReport_November_2025.pdf,645,false,no identifier or complete fallback key,
FlashReport_November_2025.pdf:646:3810,,unmatched,,2025-11,FlashReport_November_2025.pdf,646,false,no identifier or complete fallback key,
FlashReport_November_2025.pdf:647:3811,,unmatched,,2025-11,FlashReport_November_2025.pdf,647,false,no identifier or complete fallback key,
FlashReport_November_2025.pdf:648:3812,,unmatched,,2025-11,FlashReport_November_2025.pdf,648,false,no identifier or complete fallback key,
FlashReport_November_2025.pdf:649:3813,,unmatched,,2025-11,FlashReport_November_2025.pdf,649,false,no identifier or complete fallback key,
FlashReport_November_2025.pdf:650:3814,,unmatched,,2025-11,FlashReport_November_2025.pdf,650,false,no identifier or complete fallback key,
FlashReport_November_2025.pdf:651:3815,,unmatched,,2025-11,FlashReport_November_2025.pdf,651,false,no identifier or complete fallback key,
FlashReport_November_2025.pdf:652:3816,,unmatched,,2025-11,FlashReport_November_2025.pdf,652,false,no identifier or complete fallback key,
FlashReport_November_2025.pdf:654:3818,,unmatched,,2025-11,FlashReport_November_2025.pdf,654,false,no identifier or complete fallback key,
FlashReport_November_2025.pdf:655:3819,,unmatched,,2025-11,FlashReport_November_2025.pdf,655,false,no identifier or complete fallback key,
FlashReport_November_2025.pdf:656:3820,,unmatched,,2025-11,FlashReport_November_2025.pdf,656,false,no identifier or complete fallback key,
FlashReport_November_2025.pdf:657:3821,,unmatched,,2025-11,FlashReport_November_2025.pdf,657,false,no identifier or complete fallback key,
FlashReport_November_2025.pdf:658:3822,,unmatched,,2025-11,FlashReport_November_2025.pdf,658,false,no identifier or complete fallback key,
FlashReport_November_2025.pdf:659:3823,,unmatched,,2025-11,FlashReport_November_2025.pdf,659,false,no identifier or complete fallback key,
FlashReport_November_2025.pdf:660:3824,,unmatched,,2025-11,FlashReport_November_2025.pdf,660,false,no identifier or complete fallback key,
FlashReport_November_2025.pdf:661:3825,,unmatched,,2025-11,FlashReport_November_2025.pdf,661,false,no identifier or complete fallback key,
FlashReport_November_2025.pdf:662:3826,,unmatched,,2025-11,FlashReport_November_2025.pdf,662,false,no identifier or complete fallback key,
FlashReport_November_2025.pdf:663:3827,,unmatched,,2025-11,FlashReport_November_2025.pdf,663,false,no identifier or complete fallback key,
FlashReport_November_2025.pdf:664:3828,,unmatched,,2025-11,FlashReport_November_2025.pdf,664,false,no identifier or complete fallback key,
FlashReport_November_2025.pdf:665:3829,,unmatched,,2025-11,FlashReport_November_2025.pdf,665,false,no identifier or complete fallback key,
FlashReport_November_2025.pdf:666:3830,,unmatched,,2025-11,FlashReport_November_2025.pdf,666,false,no identifier or complete fallback key,
FlashReport_November_2025.pdf:667:3831,,unmatched,,2025-11,FlashReport_November_2025.pdf,667,false,no identifier or complete fallback key,
FlashReport_November_2025.pdf:669:3833,,unmatched,,2025-11,FlashReport_November_2025.pdf,669,false,no identifier or complete fallback key,
FlashReport_November_2025.pdf:670:3834,,unmatched,,2025-11,FlashReport_November_2025.pdf,670,false,no identifier or complete fallback key,
FlashReport_November_2025.pdf:671:3835,,unmatched,,2025-11,FlashReport_November_2025.pdf,671,false,no identifier or complete fallback key,
FlashReport_November_2025.pdf:672:3836,,unmatched,,2025-11,FlashReport_November_2025.pdf,672,false,no identifier or complete fallback key,
FlashReport_November_2025.pdf:674:3838,,unmatched,,2025-11,FlashReport_November_2025.pdf,674,false,no identifier or complete fallback key,
FlashReport_November_2025.pdf:675:3839,,unmatched,,2025-11,FlashReport_November_2025.pdf,675,false,no identifier or complete fallback key,
FlashReport_November_2025.pdf:676:3840,,unmatched,,2025-11,FlashReport_November_2025.pdf,676,false,no identifier or complete fallback key,
FlashReport_November_2025.pdf:677:3841,,unmatched,,2025-11,FlashReport_November_2025.pdf,677,false,no identifier or complete fallback key,
FlashReport_November_2025.pdf:678:3842,,unmatched,,2025-11,FlashReport_November_2025.pdf,678,false,no identifier or complete fallback key,
FlashReport_November_2025.pdf:679:3843,,unmatched,,2025-11,FlashReport_November_2025.pdf,679,false,no identifier or complete fallback key,
FlashReport_November_2025.pdf:680:3844,,unmatched,,2025-11,FlashReport_November_2025.pdf,680,false,no identifier or complete fallback key,
FlashReport_November_2025.pdf:681:3845,,unmatched,,2025-11,FlashReport_November_2025.pdf,681,false,no identifier or complete fallback key,
FlashReport_November_2025.pdf:682:3846,,unmatched,,2025-11,FlashReport_November_2025.pdf,682,false,no identifier or complete fallback key,
FlashReport_November_2025.pdf:683:3847,,unmatched,,2025-11,FlashReport_November_2025.pdf,683,false,no identifier or complete fallback key,
FlashReport_November_2025.pdf:684:3848,,unmatched,,2025-11,FlashReport_November_2025.pdf,684,false,no identifier or complete fallback key,
FlashReport_November_2025.pdf:685:3849,,unmatched,,2025-11,FlashReport_November_2025.pdf,685,false,no identifier or complete fallback key,
FlashReport_November_2025.pdf:686:3850,,unmatched,,2025-11,FlashReport_November_2025.pdf,686,false,no identifier or complete fallback key,
FlashReport_November_2025.pdf:687:3851,,unmatched,,2025-11,FlashReport_November_2025.pdf,687,false,no identifier or complete fallback key,
FlashReport_November_2025.pdf:688:3852,,unmatched,,2025-11,FlashReport_November_2025.pdf,688,false,no identifier or complete fallback key,
FlashReport_November_2025.pdf:689:3853,,unmatched,,2025-11,FlashReport_November_2025.pdf,689,false,no identifier or complete fallback key,
FlashReport_November_2025.pdf:690:3854,,unmatched,,2025-11,FlashReport_November_2025.pdf,690,false,no identifier or complete fallback key,
FlashReport_November_2025.pdf:691:3855,,unmatched,,2025-11,FlashReport_November_2025.pdf,691,false,no identifier or complete fallback key,
FlashReport_November_2025.pdf:692:3856,,unmatched,,2025-11,FlashReport_November_2025.pdf,692,false,no identifier or complete fallback key,
FlashReport_November_2025.pdf:693:3857,,unmatched,,2025-11,FlashReport_November_2025.pdf,693,false,no identifier or complete fallback key,
FlashReport_November_2025.pdf:694:3858,,unmatched,,2025-11,FlashReport_November_2025.pdf,694,false,no identifier or complete fallback key,
FlashReport_November_2025.pdf:695:3859,,unmatched,,2025-11,FlashReport_November_2025.pdf,695,false,no identifier or complete fallback key,
FlashReport_November_2025.pdf:697:3861,,unmatched,,2025-11,FlashReport_November_2025.pdf,697,false,no identifier or complete fallback key,
FlashReport_November_2025.pdf:698:3862,,unmatched,,2025-11,FlashReport_November_2025.pdf,698,false,no identifier or complete fallback key,
FlashReport_November_2025.pdf:699:3863,,unmatched,,2025-11,FlashReport_November_2025.pdf,699,false,no identifier or complete fallback key,
FlashReport_November_2025.pdf:700:3864,,unmatched,,2025-11,FlashReport_November_2025.pdf,700,false,no identifier or complete fallback key,
FlashReport_November_2025.pdf:701:3865,,unmatched,,2025-11,FlashReport_November_2025.pdf,701,false,no identifier or complete fallback key,
FlashReport_November_2025.pdf:702:3866,,unmatched,,2025-11,FlashReport_November_2025.pdf,702,false,no identifier or complete fallback key,
FlashReport_November_2025.pdf:703:3867,,unmatched,,2025-11,FlashReport_November_2025.pdf,703,false,no identifier or complete fallback key,
FlashReport_November_2025.pdf:704:3868,,unmatched,,2025-11,FlashReport_November_2025.pdf,704,false,no identifier or complete fallback key,
FlashReport_November_2025.pdf:705:3869,,unmatched,,2025-11,FlashReport_November_2025.pdf,705,false,no identifier or complete fallback key,
FlashReport_November_2025.pdf:706:3870,,unmatched,,2025-11,FlashReport_November_2025.pdf,706,false,no identifier or complete fallback key,
FlashReport_November_2025.pdf:707:3871,,unmatched,,2025-11,FlashReport_November_2025.pdf,707,false,no identifier or complete fallback key,
FlashReport_November_2025.pdf:708:3872,,unmatched,,2025-11,FlashReport_November_2025.pdf,708,false,no identifier or complete fallback key,
FlashReport_November_2025.pdf:709:3873,,unmatched,,2025-11,FlashReport_November_2025.pdf,709,false,no identifier or complete fallback key,
FlashReport_November_2025.pdf:710:3874,,unmatched,,2025-11,FlashReport_November_2025.pdf,710,false,no identifier or complete fallback key,
FlashReport_November_2025.pdf:711:3875,,unmatched,,2025-11,FlashReport_November_2025.pdf,711,false,no identifier or complete fallback key,
FlashReport_November_2025.pdf:712:3876,,unmatched,,2025-11,FlashReport_November_2025.pdf,712,false,no identifier or complete fallback key,
FlashReport_November_2025.pdf:713:3877,,unmatched,,2025-11,FlashReport_November_2025.pdf,713,false,no identifier or complete fallback key,
FlashReport_November_2025.pdf:714:3878,,unmatched,,2025-11,FlashReport_November_2025.pdf,714,false,no identifier or complete fallback key,
FlashReport_November_2025.pdf:717:3881,,unmatched,,2025-11,FlashReport_November_2025.pdf,717,false,no identifier or complete fallback key,
FlashReport_November_2025.pdf:718:3882,,unmatched,,2025-11,FlashReport_November_2025.pdf,718,false,no identifier or complete fallback key,
FlashReport_November_2025.pdf:719:3883,,unmatched,,2025-11,FlashReport_November_2025.pdf,719,false,no identifier or complete fallback key,
FlashReport_November_2025.pdf:720:3884,,unmatched,,2025-11,FlashReport_November_2025.pdf,720,false,no identifier or complete fallback key,
FlashReport_November_2025.pdf:721:3885,,unmatched,,2025-11,FlashReport_November_2025.pdf,721,false,no identifier or complete fallback key,
FlashReport_November_2025.pdf:722:3886,,unmatched,,2025-11,FlashReport_November_2025.pdf,722,false,no identifier or complete fallback key,
FlashReport_November_2025.pdf:723:3887,,unmatched,,2025-11,FlashReport_November_2025.pdf,723,false,no identifier or complete fallback key,
FlashReport_November_2025.pdf:724:3888,,unmatched,,2025-11,FlashReport_November_2025.pdf,724,false,no identifier or complete fallback key,
FlashReport_November_2025.pdf:725:3889,,unmatched,,2025-11,FlashReport_November_2025.pdf,725,false,no identifier or complete fallback key,
FlashReport_November_2025.pdf:726:3890,,unmatched,,2025-11,FlashReport_November_2025.pdf,726,false,no identifier or complete fallback key,
FlashReport_November_2025.pdf:727:3891,,unmatched,,2025-11,FlashReport_November_2025.pdf,727,false,no identifier or complete fallback key,
FlashReport_November_2025.pdf:728:3892,,unmatched,,2025-11,FlashReport_November_2025.pdf,728,false,no identifier or complete fallback key,
FlashReport_November_2025.pdf:729:3893,,unmatched,,2025-11,FlashReport_November_2025.pdf,729,false,no identifier or complete fallback key,
FlashReport_November_2025.pdf:730:3894,,unmatched,,2025-11,FlashReport_November_2025.pdf,730,false,no identifier or complete fallback key,
FlashReport_November_2025.pdf:731:3895,,unmatched,,2025-11,FlashReport_November_2025.pdf,731,false,no identifier or complete fallback key,
FlashReport_November_2025.pdf:732:3896,,unmatched,,2025-11,FlashReport_November_2025.pdf,732,false,no identifier or complete fallback key,
FlashReport_November_2025.pdf:733:3897,,unmatched,,2025-11,FlashReport_November_2025.pdf,733,false,no identifier or complete fallback key,
FlashReport_November_2025.pdf:734:3898,,unmatched,,2025-11,FlashReport_November_2025.pdf,734,false,no identifier or complete fallback key,
FlashReport_November_2025.pdf:735:3899,,unmatched,,2025-11,FlashReport_November_2025.pdf,735,false,no identifier or complete fallback key,
FlashReport_November_2025.pdf:736:3900,,unmatched,,2025-11,FlashReport_November_2025.pdf,736,false,no identifier or complete fallback key,
FlashReport_November_2025.pdf:737:3901,,unmatched,,2025-11,FlashReport_November_2025.pdf,737,false,no identifier or complete fallback key,
FlashReport_November_2025.pdf:738:3902,,unmatched,,2025-11,FlashReport_November_2025.pdf,738,false,no identifier or complete fallback key,
FlashReport_November_2025.pdf:739:3903,,unmatched,,2025-11,FlashReport_November_2025.pdf,739,false,no identifier or complete fallback key,
FlashReport_November_2025.pdf:740:3904,,unmatched,,2025-11,FlashReport_November_2025.pdf,740,false,no identifier or complete fallback key,
FlashReport_November_2025.pdf:741:3905,,unmatched,,2025-11,FlashReport_November_2025.pdf,741,false,no identifier or complete fallback key,
FlashReport_November_2025.pdf:742:3906,,unmatched,,2025-11,FlashReport_November_2025.pdf,742,false,no identifier or complete fallback key,
FlashReport_November_2025.pdf:743:3907,,unmatched,,2025-11,FlashReport_November_2025.pdf,743,false,no identifier or complete fallback key,
FlashReport_November_2025.pdf:744:3908,,unmatched,,2025-11,FlashReport_November_2025.pdf,744,false,no identifier or complete fallback key,
FlashReport_November_2025.pdf:745:3909,,unmatched,,2025-11,FlashReport_November_2025.pdf,745,false,no identifier or complete fallback key,
FlashReport_November_2025.pdf:746:3910,,unmatched,,2025-11,FlashReport_November_2025.pdf,746,false,no identifier or complete fallback key,
FlashReport_November_2025.pdf:747:3911,,unmatched,,2025-11,FlashReport_November_2025.pdf,747,false,no identifier or complete fallback key,
FlashReport_November_2025.pdf:748:3912,,unmatched,,2025-11,FlashReport_November_2025.pdf,748,false,no identifier or complete fallback key,
FlashReport_November_2025.pdf:749:3913,,unmatched,,2025-11,FlashReport_November_2025.pdf,749,false,no identifier or complete fallback key,
FlashReport_November_2025.pdf:750:3914,,unmatched,,2025-11,FlashReport_November_2025.pdf,750,false,no identifier or complete fallback key,
FlashReport_November_2025.pdf:751:3915,,unmatched,,2025-11,FlashReport_November_2025.pdf,751,false,no identifier or complete fallback key,
FlashReport_November_2025.pdf:753:3917,,unmatched,,2025-11,FlashReport_November_2025.pdf,753,false,no identifier or complete fallback key,
FlashReport_November_2025.pdf:754:3918,,unmatched,,2025-11,FlashReport_November_2025.pdf,754,false,no identifier or complete fallback key,
FlashReport_November_2025.pdf:755:3919,,unmatched,,2025-11,FlashReport_November_2025.pdf,755,false,no identifier or complete fallback key,
FlashReport_November_2025.pdf:757:3921,,unmatched,,2025-11,FlashReport_November_2025.pdf,757,false,no identifier or complete fallback key,
FlashReport_November_2025.pdf:758:3922,,unmatched,,2025-11,FlashReport_November_2025.pdf,758,false,no identifier or complete fallback key,
FlashReport_November_2025.pdf:759:3923,,unmatched,,2025-11,FlashReport_November_2025.pdf,759,false,no identifier or complete fallback key,
FlashReport_November_2025.pdf:760:3924,,unmatched,,2025-11,FlashReport_November_2025.pdf,760,false,no identifier or complete fallback key,
FlashReport_November_2025.pdf:761:3925,,unmatched,,2025-11,FlashReport_November_2025.pdf,761,false,no identifier or complete fallback key,
FlashReport_November_2025.pdf:765:3929,,unmatched,,2025-11,FlashReport_November_2025.pdf,765,false,no identifier or complete fallback key,
FlashReport_November_2025.pdf:768:3932,,unmatched,,2025-11,FlashReport_November_2025.pdf,768,false,no identifier or complete fallback key,
FlashReport_November_2025.pdf:771:3935,,unmatched,,2025-11,FlashReport_November_2025.pdf,771,false,no identifier or complete fallback key,
FlashReport_November_2025.pdf:772:3936,,unmatched,,2025-11,FlashReport_November_2025.pdf,772,false,no identifier or complete fallback key,
FlashReport_November_2025.pdf:773:3937,,unmatched,,2025-11,FlashReport_November_2025.pdf,773,false,no identifier or complete fallback key,
FlashReport_November_2025.pdf:776:3940,,unmatched,,2025-11,FlashReport_November_2025.pdf,776,false,no identifier or complete fallback key,
FlashReport_November_2025.pdf:780:3944,,unmatched,,2025-11,FlashReport_November_2025.pdf,780,false,no identifier or complete fallback key,
FlashReport_November_2025.pdf:781:3945,,unmatched,,2025-11,FlashReport_November_2025.pdf,781,false,no identifier or complete fallback key,
FlashReport_November_2025.pdf:785:3949,,unmatched,,2025-11,FlashReport_November_2025.pdf,785,false,no identifier or complete fallback key,
FlashReport_November_2025.pdf:786:3950,,unmatched,,2025-11,FlashReport_November_2025.pdf,786,false,no identifier or complete fallback key,
FlashReport_November_2025.pdf:787:3951,,unmatched,,2025-11,FlashReport_November_2025.pdf,787,false,no identifier or complete fallback key,
FlashReport_November_2025.pdf:788:3952,,unmatched,,2025-11,FlashReport_November_2025.pdf,788,false,no identifier or complete fallback key,
FlashReport_November_2025.pdf:789:3953,,unmatched,,2025-11,FlashReport_November_2025.pdf,789,false,no identifier or complete fallback key,
FlashReport_November_2025.pdf:790:3954,,unmatched,,2025-11,FlashReport_November_2025.pdf,790,false,no identifier or complete fallback key,
FlashReport_November_2025.pdf:791:3955,,unmatched,,2025-11,FlashReport_November_2025.pdf,791,false,no identifier or complete fallback key,
FlashReport_November_2025.pdf:792:3956,,unmatched,,2025-11,FlashReport_November_2025.pdf,792,false,no identifier or complete fallback key,
FlashReport_November_2025.pdf:793:3957,,unmatched,,2025-11,FlashReport_November_2025.pdf,793,false,no identifier or complete fallback key,
FlashReport_November_2025.pdf:794:3958,,unmatched,,2025-11,FlashReport_November_2025.pdf,794,false,no identifier or complete fallback key,
FlashReport_November_2025.pdf:795:3959,,unmatched,,2025-11,FlashReport_November_2025.pdf,795,false,no identifier or complete fallback key,
FlashReport_November_2025.pdf:796:3960,,unmatched,,2025-11,FlashReport_November_2025.pdf,796,false,no identifier or complete fallback key,
FlashReport_November_2025.pdf:797:3961,,unmatched,,2025-11,FlashReport_November_2025.pdf,797,false,no identifier or complete fallback key,
FlashReport_November_2025.pdf:798:3962,,unmatched,,2025-11,FlashReport_November_2025.pdf,798,false,no identifier or complete fallback key,
FlashReport_November_2025.pdf:799:3963,,unmatched,,2025-11,FlashReport_November_2025.pdf,799,false,no identifier or complete fallback key,
FlashReport_November_2025.pdf:800:3964,,unmatched,,2025-11,FlashReport_November_2025.pdf,800,false,no identifier or complete fallback key,
FlashReport_November_2025.pdf:801:3965,,unmatched,,2025-11,FlashReport_November_2025.pdf,801,false,no identifier or complete fallback key,
FlashReport_November_2025.pdf:802:3966,,unmatched,,2025-11,FlashReport_November_2025.pdf,802,false,no identifier or complete fallback key,
FlashReport_November_2025.pdf:803:3967,,unmatched,,2025-11,FlashReport_November_2025.pdf,803,false,no identifier or complete fallback key,
FlashReport_November_2025.pdf:804:3968,,unmatched,,2025-11,FlashReport_November_2025.pdf,804,false,no identifier or complete fallback key,
FlashReport_November_2025.pdf:805:3969,,unmatched,,2025-11,FlashReport_November_2025.pdf,805,false,no identifier or complete fallback key,
FlashReport_November_2025.pdf:806:3970,,unmatched,,2025-11,FlashReport_November_2025.pdf,806,false,no identifier or complete fallback key,
FlashReport_November_2025.pdf:807:3971,,unmatched,,2025-11,FlashReport_November_2025.pdf,807,false,no identifier or complete fallback key,
FlashReport_November_2025.pdf:808:3972,,unmatched,,2025-11,FlashReport_November_2025.pdf,808,false,no identifier or complete fallback key,
FlashReport_November_2025.pdf:809:3973,,unmatched,,2025-11,FlashReport_November_2025.pdf,809,false,no identifier or complete fallback key,
FlashReport_November_2025.pdf:810:3974,,unmatched,,2025-11,FlashReport_November_2025.pdf,810,false,no identifier or complete fallback key,
FlashReport_November_2025.pdf:811:3975,,unmatched,,2025-11,FlashReport_November_2025.pdf,811,false,no identifier or complete fallback key,
FlashReport_November_2025.pdf:812:3976,,unmatched,,2025-11,FlashReport_November_2025.pdf,812,false,no identifier or complete fallback key,
FlashReport_November_2025.pdf:813:3977,,unmatched,,2025-11,FlashReport_November_2025.pdf,813,false,no identifier or complete fallback key,
FlashReport_November_2025.pdf:814:3978,,unmatched,,2025-11,FlashReport_November_2025.pdf,814,false,no identifier or complete fallback key,
FlashReport_November_2025.pdf:815:3979,,unmatched,,2025-11,FlashReport_November_2025.pdf,815,false,no identifier or complete fallback key,
FlashReport_November_2025.pdf:816:3980,,unmatched,,2025-11,FlashReport_November_2025.pdf,816,false,no identifier or complete fallback key,
FlashReport_November_2025.pdf:817:3981,,unmatched,,2025-11,FlashReport_November_2025.pdf,817,false,no identifier or complete fallback key,
FlashReport_November_2025.pdf:818:3982,,unmatched,,2025-11,FlashReport_November_2025.pdf,818,false,no identifier or complete fallback key,
FlashReport_November_2025.pdf:819:3983,,unmatched,,2025-11,FlashReport_November_2025.pdf,819,false,no identifier or complete fallback key,
FlashReport_November_2025.pdf:820:3984,,unmatched,,2025-11,FlashReport_November_2025.pdf,820,false,no identifier or complete fallback key,
FlashReport_November_2025.pdf:821:3985,,unmatched,,2025-11,FlashReport_November_2025.pdf,821,false,no identifier or complete fallback key,
FlashReport_November_2025.pdf:822:3986,,unmatched,,2025-11,FlashReport_November_2025.pdf,822,false,no identifier or complete fallback key,
FlashReport_November_2025.pdf:823:3987,,unmatched,,2025-11,FlashReport_November_2025.pdf,823,false,no identifier or complete fallback key,
FlashReport_December_2025.pdf:1392:3988,,unmatched,,2025-12,FlashReport_December_2025.pdf,1392,false,no identifier or complete fallback key,
FlashReport_December_2025.pdf:1392:3989,,unmatched,,2025-12,FlashReport_December_2025.pdf,1392,false,no identifier or complete fallback key,
FlashReport_January_2026.pdf:1702:3990,,unmatched,,2026-01,FlashReport_January_2026.pdf,1702,false,no identifier or complete fallback key,
FlashReport_January_2026.pdf:1702:3991,,unmatched,,2026-01,FlashReport_January_2026.pdf,1702,false,no identifier or complete fallback key,
FlashReport_February_2026.pdf:1948:3992,,unmatched,,2026-02,FlashReport_February_2026.pdf,1948,false,no identifier or complete fallback key,
FlashReport_February_2026.pdf:1948:3993,,unmatched,,2026-02,FlashReport_February_2026.pdf,1948,false,no identifier or complete fallback key,
FlashReport_April2026.pdf:1981:5863,,unmatched,,2026-04,FlashReport_April2026.pdf,1981,false,no identifier or complete fallback key,
FlashReport_July_2026.pdf:1775:9698,,unmatched,,2026-07,FlashReport_July_2026.pdf,1775,false,no identifier or complete fallback key,
